requirement_id,domain,priority,requirement,acceptance_criteria,version,status
P28-REQ-001,Security Architecture,Must,"GrounUp shall implement governed security architecture control 1 across tenant, user, service, data, API, AI, infrastructure and operational boundaries with explicit ownership, policy, evidence, monitoring and lifecycle management.","Control 1 passes when allow/deny behavior, tenant isolation, least privilege, audit evidence, threat/failure handling, key/secret lifecycle, monitoring and mapped security tests are verified.",v1.0.0,Implementation-ready
P28-REQ-002,Identity Governance,Must,"GrounUp shall implement governed identity governance control 2 across tenant, user, service, data, API, AI, infrastructure and operational boundaries with explicit ownership, policy, evidence, monitoring and lifecycle management.","Control 2 passes when allow/deny behavior, tenant isolation, least privilege, audit evidence, threat/failure handling, key/secret lifecycle, monitoring and mapped security tests are verified.",v1.0.0,Implementation-ready
P28-REQ-003,Authentication,Must,"GrounUp shall implement governed authentication control 3 across tenant, user, service, data, API, AI, infrastructure and operational boundaries with explicit ownership, policy, evidence, monitoring and lifecycle management.","Control 3 passes when allow/deny behavior, tenant isolation, least privilege, audit evidence, threat/failure handling, key/secret lifecycle, monitoring and mapped security tests are verified.",v1.0.0,Implementation-ready
P28-REQ-004,MFA,Must,"GrounUp shall implement governed mfa control 4 across tenant, user, service, data, API, AI, infrastructure and operational boundaries with explicit ownership, policy, evidence, monitoring and lifecycle management.","Control 4 passes when allow/deny behavior, tenant isolation, least privilege, audit evidence, threat/failure handling, key/secret lifecycle, monitoring and mapped security tests are verified.",v1.0.0,Implementation-ready
P28-REQ-005,SSO Federation,Must,"GrounUp shall implement governed sso federation control 5 across tenant, user, service, data, API, AI, infrastructure and operational boundaries with explicit ownership, policy, evidence, monitoring and lifecycle management.","Control 5 passes when allow/deny behavior, tenant isolation, least privilege, audit evidence, threat/failure handling, key/secret lifecycle, monitoring and mapped security tests are verified.",v1.0.0,Implementation-ready
P28-REQ-006,SCIM Provisioning,Must,"GrounUp shall implement governed scim provisioning control 6 across tenant, user, service, data, API, AI, infrastructure and operational boundaries with explicit ownership, policy, evidence, monitoring and lifecycle management.","Control 6 passes when allow/deny behavior, tenant isolation, least privilege, audit evidence, threat/failure handling, key/secret lifecycle, monitoring and mapped security tests are verified.",v1.0.0,Implementation-ready
P28-REQ-007,Role-Based Access,Must,"GrounUp shall implement governed role-based access control 7 across tenant, user, service, data, API, AI, infrastructure and operational boundaries with explicit ownership, policy, evidence, monitoring and lifecycle management.","Control 7 passes when allow/deny behavior, tenant isolation, least privilege, audit evidence, threat/failure handling, key/secret lifecycle, monitoring and mapped security tests are verified.",v1.0.0,Implementation-ready
P28-REQ-008,Attribute-Based Access,Must,"GrounUp shall implement governed attribute-based access control 8 across tenant, user, service, data, API, AI, infrastructure and operational boundaries with explicit ownership, policy, evidence, monitoring and lifecycle management.","Control 8 passes when allow/deny behavior, tenant isolation, least privilege, audit evidence, threat/failure handling, key/secret lifecycle, monitoring and mapped security tests are verified.",v1.0.0,Implementation-ready
P28-REQ-009,Policy Decision,Must,"GrounUp shall implement governed policy decision control 9 across tenant, user, service, data, API, AI, infrastructure and operational boundaries with explicit ownership, policy, evidence, monitoring and lifecycle management.","Control 9 passes when allow/deny behavior, tenant isolation, least privilege, audit evidence, threat/failure handling, key/secret lifecycle, monitoring and mapped security tests are verified.",v1.0.0,Implementation-ready
P28-REQ-010,Policy Enforcement,Must,"GrounUp shall implement governed policy enforcement control 10 across tenant, user, service, data, API, AI, infrastructure and operational boundaries with explicit ownership, policy, evidence, monitoring and lifecycle management.","Control 10 passes when allow/deny behavior, tenant isolation, least privilege, audit evidence, threat/failure handling, key/secret lifecycle, monitoring and mapped security tests are verified.",v1.0.0,Implementation-ready
P28-REQ-011,Privileged Access,Must,"GrounUp shall implement governed privileged access control 11 across tenant, user, service, data, API, AI, infrastructure and operational boundaries with explicit ownership, policy, evidence, monitoring and lifecycle management.","Control 11 passes when allow/deny behavior, tenant isolation, least privilege, audit evidence, threat/failure handling, key/secret lifecycle, monitoring and mapped security tests are verified.",v1.0.0,Implementation-ready
P28-REQ-012,Service Identities,Must,"GrounUp shall implement governed service identities control 12 across tenant, user, service, data, API, AI, infrastructure and operational boundaries with explicit ownership, policy, evidence, monitoring and lifecycle management.","Control 12 passes when allow/deny behavior, tenant isolation, least privilege, audit evidence, threat/failure handling, key/secret lifecycle, monitoring and mapped security tests are verified.",v1.0.0,Implementation-ready
P28-REQ-013,Machine Identities,Must,"GrounUp shall implement governed machine identities control 13 across tenant, user, service, data, API, AI, infrastructure and operational boundaries with explicit ownership, policy, evidence, monitoring and lifecycle management.","Control 13 passes when allow/deny behavior, tenant isolation, least privilege, audit evidence, threat/failure handling, key/secret lifecycle, monitoring and mapped security tests are verified.",v1.0.0,Implementation-ready
P28-REQ-014,Session Security,Must,"GrounUp shall implement governed session security control 14 across tenant, user, service, data, API, AI, infrastructure and operational boundaries with explicit ownership, policy, evidence, monitoring and lifecycle management.","Control 14 passes when allow/deny behavior, tenant isolation, least privilege, audit evidence, threat/failure handling, key/secret lifecycle, monitoring and mapped security tests are verified.",v1.0.0,Implementation-ready
P28-REQ-015,Zero Trust,Must,"GrounUp shall implement governed zero trust control 15 across tenant, user, service, data, API, AI, infrastructure and operational boundaries with explicit ownership, policy, evidence, monitoring and lifecycle management.","Control 15 passes when allow/deny behavior, tenant isolation, least privilege, audit evidence, threat/failure handling, key/secret lifecycle, monitoring and mapped security tests are verified.",v1.0.0,Implementation-ready
P28-REQ-016,Tenant Isolation,Must,"GrounUp shall implement governed tenant isolation control 16 across tenant, user, service, data, API, AI, infrastructure and operational boundaries with explicit ownership, policy, evidence, monitoring and lifecycle management.","Control 16 passes when allow/deny behavior, tenant isolation, least privilege, audit evidence, threat/failure handling, key/secret lifecycle, monitoring and mapped security tests are verified.",v1.0.0,Implementation-ready
P28-REQ-017,Project/Record Access,Must,"GrounUp shall implement governed project/record access control 17 across tenant, user, service, data, API, AI, infrastructure and operational boundaries with explicit ownership, policy, evidence, monitoring and lifecycle management.","Control 17 passes when allow/deny behavior, tenant isolation, least privilege, audit evidence, threat/failure handling, key/secret lifecycle, monitoring and mapped security tests are verified.",v1.0.0,Implementation-ready
P28-REQ-018,Data Classification,Must,"GrounUp shall implement governed data classification control 18 across tenant, user, service, data, API, AI, infrastructure and operational boundaries with explicit ownership, policy, evidence, monitoring and lifecycle management.","Control 18 passes when allow/deny behavior, tenant isolation, least privilege, audit evidence, threat/failure handling, key/secret lifecycle, monitoring and mapped security tests are verified.",v1.0.0,Implementation-ready
P28-REQ-019,Privacy Controls,Must,"GrounUp shall implement governed privacy controls control 19 across tenant, user, service, data, API, AI, infrastructure and operational boundaries with explicit ownership, policy, evidence, monitoring and lifecycle management.","Control 19 passes when allow/deny behavior, tenant isolation, least privilege, audit evidence, threat/failure handling, key/secret lifecycle, monitoring and mapped security tests are verified.",v1.0.0,Implementation-ready
P28-REQ-020,Data Minimization,Must,"GrounUp shall implement governed data minimization control 20 across tenant, user, service, data, API, AI, infrastructure and operational boundaries with explicit ownership, policy, evidence, monitoring and lifecycle management.","Control 20 passes when allow/deny behavior, tenant isolation, least privilege, audit evidence, threat/failure handling, key/secret lifecycle, monitoring and mapped security tests are verified.",v1.0.0,Implementation-ready
P28-REQ-021,Retention & Deletion,Must,"GrounUp shall implement governed retention & deletion control 21 across tenant, user, service, data, API, AI, infrastructure and operational boundaries with explicit ownership, policy, evidence, monitoring and lifecycle management.","Control 21 passes when allow/deny behavior, tenant isolation, least privilege, audit evidence, threat/failure handling, key/secret lifecycle, monitoring and mapped security tests are verified.",v1.0.0,Implementation-ready
P28-REQ-022,Encryption at Rest,Must,"GrounUp shall implement governed encryption at rest control 22 across tenant, user, service, data, API, AI, infrastructure and operational boundaries with explicit ownership, policy, evidence, monitoring and lifecycle management.","Control 22 passes when allow/deny behavior, tenant isolation, least privilege, audit evidence, threat/failure handling, key/secret lifecycle, monitoring and mapped security tests are verified.",v1.0.0,Implementation-ready
P28-REQ-023,Encryption in Transit,Must,"GrounUp shall implement governed encryption in transit control 23 across tenant, user, service, data, API, AI, infrastructure and operational boundaries with explicit ownership, policy, evidence, monitoring and lifecycle management.","Control 23 passes when allow/deny behavior, tenant isolation, least privilege, audit evidence, threat/failure handling, key/secret lifecycle, monitoring and mapped security tests are verified.",v1.0.0,Implementation-ready
P28-REQ-024,Key Management,Must,"GrounUp shall implement governed key management control 24 across tenant, user, service, data, API, AI, infrastructure and operational boundaries with explicit ownership, policy, evidence, monitoring and lifecycle management.","Control 24 passes when allow/deny behavior, tenant isolation, least privilege, audit evidence, threat/failure handling, key/secret lifecycle, monitoring and mapped security tests are verified.",v1.0.0,Implementation-ready
P28-REQ-025,Secrets Management,Must,"GrounUp shall implement governed secrets management control 25 across tenant, user, service, data, API, AI, infrastructure and operational boundaries with explicit ownership, policy, evidence, monitoring and lifecycle management.","Control 25 passes when allow/deny behavior, tenant isolation, least privilege, audit evidence, threat/failure handling, key/secret lifecycle, monitoring and mapped security tests are verified.",v1.0.0,Implementation-ready
P28-REQ-026,Certificate Management,Must,"GrounUp shall implement governed certificate management control 26 across tenant, user, service, data, API, AI, infrastructure and operational boundaries with explicit ownership, policy, evidence, monitoring and lifecycle management.","Control 26 passes when allow/deny behavior, tenant isolation, least privilege, audit evidence, threat/failure handling, key/secret lifecycle, monitoring and mapped security tests are verified.",v1.0.0,Implementation-ready
P28-REQ-027,Token Security,Must,"GrounUp shall implement governed token security control 27 across tenant, user, service, data, API, AI, infrastructure and operational boundaries with explicit ownership, policy, evidence, monitoring and lifecycle management.","Control 27 passes when allow/deny behavior, tenant isolation, least privilege, audit evidence, threat/failure handling, key/secret lifecycle, monitoring and mapped security tests are verified.",v1.0.0,Implementation-ready
P28-REQ-028,API Security,Must,"GrounUp shall implement governed api security control 28 across tenant, user, service, data, API, AI, infrastructure and operational boundaries with explicit ownership, policy, evidence, monitoring and lifecycle management.","Control 28 passes when allow/deny behavior, tenant isolation, least privilege, audit evidence, threat/failure handling, key/secret lifecycle, monitoring and mapped security tests are verified.",v1.0.0,Implementation-ready
P28-REQ-029,Event Security,Must,"GrounUp shall implement governed event security control 29 across tenant, user, service, data, API, AI, infrastructure and operational boundaries with explicit ownership, policy, evidence, monitoring and lifecycle management.","Control 29 passes when allow/deny behavior, tenant isolation, least privilege, audit evidence, threat/failure handling, key/secret lifecycle, monitoring and mapped security tests are verified.",v1.0.0,Implementation-ready
P28-REQ-030,File/Object Security,Must,"GrounUp shall implement governed file/object security control 30 across tenant, user, service, data, API, AI, infrastructure and operational boundaries with explicit ownership, policy, evidence, monitoring and lifecycle management.","Control 30 passes when allow/deny behavior, tenant isolation, least privilege, audit evidence, threat/failure handling, key/secret lifecycle, monitoring and mapped security tests are verified.",v1.0.0,Implementation-ready
P28-REQ-031,Search Security,Must,"GrounUp shall implement governed search security control 31 across tenant, user, service, data, API, AI, infrastructure and operational boundaries with explicit ownership, policy, evidence, monitoring and lifecycle management.","Control 31 passes when allow/deny behavior, tenant isolation, least privilege, audit evidence, threat/failure handling, key/secret lifecycle, monitoring and mapped security tests are verified.",v1.0.0,Implementation-ready
P28-REQ-032,AI Security,Must,"GrounUp shall implement governed ai security control 32 across tenant, user, service, data, API, AI, infrastructure and operational boundaries with explicit ownership, policy, evidence, monitoring and lifecycle management.","Control 32 passes when allow/deny behavior, tenant isolation, least privilege, audit evidence, threat/failure handling, key/secret lifecycle, monitoring and mapped security tests are verified.",v1.0.0,Implementation-ready
P28-REQ-033,Prompt/Tool Security,Must,"GrounUp shall implement governed prompt/tool security control 33 across tenant, user, service, data, API, AI, infrastructure and operational boundaries with explicit ownership, policy, evidence, monitoring and lifecycle management.","Control 33 passes when allow/deny behavior, tenant isolation, least privilege, audit evidence, threat/failure handling, key/secret lifecycle, monitoring and mapped security tests are verified.",v1.0.0,Implementation-ready
P28-REQ-034,Network Security,Must,"GrounUp shall implement governed network security control 34 across tenant, user, service, data, API, AI, infrastructure and operational boundaries with explicit ownership, policy, evidence, monitoring and lifecycle management.","Control 34 passes when allow/deny behavior, tenant isolation, least privilege, audit evidence, threat/failure handling, key/secret lifecycle, monitoring and mapped security tests are verified.",v1.0.0,Implementation-ready
P28-REQ-035,Runtime Security,Must,"GrounUp shall implement governed runtime security control 35 across tenant, user, service, data, API, AI, infrastructure and operational boundaries with explicit ownership, policy, evidence, monitoring and lifecycle management.","Control 35 passes when allow/deny behavior, tenant isolation, least privilege, audit evidence, threat/failure handling, key/secret lifecycle, monitoring and mapped security tests are verified.",v1.0.0,Implementation-ready
P28-REQ-036,Database Security,Must,"GrounUp shall implement governed database security control 36 across tenant, user, service, data, API, AI, infrastructure and operational boundaries with explicit ownership, policy, evidence, monitoring and lifecycle management.","Control 36 passes when allow/deny behavior, tenant isolation, least privilege, audit evidence, threat/failure handling, key/secret lifecycle, monitoring and mapped security tests are verified.",v1.0.0,Implementation-ready
P28-REQ-037,Vulnerability Management,Must,"GrounUp shall implement governed vulnerability management control 37 across tenant, user, service, data, API, AI, infrastructure and operational boundaries with explicit ownership, policy, evidence, monitoring and lifecycle management.","Control 37 passes when allow/deny behavior, tenant isolation, least privilege, audit evidence, threat/failure handling, key/secret lifecycle, monitoring and mapped security tests are verified.",v1.0.0,Implementation-ready
P28-REQ-038,Dependency Security,Must,"GrounUp shall implement governed dependency security control 38 across tenant, user, service, data, API, AI, infrastructure and operational boundaries with explicit ownership, policy, evidence, monitoring and lifecycle management.","Control 38 passes when allow/deny behavior, tenant isolation, least privilege, audit evidence, threat/failure handling, key/secret lifecycle, monitoring and mapped security tests are verified.",v1.0.0,Implementation-ready
P28-REQ-039,Container Security,Must,"GrounUp shall implement governed container security control 39 across tenant, user, service, data, API, AI, infrastructure and operational boundaries with explicit ownership, policy, evidence, monitoring and lifecycle management.","Control 39 passes when allow/deny behavior, tenant isolation, least privilege, audit evidence, threat/failure handling, key/secret lifecycle, monitoring and mapped security tests are verified.",v1.0.0,Implementation-ready
P28-REQ-040,Infrastructure Security,Must,"GrounUp shall implement governed infrastructure security control 40 across tenant, user, service, data, API, AI, infrastructure and operational boundaries with explicit ownership, policy, evidence, monitoring and lifecycle management.","Control 40 passes when allow/deny behavior, tenant isolation, least privilege, audit evidence, threat/failure handling, key/secret lifecycle, monitoring and mapped security tests are verified.",v1.0.0,Implementation-ready
P28-REQ-041,SAST/DAST,Must,"GrounUp shall implement governed sast/dast control 41 across tenant, user, service, data, API, AI, infrastructure and operational boundaries with explicit ownership, policy, evidence, monitoring and lifecycle management.","Control 41 passes when allow/deny behavior, tenant isolation, least privilege, audit evidence, threat/failure handling, key/secret lifecycle, monitoring and mapped security tests are verified.",v1.0.0,Implementation-ready
P28-REQ-042,Threat Modeling,Must,"GrounUp shall implement governed threat modeling control 42 across tenant, user, service, data, API, AI, infrastructure and operational boundaries with explicit ownership, policy, evidence, monitoring and lifecycle management.","Control 42 passes when allow/deny behavior, tenant isolation, least privilege, audit evidence, threat/failure handling, key/secret lifecycle, monitoring and mapped security tests are verified.",v1.0.0,Implementation-ready
P28-REQ-043,Attack Surface Management,Must,"GrounUp shall implement governed attack surface management control 43 across tenant, user, service, data, API, AI, infrastructure and operational boundaries with explicit ownership, policy, evidence, monitoring and lifecycle management.","Control 43 passes when allow/deny behavior, tenant isolation, least privilege, audit evidence, threat/failure handling, key/secret lifecycle, monitoring and mapped security tests are verified.",v1.0.0,Implementation-ready
P28-REQ-044,Security Logging,Must,"GrounUp shall implement governed security logging control 44 across tenant, user, service, data, API, AI, infrastructure and operational boundaries with explicit ownership, policy, evidence, monitoring and lifecycle management.","Control 44 passes when allow/deny behavior, tenant isolation, least privilege, audit evidence, threat/failure handling, key/secret lifecycle, monitoring and mapped security tests are verified.",v1.0.0,Implementation-ready
P28-REQ-045,Audit Integrity,Must,"GrounUp shall implement governed audit integrity control 45 across tenant, user, service, data, API, AI, infrastructure and operational boundaries with explicit ownership, policy, evidence, monitoring and lifecycle management.","Control 45 passes when allow/deny behavior, tenant isolation, least privilege, audit evidence, threat/failure handling, key/secret lifecycle, monitoring and mapped security tests are verified.",v1.0.0,Implementation-ready
P28-REQ-046,Threat Detection,Must,"GrounUp shall implement governed threat detection control 46 across tenant, user, service, data, API, AI, infrastructure and operational boundaries with explicit ownership, policy, evidence, monitoring and lifecycle management.","Control 46 passes when allow/deny behavior, tenant isolation, least privilege, audit evidence, threat/failure handling, key/secret lifecycle, monitoring and mapped security tests are verified.",v1.0.0,Implementation-ready
P28-REQ-047,Anomaly Detection,Must,"GrounUp shall implement governed anomaly detection control 47 across tenant, user, service, data, API, AI, infrastructure and operational boundaries with explicit ownership, policy, evidence, monitoring and lifecycle management.","Control 47 passes when allow/deny behavior, tenant isolation, least privilege, audit evidence, threat/failure handling, key/secret lifecycle, monitoring and mapped security tests are verified.",v1.0.0,Implementation-ready
P28-REQ-048,Security Alerting,Must,"GrounUp shall implement governed security alerting control 48 across tenant, user, service, data, API, AI, infrastructure and operational boundaries with explicit ownership, policy, evidence, monitoring and lifecycle management.","Control 48 passes when allow/deny behavior, tenant isolation, least privilege, audit evidence, threat/failure handling, key/secret lifecycle, monitoring and mapped security tests are verified.",v1.0.0,Implementation-ready
P28-REQ-049,Incident Response,Must,"GrounUp shall implement governed incident response control 49 across tenant, user, service, data, API, AI, infrastructure and operational boundaries with explicit ownership, policy, evidence, monitoring and lifecycle management.","Control 49 passes when allow/deny behavior, tenant isolation, least privilege, audit evidence, threat/failure handling, key/secret lifecycle, monitoring and mapped security tests are verified.",v1.0.0,Implementation-ready
P28-REQ-050,Forensic Evidence,Must,"GrounUp shall implement governed forensic evidence control 50 across tenant, user, service, data, API, AI, infrastructure and operational boundaries with explicit ownership, policy, evidence, monitoring and lifecycle management.","Control 50 passes when allow/deny behavior, tenant isolation, least privilege, audit evidence, threat/failure handling, key/secret lifecycle, monitoring and mapped security tests are verified.",v1.0.0,Implementation-ready
P28-REQ-051,Access Reviews,Must,"GrounUp shall implement governed access reviews control 51 across tenant, user, service, data, API, AI, infrastructure and operational boundaries with explicit ownership, policy, evidence, monitoring and lifecycle management.","Control 51 passes when allow/deny behavior, tenant isolation, least privilege, audit evidence, threat/failure handling, key/secret lifecycle, monitoring and mapped security tests are verified.",v1.0.0,Implementation-ready
P28-REQ-052,Segregation of Duties,Must,"GrounUp shall implement governed segregation of duties control 52 across tenant, user, service, data, API, AI, infrastructure and operational boundaries with explicit ownership, policy, evidence, monitoring and lifecycle management.","Control 52 passes when allow/deny behavior, tenant isolation, least privilege, audit evidence, threat/failure handling, key/secret lifecycle, monitoring and mapped security tests are verified.",v1.0.0,Implementation-ready
P28-REQ-053,Compliance Evidence,Must,"GrounUp shall implement governed compliance evidence control 53 across tenant, user, service, data, API, AI, infrastructure and operational boundaries with explicit ownership, policy, evidence, monitoring and lifecycle management.","Control 53 passes when allow/deny behavior, tenant isolation, least privilege, audit evidence, threat/failure handling, key/secret lifecycle, monitoring and mapped security tests are verified.",v1.0.0,Implementation-ready
P28-REQ-054,Policy Attestation,Must,"GrounUp shall implement governed policy attestation control 54 across tenant, user, service, data, API, AI, infrastructure and operational boundaries with explicit ownership, policy, evidence, monitoring and lifecycle management.","Control 54 passes when allow/deny behavior, tenant isolation, least privilege, audit evidence, threat/failure handling, key/secret lifecycle, monitoring and mapped security tests are verified.",v1.0.0,Implementation-ready
P28-REQ-055,Backup Security,Must,"GrounUp shall implement governed backup security control 55 across tenant, user, service, data, API, AI, infrastructure and operational boundaries with explicit ownership, policy, evidence, monitoring and lifecycle management.","Control 55 passes when allow/deny behavior, tenant isolation, least privilege, audit evidence, threat/failure handling, key/secret lifecycle, monitoring and mapped security tests are verified.",v1.0.0,Implementation-ready
P28-REQ-056,Disaster Recovery Security,Must,"GrounUp shall implement governed disaster recovery security control 56 across tenant, user, service, data, API, AI, infrastructure and operational boundaries with explicit ownership, policy, evidence, monitoring and lifecycle management.","Control 56 passes when allow/deny behavior, tenant isolation, least privilege, audit evidence, threat/failure handling, key/secret lifecycle, monitoring and mapped security tests are verified.",v1.0.0,Implementation-ready
P28-REQ-057,Security Exceptions,Must,"GrounUp shall implement governed security exceptions control 57 across tenant, user, service, data, API, AI, infrastructure and operational boundaries with explicit ownership, policy, evidence, monitoring and lifecycle management.","Control 57 passes when allow/deny behavior, tenant isolation, least privilege, audit evidence, threat/failure handling, key/secret lifecycle, monitoring and mapped security tests are verified.",v1.0.0,Implementation-ready
P28-REQ-058,Security Metrics,Must,"GrounUp shall implement governed security metrics control 58 across tenant, user, service, data, API, AI, infrastructure and operational boundaries with explicit ownership, policy, evidence, monitoring and lifecycle management.","Control 58 passes when allow/deny behavior, tenant isolation, least privilege, audit evidence, threat/failure handling, key/secret lifecycle, monitoring and mapped security tests are verified.",v1.0.0,Implementation-ready
P28-REQ-059,Security Administration,Must,"GrounUp shall implement governed security administration control 59 across tenant, user, service, data, API, AI, infrastructure and operational boundaries with explicit ownership, policy, evidence, monitoring and lifecycle management.","Control 59 passes when allow/deny behavior, tenant isolation, least privilege, audit evidence, threat/failure handling, key/secret lifecycle, monitoring and mapped security tests are verified.",v1.0.0,Implementation-ready
P28-REQ-060,Security Architecture,Must,"GrounUp shall implement governed security architecture control 60 across tenant, user, service, data, API, AI, infrastructure and operational boundaries with explicit ownership, policy, evidence, monitoring and lifecycle management.","Control 60 passes when allow/deny behavior, tenant isolation, least privilege, audit evidence, threat/failure handling, key/secret lifecycle, monitoring and mapped security tests are verified.",v1.0.0,Implementation-ready
P28-REQ-061,Identity Governance,Must,"GrounUp shall implement governed identity governance control 61 across tenant, user, service, data, API, AI, infrastructure and operational boundaries with explicit ownership, policy, evidence, monitoring and lifecycle management.","Control 61 passes when allow/deny behavior, tenant isolation, least privilege, audit evidence, threat/failure handling, key/secret lifecycle, monitoring and mapped security tests are verified.",v1.0.0,Implementation-ready
P28-REQ-062,Authentication,Must,"GrounUp shall implement governed authentication control 62 across tenant, user, service, data, API, AI, infrastructure and operational boundaries with explicit ownership, policy, evidence, monitoring and lifecycle management.","Control 62 passes when allow/deny behavior, tenant isolation, least privilege, audit evidence, threat/failure handling, key/secret lifecycle, monitoring and mapped security tests are verified.",v1.0.0,Implementation-ready
P28-REQ-063,MFA,Must,"GrounUp shall implement governed mfa control 63 across tenant, user, service, data, API, AI, infrastructure and operational boundaries with explicit ownership, policy, evidence, monitoring and lifecycle management.","Control 63 passes when allow/deny behavior, tenant isolation, least privilege, audit evidence, threat/failure handling, key/secret lifecycle, monitoring and mapped security tests are verified.",v1.0.0,Implementation-ready
P28-REQ-064,SSO Federation,Must,"GrounUp shall implement governed sso federation control 64 across tenant, user, service, data, API, AI, infrastructure and operational boundaries with explicit ownership, policy, evidence, monitoring and lifecycle management.","Control 64 passes when allow/deny behavior, tenant isolation, least privilege, audit evidence, threat/failure handling, key/secret lifecycle, monitoring and mapped security tests are verified.",v1.0.0,Implementation-ready
P28-REQ-065,SCIM Provisioning,Must,"GrounUp shall implement governed scim provisioning control 65 across tenant, user, service, data, API, AI, infrastructure and operational boundaries with explicit ownership, policy, evidence, monitoring and lifecycle management.","Control 65 passes when allow/deny behavior, tenant isolation, least privilege, audit evidence, threat/failure handling, key/secret lifecycle, monitoring and mapped security tests are verified.",v1.0.0,Implementation-ready
P28-REQ-066,Role-Based Access,Must,"GrounUp shall implement governed role-based access control 66 across tenant, user, service, data, API, AI, infrastructure and operational boundaries with explicit ownership, policy, evidence, monitoring and lifecycle management.","Control 66 passes when allow/deny behavior, tenant isolation, least privilege, audit evidence, threat/failure handling, key/secret lifecycle, monitoring and mapped security tests are verified.",v1.0.0,Implementation-ready
P28-REQ-067,Attribute-Based Access,Must,"GrounUp shall implement governed attribute-based access control 67 across tenant, user, service, data, API, AI, infrastructure and operational boundaries with explicit ownership, policy, evidence, monitoring and lifecycle management.","Control 67 passes when allow/deny behavior, tenant isolation, least privilege, audit evidence, threat/failure handling, key/secret lifecycle, monitoring and mapped security tests are verified.",v1.0.0,Implementation-ready
P28-REQ-068,Policy Decision,Must,"GrounUp shall implement governed policy decision control 68 across tenant, user, service, data, API, AI, infrastructure and operational boundaries with explicit ownership, policy, evidence, monitoring and lifecycle management.","Control 68 passes when allow/deny behavior, tenant isolation, least privilege, audit evidence, threat/failure handling, key/secret lifecycle, monitoring and mapped security tests are verified.",v1.0.0,Implementation-ready
P28-REQ-069,Policy Enforcement,Must,"GrounUp shall implement governed policy enforcement control 69 across tenant, user, service, data, API, AI, infrastructure and operational boundaries with explicit ownership, policy, evidence, monitoring and lifecycle management.","Control 69 passes when allow/deny behavior, tenant isolation, least privilege, audit evidence, threat/failure handling, key/secret lifecycle, monitoring and mapped security tests are verified.",v1.0.0,Implementation-ready
P28-REQ-070,Privileged Access,Must,"GrounUp shall implement governed privileged access control 70 across tenant, user, service, data, API, AI, infrastructure and operational boundaries with explicit ownership, policy, evidence, monitoring and lifecycle management.","Control 70 passes when allow/deny behavior, tenant isolation, least privilege, audit evidence, threat/failure handling, key/secret lifecycle, monitoring and mapped security tests are verified.",v1.0.0,Implementation-ready
P28-REQ-071,Service Identities,Must,"GrounUp shall implement governed service identities control 71 across tenant, user, service, data, API, AI, infrastructure and operational boundaries with explicit ownership, policy, evidence, monitoring and lifecycle management.","Control 71 passes when allow/deny behavior, tenant isolation, least privilege, audit evidence, threat/failure handling, key/secret lifecycle, monitoring and mapped security tests are verified.",v1.0.0,Implementation-ready
P28-REQ-072,Machine Identities,Must,"GrounUp shall implement governed machine identities control 72 across tenant, user, service, data, API, AI, infrastructure and operational boundaries with explicit ownership, policy, evidence, monitoring and lifecycle management.","Control 72 passes when allow/deny behavior, tenant isolation, least privilege, audit evidence, threat/failure handling, key/secret lifecycle, monitoring and mapped security tests are verified.",v1.0.0,Implementation-ready
P28-REQ-073,Session Security,Must,"GrounUp shall implement governed session security control 73 across tenant, user, service, data, API, AI, infrastructure and operational boundaries with explicit ownership, policy, evidence, monitoring and lifecycle management.","Control 73 passes when allow/deny behavior, tenant isolation, least privilege, audit evidence, threat/failure handling, key/secret lifecycle, monitoring and mapped security tests are verified.",v1.0.0,Implementation-ready
P28-REQ-074,Zero Trust,Must,"GrounUp shall implement governed zero trust control 74 across tenant, user, service, data, API, AI, infrastructure and operational boundaries with explicit ownership, policy, evidence, monitoring and lifecycle management.","Control 74 passes when allow/deny behavior, tenant isolation, least privilege, audit evidence, threat/failure handling, key/secret lifecycle, monitoring and mapped security tests are verified.",v1.0.0,Implementation-ready
P28-REQ-075,Tenant Isolation,Must,"GrounUp shall implement governed tenant isolation control 75 across tenant, user, service, data, API, AI, infrastructure and operational boundaries with explicit ownership, policy, evidence, monitoring and lifecycle management.","Control 75 passes when allow/deny behavior, tenant isolation, least privilege, audit evidence, threat/failure handling, key/secret lifecycle, monitoring and mapped security tests are verified.",v1.0.0,Implementation-ready
P28-REQ-076,Project/Record Access,Must,"GrounUp shall implement governed project/record access control 76 across tenant, user, service, data, API, AI, infrastructure and operational boundaries with explicit ownership, policy, evidence, monitoring and lifecycle management.","Control 76 passes when allow/deny behavior, tenant isolation, least privilege, audit evidence, threat/failure handling, key/secret lifecycle, monitoring and mapped security tests are verified.",v1.0.0,Implementation-ready
P28-REQ-077,Data Classification,Must,"GrounUp shall implement governed data classification control 77 across tenant, user, service, data, API, AI, infrastructure and operational boundaries with explicit ownership, policy, evidence, monitoring and lifecycle management.","Control 77 passes when allow/deny behavior, tenant isolation, least privilege, audit evidence, threat/failure handling, key/secret lifecycle, monitoring and mapped security tests are verified.",v1.0.0,Implementation-ready
P28-REQ-078,Privacy Controls,Must,"GrounUp shall implement governed privacy controls control 78 across tenant, user, service, data, API, AI, infrastructure and operational boundaries with explicit ownership, policy, evidence, monitoring and lifecycle management.","Control 78 passes when allow/deny behavior, tenant isolation, least privilege, audit evidence, threat/failure handling, key/secret lifecycle, monitoring and mapped security tests are verified.",v1.0.0,Implementation-ready
P28-REQ-079,Data Minimization,Must,"GrounUp shall implement governed data minimization control 79 across tenant, user, service, data, API, AI, infrastructure and operational boundaries with explicit ownership, policy, evidence, monitoring and lifecycle management.","Control 79 passes when allow/deny behavior, tenant isolation, least privilege, audit evidence, threat/failure handling, key/secret lifecycle, monitoring and mapped security tests are verified.",v1.0.0,Implementation-ready
P28-REQ-080,Retention & Deletion,Must,"GrounUp shall implement governed retention & deletion control 80 across tenant, user, service, data, API, AI, infrastructure and operational boundaries with explicit ownership, policy, evidence, monitoring and lifecycle management.","Control 80 passes when allow/deny behavior, tenant isolation, least privilege, audit evidence, threat/failure handling, key/secret lifecycle, monitoring and mapped security tests are verified.",v1.0.0,Implementation-ready
P28-REQ-081,Encryption at Rest,Must,"GrounUp shall implement governed encryption at rest control 81 across tenant, user, service, data, API, AI, infrastructure and operational boundaries with explicit ownership, policy, evidence, monitoring and lifecycle management.","Control 81 passes when allow/deny behavior, tenant isolation, least privilege, audit evidence, threat/failure handling, key/secret lifecycle, monitoring and mapped security tests are verified.",v1.0.0,Implementation-ready
P28-REQ-082,Encryption in Transit,Must,"GrounUp shall implement governed encryption in transit control 82 across tenant, user, service, data, API, AI, infrastructure and operational boundaries with explicit ownership, policy, evidence, monitoring and lifecycle management.","Control 82 passes when allow/deny behavior, tenant isolation, least privilege, audit evidence, threat/failure handling, key/secret lifecycle, monitoring and mapped security tests are verified.",v1.0.0,Implementation-ready
P28-REQ-083,Key Management,Must,"GrounUp shall implement governed key management control 83 across tenant, user, service, data, API, AI, infrastructure and operational boundaries with explicit ownership, policy, evidence, monitoring and lifecycle management.","Control 83 passes when allow/deny behavior, tenant isolation, least privilege, audit evidence, threat/failure handling, key/secret lifecycle, monitoring and mapped security tests are verified.",v1.0.0,Implementation-ready
P28-REQ-084,Secrets Management,Must,"GrounUp shall implement governed secrets management control 84 across tenant, user, service, data, API, AI, infrastructure and operational boundaries with explicit ownership, policy, evidence, monitoring and lifecycle management.","Control 84 passes when allow/deny behavior, tenant isolation, least privilege, audit evidence, threat/failure handling, key/secret lifecycle, monitoring and mapped security tests are verified.",v1.0.0,Implementation-ready
P28-REQ-085,Certificate Management,Must,"GrounUp shall implement governed certificate management control 85 across tenant, user, service, data, API, AI, infrastructure and operational boundaries with explicit ownership, policy, evidence, monitoring and lifecycle management.","Control 85 passes when allow/deny behavior, tenant isolation, least privilege, audit evidence, threat/failure handling, key/secret lifecycle, monitoring and mapped security tests are verified.",v1.0.0,Implementation-ready
P28-REQ-086,Token Security,Must,"GrounUp shall implement governed token security control 86 across tenant, user, service, data, API, AI, infrastructure and operational boundaries with explicit ownership, policy, evidence, monitoring and lifecycle management.","Control 86 passes when allow/deny behavior, tenant isolation, least privilege, audit evidence, threat/failure handling, key/secret lifecycle, monitoring and mapped security tests are verified.",v1.0.0,Implementation-ready
P28-REQ-087,API Security,Must,"GrounUp shall implement governed api security control 87 across tenant, user, service, data, API, AI, infrastructure and operational boundaries with explicit ownership, policy, evidence, monitoring and lifecycle management.","Control 87 passes when allow/deny behavior, tenant isolation, least privilege, audit evidence, threat/failure handling, key/secret lifecycle, monitoring and mapped security tests are verified.",v1.0.0,Implementation-ready
P28-REQ-088,Event Security,Must,"GrounUp shall implement governed event security control 88 across tenant, user, service, data, API, AI, infrastructure and operational boundaries with explicit ownership, policy, evidence, monitoring and lifecycle management.","Control 88 passes when allow/deny behavior, tenant isolation, least privilege, audit evidence, threat/failure handling, key/secret lifecycle, monitoring and mapped security tests are verified.",v1.0.0,Implementation-ready
P28-REQ-089,File/Object Security,Must,"GrounUp shall implement governed file/object security control 89 across tenant, user, service, data, API, AI, infrastructure and operational boundaries with explicit ownership, policy, evidence, monitoring and lifecycle management.","Control 89 passes when allow/deny behavior, tenant isolation, least privilege, audit evidence, threat/failure handling, key/secret lifecycle, monitoring and mapped security tests are verified.",v1.0.0,Implementation-ready
P28-REQ-090,Search Security,Must,"GrounUp shall implement governed search security control 90 across tenant, user, service, data, API, AI, infrastructure and operational boundaries with explicit ownership, policy, evidence, monitoring and lifecycle management.","Control 90 passes when allow/deny behavior, tenant isolation, least privilege, audit evidence, threat/failure handling, key/secret lifecycle, monitoring and mapped security tests are verified.",v1.0.0,Implementation-ready
P28-REQ-091,AI Security,Must,"GrounUp shall implement governed ai security control 91 across tenant, user, service, data, API, AI, infrastructure and operational boundaries with explicit ownership, policy, evidence, monitoring and lifecycle management.","Control 91 passes when allow/deny behavior, tenant isolation, least privilege, audit evidence, threat/failure handling, key/secret lifecycle, monitoring and mapped security tests are verified.",v1.0.0,Implementation-ready
P28-REQ-092,Prompt/Tool Security,Must,"GrounUp shall implement governed prompt/tool security control 92 across tenant, user, service, data, API, AI, infrastructure and operational boundaries with explicit ownership, policy, evidence, monitoring and lifecycle management.","Control 92 passes when allow/deny behavior, tenant isolation, least privilege, audit evidence, threat/failure handling, key/secret lifecycle, monitoring and mapped security tests are verified.",v1.0.0,Implementation-ready
P28-REQ-093,Network Security,Must,"GrounUp shall implement governed network security control 93 across tenant, user, service, data, API, AI, infrastructure and operational boundaries with explicit ownership, policy, evidence, monitoring and lifecycle management.","Control 93 passes when allow/deny behavior, tenant isolation, least privilege, audit evidence, threat/failure handling, key/secret lifecycle, monitoring and mapped security tests are verified.",v1.0.0,Implementation-ready
P28-REQ-094,Runtime Security,Must,"GrounUp shall implement governed runtime security control 94 across tenant, user, service, data, API, AI, infrastructure and operational boundaries with explicit ownership, policy, evidence, monitoring and lifecycle management.","Control 94 passes when allow/deny behavior, tenant isolation, least privilege, audit evidence, threat/failure handling, key/secret lifecycle, monitoring and mapped security tests are verified.",v1.0.0,Implementation-ready
P28-REQ-095,Database Security,Must,"GrounUp shall implement governed database security control 95 across tenant, user, service, data, API, AI, infrastructure and operational boundaries with explicit ownership, policy, evidence, monitoring and lifecycle management.","Control 95 passes when allow/deny behavior, tenant isolation, least privilege, audit evidence, threat/failure handling, key/secret lifecycle, monitoring and mapped security tests are verified.",v1.0.0,Implementation-ready
P28-REQ-096,Vulnerability Management,Must,"GrounUp shall implement governed vulnerability management control 96 across tenant, user, service, data, API, AI, infrastructure and operational boundaries with explicit ownership, policy, evidence, monitoring and lifecycle management.","Control 96 passes when allow/deny behavior, tenant isolation, least privilege, audit evidence, threat/failure handling, key/secret lifecycle, monitoring and mapped security tests are verified.",v1.0.0,Implementation-ready
P28-REQ-097,Dependency Security,Must,"GrounUp shall implement governed dependency security control 97 across tenant, user, service, data, API, AI, infrastructure and operational boundaries with explicit ownership, policy, evidence, monitoring and lifecycle management.","Control 97 passes when allow/deny behavior, tenant isolation, least privilege, audit evidence, threat/failure handling, key/secret lifecycle, monitoring and mapped security tests are verified.",v1.0.0,Implementation-ready
P28-REQ-098,Container Security,Must,"GrounUp shall implement governed container security control 98 across tenant, user, service, data, API, AI, infrastructure and operational boundaries with explicit ownership, policy, evidence, monitoring and lifecycle management.","Control 98 passes when allow/deny behavior, tenant isolation, least privilege, audit evidence, threat/failure handling, key/secret lifecycle, monitoring and mapped security tests are verified.",v1.0.0,Implementation-ready
P28-REQ-099,Infrastructure Security,Must,"GrounUp shall implement governed infrastructure security control 99 across tenant, user, service, data, API, AI, infrastructure and operational boundaries with explicit ownership, policy, evidence, monitoring and lifecycle management.","Control 99 passes when allow/deny behavior, tenant isolation, least privilege, audit evidence, threat/failure handling, key/secret lifecycle, monitoring and mapped security tests are verified.",v1.0.0,Implementation-ready
P28-REQ-100,SAST/DAST,Must,"GrounUp shall implement governed sast/dast control 100 across tenant, user, service, data, API, AI, infrastructure and operational boundaries with explicit ownership, policy, evidence, monitoring and lifecycle management.","Control 100 passes when allow/deny behavior, tenant isolation, least privilege, audit evidence, threat/failure handling, key/secret lifecycle, monitoring and mapped security tests are verified.",v1.0.0,Implementation-ready
P28-REQ-101,Threat Modeling,Must,"GrounUp shall implement governed threat modeling control 101 across tenant, user, service, data, API, AI, infrastructure and operational boundaries with explicit ownership, policy, evidence, monitoring and lifecycle management.","Control 101 passes when allow/deny behavior, tenant isolation, least privilege, audit evidence, threat/failure handling, key/secret lifecycle, monitoring and mapped security tests are verified.",v1.0.0,Implementation-ready
P28-REQ-102,Attack Surface Management,Must,"GrounUp shall implement governed attack surface management control 102 across tenant, user, service, data, API, AI, infrastructure and operational boundaries with explicit ownership, policy, evidence, monitoring and lifecycle management.","Control 102 passes when allow/deny behavior, tenant isolation, least privilege, audit evidence, threat/failure handling, key/secret lifecycle, monitoring and mapped security tests are verified.",v1.0.0,Implementation-ready
P28-REQ-103,Security Logging,Must,"GrounUp shall implement governed security logging control 103 across tenant, user, service, data, API, AI, infrastructure and operational boundaries with explicit ownership, policy, evidence, monitoring and lifecycle management.","Control 103 passes when allow/deny behavior, tenant isolation, least privilege, audit evidence, threat/failure handling, key/secret lifecycle, monitoring and mapped security tests are verified.",v1.0.0,Implementation-ready
P28-REQ-104,Audit Integrity,Must,"GrounUp shall implement governed audit integrity control 104 across tenant, user, service, data, API, AI, infrastructure and operational boundaries with explicit ownership, policy, evidence, monitoring and lifecycle management.","Control 104 passes when allow/deny behavior, tenant isolation, least privilege, audit evidence, threat/failure handling, key/secret lifecycle, monitoring and mapped security tests are verified.",v1.0.0,Implementation-ready
P28-REQ-105,Threat Detection,Must,"GrounUp shall implement governed threat detection control 105 across tenant, user, service, data, API, AI, infrastructure and operational boundaries with explicit ownership, policy, evidence, monitoring and lifecycle management.","Control 105 passes when allow/deny behavior, tenant isolation, least privilege, audit evidence, threat/failure handling, key/secret lifecycle, monitoring and mapped security tests are verified.",v1.0.0,Implementation-ready
P28-REQ-106,Anomaly Detection,Must,"GrounUp shall implement governed anomaly detection control 106 across tenant, user, service, data, API, AI, infrastructure and operational boundaries with explicit ownership, policy, evidence, monitoring and lifecycle management.","Control 106 passes when allow/deny behavior, tenant isolation, least privilege, audit evidence, threat/failure handling, key/secret lifecycle, monitoring and mapped security tests are verified.",v1.0.0,Implementation-ready
P28-REQ-107,Security Alerting,Must,"GrounUp shall implement governed security alerting control 107 across tenant, user, service, data, API, AI, infrastructure and operational boundaries with explicit ownership, policy, evidence, monitoring and lifecycle management.","Control 107 passes when allow/deny behavior, tenant isolation, least privilege, audit evidence, threat/failure handling, key/secret lifecycle, monitoring and mapped security tests are verified.",v1.0.0,Implementation-ready
P28-REQ-108,Incident Response,Must,"GrounUp shall implement governed incident response control 108 across tenant, user, service, data, API, AI, infrastructure and operational boundaries with explicit ownership, policy, evidence, monitoring and lifecycle management.","Control 108 passes when allow/deny behavior, tenant isolation, least privilege, audit evidence, threat/failure handling, key/secret lifecycle, monitoring and mapped security tests are verified.",v1.0.0,Implementation-ready
P28-REQ-109,Forensic Evidence,Must,"GrounUp shall implement governed forensic evidence control 109 across tenant, user, service, data, API, AI, infrastructure and operational boundaries with explicit ownership, policy, evidence, monitoring and lifecycle management.","Control 109 passes when allow/deny behavior, tenant isolation, least privilege, audit evidence, threat/failure handling, key/secret lifecycle, monitoring and mapped security tests are verified.",v1.0.0,Implementation-ready
P28-REQ-110,Access Reviews,Must,"GrounUp shall implement governed access reviews control 110 across tenant, user, service, data, API, AI, infrastructure and operational boundaries with explicit ownership, policy, evidence, monitoring and lifecycle management.","Control 110 passes when allow/deny behavior, tenant isolation, least privilege, audit evidence, threat/failure handling, key/secret lifecycle, monitoring and mapped security tests are verified.",v1.0.0,Implementation-ready
P28-REQ-111,Segregation of Duties,Must,"GrounUp shall implement governed segregation of duties control 111 across tenant, user, service, data, API, AI, infrastructure and operational boundaries with explicit ownership, policy, evidence, monitoring and lifecycle management.","Control 111 passes when allow/deny behavior, tenant isolation, least privilege, audit evidence, threat/failure handling, key/secret lifecycle, monitoring and mapped security tests are verified.",v1.0.0,Implementation-ready
P28-REQ-112,Compliance Evidence,Must,"GrounUp shall implement governed compliance evidence control 112 across tenant, user, service, data, API, AI, infrastructure and operational boundaries with explicit ownership, policy, evidence, monitoring and lifecycle management.","Control 112 passes when allow/deny behavior, tenant isolation, least privilege, audit evidence, threat/failure handling, key/secret lifecycle, monitoring and mapped security tests are verified.",v1.0.0,Implementation-ready
P28-REQ-113,Policy Attestation,Must,"GrounUp shall implement governed policy attestation control 113 across tenant, user, service, data, API, AI, infrastructure and operational boundaries with explicit ownership, policy, evidence, monitoring and lifecycle management.","Control 113 passes when allow/deny behavior, tenant isolation, least privilege, audit evidence, threat/failure handling, key/secret lifecycle, monitoring and mapped security tests are verified.",v1.0.0,Implementation-ready
P28-REQ-114,Backup Security,Must,"GrounUp shall implement governed backup security control 114 across tenant, user, service, data, API, AI, infrastructure and operational boundaries with explicit ownership, policy, evidence, monitoring and lifecycle management.","Control 114 passes when allow/deny behavior, tenant isolation, least privilege, audit evidence, threat/failure handling, key/secret lifecycle, monitoring and mapped security tests are verified.",v1.0.0,Implementation-ready
P28-REQ-115,Disaster Recovery Security,Must,"GrounUp shall implement governed disaster recovery security control 115 across tenant, user, service, data, API, AI, infrastructure and operational boundaries with explicit ownership, policy, evidence, monitoring and lifecycle management.","Control 115 passes when allow/deny behavior, tenant isolation, least privilege, audit evidence, threat/failure handling, key/secret lifecycle, monitoring and mapped security tests are verified.",v1.0.0,Implementation-ready
P28-REQ-116,Security Exceptions,Must,"GrounUp shall implement governed security exceptions control 116 across tenant, user, service, data, API, AI, infrastructure and operational boundaries with explicit ownership, policy, evidence, monitoring and lifecycle management.","Control 116 passes when allow/deny behavior, tenant isolation, least privilege, audit evidence, threat/failure handling, key/secret lifecycle, monitoring and mapped security tests are verified.",v1.0.0,Implementation-ready
P28-REQ-117,Security Metrics,Must,"GrounUp shall implement governed security metrics control 117 across tenant, user, service, data, API, AI, infrastructure and operational boundaries with explicit ownership, policy, evidence, monitoring and lifecycle management.","Control 117 passes when allow/deny behavior, tenant isolation, least privilege, audit evidence, threat/failure handling, key/secret lifecycle, monitoring and mapped security tests are verified.",v1.0.0,Implementation-ready
P28-REQ-118,Security Administration,Must,"GrounUp shall implement governed security administration control 118 across tenant, user, service, data, API, AI, infrastructure and operational boundaries with explicit ownership, policy, evidence, monitoring and lifecycle management.","Control 118 passes when allow/deny behavior, tenant isolation, least privilege, audit evidence, threat/failure handling, key/secret lifecycle, monitoring and mapped security tests are verified.",v1.0.0,Implementation-ready
P28-REQ-119,Security Architecture,Must,"GrounUp shall implement governed security architecture control 119 across tenant, user, service, data, API, AI, infrastructure and operational boundaries with explicit ownership, policy, evidence, monitoring and lifecycle management.","Control 119 passes when allow/deny behavior, tenant isolation, least privilege, audit evidence, threat/failure handling, key/secret lifecycle, monitoring and mapped security tests are verified.",v1.0.0,Implementation-ready
P28-REQ-120,Identity Governance,Must,"GrounUp shall implement governed identity governance control 120 across tenant, user, service, data, API, AI, infrastructure and operational boundaries with explicit ownership, policy, evidence, monitoring and lifecycle management.","Control 120 passes when allow/deny behavior, tenant isolation, least privilege, audit evidence, threat/failure handling, key/secret lifecycle, monitoring and mapped security tests are verified.",v1.0.0,Implementation-ready
P28-REQ-121,Authentication,Must,"GrounUp shall implement governed authentication control 121 across tenant, user, service, data, API, AI, infrastructure and operational boundaries with explicit ownership, policy, evidence, monitoring and lifecycle management.","Control 121 passes when allow/deny behavior, tenant isolation, least privilege, audit evidence, threat/failure handling, key/secret lifecycle, monitoring and mapped security tests are verified.",v1.0.0,Implementation-ready
P28-REQ-122,MFA,Must,"GrounUp shall implement governed mfa control 122 across tenant, user, service, data, API, AI, infrastructure and operational boundaries with explicit ownership, policy, evidence, monitoring and lifecycle management.","Control 122 passes when allow/deny behavior, tenant isolation, least privilege, audit evidence, threat/failure handling, key/secret lifecycle, monitoring and mapped security tests are verified.",v1.0.0,Implementation-ready
P28-REQ-123,SSO Federation,Must,"GrounUp shall implement governed sso federation control 123 across tenant, user, service, data, API, AI, infrastructure and operational boundaries with explicit ownership, policy, evidence, monitoring and lifecycle management.","Control 123 passes when allow/deny behavior, tenant isolation, least privilege, audit evidence, threat/failure handling, key/secret lifecycle, monitoring and mapped security tests are verified.",v1.0.0,Implementation-ready
P28-REQ-124,SCIM Provisioning,Must,"GrounUp shall implement governed scim provisioning control 124 across tenant, user, service, data, API, AI, infrastructure and operational boundaries with explicit ownership, policy, evidence, monitoring and lifecycle management.","Control 124 passes when allow/deny behavior, tenant isolation, least privilege, audit evidence, threat/failure handling, key/secret lifecycle, monitoring and mapped security tests are verified.",v1.0.0,Implementation-ready
P28-REQ-125,Role-Based Access,Must,"GrounUp shall implement governed role-based access control 125 across tenant, user, service, data, API, AI, infrastructure and operational boundaries with explicit ownership, policy, evidence, monitoring and lifecycle management.","Control 125 passes when allow/deny behavior, tenant isolation, least privilege, audit evidence, threat/failure handling, key/secret lifecycle, monitoring and mapped security tests are verified.",v1.0.0,Implementation-ready
P28-REQ-126,Attribute-Based Access,Must,"GrounUp shall implement governed attribute-based access control 126 across tenant, user, service, data, API, AI, infrastructure and operational boundaries with explicit ownership, policy, evidence, monitoring and lifecycle management.","Control 126 passes when allow/deny behavior, tenant isolation, least privilege, audit evidence, threat/failure handling, key/secret lifecycle, monitoring and mapped security tests are verified.",v1.0.0,Implementation-ready
P28-REQ-127,Policy Decision,Must,"GrounUp shall implement governed policy decision control 127 across tenant, user, service, data, API, AI, infrastructure and operational boundaries with explicit ownership, policy, evidence, monitoring and lifecycle management.","Control 127 passes when allow/deny behavior, tenant isolation, least privilege, audit evidence, threat/failure handling, key/secret lifecycle, monitoring and mapped security tests are verified.",v1.0.0,Implementation-ready
P28-REQ-128,Policy Enforcement,Must,"GrounUp shall implement governed policy enforcement control 128 across tenant, user, service, data, API, AI, infrastructure and operational boundaries with explicit ownership, policy, evidence, monitoring and lifecycle management.","Control 128 passes when allow/deny behavior, tenant isolation, least privilege, audit evidence, threat/failure handling, key/secret lifecycle, monitoring and mapped security tests are verified.",v1.0.0,Implementation-ready
P28-REQ-129,Privileged Access,Must,"GrounUp shall implement governed privileged access control 129 across tenant, user, service, data, API, AI, infrastructure and operational boundaries with explicit ownership, policy, evidence, monitoring and lifecycle management.","Control 129 passes when allow/deny behavior, tenant isolation, least privilege, audit evidence, threat/failure handling, key/secret lifecycle, monitoring and mapped security tests are verified.",v1.0.0,Implementation-ready
P28-REQ-130,Service Identities,Must,"GrounUp shall implement governed service identities control 130 across tenant, user, service, data, API, AI, infrastructure and operational boundaries with explicit ownership, policy, evidence, monitoring and lifecycle management.","Control 130 passes when allow/deny behavior, tenant isolation, least privilege, audit evidence, threat/failure handling, key/secret lifecycle, monitoring and mapped security tests are verified.",v1.0.0,Implementation-ready
P28-REQ-131,Machine Identities,Must,"GrounUp shall implement governed machine identities control 131 across tenant, user, service, data, API, AI, infrastructure and operational boundaries with explicit ownership, policy, evidence, monitoring and lifecycle management.","Control 131 passes when allow/deny behavior, tenant isolation, least privilege, audit evidence, threat/failure handling, key/secret lifecycle, monitoring and mapped security tests are verified.",v1.0.0,Implementation-ready
P28-REQ-132,Session Security,Must,"GrounUp shall implement governed session security control 132 across tenant, user, service, data, API, AI, infrastructure and operational boundaries with explicit ownership, policy, evidence, monitoring and lifecycle management.","Control 132 passes when allow/deny behavior, tenant isolation, least privilege, audit evidence, threat/failure handling, key/secret lifecycle, monitoring and mapped security tests are verified.",v1.0.0,Implementation-ready
P28-REQ-133,Zero Trust,Must,"GrounUp shall implement governed zero trust control 133 across tenant, user, service, data, API, AI, infrastructure and operational boundaries with explicit ownership, policy, evidence, monitoring and lifecycle management.","Control 133 passes when allow/deny behavior, tenant isolation, least privilege, audit evidence, threat/failure handling, key/secret lifecycle, monitoring and mapped security tests are verified.",v1.0.0,Implementation-ready
P28-REQ-134,Tenant Isolation,Must,"GrounUp shall implement governed tenant isolation control 134 across tenant, user, service, data, API, AI, infrastructure and operational boundaries with explicit ownership, policy, evidence, monitoring and lifecycle management.","Control 134 passes when allow/deny behavior, tenant isolation, least privilege, audit evidence, threat/failure handling, key/secret lifecycle, monitoring and mapped security tests are verified.",v1.0.0,Implementation-ready
P28-REQ-135,Project/Record Access,Must,"GrounUp shall implement governed project/record access control 135 across tenant, user, service, data, API, AI, infrastructure and operational boundaries with explicit ownership, policy, evidence, monitoring and lifecycle management.","Control 135 passes when allow/deny behavior, tenant isolation, least privilege, audit evidence, threat/failure handling, key/secret lifecycle, monitoring and mapped security tests are verified.",v1.0.0,Implementation-ready
P28-REQ-136,Data Classification,Must,"GrounUp shall implement governed data classification control 136 across tenant, user, service, data, API, AI, infrastructure and operational boundaries with explicit ownership, policy, evidence, monitoring and lifecycle management.","Control 136 passes when allow/deny behavior, tenant isolation, least privilege, audit evidence, threat/failure handling, key/secret lifecycle, monitoring and mapped security tests are verified.",v1.0.0,Implementation-ready
P28-REQ-137,Privacy Controls,Must,"GrounUp shall implement governed privacy controls control 137 across tenant, user, service, data, API, AI, infrastructure and operational boundaries with explicit ownership, policy, evidence, monitoring and lifecycle management.","Control 137 passes when allow/deny behavior, tenant isolation, least privilege, audit evidence, threat/failure handling, key/secret lifecycle, monitoring and mapped security tests are verified.",v1.0.0,Implementation-ready
P28-REQ-138,Data Minimization,Must,"GrounUp shall implement governed data minimization control 138 across tenant, user, service, data, API, AI, infrastructure and operational boundaries with explicit ownership, policy, evidence, monitoring and lifecycle management.","Control 138 passes when allow/deny behavior, tenant isolation, least privilege, audit evidence, threat/failure handling, key/secret lifecycle, monitoring and mapped security tests are verified.",v1.0.0,Implementation-ready
P28-REQ-139,Retention & Deletion,Must,"GrounUp shall implement governed retention & deletion control 139 across tenant, user, service, data, API, AI, infrastructure and operational boundaries with explicit ownership, policy, evidence, monitoring and lifecycle management.","Control 139 passes when allow/deny behavior, tenant isolation, least privilege, audit evidence, threat/failure handling, key/secret lifecycle, monitoring and mapped security tests are verified.",v1.0.0,Implementation-ready
P28-REQ-140,Encryption at Rest,Must,"GrounUp shall implement governed encryption at rest control 140 across tenant, user, service, data, API, AI, infrastructure and operational boundaries with explicit ownership, policy, evidence, monitoring and lifecycle management.","Control 140 passes when allow/deny behavior, tenant isolation, least privilege, audit evidence, threat/failure handling, key/secret lifecycle, monitoring and mapped security tests are verified.",v1.0.0,Implementation-ready
P28-REQ-141,Encryption in Transit,Must,"GrounUp shall implement governed encryption in transit control 141 across tenant, user, service, data, API, AI, infrastructure and operational boundaries with explicit ownership, policy, evidence, monitoring and lifecycle management.","Control 141 passes when allow/deny behavior, tenant isolation, least privilege, audit evidence, threat/failure handling, key/secret lifecycle, monitoring and mapped security tests are verified.",v1.0.0,Implementation-ready
P28-REQ-142,Key Management,Must,"GrounUp shall implement governed key management control 142 across tenant, user, service, data, API, AI, infrastructure and operational boundaries with explicit ownership, policy, evidence, monitoring and lifecycle management.","Control 142 passes when allow/deny behavior, tenant isolation, least privilege, audit evidence, threat/failure handling, key/secret lifecycle, monitoring and mapped security tests are verified.",v1.0.0,Implementation-ready
P28-REQ-143,Secrets Management,Must,"GrounUp shall implement governed secrets management control 143 across tenant, user, service, data, API, AI, infrastructure and operational boundaries with explicit ownership, policy, evidence, monitoring and lifecycle management.","Control 143 passes when allow/deny behavior, tenant isolation, least privilege, audit evidence, threat/failure handling, key/secret lifecycle, monitoring and mapped security tests are verified.",v1.0.0,Implementation-ready
P28-REQ-144,Certificate Management,Must,"GrounUp shall implement governed certificate management control 144 across tenant, user, service, data, API, AI, infrastructure and operational boundaries with explicit ownership, policy, evidence, monitoring and lifecycle management.","Control 144 passes when allow/deny behavior, tenant isolation, least privilege, audit evidence, threat/failure handling, key/secret lifecycle, monitoring and mapped security tests are verified.",v1.0.0,Implementation-ready
P28-REQ-145,Token Security,Must,"GrounUp shall implement governed token security control 145 across tenant, user, service, data, API, AI, infrastructure and operational boundaries with explicit ownership, policy, evidence, monitoring and lifecycle management.","Control 145 passes when allow/deny behavior, tenant isolation, least privilege, audit evidence, threat/failure handling, key/secret lifecycle, monitoring and mapped security tests are verified.",v1.0.0,Implementation-ready
P28-REQ-146,API Security,Must,"GrounUp shall implement governed api security control 146 across tenant, user, service, data, API, AI, infrastructure and operational boundaries with explicit ownership, policy, evidence, monitoring and lifecycle management.","Control 146 passes when allow/deny behavior, tenant isolation, least privilege, audit evidence, threat/failure handling, key/secret lifecycle, monitoring and mapped security tests are verified.",v1.0.0,Implementation-ready
P28-REQ-147,Event Security,Must,"GrounUp shall implement governed event security control 147 across tenant, user, service, data, API, AI, infrastructure and operational boundaries with explicit ownership, policy, evidence, monitoring and lifecycle management.","Control 147 passes when allow/deny behavior, tenant isolation, least privilege, audit evidence, threat/failure handling, key/secret lifecycle, monitoring and mapped security tests are verified.",v1.0.0,Implementation-ready
P28-REQ-148,File/Object Security,Must,"GrounUp shall implement governed file/object security control 148 across tenant, user, service, data, API, AI, infrastructure and operational boundaries with explicit ownership, policy, evidence, monitoring and lifecycle management.","Control 148 passes when allow/deny behavior, tenant isolation, least privilege, audit evidence, threat/failure handling, key/secret lifecycle, monitoring and mapped security tests are verified.",v1.0.0,Implementation-ready
P28-REQ-149,Search Security,Must,"GrounUp shall implement governed search security control 149 across tenant, user, service, data, API, AI, infrastructure and operational boundaries with explicit ownership, policy, evidence, monitoring and lifecycle management.","Control 149 passes when allow/deny behavior, tenant isolation, least privilege, audit evidence, threat/failure handling, key/secret lifecycle, monitoring and mapped security tests are verified.",v1.0.0,Implementation-ready
P28-REQ-150,AI Security,Must,"GrounUp shall implement governed ai security control 150 across tenant, user, service, data, API, AI, infrastructure and operational boundaries with explicit ownership, policy, evidence, monitoring and lifecycle management.","Control 150 passes when allow/deny behavior, tenant isolation, least privilege, audit evidence, threat/failure handling, key/secret lifecycle, monitoring and mapped security tests are verified.",v1.0.0,Implementation-ready
P28-REQ-151,Prompt/Tool Security,Must,"GrounUp shall implement governed prompt/tool security control 151 across tenant, user, service, data, API, AI, infrastructure and operational boundaries with explicit ownership, policy, evidence, monitoring and lifecycle management.","Control 151 passes when allow/deny behavior, tenant isolation, least privilege, audit evidence, threat/failure handling, key/secret lifecycle, monitoring and mapped security tests are verified.",v1.0.0,Implementation-ready
P28-REQ-152,Network Security,Must,"GrounUp shall implement governed network security control 152 across tenant, user, service, data, API, AI, infrastructure and operational boundaries with explicit ownership, policy, evidence, monitoring and lifecycle management.","Control 152 passes when allow/deny behavior, tenant isolation, least privilege, audit evidence, threat/failure handling, key/secret lifecycle, monitoring and mapped security tests are verified.",v1.0.0,Implementation-ready
P28-REQ-153,Runtime Security,Must,"GrounUp shall implement governed runtime security control 153 across tenant, user, service, data, API, AI, infrastructure and operational boundaries with explicit ownership, policy, evidence, monitoring and lifecycle management.","Control 153 passes when allow/deny behavior, tenant isolation, least privilege, audit evidence, threat/failure handling, key/secret lifecycle, monitoring and mapped security tests are verified.",v1.0.0,Implementation-ready
P28-REQ-154,Database Security,Must,"GrounUp shall implement governed database security control 154 across tenant, user, service, data, API, AI, infrastructure and operational boundaries with explicit ownership, policy, evidence, monitoring and lifecycle management.","Control 154 passes when allow/deny behavior, tenant isolation, least privilege, audit evidence, threat/failure handling, key/secret lifecycle, monitoring and mapped security tests are verified.",v1.0.0,Implementation-ready
P28-REQ-155,Vulnerability Management,Must,"GrounUp shall implement governed vulnerability management control 155 across tenant, user, service, data, API, AI, infrastructure and operational boundaries with explicit ownership, policy, evidence, monitoring and lifecycle management.","Control 155 passes when allow/deny behavior, tenant isolation, least privilege, audit evidence, threat/failure handling, key/secret lifecycle, monitoring and mapped security tests are verified.",v1.0.0,Implementation-ready
P28-REQ-156,Dependency Security,Must,"GrounUp shall implement governed dependency security control 156 across tenant, user, service, data, API, AI, infrastructure and operational boundaries with explicit ownership, policy, evidence, monitoring and lifecycle management.","Control 156 passes when allow/deny behavior, tenant isolation, least privilege, audit evidence, threat/failure handling, key/secret lifecycle, monitoring and mapped security tests are verified.",v1.0.0,Implementation-ready
P28-REQ-157,Container Security,Must,"GrounUp shall implement governed container security control 157 across tenant, user, service, data, API, AI, infrastructure and operational boundaries with explicit ownership, policy, evidence, monitoring and lifecycle management.","Control 157 passes when allow/deny behavior, tenant isolation, least privilege, audit evidence, threat/failure handling, key/secret lifecycle, monitoring and mapped security tests are verified.",v1.0.0,Implementation-ready
P28-REQ-158,Infrastructure Security,Must,"GrounUp shall implement governed infrastructure security control 158 across tenant, user, service, data, API, AI, infrastructure and operational boundaries with explicit ownership, policy, evidence, monitoring and lifecycle management.","Control 158 passes when allow/deny behavior, tenant isolation, least privilege, audit evidence, threat/failure handling, key/secret lifecycle, monitoring and mapped security tests are verified.",v1.0.0,Implementation-ready
P28-REQ-159,SAST/DAST,Must,"GrounUp shall implement governed sast/dast control 159 across tenant, user, service, data, API, AI, infrastructure and operational boundaries with explicit ownership, policy, evidence, monitoring and lifecycle management.","Control 159 passes when allow/deny behavior, tenant isolation, least privilege, audit evidence, threat/failure handling, key/secret lifecycle, monitoring and mapped security tests are verified.",v1.0.0,Implementation-ready
P28-REQ-160,Threat Modeling,Must,"GrounUp shall implement governed threat modeling control 160 across tenant, user, service, data, API, AI, infrastructure and operational boundaries with explicit ownership, policy, evidence, monitoring and lifecycle management.","Control 160 passes when allow/deny behavior, tenant isolation, least privilege, audit evidence, threat/failure handling, key/secret lifecycle, monitoring and mapped security tests are verified.",v1.0.0,Implementation-ready
P28-REQ-161,Attack Surface Management,Must,"GrounUp shall implement governed attack surface management control 161 across tenant, user, service, data, API, AI, infrastructure and operational boundaries with explicit ownership, policy, evidence, monitoring and lifecycle management.","Control 161 passes when allow/deny behavior, tenant isolation, least privilege, audit evidence, threat/failure handling, key/secret lifecycle, monitoring and mapped security tests are verified.",v1.0.0,Implementation-ready
P28-REQ-162,Security Logging,Must,"GrounUp shall implement governed security logging control 162 across tenant, user, service, data, API, AI, infrastructure and operational boundaries with explicit ownership, policy, evidence, monitoring and lifecycle management.","Control 162 passes when allow/deny behavior, tenant isolation, least privilege, audit evidence, threat/failure handling, key/secret lifecycle, monitoring and mapped security tests are verified.",v1.0.0,Implementation-ready
P28-REQ-163,Audit Integrity,Must,"GrounUp shall implement governed audit integrity control 163 across tenant, user, service, data, API, AI, infrastructure and operational boundaries with explicit ownership, policy, evidence, monitoring and lifecycle management.","Control 163 passes when allow/deny behavior, tenant isolation, least privilege, audit evidence, threat/failure handling, key/secret lifecycle, monitoring and mapped security tests are verified.",v1.0.0,Implementation-ready
P28-REQ-164,Threat Detection,Must,"GrounUp shall implement governed threat detection control 164 across tenant, user, service, data, API, AI, infrastructure and operational boundaries with explicit ownership, policy, evidence, monitoring and lifecycle management.","Control 164 passes when allow/deny behavior, tenant isolation, least privilege, audit evidence, threat/failure handling, key/secret lifecycle, monitoring and mapped security tests are verified.",v1.0.0,Implementation-ready
P28-REQ-165,Anomaly Detection,Must,"GrounUp shall implement governed anomaly detection control 165 across tenant, user, service, data, API, AI, infrastructure and operational boundaries with explicit ownership, policy, evidence, monitoring and lifecycle management.","Control 165 passes when allow/deny behavior, tenant isolation, least privilege, audit evidence, threat/failure handling, key/secret lifecycle, monitoring and mapped security tests are verified.",v1.0.0,Implementation-ready
P28-REQ-166,Security Alerting,Must,"GrounUp shall implement governed security alerting control 166 across tenant, user, service, data, API, AI, infrastructure and operational boundaries with explicit ownership, policy, evidence, monitoring and lifecycle management.","Control 166 passes when allow/deny behavior, tenant isolation, least privilege, audit evidence, threat/failure handling, key/secret lifecycle, monitoring and mapped security tests are verified.",v1.0.0,Implementation-ready
P28-REQ-167,Incident Response,Must,"GrounUp shall implement governed incident response control 167 across tenant, user, service, data, API, AI, infrastructure and operational boundaries with explicit ownership, policy, evidence, monitoring and lifecycle management.","Control 167 passes when allow/deny behavior, tenant isolation, least privilege, audit evidence, threat/failure handling, key/secret lifecycle, monitoring and mapped security tests are verified.",v1.0.0,Implementation-ready
P28-REQ-168,Forensic Evidence,Must,"GrounUp shall implement governed forensic evidence control 168 across tenant, user, service, data, API, AI, infrastructure and operational boundaries with explicit ownership, policy, evidence, monitoring and lifecycle management.","Control 168 passes when allow/deny behavior, tenant isolation, least privilege, audit evidence, threat/failure handling, key/secret lifecycle, monitoring and mapped security tests are verified.",v1.0.0,Implementation-ready
P28-REQ-169,Access Reviews,Must,"GrounUp shall implement governed access reviews control 169 across tenant, user, service, data, API, AI, infrastructure and operational boundaries with explicit ownership, policy, evidence, monitoring and lifecycle management.","Control 169 passes when allow/deny behavior, tenant isolation, least privilege, audit evidence, threat/failure handling, key/secret lifecycle, monitoring and mapped security tests are verified.",v1.0.0,Implementation-ready
P28-REQ-170,Segregation of Duties,Must,"GrounUp shall implement governed segregation of duties control 170 across tenant, user, service, data, API, AI, infrastructure and operational boundaries with explicit ownership, policy, evidence, monitoring and lifecycle management.","Control 170 passes when allow/deny behavior, tenant isolation, least privilege, audit evidence, threat/failure handling, key/secret lifecycle, monitoring and mapped security tests are verified.",v1.0.0,Implementation-ready
P28-REQ-171,Compliance Evidence,Must,"GrounUp shall implement governed compliance evidence control 171 across tenant, user, service, data, API, AI, infrastructure and operational boundaries with explicit ownership, policy, evidence, monitoring and lifecycle management.","Control 171 passes when allow/deny behavior, tenant isolation, least privilege, audit evidence, threat/failure handling, key/secret lifecycle, monitoring and mapped security tests are verified.",v1.0.0,Implementation-ready
P28-REQ-172,Policy Attestation,Must,"GrounUp shall implement governed policy attestation control 172 across tenant, user, service, data, API, AI, infrastructure and operational boundaries with explicit ownership, policy, evidence, monitoring and lifecycle management.","Control 172 passes when allow/deny behavior, tenant isolation, least privilege, audit evidence, threat/failure handling, key/secret lifecycle, monitoring and mapped security tests are verified.",v1.0.0,Implementation-ready
P28-REQ-173,Backup Security,Must,"GrounUp shall implement governed backup security control 173 across tenant, user, service, data, API, AI, infrastructure and operational boundaries with explicit ownership, policy, evidence, monitoring and lifecycle management.","Control 173 passes when allow/deny behavior, tenant isolation, least privilege, audit evidence, threat/failure handling, key/secret lifecycle, monitoring and mapped security tests are verified.",v1.0.0,Implementation-ready
P28-REQ-174,Disaster Recovery Security,Must,"GrounUp shall implement governed disaster recovery security control 174 across tenant, user, service, data, API, AI, infrastructure and operational boundaries with explicit ownership, policy, evidence, monitoring and lifecycle management.","Control 174 passes when allow/deny behavior, tenant isolation, least privilege, audit evidence, threat/failure handling, key/secret lifecycle, monitoring and mapped security tests are verified.",v1.0.0,Implementation-ready
P28-REQ-175,Security Exceptions,Must,"GrounUp shall implement governed security exceptions control 175 across tenant, user, service, data, API, AI, infrastructure and operational boundaries with explicit ownership, policy, evidence, monitoring and lifecycle management.","Control 175 passes when allow/deny behavior, tenant isolation, least privilege, audit evidence, threat/failure handling, key/secret lifecycle, monitoring and mapped security tests are verified.",v1.0.0,Implementation-ready
P28-REQ-176,Security Metrics,Must,"GrounUp shall implement governed security metrics control 176 across tenant, user, service, data, API, AI, infrastructure and operational boundaries with explicit ownership, policy, evidence, monitoring and lifecycle management.","Control 176 passes when allow/deny behavior, tenant isolation, least privilege, audit evidence, threat/failure handling, key/secret lifecycle, monitoring and mapped security tests are verified.",v1.0.0,Implementation-ready
P28-REQ-177,Security Administration,Must,"GrounUp shall implement governed security administration control 177 across tenant, user, service, data, API, AI, infrastructure and operational boundaries with explicit ownership, policy, evidence, monitoring and lifecycle management.","Control 177 passes when allow/deny behavior, tenant isolation, least privilege, audit evidence, threat/failure handling, key/secret lifecycle, monitoring and mapped security tests are verified.",v1.0.0,Implementation-ready
P28-REQ-178,Security Architecture,Must,"GrounUp shall implement governed security architecture control 178 across tenant, user, service, data, API, AI, infrastructure and operational boundaries with explicit ownership, policy, evidence, monitoring and lifecycle management.","Control 178 passes when allow/deny behavior, tenant isolation, least privilege, audit evidence, threat/failure handling, key/secret lifecycle, monitoring and mapped security tests are verified.",v1.0.0,Implementation-ready
P28-REQ-179,Identity Governance,Must,"GrounUp shall implement governed identity governance control 179 across tenant, user, service, data, API, AI, infrastructure and operational boundaries with explicit ownership, policy, evidence, monitoring and lifecycle management.","Control 179 passes when allow/deny behavior, tenant isolation, least privilege, audit evidence, threat/failure handling, key/secret lifecycle, monitoring and mapped security tests are verified.",v1.0.0,Implementation-ready
P28-REQ-180,Authentication,Must,"GrounUp shall implement governed authentication control 180 across tenant, user, service, data, API, AI, infrastructure and operational boundaries with explicit ownership, policy, evidence, monitoring and lifecycle management.","Control 180 passes when allow/deny behavior, tenant isolation, least privilege, audit evidence, threat/failure handling, key/secret lifecycle, monitoring and mapped security tests are verified.",v1.0.0,Implementation-ready
P28-REQ-181,MFA,Must,"GrounUp shall implement governed mfa control 181 across tenant, user, service, data, API, AI, infrastructure and operational boundaries with explicit ownership, policy, evidence, monitoring and lifecycle management.","Control 181 passes when allow/deny behavior, tenant isolation, least privilege, audit evidence, threat/failure handling, key/secret lifecycle, monitoring and mapped security tests are verified.",v1.0.0,Implementation-ready
P28-REQ-182,SSO Federation,Must,"GrounUp shall implement governed sso federation control 182 across tenant, user, service, data, API, AI, infrastructure and operational boundaries with explicit ownership, policy, evidence, monitoring and lifecycle management.","Control 182 passes when allow/deny behavior, tenant isolation, least privilege, audit evidence, threat/failure handling, key/secret lifecycle, monitoring and mapped security tests are verified.",v1.0.0,Implementation-ready
P28-REQ-183,SCIM Provisioning,Must,"GrounUp shall implement governed scim provisioning control 183 across tenant, user, service, data, API, AI, infrastructure and operational boundaries with explicit ownership, policy, evidence, monitoring and lifecycle management.","Control 183 passes when allow/deny behavior, tenant isolation, least privilege, audit evidence, threat/failure handling, key/secret lifecycle, monitoring and mapped security tests are verified.",v1.0.0,Implementation-ready
P28-REQ-184,Role-Based Access,Must,"GrounUp shall implement governed role-based access control 184 across tenant, user, service, data, API, AI, infrastructure and operational boundaries with explicit ownership, policy, evidence, monitoring and lifecycle management.","Control 184 passes when allow/deny behavior, tenant isolation, least privilege, audit evidence, threat/failure handling, key/secret lifecycle, monitoring and mapped security tests are verified.",v1.0.0,Implementation-ready
P28-REQ-185,Attribute-Based Access,Must,"GrounUp shall implement governed attribute-based access control 185 across tenant, user, service, data, API, AI, infrastructure and operational boundaries with explicit ownership, policy, evidence, monitoring and lifecycle management.","Control 185 passes when allow/deny behavior, tenant isolation, least privilege, audit evidence, threat/failure handling, key/secret lifecycle, monitoring and mapped security tests are verified.",v1.0.0,Implementation-ready
P28-REQ-186,Policy Decision,Must,"GrounUp shall implement governed policy decision control 186 across tenant, user, service, data, API, AI, infrastructure and operational boundaries with explicit ownership, policy, evidence, monitoring and lifecycle management.","Control 186 passes when allow/deny behavior, tenant isolation, least privilege, audit evidence, threat/failure handling, key/secret lifecycle, monitoring and mapped security tests are verified.",v1.0.0,Implementation-ready
P28-REQ-187,Policy Enforcement,Must,"GrounUp shall implement governed policy enforcement control 187 across tenant, user, service, data, API, AI, infrastructure and operational boundaries with explicit ownership, policy, evidence, monitoring and lifecycle management.","Control 187 passes when allow/deny behavior, tenant isolation, least privilege, audit evidence, threat/failure handling, key/secret lifecycle, monitoring and mapped security tests are verified.",v1.0.0,Implementation-ready
P28-REQ-188,Privileged Access,Must,"GrounUp shall implement governed privileged access control 188 across tenant, user, service, data, API, AI, infrastructure and operational boundaries with explicit ownership, policy, evidence, monitoring and lifecycle management.","Control 188 passes when allow/deny behavior, tenant isolation, least privilege, audit evidence, threat/failure handling, key/secret lifecycle, monitoring and mapped security tests are verified.",v1.0.0,Implementation-ready
P28-REQ-189,Service Identities,Must,"GrounUp shall implement governed service identities control 189 across tenant, user, service, data, API, AI, infrastructure and operational boundaries with explicit ownership, policy, evidence, monitoring and lifecycle management.","Control 189 passes when allow/deny behavior, tenant isolation, least privilege, audit evidence, threat/failure handling, key/secret lifecycle, monitoring and mapped security tests are verified.",v1.0.0,Implementation-ready
P28-REQ-190,Machine Identities,Must,"GrounUp shall implement governed machine identities control 190 across tenant, user, service, data, API, AI, infrastructure and operational boundaries with explicit ownership, policy, evidence, monitoring and lifecycle management.","Control 190 passes when allow/deny behavior, tenant isolation, least privilege, audit evidence, threat/failure handling, key/secret lifecycle, monitoring and mapped security tests are verified.",v1.0.0,Implementation-ready
P28-REQ-191,Session Security,Must,"GrounUp shall implement governed session security control 191 across tenant, user, service, data, API, AI, infrastructure and operational boundaries with explicit ownership, policy, evidence, monitoring and lifecycle management.","Control 191 passes when allow/deny behavior, tenant isolation, least privilege, audit evidence, threat/failure handling, key/secret lifecycle, monitoring and mapped security tests are verified.",v1.0.0,Implementation-ready
P28-REQ-192,Zero Trust,Must,"GrounUp shall implement governed zero trust control 192 across tenant, user, service, data, API, AI, infrastructure and operational boundaries with explicit ownership, policy, evidence, monitoring and lifecycle management.","Control 192 passes when allow/deny behavior, tenant isolation, least privilege, audit evidence, threat/failure handling, key/secret lifecycle, monitoring and mapped security tests are verified.",v1.0.0,Implementation-ready
P28-REQ-193,Tenant Isolation,Must,"GrounUp shall implement governed tenant isolation control 193 across tenant, user, service, data, API, AI, infrastructure and operational boundaries with explicit ownership, policy, evidence, monitoring and lifecycle management.","Control 193 passes when allow/deny behavior, tenant isolation, least privilege, audit evidence, threat/failure handling, key/secret lifecycle, monitoring and mapped security tests are verified.",v1.0.0,Implementation-ready
P28-REQ-194,Project/Record Access,Must,"GrounUp shall implement governed project/record access control 194 across tenant, user, service, data, API, AI, infrastructure and operational boundaries with explicit ownership, policy, evidence, monitoring and lifecycle management.","Control 194 passes when allow/deny behavior, tenant isolation, least privilege, audit evidence, threat/failure handling, key/secret lifecycle, monitoring and mapped security tests are verified.",v1.0.0,Implementation-ready
P28-REQ-195,Data Classification,Must,"GrounUp shall implement governed data classification control 195 across tenant, user, service, data, API, AI, infrastructure and operational boundaries with explicit ownership, policy, evidence, monitoring and lifecycle management.","Control 195 passes when allow/deny behavior, tenant isolation, least privilege, audit evidence, threat/failure handling, key/secret lifecycle, monitoring and mapped security tests are verified.",v1.0.0,Implementation-ready
P28-REQ-196,Privacy Controls,Must,"GrounUp shall implement governed privacy controls control 196 across tenant, user, service, data, API, AI, infrastructure and operational boundaries with explicit ownership, policy, evidence, monitoring and lifecycle management.","Control 196 passes when allow/deny behavior, tenant isolation, least privilege, audit evidence, threat/failure handling, key/secret lifecycle, monitoring and mapped security tests are verified.",v1.0.0,Implementation-ready
P28-REQ-197,Data Minimization,Must,"GrounUp shall implement governed data minimization control 197 across tenant, user, service, data, API, AI, infrastructure and operational boundaries with explicit ownership, policy, evidence, monitoring and lifecycle management.","Control 197 passes when allow/deny behavior, tenant isolation, least privilege, audit evidence, threat/failure handling, key/secret lifecycle, monitoring and mapped security tests are verified.",v1.0.0,Implementation-ready
P28-REQ-198,Retention & Deletion,Must,"GrounUp shall implement governed retention & deletion control 198 across tenant, user, service, data, API, AI, infrastructure and operational boundaries with explicit ownership, policy, evidence, monitoring and lifecycle management.","Control 198 passes when allow/deny behavior, tenant isolation, least privilege, audit evidence, threat/failure handling, key/secret lifecycle, monitoring and mapped security tests are verified.",v1.0.0,Implementation-ready
P28-REQ-199,Encryption at Rest,Must,"GrounUp shall implement governed encryption at rest control 199 across tenant, user, service, data, API, AI, infrastructure and operational boundaries with explicit ownership, policy, evidence, monitoring and lifecycle management.","Control 199 passes when allow/deny behavior, tenant isolation, least privilege, audit evidence, threat/failure handling, key/secret lifecycle, monitoring and mapped security tests are verified.",v1.0.0,Implementation-ready
P28-REQ-200,Encryption in Transit,Must,"GrounUp shall implement governed encryption in transit control 200 across tenant, user, service, data, API, AI, infrastructure and operational boundaries with explicit ownership, policy, evidence, monitoring and lifecycle management.","Control 200 passes when allow/deny behavior, tenant isolation, least privilege, audit evidence, threat/failure handling, key/secret lifecycle, monitoring and mapped security tests are verified.",v1.0.0,Implementation-ready
P28-REQ-201,Key Management,Must,"GrounUp shall implement governed key management control 201 across tenant, user, service, data, API, AI, infrastructure and operational boundaries with explicit ownership, policy, evidence, monitoring and lifecycle management.","Control 201 passes when allow/deny behavior, tenant isolation, least privilege, audit evidence, threat/failure handling, key/secret lifecycle, monitoring and mapped security tests are verified.",v1.0.0,Implementation-ready
P28-REQ-202,Secrets Management,Must,"GrounUp shall implement governed secrets management control 202 across tenant, user, service, data, API, AI, infrastructure and operational boundaries with explicit ownership, policy, evidence, monitoring and lifecycle management.","Control 202 passes when allow/deny behavior, tenant isolation, least privilege, audit evidence, threat/failure handling, key/secret lifecycle, monitoring and mapped security tests are verified.",v1.0.0,Implementation-ready
P28-REQ-203,Certificate Management,Must,"GrounUp shall implement governed certificate management control 203 across tenant, user, service, data, API, AI, infrastructure and operational boundaries with explicit ownership, policy, evidence, monitoring and lifecycle management.","Control 203 passes when allow/deny behavior, tenant isolation, least privilege, audit evidence, threat/failure handling, key/secret lifecycle, monitoring and mapped security tests are verified.",v1.0.0,Implementation-ready
P28-REQ-204,Token Security,Must,"GrounUp shall implement governed token security control 204 across tenant, user, service, data, API, AI, infrastructure and operational boundaries with explicit ownership, policy, evidence, monitoring and lifecycle management.","Control 204 passes when allow/deny behavior, tenant isolation, least privilege, audit evidence, threat/failure handling, key/secret lifecycle, monitoring and mapped security tests are verified.",v1.0.0,Implementation-ready
P28-REQ-205,API Security,Must,"GrounUp shall implement governed api security control 205 across tenant, user, service, data, API, AI, infrastructure and operational boundaries with explicit ownership, policy, evidence, monitoring and lifecycle management.","Control 205 passes when allow/deny behavior, tenant isolation, least privilege, audit evidence, threat/failure handling, key/secret lifecycle, monitoring and mapped security tests are verified.",v1.0.0,Implementation-ready
P28-REQ-206,Event Security,Must,"GrounUp shall implement governed event security control 206 across tenant, user, service, data, API, AI, infrastructure and operational boundaries with explicit ownership, policy, evidence, monitoring and lifecycle management.","Control 206 passes when allow/deny behavior, tenant isolation, least privilege, audit evidence, threat/failure handling, key/secret lifecycle, monitoring and mapped security tests are verified.",v1.0.0,Implementation-ready
P28-REQ-207,File/Object Security,Must,"GrounUp shall implement governed file/object security control 207 across tenant, user, service, data, API, AI, infrastructure and operational boundaries with explicit ownership, policy, evidence, monitoring and lifecycle management.","Control 207 passes when allow/deny behavior, tenant isolation, least privilege, audit evidence, threat/failure handling, key/secret lifecycle, monitoring and mapped security tests are verified.",v1.0.0,Implementation-ready
P28-REQ-208,Search Security,Must,"GrounUp shall implement governed search security control 208 across tenant, user, service, data, API, AI, infrastructure and operational boundaries with explicit ownership, policy, evidence, monitoring and lifecycle management.","Control 208 passes when allow/deny behavior, tenant isolation, least privilege, audit evidence, threat/failure handling, key/secret lifecycle, monitoring and mapped security tests are verified.",v1.0.0,Implementation-ready
P28-REQ-209,AI Security,Must,"GrounUp shall implement governed ai security control 209 across tenant, user, service, data, API, AI, infrastructure and operational boundaries with explicit ownership, policy, evidence, monitoring and lifecycle management.","Control 209 passes when allow/deny behavior, tenant isolation, least privilege, audit evidence, threat/failure handling, key/secret lifecycle, monitoring and mapped security tests are verified.",v1.0.0,Implementation-ready
P28-REQ-210,Prompt/Tool Security,Must,"GrounUp shall implement governed prompt/tool security control 210 across tenant, user, service, data, API, AI, infrastructure and operational boundaries with explicit ownership, policy, evidence, monitoring and lifecycle management.","Control 210 passes when allow/deny behavior, tenant isolation, least privilege, audit evidence, threat/failure handling, key/secret lifecycle, monitoring and mapped security tests are verified.",v1.0.0,Implementation-ready
P28-REQ-211,Network Security,Must,"GrounUp shall implement governed network security control 211 across tenant, user, service, data, API, AI, infrastructure and operational boundaries with explicit ownership, policy, evidence, monitoring and lifecycle management.","Control 211 passes when allow/deny behavior, tenant isolation, least privilege, audit evidence, threat/failure handling, key/secret lifecycle, monitoring and mapped security tests are verified.",v1.0.0,Implementation-ready
P28-REQ-212,Runtime Security,Must,"GrounUp shall implement governed runtime security control 212 across tenant, user, service, data, API, AI, infrastructure and operational boundaries with explicit ownership, policy, evidence, monitoring and lifecycle management.","Control 212 passes when allow/deny behavior, tenant isolation, least privilege, audit evidence, threat/failure handling, key/secret lifecycle, monitoring and mapped security tests are verified.",v1.0.0,Implementation-ready
P28-REQ-213,Database Security,Must,"GrounUp shall implement governed database security control 213 across tenant, user, service, data, API, AI, infrastructure and operational boundaries with explicit ownership, policy, evidence, monitoring and lifecycle management.","Control 213 passes when allow/deny behavior, tenant isolation, least privilege, audit evidence, threat/failure handling, key/secret lifecycle, monitoring and mapped security tests are verified.",v1.0.0,Implementation-ready
P28-REQ-214,Vulnerability Management,Must,"GrounUp shall implement governed vulnerability management control 214 across tenant, user, service, data, API, AI, infrastructure and operational boundaries with explicit ownership, policy, evidence, monitoring and lifecycle management.","Control 214 passes when allow/deny behavior, tenant isolation, least privilege, audit evidence, threat/failure handling, key/secret lifecycle, monitoring and mapped security tests are verified.",v1.0.0,Implementation-ready
P28-REQ-215,Dependency Security,Must,"GrounUp shall implement governed dependency security control 215 across tenant, user, service, data, API, AI, infrastructure and operational boundaries with explicit ownership, policy, evidence, monitoring and lifecycle management.","Control 215 passes when allow/deny behavior, tenant isolation, least privilege, audit evidence, threat/failure handling, key/secret lifecycle, monitoring and mapped security tests are verified.",v1.0.0,Implementation-ready
P28-REQ-216,Container Security,Must,"GrounUp shall implement governed container security control 216 across tenant, user, service, data, API, AI, infrastructure and operational boundaries with explicit ownership, policy, evidence, monitoring and lifecycle management.","Control 216 passes when allow/deny behavior, tenant isolation, least privilege, audit evidence, threat/failure handling, key/secret lifecycle, monitoring and mapped security tests are verified.",v1.0.0,Implementation-ready
P28-REQ-217,Infrastructure Security,Must,"GrounUp shall implement governed infrastructure security control 217 across tenant, user, service, data, API, AI, infrastructure and operational boundaries with explicit ownership, policy, evidence, monitoring and lifecycle management.","Control 217 passes when allow/deny behavior, tenant isolation, least privilege, audit evidence, threat/failure handling, key/secret lifecycle, monitoring and mapped security tests are verified.",v1.0.0,Implementation-ready
P28-REQ-218,SAST/DAST,Must,"GrounUp shall implement governed sast/dast control 218 across tenant, user, service, data, API, AI, infrastructure and operational boundaries with explicit ownership, policy, evidence, monitoring and lifecycle management.","Control 218 passes when allow/deny behavior, tenant isolation, least privilege, audit evidence, threat/failure handling, key/secret lifecycle, monitoring and mapped security tests are verified.",v1.0.0,Implementation-ready
P28-REQ-219,Threat Modeling,Must,"GrounUp shall implement governed threat modeling control 219 across tenant, user, service, data, API, AI, infrastructure and operational boundaries with explicit ownership, policy, evidence, monitoring and lifecycle management.","Control 219 passes when allow/deny behavior, tenant isolation, least privilege, audit evidence, threat/failure handling, key/secret lifecycle, monitoring and mapped security tests are verified.",v1.0.0,Implementation-ready
P28-REQ-220,Attack Surface Management,Must,"GrounUp shall implement governed attack surface management control 220 across tenant, user, service, data, API, AI, infrastructure and operational boundaries with explicit ownership, policy, evidence, monitoring and lifecycle management.","Control 220 passes when allow/deny behavior, tenant isolation, least privilege, audit evidence, threat/failure handling, key/secret lifecycle, monitoring and mapped security tests are verified.",v1.0.0,Implementation-ready
P28-REQ-221,Security Logging,Must,"GrounUp shall implement governed security logging control 221 across tenant, user, service, data, API, AI, infrastructure and operational boundaries with explicit ownership, policy, evidence, monitoring and lifecycle management.","Control 221 passes when allow/deny behavior, tenant isolation, least privilege, audit evidence, threat/failure handling, key/secret lifecycle, monitoring and mapped security tests are verified.",v1.0.0,Implementation-ready
P28-REQ-222,Audit Integrity,Must,"GrounUp shall implement governed audit integrity control 222 across tenant, user, service, data, API, AI, infrastructure and operational boundaries with explicit ownership, policy, evidence, monitoring and lifecycle management.","Control 222 passes when allow/deny behavior, tenant isolation, least privilege, audit evidence, threat/failure handling, key/secret lifecycle, monitoring and mapped security tests are verified.",v1.0.0,Implementation-ready
P28-REQ-223,Threat Detection,Must,"GrounUp shall implement governed threat detection control 223 across tenant, user, service, data, API, AI, infrastructure and operational boundaries with explicit ownership, policy, evidence, monitoring and lifecycle management.","Control 223 passes when allow/deny behavior, tenant isolation, least privilege, audit evidence, threat/failure handling, key/secret lifecycle, monitoring and mapped security tests are verified.",v1.0.0,Implementation-ready
P28-REQ-224,Anomaly Detection,Must,"GrounUp shall implement governed anomaly detection control 224 across tenant, user, service, data, API, AI, infrastructure and operational boundaries with explicit ownership, policy, evidence, monitoring and lifecycle management.","Control 224 passes when allow/deny behavior, tenant isolation, least privilege, audit evidence, threat/failure handling, key/secret lifecycle, monitoring and mapped security tests are verified.",v1.0.0,Implementation-ready
P28-REQ-225,Security Alerting,Must,"GrounUp shall implement governed security alerting control 225 across tenant, user, service, data, API, AI, infrastructure and operational boundaries with explicit ownership, policy, evidence, monitoring and lifecycle management.","Control 225 passes when allow/deny behavior, tenant isolation, least privilege, audit evidence, threat/failure handling, key/secret lifecycle, monitoring and mapped security tests are verified.",v1.0.0,Implementation-ready
P28-REQ-226,Incident Response,Must,"GrounUp shall implement governed incident response control 226 across tenant, user, service, data, API, AI, infrastructure and operational boundaries with explicit ownership, policy, evidence, monitoring and lifecycle management.","Control 226 passes when allow/deny behavior, tenant isolation, least privilege, audit evidence, threat/failure handling, key/secret lifecycle, monitoring and mapped security tests are verified.",v1.0.0,Implementation-ready
P28-REQ-227,Forensic Evidence,Must,"GrounUp shall implement governed forensic evidence control 227 across tenant, user, service, data, API, AI, infrastructure and operational boundaries with explicit ownership, policy, evidence, monitoring and lifecycle management.","Control 227 passes when allow/deny behavior, tenant isolation, least privilege, audit evidence, threat/failure handling, key/secret lifecycle, monitoring and mapped security tests are verified.",v1.0.0,Implementation-ready
P28-REQ-228,Access Reviews,Must,"GrounUp shall implement governed access reviews control 228 across tenant, user, service, data, API, AI, infrastructure and operational boundaries with explicit ownership, policy, evidence, monitoring and lifecycle management.","Control 228 passes when allow/deny behavior, tenant isolation, least privilege, audit evidence, threat/failure handling, key/secret lifecycle, monitoring and mapped security tests are verified.",v1.0.0,Implementation-ready
P28-REQ-229,Segregation of Duties,Must,"GrounUp shall implement governed segregation of duties control 229 across tenant, user, service, data, API, AI, infrastructure and operational boundaries with explicit ownership, policy, evidence, monitoring and lifecycle management.","Control 229 passes when allow/deny behavior, tenant isolation, least privilege, audit evidence, threat/failure handling, key/secret lifecycle, monitoring and mapped security tests are verified.",v1.0.0,Implementation-ready
P28-REQ-230,Compliance Evidence,Must,"GrounUp shall implement governed compliance evidence control 230 across tenant, user, service, data, API, AI, infrastructure and operational boundaries with explicit ownership, policy, evidence, monitoring and lifecycle management.","Control 230 passes when allow/deny behavior, tenant isolation, least privilege, audit evidence, threat/failure handling, key/secret lifecycle, monitoring and mapped security tests are verified.",v1.0.0,Implementation-ready
P28-REQ-231,Policy Attestation,Must,"GrounUp shall implement governed policy attestation control 231 across tenant, user, service, data, API, AI, infrastructure and operational boundaries with explicit ownership, policy, evidence, monitoring and lifecycle management.","Control 231 passes when allow/deny behavior, tenant isolation, least privilege, audit evidence, threat/failure handling, key/secret lifecycle, monitoring and mapped security tests are verified.",v1.0.0,Implementation-ready
P28-REQ-232,Backup Security,Must,"GrounUp shall implement governed backup security control 232 across tenant, user, service, data, API, AI, infrastructure and operational boundaries with explicit ownership, policy, evidence, monitoring and lifecycle management.","Control 232 passes when allow/deny behavior, tenant isolation, least privilege, audit evidence, threat/failure handling, key/secret lifecycle, monitoring and mapped security tests are verified.",v1.0.0,Implementation-ready
P28-REQ-233,Disaster Recovery Security,Must,"GrounUp shall implement governed disaster recovery security control 233 across tenant, user, service, data, API, AI, infrastructure and operational boundaries with explicit ownership, policy, evidence, monitoring and lifecycle management.","Control 233 passes when allow/deny behavior, tenant isolation, least privilege, audit evidence, threat/failure handling, key/secret lifecycle, monitoring and mapped security tests are verified.",v1.0.0,Implementation-ready
P28-REQ-234,Security Exceptions,Must,"GrounUp shall implement governed security exceptions control 234 across tenant, user, service, data, API, AI, infrastructure and operational boundaries with explicit ownership, policy, evidence, monitoring and lifecycle management.","Control 234 passes when allow/deny behavior, tenant isolation, least privilege, audit evidence, threat/failure handling, key/secret lifecycle, monitoring and mapped security tests are verified.",v1.0.0,Implementation-ready
P28-REQ-235,Security Metrics,Must,"GrounUp shall implement governed security metrics control 235 across tenant, user, service, data, API, AI, infrastructure and operational boundaries with explicit ownership, policy, evidence, monitoring and lifecycle management.","Control 235 passes when allow/deny behavior, tenant isolation, least privilege, audit evidence, threat/failure handling, key/secret lifecycle, monitoring and mapped security tests are verified.",v1.0.0,Implementation-ready
P28-REQ-236,Security Administration,Must,"GrounUp shall implement governed security administration control 236 across tenant, user, service, data, API, AI, infrastructure and operational boundaries with explicit ownership, policy, evidence, monitoring and lifecycle management.","Control 236 passes when allow/deny behavior, tenant isolation, least privilege, audit evidence, threat/failure handling, key/secret lifecycle, monitoring and mapped security tests are verified.",v1.0.0,Implementation-ready
P28-REQ-237,Security Architecture,Must,"GrounUp shall implement governed security architecture control 237 across tenant, user, service, data, API, AI, infrastructure and operational boundaries with explicit ownership, policy, evidence, monitoring and lifecycle management.","Control 237 passes when allow/deny behavior, tenant isolation, least privilege, audit evidence, threat/failure handling, key/secret lifecycle, monitoring and mapped security tests are verified.",v1.0.0,Implementation-ready
P28-REQ-238,Identity Governance,Must,"GrounUp shall implement governed identity governance control 238 across tenant, user, service, data, API, AI, infrastructure and operational boundaries with explicit ownership, policy, evidence, monitoring and lifecycle management.","Control 238 passes when allow/deny behavior, tenant isolation, least privilege, audit evidence, threat/failure handling, key/secret lifecycle, monitoring and mapped security tests are verified.",v1.0.0,Implementation-ready
P28-REQ-239,Authentication,Must,"GrounUp shall implement governed authentication control 239 across tenant, user, service, data, API, AI, infrastructure and operational boundaries with explicit ownership, policy, evidence, monitoring and lifecycle management.","Control 239 passes when allow/deny behavior, tenant isolation, least privilege, audit evidence, threat/failure handling, key/secret lifecycle, monitoring and mapped security tests are verified.",v1.0.0,Implementation-ready
P28-REQ-240,MFA,Must,"GrounUp shall implement governed mfa control 240 across tenant, user, service, data, API, AI, infrastructure and operational boundaries with explicit ownership, policy, evidence, monitoring and lifecycle management.","Control 240 passes when allow/deny behavior, tenant isolation, least privilege, audit evidence, threat/failure handling, key/secret lifecycle, monitoring and mapped security tests are verified.",v1.0.0,Implementation-ready
P28-REQ-241,SSO Federation,Must,"GrounUp shall implement governed sso federation control 241 across tenant, user, service, data, API, AI, infrastructure and operational boundaries with explicit ownership, policy, evidence, monitoring and lifecycle management.","Control 241 passes when allow/deny behavior, tenant isolation, least privilege, audit evidence, threat/failure handling, key/secret lifecycle, monitoring and mapped security tests are verified.",v1.0.0,Implementation-ready
P28-REQ-242,SCIM Provisioning,Must,"GrounUp shall implement governed scim provisioning control 242 across tenant, user, service, data, API, AI, infrastructure and operational boundaries with explicit ownership, policy, evidence, monitoring and lifecycle management.","Control 242 passes when allow/deny behavior, tenant isolation, least privilege, audit evidence, threat/failure handling, key/secret lifecycle, monitoring and mapped security tests are verified.",v1.0.0,Implementation-ready
P28-REQ-243,Role-Based Access,Must,"GrounUp shall implement governed role-based access control 243 across tenant, user, service, data, API, AI, infrastructure and operational boundaries with explicit ownership, policy, evidence, monitoring and lifecycle management.","Control 243 passes when allow/deny behavior, tenant isolation, least privilege, audit evidence, threat/failure handling, key/secret lifecycle, monitoring and mapped security tests are verified.",v1.0.0,Implementation-ready
P28-REQ-244,Attribute-Based Access,Must,"GrounUp shall implement governed attribute-based access control 244 across tenant, user, service, data, API, AI, infrastructure and operational boundaries with explicit ownership, policy, evidence, monitoring and lifecycle management.","Control 244 passes when allow/deny behavior, tenant isolation, least privilege, audit evidence, threat/failure handling, key/secret lifecycle, monitoring and mapped security tests are verified.",v1.0.0,Implementation-ready
P28-REQ-245,Policy Decision,Must,"GrounUp shall implement governed policy decision control 245 across tenant, user, service, data, API, AI, infrastructure and operational boundaries with explicit ownership, policy, evidence, monitoring and lifecycle management.","Control 245 passes when allow/deny behavior, tenant isolation, least privilege, audit evidence, threat/failure handling, key/secret lifecycle, monitoring and mapped security tests are verified.",v1.0.0,Implementation-ready
P28-REQ-246,Policy Enforcement,Must,"GrounUp shall implement governed policy enforcement control 246 across tenant, user, service, data, API, AI, infrastructure and operational boundaries with explicit ownership, policy, evidence, monitoring and lifecycle management.","Control 246 passes when allow/deny behavior, tenant isolation, least privilege, audit evidence, threat/failure handling, key/secret lifecycle, monitoring and mapped security tests are verified.",v1.0.0,Implementation-ready
P28-REQ-247,Privileged Access,Must,"GrounUp shall implement governed privileged access control 247 across tenant, user, service, data, API, AI, infrastructure and operational boundaries with explicit ownership, policy, evidence, monitoring and lifecycle management.","Control 247 passes when allow/deny behavior, tenant isolation, least privilege, audit evidence, threat/failure handling, key/secret lifecycle, monitoring and mapped security tests are verified.",v1.0.0,Implementation-ready
P28-REQ-248,Service Identities,Must,"GrounUp shall implement governed service identities control 248 across tenant, user, service, data, API, AI, infrastructure and operational boundaries with explicit ownership, policy, evidence, monitoring and lifecycle management.","Control 248 passes when allow/deny behavior, tenant isolation, least privilege, audit evidence, threat/failure handling, key/secret lifecycle, monitoring and mapped security tests are verified.",v1.0.0,Implementation-ready
P28-REQ-249,Machine Identities,Must,"GrounUp shall implement governed machine identities control 249 across tenant, user, service, data, API, AI, infrastructure and operational boundaries with explicit ownership, policy, evidence, monitoring and lifecycle management.","Control 249 passes when allow/deny behavior, tenant isolation, least privilege, audit evidence, threat/failure handling, key/secret lifecycle, monitoring and mapped security tests are verified.",v1.0.0,Implementation-ready
P28-REQ-250,Session Security,Must,"GrounUp shall implement governed session security control 250 across tenant, user, service, data, API, AI, infrastructure and operational boundaries with explicit ownership, policy, evidence, monitoring and lifecycle management.","Control 250 passes when allow/deny behavior, tenant isolation, least privilege, audit evidence, threat/failure handling, key/secret lifecycle, monitoring and mapped security tests are verified.",v1.0.0,Implementation-ready
P28-REQ-251,Zero Trust,Must,"GrounUp shall implement governed zero trust control 251 across tenant, user, service, data, API, AI, infrastructure and operational boundaries with explicit ownership, policy, evidence, monitoring and lifecycle management.","Control 251 passes when allow/deny behavior, tenant isolation, least privilege, audit evidence, threat/failure handling, key/secret lifecycle, monitoring and mapped security tests are verified.",v1.0.0,Implementation-ready
P28-REQ-252,Tenant Isolation,Must,"GrounUp shall implement governed tenant isolation control 252 across tenant, user, service, data, API, AI, infrastructure and operational boundaries with explicit ownership, policy, evidence, monitoring and lifecycle management.","Control 252 passes when allow/deny behavior, tenant isolation, least privilege, audit evidence, threat/failure handling, key/secret lifecycle, monitoring and mapped security tests are verified.",v1.0.0,Implementation-ready
P28-REQ-253,Project/Record Access,Must,"GrounUp shall implement governed project/record access control 253 across tenant, user, service, data, API, AI, infrastructure and operational boundaries with explicit ownership, policy, evidence, monitoring and lifecycle management.","Control 253 passes when allow/deny behavior, tenant isolation, least privilege, audit evidence, threat/failure handling, key/secret lifecycle, monitoring and mapped security tests are verified.",v1.0.0,Implementation-ready
P28-REQ-254,Data Classification,Must,"GrounUp shall implement governed data classification control 254 across tenant, user, service, data, API, AI, infrastructure and operational boundaries with explicit ownership, policy, evidence, monitoring and lifecycle management.","Control 254 passes when allow/deny behavior, tenant isolation, least privilege, audit evidence, threat/failure handling, key/secret lifecycle, monitoring and mapped security tests are verified.",v1.0.0,Implementation-ready
P28-REQ-255,Privacy Controls,Must,"GrounUp shall implement governed privacy controls control 255 across tenant, user, service, data, API, AI, infrastructure and operational boundaries with explicit ownership, policy, evidence, monitoring and lifecycle management.","Control 255 passes when allow/deny behavior, tenant isolation, least privilege, audit evidence, threat/failure handling, key/secret lifecycle, monitoring and mapped security tests are verified.",v1.0.0,Implementation-ready
P28-REQ-256,Data Minimization,Must,"GrounUp shall implement governed data minimization control 256 across tenant, user, service, data, API, AI, infrastructure and operational boundaries with explicit ownership, policy, evidence, monitoring and lifecycle management.","Control 256 passes when allow/deny behavior, tenant isolation, least privilege, audit evidence, threat/failure handling, key/secret lifecycle, monitoring and mapped security tests are verified.",v1.0.0,Implementation-ready
P28-REQ-257,Retention & Deletion,Must,"GrounUp shall implement governed retention & deletion control 257 across tenant, user, service, data, API, AI, infrastructure and operational boundaries with explicit ownership, policy, evidence, monitoring and lifecycle management.","Control 257 passes when allow/deny behavior, tenant isolation, least privilege, audit evidence, threat/failure handling, key/secret lifecycle, monitoring and mapped security tests are verified.",v1.0.0,Implementation-ready
P28-REQ-258,Encryption at Rest,Must,"GrounUp shall implement governed encryption at rest control 258 across tenant, user, service, data, API, AI, infrastructure and operational boundaries with explicit ownership, policy, evidence, monitoring and lifecycle management.","Control 258 passes when allow/deny behavior, tenant isolation, least privilege, audit evidence, threat/failure handling, key/secret lifecycle, monitoring and mapped security tests are verified.",v1.0.0,Implementation-ready
P28-REQ-259,Encryption in Transit,Must,"GrounUp shall implement governed encryption in transit control 259 across tenant, user, service, data, API, AI, infrastructure and operational boundaries with explicit ownership, policy, evidence, monitoring and lifecycle management.","Control 259 passes when allow/deny behavior, tenant isolation, least privilege, audit evidence, threat/failure handling, key/secret lifecycle, monitoring and mapped security tests are verified.",v1.0.0,Implementation-ready
P28-REQ-260,Key Management,Must,"GrounUp shall implement governed key management control 260 across tenant, user, service, data, API, AI, infrastructure and operational boundaries with explicit ownership, policy, evidence, monitoring and lifecycle management.","Control 260 passes when allow/deny behavior, tenant isolation, least privilege, audit evidence, threat/failure handling, key/secret lifecycle, monitoring and mapped security tests are verified.",v1.0.0,Implementation-ready
P28-REQ-261,Secrets Management,Must,"GrounUp shall implement governed secrets management control 261 across tenant, user, service, data, API, AI, infrastructure and operational boundaries with explicit ownership, policy, evidence, monitoring and lifecycle management.","Control 261 passes when allow/deny behavior, tenant isolation, least privilege, audit evidence, threat/failure handling, key/secret lifecycle, monitoring and mapped security tests are verified.",v1.0.0,Implementation-ready
P28-REQ-262,Certificate Management,Must,"GrounUp shall implement governed certificate management control 262 across tenant, user, service, data, API, AI, infrastructure and operational boundaries with explicit ownership, policy, evidence, monitoring and lifecycle management.","Control 262 passes when allow/deny behavior, tenant isolation, least privilege, audit evidence, threat/failure handling, key/secret lifecycle, monitoring and mapped security tests are verified.",v1.0.0,Implementation-ready
P28-REQ-263,Token Security,Must,"GrounUp shall implement governed token security control 263 across tenant, user, service, data, API, AI, infrastructure and operational boundaries with explicit ownership, policy, evidence, monitoring and lifecycle management.","Control 263 passes when allow/deny behavior, tenant isolation, least privilege, audit evidence, threat/failure handling, key/secret lifecycle, monitoring and mapped security tests are verified.",v1.0.0,Implementation-ready
P28-REQ-264,API Security,Must,"GrounUp shall implement governed api security control 264 across tenant, user, service, data, API, AI, infrastructure and operational boundaries with explicit ownership, policy, evidence, monitoring and lifecycle management.","Control 264 passes when allow/deny behavior, tenant isolation, least privilege, audit evidence, threat/failure handling, key/secret lifecycle, monitoring and mapped security tests are verified.",v1.0.0,Implementation-ready
P28-REQ-265,Event Security,Must,"GrounUp shall implement governed event security control 265 across tenant, user, service, data, API, AI, infrastructure and operational boundaries with explicit ownership, policy, evidence, monitoring and lifecycle management.","Control 265 passes when allow/deny behavior, tenant isolation, least privilege, audit evidence, threat/failure handling, key/secret lifecycle, monitoring and mapped security tests are verified.",v1.0.0,Implementation-ready
P28-REQ-266,File/Object Security,Must,"GrounUp shall implement governed file/object security control 266 across tenant, user, service, data, API, AI, infrastructure and operational boundaries with explicit ownership, policy, evidence, monitoring and lifecycle management.","Control 266 passes when allow/deny behavior, tenant isolation, least privilege, audit evidence, threat/failure handling, key/secret lifecycle, monitoring and mapped security tests are verified.",v1.0.0,Implementation-ready
P28-REQ-267,Search Security,Must,"GrounUp shall implement governed search security control 267 across tenant, user, service, data, API, AI, infrastructure and operational boundaries with explicit ownership, policy, evidence, monitoring and lifecycle management.","Control 267 passes when allow/deny behavior, tenant isolation, least privilege, audit evidence, threat/failure handling, key/secret lifecycle, monitoring and mapped security tests are verified.",v1.0.0,Implementation-ready
P28-REQ-268,AI Security,Must,"GrounUp shall implement governed ai security control 268 across tenant, user, service, data, API, AI, infrastructure and operational boundaries with explicit ownership, policy, evidence, monitoring and lifecycle management.","Control 268 passes when allow/deny behavior, tenant isolation, least privilege, audit evidence, threat/failure handling, key/secret lifecycle, monitoring and mapped security tests are verified.",v1.0.0,Implementation-ready
P28-REQ-269,Prompt/Tool Security,Must,"GrounUp shall implement governed prompt/tool security control 269 across tenant, user, service, data, API, AI, infrastructure and operational boundaries with explicit ownership, policy, evidence, monitoring and lifecycle management.","Control 269 passes when allow/deny behavior, tenant isolation, least privilege, audit evidence, threat/failure handling, key/secret lifecycle, monitoring and mapped security tests are verified.",v1.0.0,Implementation-ready
P28-REQ-270,Network Security,Must,"GrounUp shall implement governed network security control 270 across tenant, user, service, data, API, AI, infrastructure and operational boundaries with explicit ownership, policy, evidence, monitoring and lifecycle management.","Control 270 passes when allow/deny behavior, tenant isolation, least privilege, audit evidence, threat/failure handling, key/secret lifecycle, monitoring and mapped security tests are verified.",v1.0.0,Implementation-ready
P28-REQ-271,Runtime Security,Must,"GrounUp shall implement governed runtime security control 271 across tenant, user, service, data, API, AI, infrastructure and operational boundaries with explicit ownership, policy, evidence, monitoring and lifecycle management.","Control 271 passes when allow/deny behavior, tenant isolation, least privilege, audit evidence, threat/failure handling, key/secret lifecycle, monitoring and mapped security tests are verified.",v1.0.0,Implementation-ready
P28-REQ-272,Database Security,Must,"GrounUp shall implement governed database security control 272 across tenant, user, service, data, API, AI, infrastructure and operational boundaries with explicit ownership, policy, evidence, monitoring and lifecycle management.","Control 272 passes when allow/deny behavior, tenant isolation, least privilege, audit evidence, threat/failure handling, key/secret lifecycle, monitoring and mapped security tests are verified.",v1.0.0,Implementation-ready
P28-REQ-273,Vulnerability Management,Must,"GrounUp shall implement governed vulnerability management control 273 across tenant, user, service, data, API, AI, infrastructure and operational boundaries with explicit ownership, policy, evidence, monitoring and lifecycle management.","Control 273 passes when allow/deny behavior, tenant isolation, least privilege, audit evidence, threat/failure handling, key/secret lifecycle, monitoring and mapped security tests are verified.",v1.0.0,Implementation-ready
P28-REQ-274,Dependency Security,Must,"GrounUp shall implement governed dependency security control 274 across tenant, user, service, data, API, AI, infrastructure and operational boundaries with explicit ownership, policy, evidence, monitoring and lifecycle management.","Control 274 passes when allow/deny behavior, tenant isolation, least privilege, audit evidence, threat/failure handling, key/secret lifecycle, monitoring and mapped security tests are verified.",v1.0.0,Implementation-ready
P28-REQ-275,Container Security,Must,"GrounUp shall implement governed container security control 275 across tenant, user, service, data, API, AI, infrastructure and operational boundaries with explicit ownership, policy, evidence, monitoring and lifecycle management.","Control 275 passes when allow/deny behavior, tenant isolation, least privilege, audit evidence, threat/failure handling, key/secret lifecycle, monitoring and mapped security tests are verified.",v1.0.0,Implementation-ready
P28-REQ-276,Infrastructure Security,Must,"GrounUp shall implement governed infrastructure security control 276 across tenant, user, service, data, API, AI, infrastructure and operational boundaries with explicit ownership, policy, evidence, monitoring and lifecycle management.","Control 276 passes when allow/deny behavior, tenant isolation, least privilege, audit evidence, threat/failure handling, key/secret lifecycle, monitoring and mapped security tests are verified.",v1.0.0,Implementation-ready
P28-REQ-277,SAST/DAST,Must,"GrounUp shall implement governed sast/dast control 277 across tenant, user, service, data, API, AI, infrastructure and operational boundaries with explicit ownership, policy, evidence, monitoring and lifecycle management.","Control 277 passes when allow/deny behavior, tenant isolation, least privilege, audit evidence, threat/failure handling, key/secret lifecycle, monitoring and mapped security tests are verified.",v1.0.0,Implementation-ready
P28-REQ-278,Threat Modeling,Must,"GrounUp shall implement governed threat modeling control 278 across tenant, user, service, data, API, AI, infrastructure and operational boundaries with explicit ownership, policy, evidence, monitoring and lifecycle management.","Control 278 passes when allow/deny behavior, tenant isolation, least privilege, audit evidence, threat/failure handling, key/secret lifecycle, monitoring and mapped security tests are verified.",v1.0.0,Implementation-ready
P28-REQ-279,Attack Surface Management,Must,"GrounUp shall implement governed attack surface management control 279 across tenant, user, service, data, API, AI, infrastructure and operational boundaries with explicit ownership, policy, evidence, monitoring and lifecycle management.","Control 279 passes when allow/deny behavior, tenant isolation, least privilege, audit evidence, threat/failure handling, key/secret lifecycle, monitoring and mapped security tests are verified.",v1.0.0,Implementation-ready
P28-REQ-280,Security Logging,Must,"GrounUp shall implement governed security logging control 280 across tenant, user, service, data, API, AI, infrastructure and operational boundaries with explicit ownership, policy, evidence, monitoring and lifecycle management.","Control 280 passes when allow/deny behavior, tenant isolation, least privilege, audit evidence, threat/failure handling, key/secret lifecycle, monitoring and mapped security tests are verified.",v1.0.0,Implementation-ready
P28-REQ-281,Audit Integrity,Must,"GrounUp shall implement governed audit integrity control 281 across tenant, user, service, data, API, AI, infrastructure and operational boundaries with explicit ownership, policy, evidence, monitoring and lifecycle management.","Control 281 passes when allow/deny behavior, tenant isolation, least privilege, audit evidence, threat/failure handling, key/secret lifecycle, monitoring and mapped security tests are verified.",v1.0.0,Implementation-ready
P28-REQ-282,Threat Detection,Must,"GrounUp shall implement governed threat detection control 282 across tenant, user, service, data, API, AI, infrastructure and operational boundaries with explicit ownership, policy, evidence, monitoring and lifecycle management.","Control 282 passes when allow/deny behavior, tenant isolation, least privilege, audit evidence, threat/failure handling, key/secret lifecycle, monitoring and mapped security tests are verified.",v1.0.0,Implementation-ready
P28-REQ-283,Anomaly Detection,Must,"GrounUp shall implement governed anomaly detection control 283 across tenant, user, service, data, API, AI, infrastructure and operational boundaries with explicit ownership, policy, evidence, monitoring and lifecycle management.","Control 283 passes when allow/deny behavior, tenant isolation, least privilege, audit evidence, threat/failure handling, key/secret lifecycle, monitoring and mapped security tests are verified.",v1.0.0,Implementation-ready
P28-REQ-284,Security Alerting,Must,"GrounUp shall implement governed security alerting control 284 across tenant, user, service, data, API, AI, infrastructure and operational boundaries with explicit ownership, policy, evidence, monitoring and lifecycle management.","Control 284 passes when allow/deny behavior, tenant isolation, least privilege, audit evidence, threat/failure handling, key/secret lifecycle, monitoring and mapped security tests are verified.",v1.0.0,Implementation-ready
P28-REQ-285,Incident Response,Must,"GrounUp shall implement governed incident response control 285 across tenant, user, service, data, API, AI, infrastructure and operational boundaries with explicit ownership, policy, evidence, monitoring and lifecycle management.","Control 285 passes when allow/deny behavior, tenant isolation, least privilege, audit evidence, threat/failure handling, key/secret lifecycle, monitoring and mapped security tests are verified.",v1.0.0,Implementation-ready
P28-REQ-286,Forensic Evidence,Must,"GrounUp shall implement governed forensic evidence control 286 across tenant, user, service, data, API, AI, infrastructure and operational boundaries with explicit ownership, policy, evidence, monitoring and lifecycle management.","Control 286 passes when allow/deny behavior, tenant isolation, least privilege, audit evidence, threat/failure handling, key/secret lifecycle, monitoring and mapped security tests are verified.",v1.0.0,Implementation-ready
P28-REQ-287,Access Reviews,Must,"GrounUp shall implement governed access reviews control 287 across tenant, user, service, data, API, AI, infrastructure and operational boundaries with explicit ownership, policy, evidence, monitoring and lifecycle management.","Control 287 passes when allow/deny behavior, tenant isolation, least privilege, audit evidence, threat/failure handling, key/secret lifecycle, monitoring and mapped security tests are verified.",v1.0.0,Implementation-ready
P28-REQ-288,Segregation of Duties,Must,"GrounUp shall implement governed segregation of duties control 288 across tenant, user, service, data, API, AI, infrastructure and operational boundaries with explicit ownership, policy, evidence, monitoring and lifecycle management.","Control 288 passes when allow/deny behavior, tenant isolation, least privilege, audit evidence, threat/failure handling, key/secret lifecycle, monitoring and mapped security tests are verified.",v1.0.0,Implementation-ready
P28-REQ-289,Compliance Evidence,Must,"GrounUp shall implement governed compliance evidence control 289 across tenant, user, service, data, API, AI, infrastructure and operational boundaries with explicit ownership, policy, evidence, monitoring and lifecycle management.","Control 289 passes when allow/deny behavior, tenant isolation, least privilege, audit evidence, threat/failure handling, key/secret lifecycle, monitoring and mapped security tests are verified.",v1.0.0,Implementation-ready
P28-REQ-290,Policy Attestation,Must,"GrounUp shall implement governed policy attestation control 290 across tenant, user, service, data, API, AI, infrastructure and operational boundaries with explicit ownership, policy, evidence, monitoring and lifecycle management.","Control 290 passes when allow/deny behavior, tenant isolation, least privilege, audit evidence, threat/failure handling, key/secret lifecycle, monitoring and mapped security tests are verified.",v1.0.0,Implementation-ready
P28-REQ-291,Backup Security,Must,"GrounUp shall implement governed backup security control 291 across tenant, user, service, data, API, AI, infrastructure and operational boundaries with explicit ownership, policy, evidence, monitoring and lifecycle management.","Control 291 passes when allow/deny behavior, tenant isolation, least privilege, audit evidence, threat/failure handling, key/secret lifecycle, monitoring and mapped security tests are verified.",v1.0.0,Implementation-ready
P28-REQ-292,Disaster Recovery Security,Must,"GrounUp shall implement governed disaster recovery security control 292 across tenant, user, service, data, API, AI, infrastructure and operational boundaries with explicit ownership, policy, evidence, monitoring and lifecycle management.","Control 292 passes when allow/deny behavior, tenant isolation, least privilege, audit evidence, threat/failure handling, key/secret lifecycle, monitoring and mapped security tests are verified.",v1.0.0,Implementation-ready
P28-REQ-293,Security Exceptions,Must,"GrounUp shall implement governed security exceptions control 293 across tenant, user, service, data, API, AI, infrastructure and operational boundaries with explicit ownership, policy, evidence, monitoring and lifecycle management.","Control 293 passes when allow/deny behavior, tenant isolation, least privilege, audit evidence, threat/failure handling, key/secret lifecycle, monitoring and mapped security tests are verified.",v1.0.0,Implementation-ready
P28-REQ-294,Security Metrics,Must,"GrounUp shall implement governed security metrics control 294 across tenant, user, service, data, API, AI, infrastructure and operational boundaries with explicit ownership, policy, evidence, monitoring and lifecycle management.","Control 294 passes when allow/deny behavior, tenant isolation, least privilege, audit evidence, threat/failure handling, key/secret lifecycle, monitoring and mapped security tests are verified.",v1.0.0,Implementation-ready
P28-REQ-295,Security Administration,Must,"GrounUp shall implement governed security administration control 295 across tenant, user, service, data, API, AI, infrastructure and operational boundaries with explicit ownership, policy, evidence, monitoring and lifecycle management.","Control 295 passes when allow/deny behavior, tenant isolation, least privilege, audit evidence, threat/failure handling, key/secret lifecycle, monitoring and mapped security tests are verified.",v1.0.0,Implementation-ready
P28-REQ-296,Security Architecture,Must,"GrounUp shall implement governed security architecture control 296 across tenant, user, service, data, API, AI, infrastructure and operational boundaries with explicit ownership, policy, evidence, monitoring and lifecycle management.","Control 296 passes when allow/deny behavior, tenant isolation, least privilege, audit evidence, threat/failure handling, key/secret lifecycle, monitoring and mapped security tests are verified.",v1.0.0,Implementation-ready
P28-REQ-297,Identity Governance,Must,"GrounUp shall implement governed identity governance control 297 across tenant, user, service, data, API, AI, infrastructure and operational boundaries with explicit ownership, policy, evidence, monitoring and lifecycle management.","Control 297 passes when allow/deny behavior, tenant isolation, least privilege, audit evidence, threat/failure handling, key/secret lifecycle, monitoring and mapped security tests are verified.",v1.0.0,Implementation-ready
P28-REQ-298,Authentication,Must,"GrounUp shall implement governed authentication control 298 across tenant, user, service, data, API, AI, infrastructure and operational boundaries with explicit ownership, policy, evidence, monitoring and lifecycle management.","Control 298 passes when allow/deny behavior, tenant isolation, least privilege, audit evidence, threat/failure handling, key/secret lifecycle, monitoring and mapped security tests are verified.",v1.0.0,Implementation-ready
P28-REQ-299,MFA,Must,"GrounUp shall implement governed mfa control 299 across tenant, user, service, data, API, AI, infrastructure and operational boundaries with explicit ownership, policy, evidence, monitoring and lifecycle management.","Control 299 passes when allow/deny behavior, tenant isolation, least privilege, audit evidence, threat/failure handling, key/secret lifecycle, monitoring and mapped security tests are verified.",v1.0.0,Implementation-ready
P28-REQ-300,SSO Federation,Must,"GrounUp shall implement governed sso federation control 300 across tenant, user, service, data, API, AI, infrastructure and operational boundaries with explicit ownership, policy, evidence, monitoring and lifecycle management.","Control 300 passes when allow/deny behavior, tenant isolation, least privilege, audit evidence, threat/failure handling, key/secret lifecycle, monitoring and mapped security tests are verified.",v1.0.0,Implementation-ready
P28-REQ-301,SCIM Provisioning,Must,"GrounUp shall implement governed scim provisioning control 301 across tenant, user, service, data, API, AI, infrastructure and operational boundaries with explicit ownership, policy, evidence, monitoring and lifecycle management.","Control 301 passes when allow/deny behavior, tenant isolation, least privilege, audit evidence, threat/failure handling, key/secret lifecycle, monitoring and mapped security tests are verified.",v1.0.0,Implementation-ready
P28-REQ-302,Role-Based Access,Must,"GrounUp shall implement governed role-based access control 302 across tenant, user, service, data, API, AI, infrastructure and operational boundaries with explicit ownership, policy, evidence, monitoring and lifecycle management.","Control 302 passes when allow/deny behavior, tenant isolation, least privilege, audit evidence, threat/failure handling, key/secret lifecycle, monitoring and mapped security tests are verified.",v1.0.0,Implementation-ready
P28-REQ-303,Attribute-Based Access,Must,"GrounUp shall implement governed attribute-based access control 303 across tenant, user, service, data, API, AI, infrastructure and operational boundaries with explicit ownership, policy, evidence, monitoring and lifecycle management.","Control 303 passes when allow/deny behavior, tenant isolation, least privilege, audit evidence, threat/failure handling, key/secret lifecycle, monitoring and mapped security tests are verified.",v1.0.0,Implementation-ready
P28-REQ-304,Policy Decision,Must,"GrounUp shall implement governed policy decision control 304 across tenant, user, service, data, API, AI, infrastructure and operational boundaries with explicit ownership, policy, evidence, monitoring and lifecycle management.","Control 304 passes when allow/deny behavior, tenant isolation, least privilege, audit evidence, threat/failure handling, key/secret lifecycle, monitoring and mapped security tests are verified.",v1.0.0,Implementation-ready
P28-REQ-305,Policy Enforcement,Must,"GrounUp shall implement governed policy enforcement control 305 across tenant, user, service, data, API, AI, infrastructure and operational boundaries with explicit ownership, policy, evidence, monitoring and lifecycle management.","Control 305 passes when allow/deny behavior, tenant isolation, least privilege, audit evidence, threat/failure handling, key/secret lifecycle, monitoring and mapped security tests are verified.",v1.0.0,Implementation-ready
P28-REQ-306,Privileged Access,Must,"GrounUp shall implement governed privileged access control 306 across tenant, user, service, data, API, AI, infrastructure and operational boundaries with explicit ownership, policy, evidence, monitoring and lifecycle management.","Control 306 passes when allow/deny behavior, tenant isolation, least privilege, audit evidence, threat/failure handling, key/secret lifecycle, monitoring and mapped security tests are verified.",v1.0.0,Implementation-ready
P28-REQ-307,Service Identities,Must,"GrounUp shall implement governed service identities control 307 across tenant, user, service, data, API, AI, infrastructure and operational boundaries with explicit ownership, policy, evidence, monitoring and lifecycle management.","Control 307 passes when allow/deny behavior, tenant isolation, least privilege, audit evidence, threat/failure handling, key/secret lifecycle, monitoring and mapped security tests are verified.",v1.0.0,Implementation-ready
P28-REQ-308,Machine Identities,Must,"GrounUp shall implement governed machine identities control 308 across tenant, user, service, data, API, AI, infrastructure and operational boundaries with explicit ownership, policy, evidence, monitoring and lifecycle management.","Control 308 passes when allow/deny behavior, tenant isolation, least privilege, audit evidence, threat/failure handling, key/secret lifecycle, monitoring and mapped security tests are verified.",v1.0.0,Implementation-ready
P28-REQ-309,Session Security,Must,"GrounUp shall implement governed session security control 309 across tenant, user, service, data, API, AI, infrastructure and operational boundaries with explicit ownership, policy, evidence, monitoring and lifecycle management.","Control 309 passes when allow/deny behavior, tenant isolation, least privilege, audit evidence, threat/failure handling, key/secret lifecycle, monitoring and mapped security tests are verified.",v1.0.0,Implementation-ready
P28-REQ-310,Zero Trust,Must,"GrounUp shall implement governed zero trust control 310 across tenant, user, service, data, API, AI, infrastructure and operational boundaries with explicit ownership, policy, evidence, monitoring and lifecycle management.","Control 310 passes when allow/deny behavior, tenant isolation, least privilege, audit evidence, threat/failure handling, key/secret lifecycle, monitoring and mapped security tests are verified.",v1.0.0,Implementation-ready
P28-REQ-311,Tenant Isolation,Must,"GrounUp shall implement governed tenant isolation control 311 across tenant, user, service, data, API, AI, infrastructure and operational boundaries with explicit ownership, policy, evidence, monitoring and lifecycle management.","Control 311 passes when allow/deny behavior, tenant isolation, least privilege, audit evidence, threat/failure handling, key/secret lifecycle, monitoring and mapped security tests are verified.",v1.0.0,Implementation-ready
P28-REQ-312,Project/Record Access,Must,"GrounUp shall implement governed project/record access control 312 across tenant, user, service, data, API, AI, infrastructure and operational boundaries with explicit ownership, policy, evidence, monitoring and lifecycle management.","Control 312 passes when allow/deny behavior, tenant isolation, least privilege, audit evidence, threat/failure handling, key/secret lifecycle, monitoring and mapped security tests are verified.",v1.0.0,Implementation-ready
P28-REQ-313,Data Classification,Must,"GrounUp shall implement governed data classification control 313 across tenant, user, service, data, API, AI, infrastructure and operational boundaries with explicit ownership, policy, evidence, monitoring and lifecycle management.","Control 313 passes when allow/deny behavior, tenant isolation, least privilege, audit evidence, threat/failure handling, key/secret lifecycle, monitoring and mapped security tests are verified.",v1.0.0,Implementation-ready
P28-REQ-314,Privacy Controls,Must,"GrounUp shall implement governed privacy controls control 314 across tenant, user, service, data, API, AI, infrastructure and operational boundaries with explicit ownership, policy, evidence, monitoring and lifecycle management.","Control 314 passes when allow/deny behavior, tenant isolation, least privilege, audit evidence, threat/failure handling, key/secret lifecycle, monitoring and mapped security tests are verified.",v1.0.0,Implementation-ready
P28-REQ-315,Data Minimization,Must,"GrounUp shall implement governed data minimization control 315 across tenant, user, service, data, API, AI, infrastructure and operational boundaries with explicit ownership, policy, evidence, monitoring and lifecycle management.","Control 315 passes when allow/deny behavior, tenant isolation, least privilege, audit evidence, threat/failure handling, key/secret lifecycle, monitoring and mapped security tests are verified.",v1.0.0,Implementation-ready
P28-REQ-316,Retention & Deletion,Must,"GrounUp shall implement governed retention & deletion control 316 across tenant, user, service, data, API, AI, infrastructure and operational boundaries with explicit ownership, policy, evidence, monitoring and lifecycle management.","Control 316 passes when allow/deny behavior, tenant isolation, least privilege, audit evidence, threat/failure handling, key/secret lifecycle, monitoring and mapped security tests are verified.",v1.0.0,Implementation-ready
P28-REQ-317,Encryption at Rest,Must,"GrounUp shall implement governed encryption at rest control 317 across tenant, user, service, data, API, AI, infrastructure and operational boundaries with explicit ownership, policy, evidence, monitoring and lifecycle management.","Control 317 passes when allow/deny behavior, tenant isolation, least privilege, audit evidence, threat/failure handling, key/secret lifecycle, monitoring and mapped security tests are verified.",v1.0.0,Implementation-ready
P28-REQ-318,Encryption in Transit,Must,"GrounUp shall implement governed encryption in transit control 318 across tenant, user, service, data, API, AI, infrastructure and operational boundaries with explicit ownership, policy, evidence, monitoring and lifecycle management.","Control 318 passes when allow/deny behavior, tenant isolation, least privilege, audit evidence, threat/failure handling, key/secret lifecycle, monitoring and mapped security tests are verified.",v1.0.0,Implementation-ready
P28-REQ-319,Key Management,Must,"GrounUp shall implement governed key management control 319 across tenant, user, service, data, API, AI, infrastructure and operational boundaries with explicit ownership, policy, evidence, monitoring and lifecycle management.","Control 319 passes when allow/deny behavior, tenant isolation, least privilege, audit evidence, threat/failure handling, key/secret lifecycle, monitoring and mapped security tests are verified.",v1.0.0,Implementation-ready
P28-REQ-320,Secrets Management,Must,"GrounUp shall implement governed secrets management control 320 across tenant, user, service, data, API, AI, infrastructure and operational boundaries with explicit ownership, policy, evidence, monitoring and lifecycle management.","Control 320 passes when allow/deny behavior, tenant isolation, least privilege, audit evidence, threat/failure handling, key/secret lifecycle, monitoring and mapped security tests are verified.",v1.0.0,Implementation-ready
P28-REQ-321,Certificate Management,Must,"GrounUp shall implement governed certificate management control 321 across tenant, user, service, data, API, AI, infrastructure and operational boundaries with explicit ownership, policy, evidence, monitoring and lifecycle management.","Control 321 passes when allow/deny behavior, tenant isolation, least privilege, audit evidence, threat/failure handling, key/secret lifecycle, monitoring and mapped security tests are verified.",v1.0.0,Implementation-ready
P28-REQ-322,Token Security,Must,"GrounUp shall implement governed token security control 322 across tenant, user, service, data, API, AI, infrastructure and operational boundaries with explicit ownership, policy, evidence, monitoring and lifecycle management.","Control 322 passes when allow/deny behavior, tenant isolation, least privilege, audit evidence, threat/failure handling, key/secret lifecycle, monitoring and mapped security tests are verified.",v1.0.0,Implementation-ready
P28-REQ-323,API Security,Must,"GrounUp shall implement governed api security control 323 across tenant, user, service, data, API, AI, infrastructure and operational boundaries with explicit ownership, policy, evidence, monitoring and lifecycle management.","Control 323 passes when allow/deny behavior, tenant isolation, least privilege, audit evidence, threat/failure handling, key/secret lifecycle, monitoring and mapped security tests are verified.",v1.0.0,Implementation-ready
P28-REQ-324,Event Security,Must,"GrounUp shall implement governed event security control 324 across tenant, user, service, data, API, AI, infrastructure and operational boundaries with explicit ownership, policy, evidence, monitoring and lifecycle management.","Control 324 passes when allow/deny behavior, tenant isolation, least privilege, audit evidence, threat/failure handling, key/secret lifecycle, monitoring and mapped security tests are verified.",v1.0.0,Implementation-ready
P28-REQ-325,File/Object Security,Must,"GrounUp shall implement governed file/object security control 325 across tenant, user, service, data, API, AI, infrastructure and operational boundaries with explicit ownership, policy, evidence, monitoring and lifecycle management.","Control 325 passes when allow/deny behavior, tenant isolation, least privilege, audit evidence, threat/failure handling, key/secret lifecycle, monitoring and mapped security tests are verified.",v1.0.0,Implementation-ready
P28-REQ-326,Search Security,Must,"GrounUp shall implement governed search security control 326 across tenant, user, service, data, API, AI, infrastructure and operational boundaries with explicit ownership, policy, evidence, monitoring and lifecycle management.","Control 326 passes when allow/deny behavior, tenant isolation, least privilege, audit evidence, threat/failure handling, key/secret lifecycle, monitoring and mapped security tests are verified.",v1.0.0,Implementation-ready
P28-REQ-327,AI Security,Must,"GrounUp shall implement governed ai security control 327 across tenant, user, service, data, API, AI, infrastructure and operational boundaries with explicit ownership, policy, evidence, monitoring and lifecycle management.","Control 327 passes when allow/deny behavior, tenant isolation, least privilege, audit evidence, threat/failure handling, key/secret lifecycle, monitoring and mapped security tests are verified.",v1.0.0,Implementation-ready
P28-REQ-328,Prompt/Tool Security,Must,"GrounUp shall implement governed prompt/tool security control 328 across tenant, user, service, data, API, AI, infrastructure and operational boundaries with explicit ownership, policy, evidence, monitoring and lifecycle management.","Control 328 passes when allow/deny behavior, tenant isolation, least privilege, audit evidence, threat/failure handling, key/secret lifecycle, monitoring and mapped security tests are verified.",v1.0.0,Implementation-ready
P28-REQ-329,Network Security,Must,"GrounUp shall implement governed network security control 329 across tenant, user, service, data, API, AI, infrastructure and operational boundaries with explicit ownership, policy, evidence, monitoring and lifecycle management.","Control 329 passes when allow/deny behavior, tenant isolation, least privilege, audit evidence, threat/failure handling, key/secret lifecycle, monitoring and mapped security tests are verified.",v1.0.0,Implementation-ready
P28-REQ-330,Runtime Security,Must,"GrounUp shall implement governed runtime security control 330 across tenant, user, service, data, API, AI, infrastructure and operational boundaries with explicit ownership, policy, evidence, monitoring and lifecycle management.","Control 330 passes when allow/deny behavior, tenant isolation, least privilege, audit evidence, threat/failure handling, key/secret lifecycle, monitoring and mapped security tests are verified.",v1.0.0,Implementation-ready
P28-REQ-331,Database Security,Must,"GrounUp shall implement governed database security control 331 across tenant, user, service, data, API, AI, infrastructure and operational boundaries with explicit ownership, policy, evidence, monitoring and lifecycle management.","Control 331 passes when allow/deny behavior, tenant isolation, least privilege, audit evidence, threat/failure handling, key/secret lifecycle, monitoring and mapped security tests are verified.",v1.0.0,Implementation-ready
P28-REQ-332,Vulnerability Management,Must,"GrounUp shall implement governed vulnerability management control 332 across tenant, user, service, data, API, AI, infrastructure and operational boundaries with explicit ownership, policy, evidence, monitoring and lifecycle management.","Control 332 passes when allow/deny behavior, tenant isolation, least privilege, audit evidence, threat/failure handling, key/secret lifecycle, monitoring and mapped security tests are verified.",v1.0.0,Implementation-ready
P28-REQ-333,Dependency Security,Must,"GrounUp shall implement governed dependency security control 333 across tenant, user, service, data, API, AI, infrastructure and operational boundaries with explicit ownership, policy, evidence, monitoring and lifecycle management.","Control 333 passes when allow/deny behavior, tenant isolation, least privilege, audit evidence, threat/failure handling, key/secret lifecycle, monitoring and mapped security tests are verified.",v1.0.0,Implementation-ready
P28-REQ-334,Container Security,Must,"GrounUp shall implement governed container security control 334 across tenant, user, service, data, API, AI, infrastructure and operational boundaries with explicit ownership, policy, evidence, monitoring and lifecycle management.","Control 334 passes when allow/deny behavior, tenant isolation, least privilege, audit evidence, threat/failure handling, key/secret lifecycle, monitoring and mapped security tests are verified.",v1.0.0,Implementation-ready
P28-REQ-335,Infrastructure Security,Must,"GrounUp shall implement governed infrastructure security control 335 across tenant, user, service, data, API, AI, infrastructure and operational boundaries with explicit ownership, policy, evidence, monitoring and lifecycle management.","Control 335 passes when allow/deny behavior, tenant isolation, least privilege, audit evidence, threat/failure handling, key/secret lifecycle, monitoring and mapped security tests are verified.",v1.0.0,Implementation-ready
P28-REQ-336,SAST/DAST,Must,"GrounUp shall implement governed sast/dast control 336 across tenant, user, service, data, API, AI, infrastructure and operational boundaries with explicit ownership, policy, evidence, monitoring and lifecycle management.","Control 336 passes when allow/deny behavior, tenant isolation, least privilege, audit evidence, threat/failure handling, key/secret lifecycle, monitoring and mapped security tests are verified.",v1.0.0,Implementation-ready
P28-REQ-337,Threat Modeling,Must,"GrounUp shall implement governed threat modeling control 337 across tenant, user, service, data, API, AI, infrastructure and operational boundaries with explicit ownership, policy, evidence, monitoring and lifecycle management.","Control 337 passes when allow/deny behavior, tenant isolation, least privilege, audit evidence, threat/failure handling, key/secret lifecycle, monitoring and mapped security tests are verified.",v1.0.0,Implementation-ready
P28-REQ-338,Attack Surface Management,Must,"GrounUp shall implement governed attack surface management control 338 across tenant, user, service, data, API, AI, infrastructure and operational boundaries with explicit ownership, policy, evidence, monitoring and lifecycle management.","Control 338 passes when allow/deny behavior, tenant isolation, least privilege, audit evidence, threat/failure handling, key/secret lifecycle, monitoring and mapped security tests are verified.",v1.0.0,Implementation-ready
P28-REQ-339,Security Logging,Must,"GrounUp shall implement governed security logging control 339 across tenant, user, service, data, API, AI, infrastructure and operational boundaries with explicit ownership, policy, evidence, monitoring and lifecycle management.","Control 339 passes when allow/deny behavior, tenant isolation, least privilege, audit evidence, threat/failure handling, key/secret lifecycle, monitoring and mapped security tests are verified.",v1.0.0,Implementation-ready
P28-REQ-340,Audit Integrity,Must,"GrounUp shall implement governed audit integrity control 340 across tenant, user, service, data, API, AI, infrastructure and operational boundaries with explicit ownership, policy, evidence, monitoring and lifecycle management.","Control 340 passes when allow/deny behavior, tenant isolation, least privilege, audit evidence, threat/failure handling, key/secret lifecycle, monitoring and mapped security tests are verified.",v1.0.0,Implementation-ready
P28-REQ-341,Threat Detection,Must,"GrounUp shall implement governed threat detection control 341 across tenant, user, service, data, API, AI, infrastructure and operational boundaries with explicit ownership, policy, evidence, monitoring and lifecycle management.","Control 341 passes when allow/deny behavior, tenant isolation, least privilege, audit evidence, threat/failure handling, key/secret lifecycle, monitoring and mapped security tests are verified.",v1.0.0,Implementation-ready
P28-REQ-342,Anomaly Detection,Must,"GrounUp shall implement governed anomaly detection control 342 across tenant, user, service, data, API, AI, infrastructure and operational boundaries with explicit ownership, policy, evidence, monitoring and lifecycle management.","Control 342 passes when allow/deny behavior, tenant isolation, least privilege, audit evidence, threat/failure handling, key/secret lifecycle, monitoring and mapped security tests are verified.",v1.0.0,Implementation-ready
P28-REQ-343,Security Alerting,Must,"GrounUp shall implement governed security alerting control 343 across tenant, user, service, data, API, AI, infrastructure and operational boundaries with explicit ownership, policy, evidence, monitoring and lifecycle management.","Control 343 passes when allow/deny behavior, tenant isolation, least privilege, audit evidence, threat/failure handling, key/secret lifecycle, monitoring and mapped security tests are verified.",v1.0.0,Implementation-ready
P28-REQ-344,Incident Response,Must,"GrounUp shall implement governed incident response control 344 across tenant, user, service, data, API, AI, infrastructure and operational boundaries with explicit ownership, policy, evidence, monitoring and lifecycle management.","Control 344 passes when allow/deny behavior, tenant isolation, least privilege, audit evidence, threat/failure handling, key/secret lifecycle, monitoring and mapped security tests are verified.",v1.0.0,Implementation-ready
P28-REQ-345,Forensic Evidence,Must,"GrounUp shall implement governed forensic evidence control 345 across tenant, user, service, data, API, AI, infrastructure and operational boundaries with explicit ownership, policy, evidence, monitoring and lifecycle management.","Control 345 passes when allow/deny behavior, tenant isolation, least privilege, audit evidence, threat/failure handling, key/secret lifecycle, monitoring and mapped security tests are verified.",v1.0.0,Implementation-ready
P28-REQ-346,Access Reviews,Must,"GrounUp shall implement governed access reviews control 346 across tenant, user, service, data, API, AI, infrastructure and operational boundaries with explicit ownership, policy, evidence, monitoring and lifecycle management.","Control 346 passes when allow/deny behavior, tenant isolation, least privilege, audit evidence, threat/failure handling, key/secret lifecycle, monitoring and mapped security tests are verified.",v1.0.0,Implementation-ready
P28-REQ-347,Segregation of Duties,Must,"GrounUp shall implement governed segregation of duties control 347 across tenant, user, service, data, API, AI, infrastructure and operational boundaries with explicit ownership, policy, evidence, monitoring and lifecycle management.","Control 347 passes when allow/deny behavior, tenant isolation, least privilege, audit evidence, threat/failure handling, key/secret lifecycle, monitoring and mapped security tests are verified.",v1.0.0,Implementation-ready
P28-REQ-348,Compliance Evidence,Must,"GrounUp shall implement governed compliance evidence control 348 across tenant, user, service, data, API, AI, infrastructure and operational boundaries with explicit ownership, policy, evidence, monitoring and lifecycle management.","Control 348 passes when allow/deny behavior, tenant isolation, least privilege, audit evidence, threat/failure handling, key/secret lifecycle, monitoring and mapped security tests are verified.",v1.0.0,Implementation-ready
P28-REQ-349,Policy Attestation,Must,"GrounUp shall implement governed policy attestation control 349 across tenant, user, service, data, API, AI, infrastructure and operational boundaries with explicit ownership, policy, evidence, monitoring and lifecycle management.","Control 349 passes when allow/deny behavior, tenant isolation, least privilege, audit evidence, threat/failure handling, key/secret lifecycle, monitoring and mapped security tests are verified.",v1.0.0,Implementation-ready
P28-REQ-350,Backup Security,Must,"GrounUp shall implement governed backup security control 350 across tenant, user, service, data, API, AI, infrastructure and operational boundaries with explicit ownership, policy, evidence, monitoring and lifecycle management.","Control 350 passes when allow/deny behavior, tenant isolation, least privilege, audit evidence, threat/failure handling, key/secret lifecycle, monitoring and mapped security tests are verified.",v1.0.0,Implementation-ready
P28-REQ-351,Disaster Recovery Security,Must,"GrounUp shall implement governed disaster recovery security control 351 across tenant, user, service, data, API, AI, infrastructure and operational boundaries with explicit ownership, policy, evidence, monitoring and lifecycle management.","Control 351 passes when allow/deny behavior, tenant isolation, least privilege, audit evidence, threat/failure handling, key/secret lifecycle, monitoring and mapped security tests are verified.",v1.0.0,Implementation-ready
P28-REQ-352,Security Exceptions,Must,"GrounUp shall implement governed security exceptions control 352 across tenant, user, service, data, API, AI, infrastructure and operational boundaries with explicit ownership, policy, evidence, monitoring and lifecycle management.","Control 352 passes when allow/deny behavior, tenant isolation, least privilege, audit evidence, threat/failure handling, key/secret lifecycle, monitoring and mapped security tests are verified.",v1.0.0,Implementation-ready
P28-REQ-353,Security Metrics,Must,"GrounUp shall implement governed security metrics control 353 across tenant, user, service, data, API, AI, infrastructure and operational boundaries with explicit ownership, policy, evidence, monitoring and lifecycle management.","Control 353 passes when allow/deny behavior, tenant isolation, least privilege, audit evidence, threat/failure handling, key/secret lifecycle, monitoring and mapped security tests are verified.",v1.0.0,Implementation-ready
P28-REQ-354,Security Administration,Must,"GrounUp shall implement governed security administration control 354 across tenant, user, service, data, API, AI, infrastructure and operational boundaries with explicit ownership, policy, evidence, monitoring and lifecycle management.","Control 354 passes when allow/deny behavior, tenant isolation, least privilege, audit evidence, threat/failure handling, key/secret lifecycle, monitoring and mapped security tests are verified.",v1.0.0,Implementation-ready
P28-REQ-355,Security Architecture,Must,"GrounUp shall implement governed security architecture control 355 across tenant, user, service, data, API, AI, infrastructure and operational boundaries with explicit ownership, policy, evidence, monitoring and lifecycle management.","Control 355 passes when allow/deny behavior, tenant isolation, least privilege, audit evidence, threat/failure handling, key/secret lifecycle, monitoring and mapped security tests are verified.",v1.0.0,Implementation-ready
P28-REQ-356,Identity Governance,Must,"GrounUp shall implement governed identity governance control 356 across tenant, user, service, data, API, AI, infrastructure and operational boundaries with explicit ownership, policy, evidence, monitoring and lifecycle management.","Control 356 passes when allow/deny behavior, tenant isolation, least privilege, audit evidence, threat/failure handling, key/secret lifecycle, monitoring and mapped security tests are verified.",v1.0.0,Implementation-ready
P28-REQ-357,Authentication,Must,"GrounUp shall implement governed authentication control 357 across tenant, user, service, data, API, AI, infrastructure and operational boundaries with explicit ownership, policy, evidence, monitoring and lifecycle management.","Control 357 passes when allow/deny behavior, tenant isolation, least privilege, audit evidence, threat/failure handling, key/secret lifecycle, monitoring and mapped security tests are verified.",v1.0.0,Implementation-ready
P28-REQ-358,MFA,Must,"GrounUp shall implement governed mfa control 358 across tenant, user, service, data, API, AI, infrastructure and operational boundaries with explicit ownership, policy, evidence, monitoring and lifecycle management.","Control 358 passes when allow/deny behavior, tenant isolation, least privilege, audit evidence, threat/failure handling, key/secret lifecycle, monitoring and mapped security tests are verified.",v1.0.0,Implementation-ready
P28-REQ-359,SSO Federation,Must,"GrounUp shall implement governed sso federation control 359 across tenant, user, service, data, API, AI, infrastructure and operational boundaries with explicit ownership, policy, evidence, monitoring and lifecycle management.","Control 359 passes when allow/deny behavior, tenant isolation, least privilege, audit evidence, threat/failure handling, key/secret lifecycle, monitoring and mapped security tests are verified.",v1.0.0,Implementation-ready
P28-REQ-360,SCIM Provisioning,Must,"GrounUp shall implement governed scim provisioning control 360 across tenant, user, service, data, API, AI, infrastructure and operational boundaries with explicit ownership, policy, evidence, monitoring and lifecycle management.","Control 360 passes when allow/deny behavior, tenant isolation, least privilege, audit evidence, threat/failure handling, key/secret lifecycle, monitoring and mapped security tests are verified.",v1.0.0,Implementation-ready
P28-REQ-361,Role-Based Access,Must,"GrounUp shall implement governed role-based access control 361 across tenant, user, service, data, API, AI, infrastructure and operational boundaries with explicit ownership, policy, evidence, monitoring and lifecycle management.","Control 361 passes when allow/deny behavior, tenant isolation, least privilege, audit evidence, threat/failure handling, key/secret lifecycle, monitoring and mapped security tests are verified.",v1.0.0,Implementation-ready
P28-REQ-362,Attribute-Based Access,Must,"GrounUp shall implement governed attribute-based access control 362 across tenant, user, service, data, API, AI, infrastructure and operational boundaries with explicit ownership, policy, evidence, monitoring and lifecycle management.","Control 362 passes when allow/deny behavior, tenant isolation, least privilege, audit evidence, threat/failure handling, key/secret lifecycle, monitoring and mapped security tests are verified.",v1.0.0,Implementation-ready
P28-REQ-363,Policy Decision,Must,"GrounUp shall implement governed policy decision control 363 across tenant, user, service, data, API, AI, infrastructure and operational boundaries with explicit ownership, policy, evidence, monitoring and lifecycle management.","Control 363 passes when allow/deny behavior, tenant isolation, least privilege, audit evidence, threat/failure handling, key/secret lifecycle, monitoring and mapped security tests are verified.",v1.0.0,Implementation-ready
P28-REQ-364,Policy Enforcement,Must,"GrounUp shall implement governed policy enforcement control 364 across tenant, user, service, data, API, AI, infrastructure and operational boundaries with explicit ownership, policy, evidence, monitoring and lifecycle management.","Control 364 passes when allow/deny behavior, tenant isolation, least privilege, audit evidence, threat/failure handling, key/secret lifecycle, monitoring and mapped security tests are verified.",v1.0.0,Implementation-ready
P28-REQ-365,Privileged Access,Must,"GrounUp shall implement governed privileged access control 365 across tenant, user, service, data, API, AI, infrastructure and operational boundaries with explicit ownership, policy, evidence, monitoring and lifecycle management.","Control 365 passes when allow/deny behavior, tenant isolation, least privilege, audit evidence, threat/failure handling, key/secret lifecycle, monitoring and mapped security tests are verified.",v1.0.0,Implementation-ready
P28-REQ-366,Service Identities,Must,"GrounUp shall implement governed service identities control 366 across tenant, user, service, data, API, AI, infrastructure and operational boundaries with explicit ownership, policy, evidence, monitoring and lifecycle management.","Control 366 passes when allow/deny behavior, tenant isolation, least privilege, audit evidence, threat/failure handling, key/secret lifecycle, monitoring and mapped security tests are verified.",v1.0.0,Implementation-ready
P28-REQ-367,Machine Identities,Must,"GrounUp shall implement governed machine identities control 367 across tenant, user, service, data, API, AI, infrastructure and operational boundaries with explicit ownership, policy, evidence, monitoring and lifecycle management.","Control 367 passes when allow/deny behavior, tenant isolation, least privilege, audit evidence, threat/failure handling, key/secret lifecycle, monitoring and mapped security tests are verified.",v1.0.0,Implementation-ready
P28-REQ-368,Session Security,Must,"GrounUp shall implement governed session security control 368 across tenant, user, service, data, API, AI, infrastructure and operational boundaries with explicit ownership, policy, evidence, monitoring and lifecycle management.","Control 368 passes when allow/deny behavior, tenant isolation, least privilege, audit evidence, threat/failure handling, key/secret lifecycle, monitoring and mapped security tests are verified.",v1.0.0,Implementation-ready
P28-REQ-369,Zero Trust,Must,"GrounUp shall implement governed zero trust control 369 across tenant, user, service, data, API, AI, infrastructure and operational boundaries with explicit ownership, policy, evidence, monitoring and lifecycle management.","Control 369 passes when allow/deny behavior, tenant isolation, least privilege, audit evidence, threat/failure handling, key/secret lifecycle, monitoring and mapped security tests are verified.",v1.0.0,Implementation-ready
P28-REQ-370,Tenant Isolation,Must,"GrounUp shall implement governed tenant isolation control 370 across tenant, user, service, data, API, AI, infrastructure and operational boundaries with explicit ownership, policy, evidence, monitoring and lifecycle management.","Control 370 passes when allow/deny behavior, tenant isolation, least privilege, audit evidence, threat/failure handling, key/secret lifecycle, monitoring and mapped security tests are verified.",v1.0.0,Implementation-ready
P28-REQ-371,Project/Record Access,Must,"GrounUp shall implement governed project/record access control 371 across tenant, user, service, data, API, AI, infrastructure and operational boundaries with explicit ownership, policy, evidence, monitoring and lifecycle management.","Control 371 passes when allow/deny behavior, tenant isolation, least privilege, audit evidence, threat/failure handling, key/secret lifecycle, monitoring and mapped security tests are verified.",v1.0.0,Implementation-ready
P28-REQ-372,Data Classification,Must,"GrounUp shall implement governed data classification control 372 across tenant, user, service, data, API, AI, infrastructure and operational boundaries with explicit ownership, policy, evidence, monitoring and lifecycle management.","Control 372 passes when allow/deny behavior, tenant isolation, least privilege, audit evidence, threat/failure handling, key/secret lifecycle, monitoring and mapped security tests are verified.",v1.0.0,Implementation-ready
P28-REQ-373,Privacy Controls,Must,"GrounUp shall implement governed privacy controls control 373 across tenant, user, service, data, API, AI, infrastructure and operational boundaries with explicit ownership, policy, evidence, monitoring and lifecycle management.","Control 373 passes when allow/deny behavior, tenant isolation, least privilege, audit evidence, threat/failure handling, key/secret lifecycle, monitoring and mapped security tests are verified.",v1.0.0,Implementation-ready
P28-REQ-374,Data Minimization,Must,"GrounUp shall implement governed data minimization control 374 across tenant, user, service, data, API, AI, infrastructure and operational boundaries with explicit ownership, policy, evidence, monitoring and lifecycle management.","Control 374 passes when allow/deny behavior, tenant isolation, least privilege, audit evidence, threat/failure handling, key/secret lifecycle, monitoring and mapped security tests are verified.",v1.0.0,Implementation-ready
P28-REQ-375,Retention & Deletion,Must,"GrounUp shall implement governed retention & deletion control 375 across tenant, user, service, data, API, AI, infrastructure and operational boundaries with explicit ownership, policy, evidence, monitoring and lifecycle management.","Control 375 passes when allow/deny behavior, tenant isolation, least privilege, audit evidence, threat/failure handling, key/secret lifecycle, monitoring and mapped security tests are verified.",v1.0.0,Implementation-ready
P28-REQ-376,Encryption at Rest,Must,"GrounUp shall implement governed encryption at rest control 376 across tenant, user, service, data, API, AI, infrastructure and operational boundaries with explicit ownership, policy, evidence, monitoring and lifecycle management.","Control 376 passes when allow/deny behavior, tenant isolation, least privilege, audit evidence, threat/failure handling, key/secret lifecycle, monitoring and mapped security tests are verified.",v1.0.0,Implementation-ready
P28-REQ-377,Encryption in Transit,Must,"GrounUp shall implement governed encryption in transit control 377 across tenant, user, service, data, API, AI, infrastructure and operational boundaries with explicit ownership, policy, evidence, monitoring and lifecycle management.","Control 377 passes when allow/deny behavior, tenant isolation, least privilege, audit evidence, threat/failure handling, key/secret lifecycle, monitoring and mapped security tests are verified.",v1.0.0,Implementation-ready
P28-REQ-378,Key Management,Must,"GrounUp shall implement governed key management control 378 across tenant, user, service, data, API, AI, infrastructure and operational boundaries with explicit ownership, policy, evidence, monitoring and lifecycle management.","Control 378 passes when allow/deny behavior, tenant isolation, least privilege, audit evidence, threat/failure handling, key/secret lifecycle, monitoring and mapped security tests are verified.",v1.0.0,Implementation-ready
P28-REQ-379,Secrets Management,Must,"GrounUp shall implement governed secrets management control 379 across tenant, user, service, data, API, AI, infrastructure and operational boundaries with explicit ownership, policy, evidence, monitoring and lifecycle management.","Control 379 passes when allow/deny behavior, tenant isolation, least privilege, audit evidence, threat/failure handling, key/secret lifecycle, monitoring and mapped security tests are verified.",v1.0.0,Implementation-ready
P28-REQ-380,Certificate Management,Must,"GrounUp shall implement governed certificate management control 380 across tenant, user, service, data, API, AI, infrastructure and operational boundaries with explicit ownership, policy, evidence, monitoring and lifecycle management.","Control 380 passes when allow/deny behavior, tenant isolation, least privilege, audit evidence, threat/failure handling, key/secret lifecycle, monitoring and mapped security tests are verified.",v1.0.0,Implementation-ready
P28-REQ-381,Token Security,Must,"GrounUp shall implement governed token security control 381 across tenant, user, service, data, API, AI, infrastructure and operational boundaries with explicit ownership, policy, evidence, monitoring and lifecycle management.","Control 381 passes when allow/deny behavior, tenant isolation, least privilege, audit evidence, threat/failure handling, key/secret lifecycle, monitoring and mapped security tests are verified.",v1.0.0,Implementation-ready
P28-REQ-382,API Security,Must,"GrounUp shall implement governed api security control 382 across tenant, user, service, data, API, AI, infrastructure and operational boundaries with explicit ownership, policy, evidence, monitoring and lifecycle management.","Control 382 passes when allow/deny behavior, tenant isolation, least privilege, audit evidence, threat/failure handling, key/secret lifecycle, monitoring and mapped security tests are verified.",v1.0.0,Implementation-ready
P28-REQ-383,Event Security,Must,"GrounUp shall implement governed event security control 383 across tenant, user, service, data, API, AI, infrastructure and operational boundaries with explicit ownership, policy, evidence, monitoring and lifecycle management.","Control 383 passes when allow/deny behavior, tenant isolation, least privilege, audit evidence, threat/failure handling, key/secret lifecycle, monitoring and mapped security tests are verified.",v1.0.0,Implementation-ready
P28-REQ-384,File/Object Security,Must,"GrounUp shall implement governed file/object security control 384 across tenant, user, service, data, API, AI, infrastructure and operational boundaries with explicit ownership, policy, evidence, monitoring and lifecycle management.","Control 384 passes when allow/deny behavior, tenant isolation, least privilege, audit evidence, threat/failure handling, key/secret lifecycle, monitoring and mapped security tests are verified.",v1.0.0,Implementation-ready
P28-REQ-385,Search Security,Must,"GrounUp shall implement governed search security control 385 across tenant, user, service, data, API, AI, infrastructure and operational boundaries with explicit ownership, policy, evidence, monitoring and lifecycle management.","Control 385 passes when allow/deny behavior, tenant isolation, least privilege, audit evidence, threat/failure handling, key/secret lifecycle, monitoring and mapped security tests are verified.",v1.0.0,Implementation-ready
P28-REQ-386,AI Security,Must,"GrounUp shall implement governed ai security control 386 across tenant, user, service, data, API, AI, infrastructure and operational boundaries with explicit ownership, policy, evidence, monitoring and lifecycle management.","Control 386 passes when allow/deny behavior, tenant isolation, least privilege, audit evidence, threat/failure handling, key/secret lifecycle, monitoring and mapped security tests are verified.",v1.0.0,Implementation-ready
P28-REQ-387,Prompt/Tool Security,Must,"GrounUp shall implement governed prompt/tool security control 387 across tenant, user, service, data, API, AI, infrastructure and operational boundaries with explicit ownership, policy, evidence, monitoring and lifecycle management.","Control 387 passes when allow/deny behavior, tenant isolation, least privilege, audit evidence, threat/failure handling, key/secret lifecycle, monitoring and mapped security tests are verified.",v1.0.0,Implementation-ready
P28-REQ-388,Network Security,Must,"GrounUp shall implement governed network security control 388 across tenant, user, service, data, API, AI, infrastructure and operational boundaries with explicit ownership, policy, evidence, monitoring and lifecycle management.","Control 388 passes when allow/deny behavior, tenant isolation, least privilege, audit evidence, threat/failure handling, key/secret lifecycle, monitoring and mapped security tests are verified.",v1.0.0,Implementation-ready
P28-REQ-389,Runtime Security,Must,"GrounUp shall implement governed runtime security control 389 across tenant, user, service, data, API, AI, infrastructure and operational boundaries with explicit ownership, policy, evidence, monitoring and lifecycle management.","Control 389 passes when allow/deny behavior, tenant isolation, least privilege, audit evidence, threat/failure handling, key/secret lifecycle, monitoring and mapped security tests are verified.",v1.0.0,Implementation-ready
P28-REQ-390,Database Security,Must,"GrounUp shall implement governed database security control 390 across tenant, user, service, data, API, AI, infrastructure and operational boundaries with explicit ownership, policy, evidence, monitoring and lifecycle management.","Control 390 passes when allow/deny behavior, tenant isolation, least privilege, audit evidence, threat/failure handling, key/secret lifecycle, monitoring and mapped security tests are verified.",v1.0.0,Implementation-ready
P28-REQ-391,Vulnerability Management,Must,"GrounUp shall implement governed vulnerability management control 391 across tenant, user, service, data, API, AI, infrastructure and operational boundaries with explicit ownership, policy, evidence, monitoring and lifecycle management.","Control 391 passes when allow/deny behavior, tenant isolation, least privilege, audit evidence, threat/failure handling, key/secret lifecycle, monitoring and mapped security tests are verified.",v1.0.0,Implementation-ready
P28-REQ-392,Dependency Security,Must,"GrounUp shall implement governed dependency security control 392 across tenant, user, service, data, API, AI, infrastructure and operational boundaries with explicit ownership, policy, evidence, monitoring and lifecycle management.","Control 392 passes when allow/deny behavior, tenant isolation, least privilege, audit evidence, threat/failure handling, key/secret lifecycle, monitoring and mapped security tests are verified.",v1.0.0,Implementation-ready
P28-REQ-393,Container Security,Must,"GrounUp shall implement governed container security control 393 across tenant, user, service, data, API, AI, infrastructure and operational boundaries with explicit ownership, policy, evidence, monitoring and lifecycle management.","Control 393 passes when allow/deny behavior, tenant isolation, least privilege, audit evidence, threat/failure handling, key/secret lifecycle, monitoring and mapped security tests are verified.",v1.0.0,Implementation-ready
P28-REQ-394,Infrastructure Security,Must,"GrounUp shall implement governed infrastructure security control 394 across tenant, user, service, data, API, AI, infrastructure and operational boundaries with explicit ownership, policy, evidence, monitoring and lifecycle management.","Control 394 passes when allow/deny behavior, tenant isolation, least privilege, audit evidence, threat/failure handling, key/secret lifecycle, monitoring and mapped security tests are verified.",v1.0.0,Implementation-ready
P28-REQ-395,SAST/DAST,Must,"GrounUp shall implement governed sast/dast control 395 across tenant, user, service, data, API, AI, infrastructure and operational boundaries with explicit ownership, policy, evidence, monitoring and lifecycle management.","Control 395 passes when allow/deny behavior, tenant isolation, least privilege, audit evidence, threat/failure handling, key/secret lifecycle, monitoring and mapped security tests are verified.",v1.0.0,Implementation-ready
P28-REQ-396,Threat Modeling,Must,"GrounUp shall implement governed threat modeling control 396 across tenant, user, service, data, API, AI, infrastructure and operational boundaries with explicit ownership, policy, evidence, monitoring and lifecycle management.","Control 396 passes when allow/deny behavior, tenant isolation, least privilege, audit evidence, threat/failure handling, key/secret lifecycle, monitoring and mapped security tests are verified.",v1.0.0,Implementation-ready
P28-REQ-397,Attack Surface Management,Must,"GrounUp shall implement governed attack surface management control 397 across tenant, user, service, data, API, AI, infrastructure and operational boundaries with explicit ownership, policy, evidence, monitoring and lifecycle management.","Control 397 passes when allow/deny behavior, tenant isolation, least privilege, audit evidence, threat/failure handling, key/secret lifecycle, monitoring and mapped security tests are verified.",v1.0.0,Implementation-ready
P28-REQ-398,Security Logging,Must,"GrounUp shall implement governed security logging control 398 across tenant, user, service, data, API, AI, infrastructure and operational boundaries with explicit ownership, policy, evidence, monitoring and lifecycle management.","Control 398 passes when allow/deny behavior, tenant isolation, least privilege, audit evidence, threat/failure handling, key/secret lifecycle, monitoring and mapped security tests are verified.",v1.0.0,Implementation-ready
P28-REQ-399,Audit Integrity,Must,"GrounUp shall implement governed audit integrity control 399 across tenant, user, service, data, API, AI, infrastructure and operational boundaries with explicit ownership, policy, evidence, monitoring and lifecycle management.","Control 399 passes when allow/deny behavior, tenant isolation, least privilege, audit evidence, threat/failure handling, key/secret lifecycle, monitoring and mapped security tests are verified.",v1.0.0,Implementation-ready
P28-REQ-400,Threat Detection,Must,"GrounUp shall implement governed threat detection control 400 across tenant, user, service, data, API, AI, infrastructure and operational boundaries with explicit ownership, policy, evidence, monitoring and lifecycle management.","Control 400 passes when allow/deny behavior, tenant isolation, least privilege, audit evidence, threat/failure handling, key/secret lifecycle, monitoring and mapped security tests are verified.",v1.0.0,Implementation-ready
P28-REQ-401,Anomaly Detection,Must,"GrounUp shall implement governed anomaly detection control 401 across tenant, user, service, data, API, AI, infrastructure and operational boundaries with explicit ownership, policy, evidence, monitoring and lifecycle management.","Control 401 passes when allow/deny behavior, tenant isolation, least privilege, audit evidence, threat/failure handling, key/secret lifecycle, monitoring and mapped security tests are verified.",v1.0.0,Implementation-ready
P28-REQ-402,Security Alerting,Must,"GrounUp shall implement governed security alerting control 402 across tenant, user, service, data, API, AI, infrastructure and operational boundaries with explicit ownership, policy, evidence, monitoring and lifecycle management.","Control 402 passes when allow/deny behavior, tenant isolation, least privilege, audit evidence, threat/failure handling, key/secret lifecycle, monitoring and mapped security tests are verified.",v1.0.0,Implementation-ready
P28-REQ-403,Incident Response,Must,"GrounUp shall implement governed incident response control 403 across tenant, user, service, data, API, AI, infrastructure and operational boundaries with explicit ownership, policy, evidence, monitoring and lifecycle management.","Control 403 passes when allow/deny behavior, tenant isolation, least privilege, audit evidence, threat/failure handling, key/secret lifecycle, monitoring and mapped security tests are verified.",v1.0.0,Implementation-ready
P28-REQ-404,Forensic Evidence,Must,"GrounUp shall implement governed forensic evidence control 404 across tenant, user, service, data, API, AI, infrastructure and operational boundaries with explicit ownership, policy, evidence, monitoring and lifecycle management.","Control 404 passes when allow/deny behavior, tenant isolation, least privilege, audit evidence, threat/failure handling, key/secret lifecycle, monitoring and mapped security tests are verified.",v1.0.0,Implementation-ready
P28-REQ-405,Access Reviews,Must,"GrounUp shall implement governed access reviews control 405 across tenant, user, service, data, API, AI, infrastructure and operational boundaries with explicit ownership, policy, evidence, monitoring and lifecycle management.","Control 405 passes when allow/deny behavior, tenant isolation, least privilege, audit evidence, threat/failure handling, key/secret lifecycle, monitoring and mapped security tests are verified.",v1.0.0,Implementation-ready
P28-REQ-406,Segregation of Duties,Must,"GrounUp shall implement governed segregation of duties control 406 across tenant, user, service, data, API, AI, infrastructure and operational boundaries with explicit ownership, policy, evidence, monitoring and lifecycle management.","Control 406 passes when allow/deny behavior, tenant isolation, least privilege, audit evidence, threat/failure handling, key/secret lifecycle, monitoring and mapped security tests are verified.",v1.0.0,Implementation-ready
P28-REQ-407,Compliance Evidence,Must,"GrounUp shall implement governed compliance evidence control 407 across tenant, user, service, data, API, AI, infrastructure and operational boundaries with explicit ownership, policy, evidence, monitoring and lifecycle management.","Control 407 passes when allow/deny behavior, tenant isolation, least privilege, audit evidence, threat/failure handling, key/secret lifecycle, monitoring and mapped security tests are verified.",v1.0.0,Implementation-ready
P28-REQ-408,Policy Attestation,Must,"GrounUp shall implement governed policy attestation control 408 across tenant, user, service, data, API, AI, infrastructure and operational boundaries with explicit ownership, policy, evidence, monitoring and lifecycle management.","Control 408 passes when allow/deny behavior, tenant isolation, least privilege, audit evidence, threat/failure handling, key/secret lifecycle, monitoring and mapped security tests are verified.",v1.0.0,Implementation-ready
P28-REQ-409,Backup Security,Must,"GrounUp shall implement governed backup security control 409 across tenant, user, service, data, API, AI, infrastructure and operational boundaries with explicit ownership, policy, evidence, monitoring and lifecycle management.","Control 409 passes when allow/deny behavior, tenant isolation, least privilege, audit evidence, threat/failure handling, key/secret lifecycle, monitoring and mapped security tests are verified.",v1.0.0,Implementation-ready
P28-REQ-410,Disaster Recovery Security,Must,"GrounUp shall implement governed disaster recovery security control 410 across tenant, user, service, data, API, AI, infrastructure and operational boundaries with explicit ownership, policy, evidence, monitoring and lifecycle management.","Control 410 passes when allow/deny behavior, tenant isolation, least privilege, audit evidence, threat/failure handling, key/secret lifecycle, monitoring and mapped security tests are verified.",v1.0.0,Implementation-ready
P28-REQ-411,Security Exceptions,Must,"GrounUp shall implement governed security exceptions control 411 across tenant, user, service, data, API, AI, infrastructure and operational boundaries with explicit ownership, policy, evidence, monitoring and lifecycle management.","Control 411 passes when allow/deny behavior, tenant isolation, least privilege, audit evidence, threat/failure handling, key/secret lifecycle, monitoring and mapped security tests are verified.",v1.0.0,Implementation-ready
P28-REQ-412,Security Metrics,Must,"GrounUp shall implement governed security metrics control 412 across tenant, user, service, data, API, AI, infrastructure and operational boundaries with explicit ownership, policy, evidence, monitoring and lifecycle management.","Control 412 passes when allow/deny behavior, tenant isolation, least privilege, audit evidence, threat/failure handling, key/secret lifecycle, monitoring and mapped security tests are verified.",v1.0.0,Implementation-ready
P28-REQ-413,Security Administration,Must,"GrounUp shall implement governed security administration control 413 across tenant, user, service, data, API, AI, infrastructure and operational boundaries with explicit ownership, policy, evidence, monitoring and lifecycle management.","Control 413 passes when allow/deny behavior, tenant isolation, least privilege, audit evidence, threat/failure handling, key/secret lifecycle, monitoring and mapped security tests are verified.",v1.0.0,Implementation-ready
P28-REQ-414,Security Architecture,Must,"GrounUp shall implement governed security architecture control 414 across tenant, user, service, data, API, AI, infrastructure and operational boundaries with explicit ownership, policy, evidence, monitoring and lifecycle management.","Control 414 passes when allow/deny behavior, tenant isolation, least privilege, audit evidence, threat/failure handling, key/secret lifecycle, monitoring and mapped security tests are verified.",v1.0.0,Implementation-ready
P28-REQ-415,Identity Governance,Must,"GrounUp shall implement governed identity governance control 415 across tenant, user, service, data, API, AI, infrastructure and operational boundaries with explicit ownership, policy, evidence, monitoring and lifecycle management.","Control 415 passes when allow/deny behavior, tenant isolation, least privilege, audit evidence, threat/failure handling, key/secret lifecycle, monitoring and mapped security tests are verified.",v1.0.0,Implementation-ready
P28-REQ-416,Authentication,Must,"GrounUp shall implement governed authentication control 416 across tenant, user, service, data, API, AI, infrastructure and operational boundaries with explicit ownership, policy, evidence, monitoring and lifecycle management.","Control 416 passes when allow/deny behavior, tenant isolation, least privilege, audit evidence, threat/failure handling, key/secret lifecycle, monitoring and mapped security tests are verified.",v1.0.0,Implementation-ready
P28-REQ-417,MFA,Must,"GrounUp shall implement governed mfa control 417 across tenant, user, service, data, API, AI, infrastructure and operational boundaries with explicit ownership, policy, evidence, monitoring and lifecycle management.","Control 417 passes when allow/deny behavior, tenant isolation, least privilege, audit evidence, threat/failure handling, key/secret lifecycle, monitoring and mapped security tests are verified.",v1.0.0,Implementation-ready
P28-REQ-418,SSO Federation,Must,"GrounUp shall implement governed sso federation control 418 across tenant, user, service, data, API, AI, infrastructure and operational boundaries with explicit ownership, policy, evidence, monitoring and lifecycle management.","Control 418 passes when allow/deny behavior, tenant isolation, least privilege, audit evidence, threat/failure handling, key/secret lifecycle, monitoring and mapped security tests are verified.",v1.0.0,Implementation-ready
P28-REQ-419,SCIM Provisioning,Must,"GrounUp shall implement governed scim provisioning control 419 across tenant, user, service, data, API, AI, infrastructure and operational boundaries with explicit ownership, policy, evidence, monitoring and lifecycle management.","Control 419 passes when allow/deny behavior, tenant isolation, least privilege, audit evidence, threat/failure handling, key/secret lifecycle, monitoring and mapped security tests are verified.",v1.0.0,Implementation-ready
P28-REQ-420,Role-Based Access,Must,"GrounUp shall implement governed role-based access control 420 across tenant, user, service, data, API, AI, infrastructure and operational boundaries with explicit ownership, policy, evidence, monitoring and lifecycle management.","Control 420 passes when allow/deny behavior, tenant isolation, least privilege, audit evidence, threat/failure handling, key/secret lifecycle, monitoring and mapped security tests are verified.",v1.0.0,Implementation-ready
P28-REQ-421,Attribute-Based Access,Must,"GrounUp shall implement governed attribute-based access control 421 across tenant, user, service, data, API, AI, infrastructure and operational boundaries with explicit ownership, policy, evidence, monitoring and lifecycle management.","Control 421 passes when allow/deny behavior, tenant isolation, least privilege, audit evidence, threat/failure handling, key/secret lifecycle, monitoring and mapped security tests are verified.",v1.0.0,Implementation-ready
P28-REQ-422,Policy Decision,Must,"GrounUp shall implement governed policy decision control 422 across tenant, user, service, data, API, AI, infrastructure and operational boundaries with explicit ownership, policy, evidence, monitoring and lifecycle management.","Control 422 passes when allow/deny behavior, tenant isolation, least privilege, audit evidence, threat/failure handling, key/secret lifecycle, monitoring and mapped security tests are verified.",v1.0.0,Implementation-ready
P28-REQ-423,Policy Enforcement,Must,"GrounUp shall implement governed policy enforcement control 423 across tenant, user, service, data, API, AI, infrastructure and operational boundaries with explicit ownership, policy, evidence, monitoring and lifecycle management.","Control 423 passes when allow/deny behavior, tenant isolation, least privilege, audit evidence, threat/failure handling, key/secret lifecycle, monitoring and mapped security tests are verified.",v1.0.0,Implementation-ready
P28-REQ-424,Privileged Access,Must,"GrounUp shall implement governed privileged access control 424 across tenant, user, service, data, API, AI, infrastructure and operational boundaries with explicit ownership, policy, evidence, monitoring and lifecycle management.","Control 424 passes when allow/deny behavior, tenant isolation, least privilege, audit evidence, threat/failure handling, key/secret lifecycle, monitoring and mapped security tests are verified.",v1.0.0,Implementation-ready
P28-REQ-425,Service Identities,Must,"GrounUp shall implement governed service identities control 425 across tenant, user, service, data, API, AI, infrastructure and operational boundaries with explicit ownership, policy, evidence, monitoring and lifecycle management.","Control 425 passes when allow/deny behavior, tenant isolation, least privilege, audit evidence, threat/failure handling, key/secret lifecycle, monitoring and mapped security tests are verified.",v1.0.0,Implementation-ready
P28-REQ-426,Machine Identities,Must,"GrounUp shall implement governed machine identities control 426 across tenant, user, service, data, API, AI, infrastructure and operational boundaries with explicit ownership, policy, evidence, monitoring and lifecycle management.","Control 426 passes when allow/deny behavior, tenant isolation, least privilege, audit evidence, threat/failure handling, key/secret lifecycle, monitoring and mapped security tests are verified.",v1.0.0,Implementation-ready
P28-REQ-427,Session Security,Must,"GrounUp shall implement governed session security control 427 across tenant, user, service, data, API, AI, infrastructure and operational boundaries with explicit ownership, policy, evidence, monitoring and lifecycle management.","Control 427 passes when allow/deny behavior, tenant isolation, least privilege, audit evidence, threat/failure handling, key/secret lifecycle, monitoring and mapped security tests are verified.",v1.0.0,Implementation-ready
P28-REQ-428,Zero Trust,Must,"GrounUp shall implement governed zero trust control 428 across tenant, user, service, data, API, AI, infrastructure and operational boundaries with explicit ownership, policy, evidence, monitoring and lifecycle management.","Control 428 passes when allow/deny behavior, tenant isolation, least privilege, audit evidence, threat/failure handling, key/secret lifecycle, monitoring and mapped security tests are verified.",v1.0.0,Implementation-ready
P28-REQ-429,Tenant Isolation,Must,"GrounUp shall implement governed tenant isolation control 429 across tenant, user, service, data, API, AI, infrastructure and operational boundaries with explicit ownership, policy, evidence, monitoring and lifecycle management.","Control 429 passes when allow/deny behavior, tenant isolation, least privilege, audit evidence, threat/failure handling, key/secret lifecycle, monitoring and mapped security tests are verified.",v1.0.0,Implementation-ready
P28-REQ-430,Project/Record Access,Must,"GrounUp shall implement governed project/record access control 430 across tenant, user, service, data, API, AI, infrastructure and operational boundaries with explicit ownership, policy, evidence, monitoring and lifecycle management.","Control 430 passes when allow/deny behavior, tenant isolation, least privilege, audit evidence, threat/failure handling, key/secret lifecycle, monitoring and mapped security tests are verified.",v1.0.0,Implementation-ready
P28-REQ-431,Data Classification,Must,"GrounUp shall implement governed data classification control 431 across tenant, user, service, data, API, AI, infrastructure and operational boundaries with explicit ownership, policy, evidence, monitoring and lifecycle management.","Control 431 passes when allow/deny behavior, tenant isolation, least privilege, audit evidence, threat/failure handling, key/secret lifecycle, monitoring and mapped security tests are verified.",v1.0.0,Implementation-ready
P28-REQ-432,Privacy Controls,Must,"GrounUp shall implement governed privacy controls control 432 across tenant, user, service, data, API, AI, infrastructure and operational boundaries with explicit ownership, policy, evidence, monitoring and lifecycle management.","Control 432 passes when allow/deny behavior, tenant isolation, least privilege, audit evidence, threat/failure handling, key/secret lifecycle, monitoring and mapped security tests are verified.",v1.0.0,Implementation-ready
P28-REQ-433,Data Minimization,Must,"GrounUp shall implement governed data minimization control 433 across tenant, user, service, data, API, AI, infrastructure and operational boundaries with explicit ownership, policy, evidence, monitoring and lifecycle management.","Control 433 passes when allow/deny behavior, tenant isolation, least privilege, audit evidence, threat/failure handling, key/secret lifecycle, monitoring and mapped security tests are verified.",v1.0.0,Implementation-ready
P28-REQ-434,Retention & Deletion,Must,"GrounUp shall implement governed retention & deletion control 434 across tenant, user, service, data, API, AI, infrastructure and operational boundaries with explicit ownership, policy, evidence, monitoring and lifecycle management.","Control 434 passes when allow/deny behavior, tenant isolation, least privilege, audit evidence, threat/failure handling, key/secret lifecycle, monitoring and mapped security tests are verified.",v1.0.0,Implementation-ready
P28-REQ-435,Encryption at Rest,Must,"GrounUp shall implement governed encryption at rest control 435 across tenant, user, service, data, API, AI, infrastructure and operational boundaries with explicit ownership, policy, evidence, monitoring and lifecycle management.","Control 435 passes when allow/deny behavior, tenant isolation, least privilege, audit evidence, threat/failure handling, key/secret lifecycle, monitoring and mapped security tests are verified.",v1.0.0,Implementation-ready
P28-REQ-436,Encryption in Transit,Must,"GrounUp shall implement governed encryption in transit control 436 across tenant, user, service, data, API, AI, infrastructure and operational boundaries with explicit ownership, policy, evidence, monitoring and lifecycle management.","Control 436 passes when allow/deny behavior, tenant isolation, least privilege, audit evidence, threat/failure handling, key/secret lifecycle, monitoring and mapped security tests are verified.",v1.0.0,Implementation-ready
P28-REQ-437,Key Management,Must,"GrounUp shall implement governed key management control 437 across tenant, user, service, data, API, AI, infrastructure and operational boundaries with explicit ownership, policy, evidence, monitoring and lifecycle management.","Control 437 passes when allow/deny behavior, tenant isolation, least privilege, audit evidence, threat/failure handling, key/secret lifecycle, monitoring and mapped security tests are verified.",v1.0.0,Implementation-ready
P28-REQ-438,Secrets Management,Must,"GrounUp shall implement governed secrets management control 438 across tenant, user, service, data, API, AI, infrastructure and operational boundaries with explicit ownership, policy, evidence, monitoring and lifecycle management.","Control 438 passes when allow/deny behavior, tenant isolation, least privilege, audit evidence, threat/failure handling, key/secret lifecycle, monitoring and mapped security tests are verified.",v1.0.0,Implementation-ready
P28-REQ-439,Certificate Management,Must,"GrounUp shall implement governed certificate management control 439 across tenant, user, service, data, API, AI, infrastructure and operational boundaries with explicit ownership, policy, evidence, monitoring and lifecycle management.","Control 439 passes when allow/deny behavior, tenant isolation, least privilege, audit evidence, threat/failure handling, key/secret lifecycle, monitoring and mapped security tests are verified.",v1.0.0,Implementation-ready
P28-REQ-440,Token Security,Must,"GrounUp shall implement governed token security control 440 across tenant, user, service, data, API, AI, infrastructure and operational boundaries with explicit ownership, policy, evidence, monitoring and lifecycle management.","Control 440 passes when allow/deny behavior, tenant isolation, least privilege, audit evidence, threat/failure handling, key/secret lifecycle, monitoring and mapped security tests are verified.",v1.0.0,Implementation-ready
P28-REQ-441,API Security,Must,"GrounUp shall implement governed api security control 441 across tenant, user, service, data, API, AI, infrastructure and operational boundaries with explicit ownership, policy, evidence, monitoring and lifecycle management.","Control 441 passes when allow/deny behavior, tenant isolation, least privilege, audit evidence, threat/failure handling, key/secret lifecycle, monitoring and mapped security tests are verified.",v1.0.0,Implementation-ready
P28-REQ-442,Event Security,Must,"GrounUp shall implement governed event security control 442 across tenant, user, service, data, API, AI, infrastructure and operational boundaries with explicit ownership, policy, evidence, monitoring and lifecycle management.","Control 442 passes when allow/deny behavior, tenant isolation, least privilege, audit evidence, threat/failure handling, key/secret lifecycle, monitoring and mapped security tests are verified.",v1.0.0,Implementation-ready
P28-REQ-443,File/Object Security,Must,"GrounUp shall implement governed file/object security control 443 across tenant, user, service, data, API, AI, infrastructure and operational boundaries with explicit ownership, policy, evidence, monitoring and lifecycle management.","Control 443 passes when allow/deny behavior, tenant isolation, least privilege, audit evidence, threat/failure handling, key/secret lifecycle, monitoring and mapped security tests are verified.",v1.0.0,Implementation-ready
P28-REQ-444,Search Security,Must,"GrounUp shall implement governed search security control 444 across tenant, user, service, data, API, AI, infrastructure and operational boundaries with explicit ownership, policy, evidence, monitoring and lifecycle management.","Control 444 passes when allow/deny behavior, tenant isolation, least privilege, audit evidence, threat/failure handling, key/secret lifecycle, monitoring and mapped security tests are verified.",v1.0.0,Implementation-ready
P28-REQ-445,AI Security,Must,"GrounUp shall implement governed ai security control 445 across tenant, user, service, data, API, AI, infrastructure and operational boundaries with explicit ownership, policy, evidence, monitoring and lifecycle management.","Control 445 passes when allow/deny behavior, tenant isolation, least privilege, audit evidence, threat/failure handling, key/secret lifecycle, monitoring and mapped security tests are verified.",v1.0.0,Implementation-ready
P28-REQ-446,Prompt/Tool Security,Must,"GrounUp shall implement governed prompt/tool security control 446 across tenant, user, service, data, API, AI, infrastructure and operational boundaries with explicit ownership, policy, evidence, monitoring and lifecycle management.","Control 446 passes when allow/deny behavior, tenant isolation, least privilege, audit evidence, threat/failure handling, key/secret lifecycle, monitoring and mapped security tests are verified.",v1.0.0,Implementation-ready
P28-REQ-447,Network Security,Must,"GrounUp shall implement governed network security control 447 across tenant, user, service, data, API, AI, infrastructure and operational boundaries with explicit ownership, policy, evidence, monitoring and lifecycle management.","Control 447 passes when allow/deny behavior, tenant isolation, least privilege, audit evidence, threat/failure handling, key/secret lifecycle, monitoring and mapped security tests are verified.",v1.0.0,Implementation-ready
P28-REQ-448,Runtime Security,Must,"GrounUp shall implement governed runtime security control 448 across tenant, user, service, data, API, AI, infrastructure and operational boundaries with explicit ownership, policy, evidence, monitoring and lifecycle management.","Control 448 passes when allow/deny behavior, tenant isolation, least privilege, audit evidence, threat/failure handling, key/secret lifecycle, monitoring and mapped security tests are verified.",v1.0.0,Implementation-ready
P28-REQ-449,Database Security,Must,"GrounUp shall implement governed database security control 449 across tenant, user, service, data, API, AI, infrastructure and operational boundaries with explicit ownership, policy, evidence, monitoring and lifecycle management.","Control 449 passes when allow/deny behavior, tenant isolation, least privilege, audit evidence, threat/failure handling, key/secret lifecycle, monitoring and mapped security tests are verified.",v1.0.0,Implementation-ready
P28-REQ-450,Vulnerability Management,Must,"GrounUp shall implement governed vulnerability management control 450 across tenant, user, service, data, API, AI, infrastructure and operational boundaries with explicit ownership, policy, evidence, monitoring and lifecycle management.","Control 450 passes when allow/deny behavior, tenant isolation, least privilege, audit evidence, threat/failure handling, key/secret lifecycle, monitoring and mapped security tests are verified.",v1.0.0,Implementation-ready
P28-REQ-451,Dependency Security,Must,"GrounUp shall implement governed dependency security control 451 across tenant, user, service, data, API, AI, infrastructure and operational boundaries with explicit ownership, policy, evidence, monitoring and lifecycle management.","Control 451 passes when allow/deny behavior, tenant isolation, least privilege, audit evidence, threat/failure handling, key/secret lifecycle, monitoring and mapped security tests are verified.",v1.0.0,Implementation-ready
P28-REQ-452,Container Security,Must,"GrounUp shall implement governed container security control 452 across tenant, user, service, data, API, AI, infrastructure and operational boundaries with explicit ownership, policy, evidence, monitoring and lifecycle management.","Control 452 passes when allow/deny behavior, tenant isolation, least privilege, audit evidence, threat/failure handling, key/secret lifecycle, monitoring and mapped security tests are verified.",v1.0.0,Implementation-ready
P28-REQ-453,Infrastructure Security,Must,"GrounUp shall implement governed infrastructure security control 453 across tenant, user, service, data, API, AI, infrastructure and operational boundaries with explicit ownership, policy, evidence, monitoring and lifecycle management.","Control 453 passes when allow/deny behavior, tenant isolation, least privilege, audit evidence, threat/failure handling, key/secret lifecycle, monitoring and mapped security tests are verified.",v1.0.0,Implementation-ready
P28-REQ-454,SAST/DAST,Must,"GrounUp shall implement governed sast/dast control 454 across tenant, user, service, data, API, AI, infrastructure and operational boundaries with explicit ownership, policy, evidence, monitoring and lifecycle management.","Control 454 passes when allow/deny behavior, tenant isolation, least privilege, audit evidence, threat/failure handling, key/secret lifecycle, monitoring and mapped security tests are verified.",v1.0.0,Implementation-ready
P28-REQ-455,Threat Modeling,Must,"GrounUp shall implement governed threat modeling control 455 across tenant, user, service, data, API, AI, infrastructure and operational boundaries with explicit ownership, policy, evidence, monitoring and lifecycle management.","Control 455 passes when allow/deny behavior, tenant isolation, least privilege, audit evidence, threat/failure handling, key/secret lifecycle, monitoring and mapped security tests are verified.",v1.0.0,Implementation-ready
P28-REQ-456,Attack Surface Management,Must,"GrounUp shall implement governed attack surface management control 456 across tenant, user, service, data, API, AI, infrastructure and operational boundaries with explicit ownership, policy, evidence, monitoring and lifecycle management.","Control 456 passes when allow/deny behavior, tenant isolation, least privilege, audit evidence, threat/failure handling, key/secret lifecycle, monitoring and mapped security tests are verified.",v1.0.0,Implementation-ready
P28-REQ-457,Security Logging,Must,"GrounUp shall implement governed security logging control 457 across tenant, user, service, data, API, AI, infrastructure and operational boundaries with explicit ownership, policy, evidence, monitoring and lifecycle management.","Control 457 passes when allow/deny behavior, tenant isolation, least privilege, audit evidence, threat/failure handling, key/secret lifecycle, monitoring and mapped security tests are verified.",v1.0.0,Implementation-ready
P28-REQ-458,Audit Integrity,Must,"GrounUp shall implement governed audit integrity control 458 across tenant, user, service, data, API, AI, infrastructure and operational boundaries with explicit ownership, policy, evidence, monitoring and lifecycle management.","Control 458 passes when allow/deny behavior, tenant isolation, least privilege, audit evidence, threat/failure handling, key/secret lifecycle, monitoring and mapped security tests are verified.",v1.0.0,Implementation-ready
P28-REQ-459,Threat Detection,Must,"GrounUp shall implement governed threat detection control 459 across tenant, user, service, data, API, AI, infrastructure and operational boundaries with explicit ownership, policy, evidence, monitoring and lifecycle management.","Control 459 passes when allow/deny behavior, tenant isolation, least privilege, audit evidence, threat/failure handling, key/secret lifecycle, monitoring and mapped security tests are verified.",v1.0.0,Implementation-ready
P28-REQ-460,Anomaly Detection,Must,"GrounUp shall implement governed anomaly detection control 460 across tenant, user, service, data, API, AI, infrastructure and operational boundaries with explicit ownership, policy, evidence, monitoring and lifecycle management.","Control 460 passes when allow/deny behavior, tenant isolation, least privilege, audit evidence, threat/failure handling, key/secret lifecycle, monitoring and mapped security tests are verified.",v1.0.0,Implementation-ready
P28-REQ-461,Security Alerting,Must,"GrounUp shall implement governed security alerting control 461 across tenant, user, service, data, API, AI, infrastructure and operational boundaries with explicit ownership, policy, evidence, monitoring and lifecycle management.","Control 461 passes when allow/deny behavior, tenant isolation, least privilege, audit evidence, threat/failure handling, key/secret lifecycle, monitoring and mapped security tests are verified.",v1.0.0,Implementation-ready
P28-REQ-462,Incident Response,Must,"GrounUp shall implement governed incident response control 462 across tenant, user, service, data, API, AI, infrastructure and operational boundaries with explicit ownership, policy, evidence, monitoring and lifecycle management.","Control 462 passes when allow/deny behavior, tenant isolation, least privilege, audit evidence, threat/failure handling, key/secret lifecycle, monitoring and mapped security tests are verified.",v1.0.0,Implementation-ready
P28-REQ-463,Forensic Evidence,Must,"GrounUp shall implement governed forensic evidence control 463 across tenant, user, service, data, API, AI, infrastructure and operational boundaries with explicit ownership, policy, evidence, monitoring and lifecycle management.","Control 463 passes when allow/deny behavior, tenant isolation, least privilege, audit evidence, threat/failure handling, key/secret lifecycle, monitoring and mapped security tests are verified.",v1.0.0,Implementation-ready
P28-REQ-464,Access Reviews,Must,"GrounUp shall implement governed access reviews control 464 across tenant, user, service, data, API, AI, infrastructure and operational boundaries with explicit ownership, policy, evidence, monitoring and lifecycle management.","Control 464 passes when allow/deny behavior, tenant isolation, least privilege, audit evidence, threat/failure handling, key/secret lifecycle, monitoring and mapped security tests are verified.",v1.0.0,Implementation-ready
P28-REQ-465,Segregation of Duties,Must,"GrounUp shall implement governed segregation of duties control 465 across tenant, user, service, data, API, AI, infrastructure and operational boundaries with explicit ownership, policy, evidence, monitoring and lifecycle management.","Control 465 passes when allow/deny behavior, tenant isolation, least privilege, audit evidence, threat/failure handling, key/secret lifecycle, monitoring and mapped security tests are verified.",v1.0.0,Implementation-ready
P28-REQ-466,Compliance Evidence,Should,"GrounUp shall implement governed compliance evidence control 466 across tenant, user, service, data, API, AI, infrastructure and operational boundaries with explicit ownership, policy, evidence, monitoring and lifecycle management.","Control 466 passes when allow/deny behavior, tenant isolation, least privilege, audit evidence, threat/failure handling, key/secret lifecycle, monitoring and mapped security tests are verified.",v1.0.0,Implementation-ready
P28-REQ-467,Policy Attestation,Should,"GrounUp shall implement governed policy attestation control 467 across tenant, user, service, data, API, AI, infrastructure and operational boundaries with explicit ownership, policy, evidence, monitoring and lifecycle management.","Control 467 passes when allow/deny behavior, tenant isolation, least privilege, audit evidence, threat/failure handling, key/secret lifecycle, monitoring and mapped security tests are verified.",v1.0.0,Implementation-ready
P28-REQ-468,Backup Security,Should,"GrounUp shall implement governed backup security control 468 across tenant, user, service, data, API, AI, infrastructure and operational boundaries with explicit ownership, policy, evidence, monitoring and lifecycle management.","Control 468 passes when allow/deny behavior, tenant isolation, least privilege, audit evidence, threat/failure handling, key/secret lifecycle, monitoring and mapped security tests are verified.",v1.0.0,Implementation-ready
P28-REQ-469,Disaster Recovery Security,Should,"GrounUp shall implement governed disaster recovery security control 469 across tenant, user, service, data, API, AI, infrastructure and operational boundaries with explicit ownership, policy, evidence, monitoring and lifecycle management.","Control 469 passes when allow/deny behavior, tenant isolation, least privilege, audit evidence, threat/failure handling, key/secret lifecycle, monitoring and mapped security tests are verified.",v1.0.0,Implementation-ready
P28-REQ-470,Security Exceptions,Should,"GrounUp shall implement governed security exceptions control 470 across tenant, user, service, data, API, AI, infrastructure and operational boundaries with explicit ownership, policy, evidence, monitoring and lifecycle management.","Control 470 passes when allow/deny behavior, tenant isolation, least privilege, audit evidence, threat/failure handling, key/secret lifecycle, monitoring and mapped security tests are verified.",v1.0.0,Implementation-ready
P28-REQ-471,Security Metrics,Should,"GrounUp shall implement governed security metrics control 471 across tenant, user, service, data, API, AI, infrastructure and operational boundaries with explicit ownership, policy, evidence, monitoring and lifecycle management.","Control 471 passes when allow/deny behavior, tenant isolation, least privilege, audit evidence, threat/failure handling, key/secret lifecycle, monitoring and mapped security tests are verified.",v1.0.0,Implementation-ready
P28-REQ-472,Security Administration,Should,"GrounUp shall implement governed security administration control 472 across tenant, user, service, data, API, AI, infrastructure and operational boundaries with explicit ownership, policy, evidence, monitoring and lifecycle management.","Control 472 passes when allow/deny behavior, tenant isolation, least privilege, audit evidence, threat/failure handling, key/secret lifecycle, monitoring and mapped security tests are verified.",v1.0.0,Implementation-ready
P28-REQ-473,Security Architecture,Should,"GrounUp shall implement governed security architecture control 473 across tenant, user, service, data, API, AI, infrastructure and operational boundaries with explicit ownership, policy, evidence, monitoring and lifecycle management.","Control 473 passes when allow/deny behavior, tenant isolation, least privilege, audit evidence, threat/failure handling, key/secret lifecycle, monitoring and mapped security tests are verified.",v1.0.0,Implementation-ready
P28-REQ-474,Identity Governance,Should,"GrounUp shall implement governed identity governance control 474 across tenant, user, service, data, API, AI, infrastructure and operational boundaries with explicit ownership, policy, evidence, monitoring and lifecycle management.","Control 474 passes when allow/deny behavior, tenant isolation, least privilege, audit evidence, threat/failure handling, key/secret lifecycle, monitoring and mapped security tests are verified.",v1.0.0,Implementation-ready
P28-REQ-475,Authentication,Should,"GrounUp shall implement governed authentication control 475 across tenant, user, service, data, API, AI, infrastructure and operational boundaries with explicit ownership, policy, evidence, monitoring and lifecycle management.","Control 475 passes when allow/deny behavior, tenant isolation, least privilege, audit evidence, threat/failure handling, key/secret lifecycle, monitoring and mapped security tests are verified.",v1.0.0,Implementation-ready
P28-REQ-476,MFA,Should,"GrounUp shall implement governed mfa control 476 across tenant, user, service, data, API, AI, infrastructure and operational boundaries with explicit ownership, policy, evidence, monitoring and lifecycle management.","Control 476 passes when allow/deny behavior, tenant isolation, least privilege, audit evidence, threat/failure handling, key/secret lifecycle, monitoring and mapped security tests are verified.",v1.0.0,Implementation-ready
P28-REQ-477,SSO Federation,Should,"GrounUp shall implement governed sso federation control 477 across tenant, user, service, data, API, AI, infrastructure and operational boundaries with explicit ownership, policy, evidence, monitoring and lifecycle management.","Control 477 passes when allow/deny behavior, tenant isolation, least privilege, audit evidence, threat/failure handling, key/secret lifecycle, monitoring and mapped security tests are verified.",v1.0.0,Implementation-ready
P28-REQ-478,SCIM Provisioning,Should,"GrounUp shall implement governed scim provisioning control 478 across tenant, user, service, data, API, AI, infrastructure and operational boundaries with explicit ownership, policy, evidence, monitoring and lifecycle management.","Control 478 passes when allow/deny behavior, tenant isolation, least privilege, audit evidence, threat/failure handling, key/secret lifecycle, monitoring and mapped security tests are verified.",v1.0.0,Implementation-ready
P28-REQ-479,Role-Based Access,Should,"GrounUp shall implement governed role-based access control 479 across tenant, user, service, data, API, AI, infrastructure and operational boundaries with explicit ownership, policy, evidence, monitoring and lifecycle management.","Control 479 passes when allow/deny behavior, tenant isolation, least privilege, audit evidence, threat/failure handling, key/secret lifecycle, monitoring and mapped security tests are verified.",v1.0.0,Implementation-ready
P28-REQ-480,Attribute-Based Access,Should,"GrounUp shall implement governed attribute-based access control 480 across tenant, user, service, data, API, AI, infrastructure and operational boundaries with explicit ownership, policy, evidence, monitoring and lifecycle management.","Control 480 passes when allow/deny behavior, tenant isolation, least privilege, audit evidence, threat/failure handling, key/secret lifecycle, monitoring and mapped security tests are verified.",v1.0.0,Implementation-ready
P28-REQ-481,Policy Decision,Should,"GrounUp shall implement governed policy decision control 481 across tenant, user, service, data, API, AI, infrastructure and operational boundaries with explicit ownership, policy, evidence, monitoring and lifecycle management.","Control 481 passes when allow/deny behavior, tenant isolation, least privilege, audit evidence, threat/failure handling, key/secret lifecycle, monitoring and mapped security tests are verified.",v1.0.0,Implementation-ready
P28-REQ-482,Policy Enforcement,Should,"GrounUp shall implement governed policy enforcement control 482 across tenant, user, service, data, API, AI, infrastructure and operational boundaries with explicit ownership, policy, evidence, monitoring and lifecycle management.","Control 482 passes when allow/deny behavior, tenant isolation, least privilege, audit evidence, threat/failure handling, key/secret lifecycle, monitoring and mapped security tests are verified.",v1.0.0,Implementation-ready
P28-REQ-483,Privileged Access,Should,"GrounUp shall implement governed privileged access control 483 across tenant, user, service, data, API, AI, infrastructure and operational boundaries with explicit ownership, policy, evidence, monitoring and lifecycle management.","Control 483 passes when allow/deny behavior, tenant isolation, least privilege, audit evidence, threat/failure handling, key/secret lifecycle, monitoring and mapped security tests are verified.",v1.0.0,Implementation-ready
P28-REQ-484,Service Identities,Should,"GrounUp shall implement governed service identities control 484 across tenant, user, service, data, API, AI, infrastructure and operational boundaries with explicit ownership, policy, evidence, monitoring and lifecycle management.","Control 484 passes when allow/deny behavior, tenant isolation, least privilege, audit evidence, threat/failure handling, key/secret lifecycle, monitoring and mapped security tests are verified.",v1.0.0,Implementation-ready
P28-REQ-485,Machine Identities,Should,"GrounUp shall implement governed machine identities control 485 across tenant, user, service, data, API, AI, infrastructure and operational boundaries with explicit ownership, policy, evidence, monitoring and lifecycle management.","Control 485 passes when allow/deny behavior, tenant isolation, least privilege, audit evidence, threat/failure handling, key/secret lifecycle, monitoring and mapped security tests are verified.",v1.0.0,Implementation-ready
P28-REQ-486,Session Security,Should,"GrounUp shall implement governed session security control 486 across tenant, user, service, data, API, AI, infrastructure and operational boundaries with explicit ownership, policy, evidence, monitoring and lifecycle management.","Control 486 passes when allow/deny behavior, tenant isolation, least privilege, audit evidence, threat/failure handling, key/secret lifecycle, monitoring and mapped security tests are verified.",v1.0.0,Implementation-ready
P28-REQ-487,Zero Trust,Should,"GrounUp shall implement governed zero trust control 487 across tenant, user, service, data, API, AI, infrastructure and operational boundaries with explicit ownership, policy, evidence, monitoring and lifecycle management.","Control 487 passes when allow/deny behavior, tenant isolation, least privilege, audit evidence, threat/failure handling, key/secret lifecycle, monitoring and mapped security tests are verified.",v1.0.0,Implementation-ready
P28-REQ-488,Tenant Isolation,Should,"GrounUp shall implement governed tenant isolation control 488 across tenant, user, service, data, API, AI, infrastructure and operational boundaries with explicit ownership, policy, evidence, monitoring and lifecycle management.","Control 488 passes when allow/deny behavior, tenant isolation, least privilege, audit evidence, threat/failure handling, key/secret lifecycle, monitoring and mapped security tests are verified.",v1.0.0,Implementation-ready
P28-REQ-489,Project/Record Access,Should,"GrounUp shall implement governed project/record access control 489 across tenant, user, service, data, API, AI, infrastructure and operational boundaries with explicit ownership, policy, evidence, monitoring and lifecycle management.","Control 489 passes when allow/deny behavior, tenant isolation, least privilege, audit evidence, threat/failure handling, key/secret lifecycle, monitoring and mapped security tests are verified.",v1.0.0,Implementation-ready
P28-REQ-490,Data Classification,Should,"GrounUp shall implement governed data classification control 490 across tenant, user, service, data, API, AI, infrastructure and operational boundaries with explicit ownership, policy, evidence, monitoring and lifecycle management.","Control 490 passes when allow/deny behavior, tenant isolation, least privilege, audit evidence, threat/failure handling, key/secret lifecycle, monitoring and mapped security tests are verified.",v1.0.0,Implementation-ready
P28-REQ-491,Privacy Controls,Should,"GrounUp shall implement governed privacy controls control 491 across tenant, user, service, data, API, AI, infrastructure and operational boundaries with explicit ownership, policy, evidence, monitoring and lifecycle management.","Control 491 passes when allow/deny behavior, tenant isolation, least privilege, audit evidence, threat/failure handling, key/secret lifecycle, monitoring and mapped security tests are verified.",v1.0.0,Implementation-ready
P28-REQ-492,Data Minimization,Should,"GrounUp shall implement governed data minimization control 492 across tenant, user, service, data, API, AI, infrastructure and operational boundaries with explicit ownership, policy, evidence, monitoring and lifecycle management.","Control 492 passes when allow/deny behavior, tenant isolation, least privilege, audit evidence, threat/failure handling, key/secret lifecycle, monitoring and mapped security tests are verified.",v1.0.0,Implementation-ready
P28-REQ-493,Retention & Deletion,Should,"GrounUp shall implement governed retention & deletion control 493 across tenant, user, service, data, API, AI, infrastructure and operational boundaries with explicit ownership, policy, evidence, monitoring and lifecycle management.","Control 493 passes when allow/deny behavior, tenant isolation, least privilege, audit evidence, threat/failure handling, key/secret lifecycle, monitoring and mapped security tests are verified.",v1.0.0,Implementation-ready
P28-REQ-494,Encryption at Rest,Should,"GrounUp shall implement governed encryption at rest control 494 across tenant, user, service, data, API, AI, infrastructure and operational boundaries with explicit ownership, policy, evidence, monitoring and lifecycle management.","Control 494 passes when allow/deny behavior, tenant isolation, least privilege, audit evidence, threat/failure handling, key/secret lifecycle, monitoring and mapped security tests are verified.",v1.0.0,Implementation-ready
P28-REQ-495,Encryption in Transit,Should,"GrounUp shall implement governed encryption in transit control 495 across tenant, user, service, data, API, AI, infrastructure and operational boundaries with explicit ownership, policy, evidence, monitoring and lifecycle management.","Control 495 passes when allow/deny behavior, tenant isolation, least privilege, audit evidence, threat/failure handling, key/secret lifecycle, monitoring and mapped security tests are verified.",v1.0.0,Implementation-ready
P28-REQ-496,Key Management,Should,"GrounUp shall implement governed key management control 496 across tenant, user, service, data, API, AI, infrastructure and operational boundaries with explicit ownership, policy, evidence, monitoring and lifecycle management.","Control 496 passes when allow/deny behavior, tenant isolation, least privilege, audit evidence, threat/failure handling, key/secret lifecycle, monitoring and mapped security tests are verified.",v1.0.0,Implementation-ready
P28-REQ-497,Secrets Management,Should,"GrounUp shall implement governed secrets management control 497 across tenant, user, service, data, API, AI, infrastructure and operational boundaries with explicit ownership, policy, evidence, monitoring and lifecycle management.","Control 497 passes when allow/deny behavior, tenant isolation, least privilege, audit evidence, threat/failure handling, key/secret lifecycle, monitoring and mapped security tests are verified.",v1.0.0,Implementation-ready
P28-REQ-498,Certificate Management,Should,"GrounUp shall implement governed certificate management control 498 across tenant, user, service, data, API, AI, infrastructure and operational boundaries with explicit ownership, policy, evidence, monitoring and lifecycle management.","Control 498 passes when allow/deny behavior, tenant isolation, least privilege, audit evidence, threat/failure handling, key/secret lifecycle, monitoring and mapped security tests are verified.",v1.0.0,Implementation-ready
P28-REQ-499,Token Security,Should,"GrounUp shall implement governed token security control 499 across tenant, user, service, data, API, AI, infrastructure and operational boundaries with explicit ownership, policy, evidence, monitoring and lifecycle management.","Control 499 passes when allow/deny behavior, tenant isolation, least privilege, audit evidence, threat/failure handling, key/secret lifecycle, monitoring and mapped security tests are verified.",v1.0.0,Implementation-ready
P28-REQ-500,API Security,Should,"GrounUp shall implement governed api security control 500 across tenant, user, service, data, API, AI, infrastructure and operational boundaries with explicit ownership, policy, evidence, monitoring and lifecycle management.","Control 500 passes when allow/deny behavior, tenant isolation, least privilege, audit evidence, threat/failure handling, key/secret lifecycle, monitoring and mapped security tests are verified.",v1.0.0,Implementation-ready
