requirement_id,domain,priority,requirement,acceptance_criteria,version
P13-REQ-001,Executive Command Center,Must,"GrounUp shall provide governed executive command center capability 1 with tenant isolation, role-based access, auditability, source lineage, freshness metadata, and traceable acceptance evidence.","Acceptance evidence demonstrates requirement 1 works for authorized roles, rejects unauthorized access, preserves lineage, and produces auditable results.",v1.0.0
P13-REQ-002,Semantic Metrics Layer,Must,"GrounUp shall provide governed semantic metrics layer capability 2 with tenant isolation, role-based access, auditability, source lineage, freshness metadata, and traceable acceptance evidence.","Acceptance evidence demonstrates requirement 2 works for authorized roles, rejects unauthorized access, preserves lineage, and produces auditable results.",v1.0.0
P13-REQ-003,Operational Intelligence,Must,"GrounUp shall provide governed operational intelligence capability 3 with tenant isolation, role-based access, auditability, source lineage, freshness metadata, and traceable acceptance evidence.","Acceptance evidence demonstrates requirement 3 works for authorized roles, rejects unauthorized access, preserves lineage, and produces auditable results.",v1.0.0
P13-REQ-004,Financial Intelligence,Must,"GrounUp shall provide governed financial intelligence capability 4 with tenant isolation, role-based access, auditability, source lineage, freshness metadata, and traceable acceptance evidence.","Acceptance evidence demonstrates requirement 4 works for authorized roles, rejects unauthorized access, preserves lineage, and produces auditable results.",v1.0.0
P13-REQ-005,Project Intelligence,Must,"GrounUp shall provide governed project intelligence capability 5 with tenant isolation, role-based access, auditability, source lineage, freshness metadata, and traceable acceptance evidence.","Acceptance evidence demonstrates requirement 5 works for authorized roles, rejects unauthorized access, preserves lineage, and produces auditable results.",v1.0.0
P13-REQ-006,Estimating Intelligence,Must,"GrounUp shall provide governed estimating intelligence capability 6 with tenant isolation, role-based access, auditability, source lineage, freshness metadata, and traceable acceptance evidence.","Acceptance evidence demonstrates requirement 6 works for authorized roles, rejects unauthorized access, preserves lineage, and produces auditable results.",v1.0.0
P13-REQ-007,CRM & Market Intelligence,Must,"GrounUp shall provide governed crm & market intelligence capability 7 with tenant isolation, role-based access, auditability, source lineage, freshness metadata, and traceable acceptance evidence.","Acceptance evidence demonstrates requirement 7 works for authorized roles, rejects unauthorized access, preserves lineage, and produces auditable results.",v1.0.0
P13-REQ-008,Workforce Intelligence,Must,"GrounUp shall provide governed workforce intelligence capability 8 with tenant isolation, role-based access, auditability, source lineage, freshness metadata, and traceable acceptance evidence.","Acceptance evidence demonstrates requirement 8 works for authorized roles, rejects unauthorized access, preserves lineage, and produces auditable results.",v1.0.0
P13-REQ-009,Procurement Intelligence,Must,"GrounUp shall provide governed procurement intelligence capability 9 with tenant isolation, role-based access, auditability, source lineage, freshness metadata, and traceable acceptance evidence.","Acceptance evidence demonstrates requirement 9 works for authorized roles, rejects unauthorized access, preserves lineage, and produces auditable results.",v1.0.0
P13-REQ-010,Fleet Intelligence,Must,"GrounUp shall provide governed fleet intelligence capability 10 with tenant isolation, role-based access, auditability, source lineage, freshness metadata, and traceable acceptance evidence.","Acceptance evidence demonstrates requirement 10 works for authorized roles, rejects unauthorized access, preserves lineage, and produces auditable results.",v1.0.0
P13-REQ-011,"Safety, Quality & Compliance Analytics",Must,"GrounUp shall provide governed safety, quality & compliance analytics capability 11 with tenant isolation, role-based access, auditability, source lineage, freshness metadata, and traceable acceptance evidence.","Acceptance evidence demonstrates requirement 11 works for authorized roles, rejects unauthorized access, preserves lineage, and produces auditable results.",v1.0.0
P13-REQ-012,Portfolio & Program Intelligence,Must,"GrounUp shall provide governed portfolio & program intelligence capability 12 with tenant isolation, role-based access, auditability, source lineage, freshness metadata, and traceable acceptance evidence.","Acceptance evidence demonstrates requirement 12 works for authorized roles, rejects unauthorized access, preserves lineage, and produces auditable results.",v1.0.0
P13-REQ-013,Forecasting & Scenario Planning,Must,"GrounUp shall provide governed forecasting & scenario planning capability 13 with tenant isolation, role-based access, auditability, source lineage, freshness metadata, and traceable acceptance evidence.","Acceptance evidence demonstrates requirement 13 works for authorized roles, rejects unauthorized access, preserves lineage, and produces auditable results.",v1.0.0
P13-REQ-014,AI Decision Intelligence,Must,"GrounUp shall provide governed ai decision intelligence capability 14 with tenant isolation, role-based access, auditability, source lineage, freshness metadata, and traceable acceptance evidence.","Acceptance evidence demonstrates requirement 14 works for authorized roles, rejects unauthorized access, preserves lineage, and produces auditable results.",v1.0.0
P13-REQ-015,Data Platform & Lineage,Must,"GrounUp shall provide governed data platform & lineage capability 15 with tenant isolation, role-based access, auditability, source lineage, freshness metadata, and traceable acceptance evidence.","Acceptance evidence demonstrates requirement 15 works for authorized roles, rejects unauthorized access, preserves lineage, and produces auditable results.",v1.0.0
P13-REQ-016,Reporting & Distribution,Must,"GrounUp shall provide governed reporting & distribution capability 16 with tenant isolation, role-based access, auditability, source lineage, freshness metadata, and traceable acceptance evidence.","Acceptance evidence demonstrates requirement 16 works for authorized roles, rejects unauthorized access, preserves lineage, and produces auditable results.",v1.0.0
P13-REQ-017,Self-Service Analytics,Must,"GrounUp shall provide governed self-service analytics capability 17 with tenant isolation, role-based access, auditability, source lineage, freshness metadata, and traceable acceptance evidence.","Acceptance evidence demonstrates requirement 17 works for authorized roles, rejects unauthorized access, preserves lineage, and produces auditable results.",v1.0.0
P13-REQ-018,Enterprise Digital Twin,Must,"GrounUp shall provide governed enterprise digital twin capability 18 with tenant isolation, role-based access, auditability, source lineage, freshness metadata, and traceable acceptance evidence.","Acceptance evidence demonstrates requirement 18 works for authorized roles, rejects unauthorized access, preserves lineage, and produces auditable results.",v1.0.0
P13-REQ-019,Executive Command Center,Must,"GrounUp shall provide governed executive command center capability 19 with tenant isolation, role-based access, auditability, source lineage, freshness metadata, and traceable acceptance evidence.","Acceptance evidence demonstrates requirement 19 works for authorized roles, rejects unauthorized access, preserves lineage, and produces auditable results.",v1.0.0
P13-REQ-020,Semantic Metrics Layer,Must,"GrounUp shall provide governed semantic metrics layer capability 20 with tenant isolation, role-based access, auditability, source lineage, freshness metadata, and traceable acceptance evidence.","Acceptance evidence demonstrates requirement 20 works for authorized roles, rejects unauthorized access, preserves lineage, and produces auditable results.",v1.0.0
P13-REQ-021,Operational Intelligence,Must,"GrounUp shall provide governed operational intelligence capability 21 with tenant isolation, role-based access, auditability, source lineage, freshness metadata, and traceable acceptance evidence.","Acceptance evidence demonstrates requirement 21 works for authorized roles, rejects unauthorized access, preserves lineage, and produces auditable results.",v1.0.0
P13-REQ-022,Financial Intelligence,Must,"GrounUp shall provide governed financial intelligence capability 22 with tenant isolation, role-based access, auditability, source lineage, freshness metadata, and traceable acceptance evidence.","Acceptance evidence demonstrates requirement 22 works for authorized roles, rejects unauthorized access, preserves lineage, and produces auditable results.",v1.0.0
P13-REQ-023,Project Intelligence,Must,"GrounUp shall provide governed project intelligence capability 23 with tenant isolation, role-based access, auditability, source lineage, freshness metadata, and traceable acceptance evidence.","Acceptance evidence demonstrates requirement 23 works for authorized roles, rejects unauthorized access, preserves lineage, and produces auditable results.",v1.0.0
P13-REQ-024,Estimating Intelligence,Must,"GrounUp shall provide governed estimating intelligence capability 24 with tenant isolation, role-based access, auditability, source lineage, freshness metadata, and traceable acceptance evidence.","Acceptance evidence demonstrates requirement 24 works for authorized roles, rejects unauthorized access, preserves lineage, and produces auditable results.",v1.0.0
P13-REQ-025,CRM & Market Intelligence,Must,"GrounUp shall provide governed crm & market intelligence capability 25 with tenant isolation, role-based access, auditability, source lineage, freshness metadata, and traceable acceptance evidence.","Acceptance evidence demonstrates requirement 25 works for authorized roles, rejects unauthorized access, preserves lineage, and produces auditable results.",v1.0.0
P13-REQ-026,Workforce Intelligence,Must,"GrounUp shall provide governed workforce intelligence capability 26 with tenant isolation, role-based access, auditability, source lineage, freshness metadata, and traceable acceptance evidence.","Acceptance evidence demonstrates requirement 26 works for authorized roles, rejects unauthorized access, preserves lineage, and produces auditable results.",v1.0.0
P13-REQ-027,Procurement Intelligence,Must,"GrounUp shall provide governed procurement intelligence capability 27 with tenant isolation, role-based access, auditability, source lineage, freshness metadata, and traceable acceptance evidence.","Acceptance evidence demonstrates requirement 27 works for authorized roles, rejects unauthorized access, preserves lineage, and produces auditable results.",v1.0.0
P13-REQ-028,Fleet Intelligence,Must,"GrounUp shall provide governed fleet intelligence capability 28 with tenant isolation, role-based access, auditability, source lineage, freshness metadata, and traceable acceptance evidence.","Acceptance evidence demonstrates requirement 28 works for authorized roles, rejects unauthorized access, preserves lineage, and produces auditable results.",v1.0.0
P13-REQ-029,"Safety, Quality & Compliance Analytics",Must,"GrounUp shall provide governed safety, quality & compliance analytics capability 29 with tenant isolation, role-based access, auditability, source lineage, freshness metadata, and traceable acceptance evidence.","Acceptance evidence demonstrates requirement 29 works for authorized roles, rejects unauthorized access, preserves lineage, and produces auditable results.",v1.0.0
P13-REQ-030,Portfolio & Program Intelligence,Must,"GrounUp shall provide governed portfolio & program intelligence capability 30 with tenant isolation, role-based access, auditability, source lineage, freshness metadata, and traceable acceptance evidence.","Acceptance evidence demonstrates requirement 30 works for authorized roles, rejects unauthorized access, preserves lineage, and produces auditable results.",v1.0.0
P13-REQ-031,Forecasting & Scenario Planning,Must,"GrounUp shall provide governed forecasting & scenario planning capability 31 with tenant isolation, role-based access, auditability, source lineage, freshness metadata, and traceable acceptance evidence.","Acceptance evidence demonstrates requirement 31 works for authorized roles, rejects unauthorized access, preserves lineage, and produces auditable results.",v1.0.0
P13-REQ-032,AI Decision Intelligence,Must,"GrounUp shall provide governed ai decision intelligence capability 32 with tenant isolation, role-based access, auditability, source lineage, freshness metadata, and traceable acceptance evidence.","Acceptance evidence demonstrates requirement 32 works for authorized roles, rejects unauthorized access, preserves lineage, and produces auditable results.",v1.0.0
P13-REQ-033,Data Platform & Lineage,Must,"GrounUp shall provide governed data platform & lineage capability 33 with tenant isolation, role-based access, auditability, source lineage, freshness metadata, and traceable acceptance evidence.","Acceptance evidence demonstrates requirement 33 works for authorized roles, rejects unauthorized access, preserves lineage, and produces auditable results.",v1.0.0
P13-REQ-034,Reporting & Distribution,Must,"GrounUp shall provide governed reporting & distribution capability 34 with tenant isolation, role-based access, auditability, source lineage, freshness metadata, and traceable acceptance evidence.","Acceptance evidence demonstrates requirement 34 works for authorized roles, rejects unauthorized access, preserves lineage, and produces auditable results.",v1.0.0
P13-REQ-035,Self-Service Analytics,Must,"GrounUp shall provide governed self-service analytics capability 35 with tenant isolation, role-based access, auditability, source lineage, freshness metadata, and traceable acceptance evidence.","Acceptance evidence demonstrates requirement 35 works for authorized roles, rejects unauthorized access, preserves lineage, and produces auditable results.",v1.0.0
P13-REQ-036,Enterprise Digital Twin,Must,"GrounUp shall provide governed enterprise digital twin capability 36 with tenant isolation, role-based access, auditability, source lineage, freshness metadata, and traceable acceptance evidence.","Acceptance evidence demonstrates requirement 36 works for authorized roles, rejects unauthorized access, preserves lineage, and produces auditable results.",v1.0.0
P13-REQ-037,Executive Command Center,Must,"GrounUp shall provide governed executive command center capability 37 with tenant isolation, role-based access, auditability, source lineage, freshness metadata, and traceable acceptance evidence.","Acceptance evidence demonstrates requirement 37 works for authorized roles, rejects unauthorized access, preserves lineage, and produces auditable results.",v1.0.0
P13-REQ-038,Semantic Metrics Layer,Must,"GrounUp shall provide governed semantic metrics layer capability 38 with tenant isolation, role-based access, auditability, source lineage, freshness metadata, and traceable acceptance evidence.","Acceptance evidence demonstrates requirement 38 works for authorized roles, rejects unauthorized access, preserves lineage, and produces auditable results.",v1.0.0
P13-REQ-039,Operational Intelligence,Must,"GrounUp shall provide governed operational intelligence capability 39 with tenant isolation, role-based access, auditability, source lineage, freshness metadata, and traceable acceptance evidence.","Acceptance evidence demonstrates requirement 39 works for authorized roles, rejects unauthorized access, preserves lineage, and produces auditable results.",v1.0.0
P13-REQ-040,Financial Intelligence,Must,"GrounUp shall provide governed financial intelligence capability 40 with tenant isolation, role-based access, auditability, source lineage, freshness metadata, and traceable acceptance evidence.","Acceptance evidence demonstrates requirement 40 works for authorized roles, rejects unauthorized access, preserves lineage, and produces auditable results.",v1.0.0
P13-REQ-041,Project Intelligence,Must,"GrounUp shall provide governed project intelligence capability 41 with tenant isolation, role-based access, auditability, source lineage, freshness metadata, and traceable acceptance evidence.","Acceptance evidence demonstrates requirement 41 works for authorized roles, rejects unauthorized access, preserves lineage, and produces auditable results.",v1.0.0
P13-REQ-042,Estimating Intelligence,Must,"GrounUp shall provide governed estimating intelligence capability 42 with tenant isolation, role-based access, auditability, source lineage, freshness metadata, and traceable acceptance evidence.","Acceptance evidence demonstrates requirement 42 works for authorized roles, rejects unauthorized access, preserves lineage, and produces auditable results.",v1.0.0
P13-REQ-043,CRM & Market Intelligence,Must,"GrounUp shall provide governed crm & market intelligence capability 43 with tenant isolation, role-based access, auditability, source lineage, freshness metadata, and traceable acceptance evidence.","Acceptance evidence demonstrates requirement 43 works for authorized roles, rejects unauthorized access, preserves lineage, and produces auditable results.",v1.0.0
P13-REQ-044,Workforce Intelligence,Must,"GrounUp shall provide governed workforce intelligence capability 44 with tenant isolation, role-based access, auditability, source lineage, freshness metadata, and traceable acceptance evidence.","Acceptance evidence demonstrates requirement 44 works for authorized roles, rejects unauthorized access, preserves lineage, and produces auditable results.",v1.0.0
P13-REQ-045,Procurement Intelligence,Must,"GrounUp shall provide governed procurement intelligence capability 45 with tenant isolation, role-based access, auditability, source lineage, freshness metadata, and traceable acceptance evidence.","Acceptance evidence demonstrates requirement 45 works for authorized roles, rejects unauthorized access, preserves lineage, and produces auditable results.",v1.0.0
P13-REQ-046,Fleet Intelligence,Must,"GrounUp shall provide governed fleet intelligence capability 46 with tenant isolation, role-based access, auditability, source lineage, freshness metadata, and traceable acceptance evidence.","Acceptance evidence demonstrates requirement 46 works for authorized roles, rejects unauthorized access, preserves lineage, and produces auditable results.",v1.0.0
P13-REQ-047,"Safety, Quality & Compliance Analytics",Must,"GrounUp shall provide governed safety, quality & compliance analytics capability 47 with tenant isolation, role-based access, auditability, source lineage, freshness metadata, and traceable acceptance evidence.","Acceptance evidence demonstrates requirement 47 works for authorized roles, rejects unauthorized access, preserves lineage, and produces auditable results.",v1.0.0
P13-REQ-048,Portfolio & Program Intelligence,Must,"GrounUp shall provide governed portfolio & program intelligence capability 48 with tenant isolation, role-based access, auditability, source lineage, freshness metadata, and traceable acceptance evidence.","Acceptance evidence demonstrates requirement 48 works for authorized roles, rejects unauthorized access, preserves lineage, and produces auditable results.",v1.0.0
P13-REQ-049,Forecasting & Scenario Planning,Must,"GrounUp shall provide governed forecasting & scenario planning capability 49 with tenant isolation, role-based access, auditability, source lineage, freshness metadata, and traceable acceptance evidence.","Acceptance evidence demonstrates requirement 49 works for authorized roles, rejects unauthorized access, preserves lineage, and produces auditable results.",v1.0.0
P13-REQ-050,AI Decision Intelligence,Must,"GrounUp shall provide governed ai decision intelligence capability 50 with tenant isolation, role-based access, auditability, source lineage, freshness metadata, and traceable acceptance evidence.","Acceptance evidence demonstrates requirement 50 works for authorized roles, rejects unauthorized access, preserves lineage, and produces auditable results.",v1.0.0
P13-REQ-051,Data Platform & Lineage,Must,"GrounUp shall provide governed data platform & lineage capability 51 with tenant isolation, role-based access, auditability, source lineage, freshness metadata, and traceable acceptance evidence.","Acceptance evidence demonstrates requirement 51 works for authorized roles, rejects unauthorized access, preserves lineage, and produces auditable results.",v1.0.0
P13-REQ-052,Reporting & Distribution,Must,"GrounUp shall provide governed reporting & distribution capability 52 with tenant isolation, role-based access, auditability, source lineage, freshness metadata, and traceable acceptance evidence.","Acceptance evidence demonstrates requirement 52 works for authorized roles, rejects unauthorized access, preserves lineage, and produces auditable results.",v1.0.0
P13-REQ-053,Self-Service Analytics,Must,"GrounUp shall provide governed self-service analytics capability 53 with tenant isolation, role-based access, auditability, source lineage, freshness metadata, and traceable acceptance evidence.","Acceptance evidence demonstrates requirement 53 works for authorized roles, rejects unauthorized access, preserves lineage, and produces auditable results.",v1.0.0
P13-REQ-054,Enterprise Digital Twin,Must,"GrounUp shall provide governed enterprise digital twin capability 54 with tenant isolation, role-based access, auditability, source lineage, freshness metadata, and traceable acceptance evidence.","Acceptance evidence demonstrates requirement 54 works for authorized roles, rejects unauthorized access, preserves lineage, and produces auditable results.",v1.0.0
P13-REQ-055,Executive Command Center,Must,"GrounUp shall provide governed executive command center capability 55 with tenant isolation, role-based access, auditability, source lineage, freshness metadata, and traceable acceptance evidence.","Acceptance evidence demonstrates requirement 55 works for authorized roles, rejects unauthorized access, preserves lineage, and produces auditable results.",v1.0.0
P13-REQ-056,Semantic Metrics Layer,Must,"GrounUp shall provide governed semantic metrics layer capability 56 with tenant isolation, role-based access, auditability, source lineage, freshness metadata, and traceable acceptance evidence.","Acceptance evidence demonstrates requirement 56 works for authorized roles, rejects unauthorized access, preserves lineage, and produces auditable results.",v1.0.0
P13-REQ-057,Operational Intelligence,Must,"GrounUp shall provide governed operational intelligence capability 57 with tenant isolation, role-based access, auditability, source lineage, freshness metadata, and traceable acceptance evidence.","Acceptance evidence demonstrates requirement 57 works for authorized roles, rejects unauthorized access, preserves lineage, and produces auditable results.",v1.0.0
P13-REQ-058,Financial Intelligence,Must,"GrounUp shall provide governed financial intelligence capability 58 with tenant isolation, role-based access, auditability, source lineage, freshness metadata, and traceable acceptance evidence.","Acceptance evidence demonstrates requirement 58 works for authorized roles, rejects unauthorized access, preserves lineage, and produces auditable results.",v1.0.0
P13-REQ-059,Project Intelligence,Must,"GrounUp shall provide governed project intelligence capability 59 with tenant isolation, role-based access, auditability, source lineage, freshness metadata, and traceable acceptance evidence.","Acceptance evidence demonstrates requirement 59 works for authorized roles, rejects unauthorized access, preserves lineage, and produces auditable results.",v1.0.0
P13-REQ-060,Estimating Intelligence,Must,"GrounUp shall provide governed estimating intelligence capability 60 with tenant isolation, role-based access, auditability, source lineage, freshness metadata, and traceable acceptance evidence.","Acceptance evidence demonstrates requirement 60 works for authorized roles, rejects unauthorized access, preserves lineage, and produces auditable results.",v1.0.0
P13-REQ-061,CRM & Market Intelligence,Must,"GrounUp shall provide governed crm & market intelligence capability 61 with tenant isolation, role-based access, auditability, source lineage, freshness metadata, and traceable acceptance evidence.","Acceptance evidence demonstrates requirement 61 works for authorized roles, rejects unauthorized access, preserves lineage, and produces auditable results.",v1.0.0
P13-REQ-062,Workforce Intelligence,Must,"GrounUp shall provide governed workforce intelligence capability 62 with tenant isolation, role-based access, auditability, source lineage, freshness metadata, and traceable acceptance evidence.","Acceptance evidence demonstrates requirement 62 works for authorized roles, rejects unauthorized access, preserves lineage, and produces auditable results.",v1.0.0
P13-REQ-063,Procurement Intelligence,Must,"GrounUp shall provide governed procurement intelligence capability 63 with tenant isolation, role-based access, auditability, source lineage, freshness metadata, and traceable acceptance evidence.","Acceptance evidence demonstrates requirement 63 works for authorized roles, rejects unauthorized access, preserves lineage, and produces auditable results.",v1.0.0
P13-REQ-064,Fleet Intelligence,Must,"GrounUp shall provide governed fleet intelligence capability 64 with tenant isolation, role-based access, auditability, source lineage, freshness metadata, and traceable acceptance evidence.","Acceptance evidence demonstrates requirement 64 works for authorized roles, rejects unauthorized access, preserves lineage, and produces auditable results.",v1.0.0
P13-REQ-065,"Safety, Quality & Compliance Analytics",Must,"GrounUp shall provide governed safety, quality & compliance analytics capability 65 with tenant isolation, role-based access, auditability, source lineage, freshness metadata, and traceable acceptance evidence.","Acceptance evidence demonstrates requirement 65 works for authorized roles, rejects unauthorized access, preserves lineage, and produces auditable results.",v1.0.0
P13-REQ-066,Portfolio & Program Intelligence,Must,"GrounUp shall provide governed portfolio & program intelligence capability 66 with tenant isolation, role-based access, auditability, source lineage, freshness metadata, and traceable acceptance evidence.","Acceptance evidence demonstrates requirement 66 works for authorized roles, rejects unauthorized access, preserves lineage, and produces auditable results.",v1.0.0
P13-REQ-067,Forecasting & Scenario Planning,Must,"GrounUp shall provide governed forecasting & scenario planning capability 67 with tenant isolation, role-based access, auditability, source lineage, freshness metadata, and traceable acceptance evidence.","Acceptance evidence demonstrates requirement 67 works for authorized roles, rejects unauthorized access, preserves lineage, and produces auditable results.",v1.0.0
P13-REQ-068,AI Decision Intelligence,Must,"GrounUp shall provide governed ai decision intelligence capability 68 with tenant isolation, role-based access, auditability, source lineage, freshness metadata, and traceable acceptance evidence.","Acceptance evidence demonstrates requirement 68 works for authorized roles, rejects unauthorized access, preserves lineage, and produces auditable results.",v1.0.0
P13-REQ-069,Data Platform & Lineage,Must,"GrounUp shall provide governed data platform & lineage capability 69 with tenant isolation, role-based access, auditability, source lineage, freshness metadata, and traceable acceptance evidence.","Acceptance evidence demonstrates requirement 69 works for authorized roles, rejects unauthorized access, preserves lineage, and produces auditable results.",v1.0.0
P13-REQ-070,Reporting & Distribution,Must,"GrounUp shall provide governed reporting & distribution capability 70 with tenant isolation, role-based access, auditability, source lineage, freshness metadata, and traceable acceptance evidence.","Acceptance evidence demonstrates requirement 70 works for authorized roles, rejects unauthorized access, preserves lineage, and produces auditable results.",v1.0.0
P13-REQ-071,Self-Service Analytics,Must,"GrounUp shall provide governed self-service analytics capability 71 with tenant isolation, role-based access, auditability, source lineage, freshness metadata, and traceable acceptance evidence.","Acceptance evidence demonstrates requirement 71 works for authorized roles, rejects unauthorized access, preserves lineage, and produces auditable results.",v1.0.0
P13-REQ-072,Enterprise Digital Twin,Must,"GrounUp shall provide governed enterprise digital twin capability 72 with tenant isolation, role-based access, auditability, source lineage, freshness metadata, and traceable acceptance evidence.","Acceptance evidence demonstrates requirement 72 works for authorized roles, rejects unauthorized access, preserves lineage, and produces auditable results.",v1.0.0
P13-REQ-073,Executive Command Center,Must,"GrounUp shall provide governed executive command center capability 73 with tenant isolation, role-based access, auditability, source lineage, freshness metadata, and traceable acceptance evidence.","Acceptance evidence demonstrates requirement 73 works for authorized roles, rejects unauthorized access, preserves lineage, and produces auditable results.",v1.0.0
P13-REQ-074,Semantic Metrics Layer,Must,"GrounUp shall provide governed semantic metrics layer capability 74 with tenant isolation, role-based access, auditability, source lineage, freshness metadata, and traceable acceptance evidence.","Acceptance evidence demonstrates requirement 74 works for authorized roles, rejects unauthorized access, preserves lineage, and produces auditable results.",v1.0.0
P13-REQ-075,Operational Intelligence,Must,"GrounUp shall provide governed operational intelligence capability 75 with tenant isolation, role-based access, auditability, source lineage, freshness metadata, and traceable acceptance evidence.","Acceptance evidence demonstrates requirement 75 works for authorized roles, rejects unauthorized access, preserves lineage, and produces auditable results.",v1.0.0
P13-REQ-076,Financial Intelligence,Must,"GrounUp shall provide governed financial intelligence capability 76 with tenant isolation, role-based access, auditability, source lineage, freshness metadata, and traceable acceptance evidence.","Acceptance evidence demonstrates requirement 76 works for authorized roles, rejects unauthorized access, preserves lineage, and produces auditable results.",v1.0.0
P13-REQ-077,Project Intelligence,Must,"GrounUp shall provide governed project intelligence capability 77 with tenant isolation, role-based access, auditability, source lineage, freshness metadata, and traceable acceptance evidence.","Acceptance evidence demonstrates requirement 77 works for authorized roles, rejects unauthorized access, preserves lineage, and produces auditable results.",v1.0.0
P13-REQ-078,Estimating Intelligence,Must,"GrounUp shall provide governed estimating intelligence capability 78 with tenant isolation, role-based access, auditability, source lineage, freshness metadata, and traceable acceptance evidence.","Acceptance evidence demonstrates requirement 78 works for authorized roles, rejects unauthorized access, preserves lineage, and produces auditable results.",v1.0.0
P13-REQ-079,CRM & Market Intelligence,Must,"GrounUp shall provide governed crm & market intelligence capability 79 with tenant isolation, role-based access, auditability, source lineage, freshness metadata, and traceable acceptance evidence.","Acceptance evidence demonstrates requirement 79 works for authorized roles, rejects unauthorized access, preserves lineage, and produces auditable results.",v1.0.0
P13-REQ-080,Workforce Intelligence,Must,"GrounUp shall provide governed workforce intelligence capability 80 with tenant isolation, role-based access, auditability, source lineage, freshness metadata, and traceable acceptance evidence.","Acceptance evidence demonstrates requirement 80 works for authorized roles, rejects unauthorized access, preserves lineage, and produces auditable results.",v1.0.0
P13-REQ-081,Procurement Intelligence,Must,"GrounUp shall provide governed procurement intelligence capability 81 with tenant isolation, role-based access, auditability, source lineage, freshness metadata, and traceable acceptance evidence.","Acceptance evidence demonstrates requirement 81 works for authorized roles, rejects unauthorized access, preserves lineage, and produces auditable results.",v1.0.0
P13-REQ-082,Fleet Intelligence,Must,"GrounUp shall provide governed fleet intelligence capability 82 with tenant isolation, role-based access, auditability, source lineage, freshness metadata, and traceable acceptance evidence.","Acceptance evidence demonstrates requirement 82 works for authorized roles, rejects unauthorized access, preserves lineage, and produces auditable results.",v1.0.0
P13-REQ-083,"Safety, Quality & Compliance Analytics",Must,"GrounUp shall provide governed safety, quality & compliance analytics capability 83 with tenant isolation, role-based access, auditability, source lineage, freshness metadata, and traceable acceptance evidence.","Acceptance evidence demonstrates requirement 83 works for authorized roles, rejects unauthorized access, preserves lineage, and produces auditable results.",v1.0.0
P13-REQ-084,Portfolio & Program Intelligence,Must,"GrounUp shall provide governed portfolio & program intelligence capability 84 with tenant isolation, role-based access, auditability, source lineage, freshness metadata, and traceable acceptance evidence.","Acceptance evidence demonstrates requirement 84 works for authorized roles, rejects unauthorized access, preserves lineage, and produces auditable results.",v1.0.0
P13-REQ-085,Forecasting & Scenario Planning,Must,"GrounUp shall provide governed forecasting & scenario planning capability 85 with tenant isolation, role-based access, auditability, source lineage, freshness metadata, and traceable acceptance evidence.","Acceptance evidence demonstrates requirement 85 works for authorized roles, rejects unauthorized access, preserves lineage, and produces auditable results.",v1.0.0
P13-REQ-086,AI Decision Intelligence,Must,"GrounUp shall provide governed ai decision intelligence capability 86 with tenant isolation, role-based access, auditability, source lineage, freshness metadata, and traceable acceptance evidence.","Acceptance evidence demonstrates requirement 86 works for authorized roles, rejects unauthorized access, preserves lineage, and produces auditable results.",v1.0.0
P13-REQ-087,Data Platform & Lineage,Must,"GrounUp shall provide governed data platform & lineage capability 87 with tenant isolation, role-based access, auditability, source lineage, freshness metadata, and traceable acceptance evidence.","Acceptance evidence demonstrates requirement 87 works for authorized roles, rejects unauthorized access, preserves lineage, and produces auditable results.",v1.0.0
P13-REQ-088,Reporting & Distribution,Must,"GrounUp shall provide governed reporting & distribution capability 88 with tenant isolation, role-based access, auditability, source lineage, freshness metadata, and traceable acceptance evidence.","Acceptance evidence demonstrates requirement 88 works for authorized roles, rejects unauthorized access, preserves lineage, and produces auditable results.",v1.0.0
P13-REQ-089,Self-Service Analytics,Must,"GrounUp shall provide governed self-service analytics capability 89 with tenant isolation, role-based access, auditability, source lineage, freshness metadata, and traceable acceptance evidence.","Acceptance evidence demonstrates requirement 89 works for authorized roles, rejects unauthorized access, preserves lineage, and produces auditable results.",v1.0.0
P13-REQ-090,Enterprise Digital Twin,Must,"GrounUp shall provide governed enterprise digital twin capability 90 with tenant isolation, role-based access, auditability, source lineage, freshness metadata, and traceable acceptance evidence.","Acceptance evidence demonstrates requirement 90 works for authorized roles, rejects unauthorized access, preserves lineage, and produces auditable results.",v1.0.0
P13-REQ-091,Executive Command Center,Must,"GrounUp shall provide governed executive command center capability 91 with tenant isolation, role-based access, auditability, source lineage, freshness metadata, and traceable acceptance evidence.","Acceptance evidence demonstrates requirement 91 works for authorized roles, rejects unauthorized access, preserves lineage, and produces auditable results.",v1.0.0
P13-REQ-092,Semantic Metrics Layer,Must,"GrounUp shall provide governed semantic metrics layer capability 92 with tenant isolation, role-based access, auditability, source lineage, freshness metadata, and traceable acceptance evidence.","Acceptance evidence demonstrates requirement 92 works for authorized roles, rejects unauthorized access, preserves lineage, and produces auditable results.",v1.0.0
P13-REQ-093,Operational Intelligence,Must,"GrounUp shall provide governed operational intelligence capability 93 with tenant isolation, role-based access, auditability, source lineage, freshness metadata, and traceable acceptance evidence.","Acceptance evidence demonstrates requirement 93 works for authorized roles, rejects unauthorized access, preserves lineage, and produces auditable results.",v1.0.0
P13-REQ-094,Financial Intelligence,Must,"GrounUp shall provide governed financial intelligence capability 94 with tenant isolation, role-based access, auditability, source lineage, freshness metadata, and traceable acceptance evidence.","Acceptance evidence demonstrates requirement 94 works for authorized roles, rejects unauthorized access, preserves lineage, and produces auditable results.",v1.0.0
P13-REQ-095,Project Intelligence,Must,"GrounUp shall provide governed project intelligence capability 95 with tenant isolation, role-based access, auditability, source lineage, freshness metadata, and traceable acceptance evidence.","Acceptance evidence demonstrates requirement 95 works for authorized roles, rejects unauthorized access, preserves lineage, and produces auditable results.",v1.0.0
P13-REQ-096,Estimating Intelligence,Must,"GrounUp shall provide governed estimating intelligence capability 96 with tenant isolation, role-based access, auditability, source lineage, freshness metadata, and traceable acceptance evidence.","Acceptance evidence demonstrates requirement 96 works for authorized roles, rejects unauthorized access, preserves lineage, and produces auditable results.",v1.0.0
P13-REQ-097,CRM & Market Intelligence,Must,"GrounUp shall provide governed crm & market intelligence capability 97 with tenant isolation, role-based access, auditability, source lineage, freshness metadata, and traceable acceptance evidence.","Acceptance evidence demonstrates requirement 97 works for authorized roles, rejects unauthorized access, preserves lineage, and produces auditable results.",v1.0.0
P13-REQ-098,Workforce Intelligence,Must,"GrounUp shall provide governed workforce intelligence capability 98 with tenant isolation, role-based access, auditability, source lineage, freshness metadata, and traceable acceptance evidence.","Acceptance evidence demonstrates requirement 98 works for authorized roles, rejects unauthorized access, preserves lineage, and produces auditable results.",v1.0.0
P13-REQ-099,Procurement Intelligence,Must,"GrounUp shall provide governed procurement intelligence capability 99 with tenant isolation, role-based access, auditability, source lineage, freshness metadata, and traceable acceptance evidence.","Acceptance evidence demonstrates requirement 99 works for authorized roles, rejects unauthorized access, preserves lineage, and produces auditable results.",v1.0.0
P13-REQ-100,Fleet Intelligence,Must,"GrounUp shall provide governed fleet intelligence capability 100 with tenant isolation, role-based access, auditability, source lineage, freshness metadata, and traceable acceptance evidence.","Acceptance evidence demonstrates requirement 100 works for authorized roles, rejects unauthorized access, preserves lineage, and produces auditable results.",v1.0.0
P13-REQ-101,"Safety, Quality & Compliance Analytics",Must,"GrounUp shall provide governed safety, quality & compliance analytics capability 101 with tenant isolation, role-based access, auditability, source lineage, freshness metadata, and traceable acceptance evidence.","Acceptance evidence demonstrates requirement 101 works for authorized roles, rejects unauthorized access, preserves lineage, and produces auditable results.",v1.0.0
P13-REQ-102,Portfolio & Program Intelligence,Must,"GrounUp shall provide governed portfolio & program intelligence capability 102 with tenant isolation, role-based access, auditability, source lineage, freshness metadata, and traceable acceptance evidence.","Acceptance evidence demonstrates requirement 102 works for authorized roles, rejects unauthorized access, preserves lineage, and produces auditable results.",v1.0.0
P13-REQ-103,Forecasting & Scenario Planning,Must,"GrounUp shall provide governed forecasting & scenario planning capability 103 with tenant isolation, role-based access, auditability, source lineage, freshness metadata, and traceable acceptance evidence.","Acceptance evidence demonstrates requirement 103 works for authorized roles, rejects unauthorized access, preserves lineage, and produces auditable results.",v1.0.0
P13-REQ-104,AI Decision Intelligence,Must,"GrounUp shall provide governed ai decision intelligence capability 104 with tenant isolation, role-based access, auditability, source lineage, freshness metadata, and traceable acceptance evidence.","Acceptance evidence demonstrates requirement 104 works for authorized roles, rejects unauthorized access, preserves lineage, and produces auditable results.",v1.0.0
P13-REQ-105,Data Platform & Lineage,Must,"GrounUp shall provide governed data platform & lineage capability 105 with tenant isolation, role-based access, auditability, source lineage, freshness metadata, and traceable acceptance evidence.","Acceptance evidence demonstrates requirement 105 works for authorized roles, rejects unauthorized access, preserves lineage, and produces auditable results.",v1.0.0
P13-REQ-106,Reporting & Distribution,Must,"GrounUp shall provide governed reporting & distribution capability 106 with tenant isolation, role-based access, auditability, source lineage, freshness metadata, and traceable acceptance evidence.","Acceptance evidence demonstrates requirement 106 works for authorized roles, rejects unauthorized access, preserves lineage, and produces auditable results.",v1.0.0
P13-REQ-107,Self-Service Analytics,Must,"GrounUp shall provide governed self-service analytics capability 107 with tenant isolation, role-based access, auditability, source lineage, freshness metadata, and traceable acceptance evidence.","Acceptance evidence demonstrates requirement 107 works for authorized roles, rejects unauthorized access, preserves lineage, and produces auditable results.",v1.0.0
P13-REQ-108,Enterprise Digital Twin,Must,"GrounUp shall provide governed enterprise digital twin capability 108 with tenant isolation, role-based access, auditability, source lineage, freshness metadata, and traceable acceptance evidence.","Acceptance evidence demonstrates requirement 108 works for authorized roles, rejects unauthorized access, preserves lineage, and produces auditable results.",v1.0.0
P13-REQ-109,Executive Command Center,Must,"GrounUp shall provide governed executive command center capability 109 with tenant isolation, role-based access, auditability, source lineage, freshness metadata, and traceable acceptance evidence.","Acceptance evidence demonstrates requirement 109 works for authorized roles, rejects unauthorized access, preserves lineage, and produces auditable results.",v1.0.0
P13-REQ-110,Semantic Metrics Layer,Must,"GrounUp shall provide governed semantic metrics layer capability 110 with tenant isolation, role-based access, auditability, source lineage, freshness metadata, and traceable acceptance evidence.","Acceptance evidence demonstrates requirement 110 works for authorized roles, rejects unauthorized access, preserves lineage, and produces auditable results.",v1.0.0
P13-REQ-111,Operational Intelligence,Must,"GrounUp shall provide governed operational intelligence capability 111 with tenant isolation, role-based access, auditability, source lineage, freshness metadata, and traceable acceptance evidence.","Acceptance evidence demonstrates requirement 111 works for authorized roles, rejects unauthorized access, preserves lineage, and produces auditable results.",v1.0.0
P13-REQ-112,Financial Intelligence,Must,"GrounUp shall provide governed financial intelligence capability 112 with tenant isolation, role-based access, auditability, source lineage, freshness metadata, and traceable acceptance evidence.","Acceptance evidence demonstrates requirement 112 works for authorized roles, rejects unauthorized access, preserves lineage, and produces auditable results.",v1.0.0
P13-REQ-113,Project Intelligence,Must,"GrounUp shall provide governed project intelligence capability 113 with tenant isolation, role-based access, auditability, source lineage, freshness metadata, and traceable acceptance evidence.","Acceptance evidence demonstrates requirement 113 works for authorized roles, rejects unauthorized access, preserves lineage, and produces auditable results.",v1.0.0
P13-REQ-114,Estimating Intelligence,Must,"GrounUp shall provide governed estimating intelligence capability 114 with tenant isolation, role-based access, auditability, source lineage, freshness metadata, and traceable acceptance evidence.","Acceptance evidence demonstrates requirement 114 works for authorized roles, rejects unauthorized access, preserves lineage, and produces auditable results.",v1.0.0
P13-REQ-115,CRM & Market Intelligence,Must,"GrounUp shall provide governed crm & market intelligence capability 115 with tenant isolation, role-based access, auditability, source lineage, freshness metadata, and traceable acceptance evidence.","Acceptance evidence demonstrates requirement 115 works for authorized roles, rejects unauthorized access, preserves lineage, and produces auditable results.",v1.0.0
P13-REQ-116,Workforce Intelligence,Must,"GrounUp shall provide governed workforce intelligence capability 116 with tenant isolation, role-based access, auditability, source lineage, freshness metadata, and traceable acceptance evidence.","Acceptance evidence demonstrates requirement 116 works for authorized roles, rejects unauthorized access, preserves lineage, and produces auditable results.",v1.0.0
P13-REQ-117,Procurement Intelligence,Must,"GrounUp shall provide governed procurement intelligence capability 117 with tenant isolation, role-based access, auditability, source lineage, freshness metadata, and traceable acceptance evidence.","Acceptance evidence demonstrates requirement 117 works for authorized roles, rejects unauthorized access, preserves lineage, and produces auditable results.",v1.0.0
P13-REQ-118,Fleet Intelligence,Must,"GrounUp shall provide governed fleet intelligence capability 118 with tenant isolation, role-based access, auditability, source lineage, freshness metadata, and traceable acceptance evidence.","Acceptance evidence demonstrates requirement 118 works for authorized roles, rejects unauthorized access, preserves lineage, and produces auditable results.",v1.0.0
P13-REQ-119,"Safety, Quality & Compliance Analytics",Must,"GrounUp shall provide governed safety, quality & compliance analytics capability 119 with tenant isolation, role-based access, auditability, source lineage, freshness metadata, and traceable acceptance evidence.","Acceptance evidence demonstrates requirement 119 works for authorized roles, rejects unauthorized access, preserves lineage, and produces auditable results.",v1.0.0
P13-REQ-120,Portfolio & Program Intelligence,Must,"GrounUp shall provide governed portfolio & program intelligence capability 120 with tenant isolation, role-based access, auditability, source lineage, freshness metadata, and traceable acceptance evidence.","Acceptance evidence demonstrates requirement 120 works for authorized roles, rejects unauthorized access, preserves lineage, and produces auditable results.",v1.0.0
P13-REQ-121,Forecasting & Scenario Planning,Must,"GrounUp shall provide governed forecasting & scenario planning capability 121 with tenant isolation, role-based access, auditability, source lineage, freshness metadata, and traceable acceptance evidence.","Acceptance evidence demonstrates requirement 121 works for authorized roles, rejects unauthorized access, preserves lineage, and produces auditable results.",v1.0.0
P13-REQ-122,AI Decision Intelligence,Must,"GrounUp shall provide governed ai decision intelligence capability 122 with tenant isolation, role-based access, auditability, source lineage, freshness metadata, and traceable acceptance evidence.","Acceptance evidence demonstrates requirement 122 works for authorized roles, rejects unauthorized access, preserves lineage, and produces auditable results.",v1.0.0
P13-REQ-123,Data Platform & Lineage,Must,"GrounUp shall provide governed data platform & lineage capability 123 with tenant isolation, role-based access, auditability, source lineage, freshness metadata, and traceable acceptance evidence.","Acceptance evidence demonstrates requirement 123 works for authorized roles, rejects unauthorized access, preserves lineage, and produces auditable results.",v1.0.0
P13-REQ-124,Reporting & Distribution,Must,"GrounUp shall provide governed reporting & distribution capability 124 with tenant isolation, role-based access, auditability, source lineage, freshness metadata, and traceable acceptance evidence.","Acceptance evidence demonstrates requirement 124 works for authorized roles, rejects unauthorized access, preserves lineage, and produces auditable results.",v1.0.0
P13-REQ-125,Self-Service Analytics,Must,"GrounUp shall provide governed self-service analytics capability 125 with tenant isolation, role-based access, auditability, source lineage, freshness metadata, and traceable acceptance evidence.","Acceptance evidence demonstrates requirement 125 works for authorized roles, rejects unauthorized access, preserves lineage, and produces auditable results.",v1.0.0
P13-REQ-126,Enterprise Digital Twin,Must,"GrounUp shall provide governed enterprise digital twin capability 126 with tenant isolation, role-based access, auditability, source lineage, freshness metadata, and traceable acceptance evidence.","Acceptance evidence demonstrates requirement 126 works for authorized roles, rejects unauthorized access, preserves lineage, and produces auditable results.",v1.0.0
P13-REQ-127,Executive Command Center,Must,"GrounUp shall provide governed executive command center capability 127 with tenant isolation, role-based access, auditability, source lineage, freshness metadata, and traceable acceptance evidence.","Acceptance evidence demonstrates requirement 127 works for authorized roles, rejects unauthorized access, preserves lineage, and produces auditable results.",v1.0.0
P13-REQ-128,Semantic Metrics Layer,Must,"GrounUp shall provide governed semantic metrics layer capability 128 with tenant isolation, role-based access, auditability, source lineage, freshness metadata, and traceable acceptance evidence.","Acceptance evidence demonstrates requirement 128 works for authorized roles, rejects unauthorized access, preserves lineage, and produces auditable results.",v1.0.0
P13-REQ-129,Operational Intelligence,Must,"GrounUp shall provide governed operational intelligence capability 129 with tenant isolation, role-based access, auditability, source lineage, freshness metadata, and traceable acceptance evidence.","Acceptance evidence demonstrates requirement 129 works for authorized roles, rejects unauthorized access, preserves lineage, and produces auditable results.",v1.0.0
P13-REQ-130,Financial Intelligence,Must,"GrounUp shall provide governed financial intelligence capability 130 with tenant isolation, role-based access, auditability, source lineage, freshness metadata, and traceable acceptance evidence.","Acceptance evidence demonstrates requirement 130 works for authorized roles, rejects unauthorized access, preserves lineage, and produces auditable results.",v1.0.0
P13-REQ-131,Project Intelligence,Must,"GrounUp shall provide governed project intelligence capability 131 with tenant isolation, role-based access, auditability, source lineage, freshness metadata, and traceable acceptance evidence.","Acceptance evidence demonstrates requirement 131 works for authorized roles, rejects unauthorized access, preserves lineage, and produces auditable results.",v1.0.0
P13-REQ-132,Estimating Intelligence,Must,"GrounUp shall provide governed estimating intelligence capability 132 with tenant isolation, role-based access, auditability, source lineage, freshness metadata, and traceable acceptance evidence.","Acceptance evidence demonstrates requirement 132 works for authorized roles, rejects unauthorized access, preserves lineage, and produces auditable results.",v1.0.0
P13-REQ-133,CRM & Market Intelligence,Must,"GrounUp shall provide governed crm & market intelligence capability 133 with tenant isolation, role-based access, auditability, source lineage, freshness metadata, and traceable acceptance evidence.","Acceptance evidence demonstrates requirement 133 works for authorized roles, rejects unauthorized access, preserves lineage, and produces auditable results.",v1.0.0
P13-REQ-134,Workforce Intelligence,Must,"GrounUp shall provide governed workforce intelligence capability 134 with tenant isolation, role-based access, auditability, source lineage, freshness metadata, and traceable acceptance evidence.","Acceptance evidence demonstrates requirement 134 works for authorized roles, rejects unauthorized access, preserves lineage, and produces auditable results.",v1.0.0
P13-REQ-135,Procurement Intelligence,Must,"GrounUp shall provide governed procurement intelligence capability 135 with tenant isolation, role-based access, auditability, source lineage, freshness metadata, and traceable acceptance evidence.","Acceptance evidence demonstrates requirement 135 works for authorized roles, rejects unauthorized access, preserves lineage, and produces auditable results.",v1.0.0
P13-REQ-136,Fleet Intelligence,Must,"GrounUp shall provide governed fleet intelligence capability 136 with tenant isolation, role-based access, auditability, source lineage, freshness metadata, and traceable acceptance evidence.","Acceptance evidence demonstrates requirement 136 works for authorized roles, rejects unauthorized access, preserves lineage, and produces auditable results.",v1.0.0
P13-REQ-137,"Safety, Quality & Compliance Analytics",Must,"GrounUp shall provide governed safety, quality & compliance analytics capability 137 with tenant isolation, role-based access, auditability, source lineage, freshness metadata, and traceable acceptance evidence.","Acceptance evidence demonstrates requirement 137 works for authorized roles, rejects unauthorized access, preserves lineage, and produces auditable results.",v1.0.0
P13-REQ-138,Portfolio & Program Intelligence,Must,"GrounUp shall provide governed portfolio & program intelligence capability 138 with tenant isolation, role-based access, auditability, source lineage, freshness metadata, and traceable acceptance evidence.","Acceptance evidence demonstrates requirement 138 works for authorized roles, rejects unauthorized access, preserves lineage, and produces auditable results.",v1.0.0
P13-REQ-139,Forecasting & Scenario Planning,Must,"GrounUp shall provide governed forecasting & scenario planning capability 139 with tenant isolation, role-based access, auditability, source lineage, freshness metadata, and traceable acceptance evidence.","Acceptance evidence demonstrates requirement 139 works for authorized roles, rejects unauthorized access, preserves lineage, and produces auditable results.",v1.0.0
P13-REQ-140,AI Decision Intelligence,Must,"GrounUp shall provide governed ai decision intelligence capability 140 with tenant isolation, role-based access, auditability, source lineage, freshness metadata, and traceable acceptance evidence.","Acceptance evidence demonstrates requirement 140 works for authorized roles, rejects unauthorized access, preserves lineage, and produces auditable results.",v1.0.0
P13-REQ-141,Data Platform & Lineage,Must,"GrounUp shall provide governed data platform & lineage capability 141 with tenant isolation, role-based access, auditability, source lineage, freshness metadata, and traceable acceptance evidence.","Acceptance evidence demonstrates requirement 141 works for authorized roles, rejects unauthorized access, preserves lineage, and produces auditable results.",v1.0.0
P13-REQ-142,Reporting & Distribution,Must,"GrounUp shall provide governed reporting & distribution capability 142 with tenant isolation, role-based access, auditability, source lineage, freshness metadata, and traceable acceptance evidence.","Acceptance evidence demonstrates requirement 142 works for authorized roles, rejects unauthorized access, preserves lineage, and produces auditable results.",v1.0.0
P13-REQ-143,Self-Service Analytics,Must,"GrounUp shall provide governed self-service analytics capability 143 with tenant isolation, role-based access, auditability, source lineage, freshness metadata, and traceable acceptance evidence.","Acceptance evidence demonstrates requirement 143 works for authorized roles, rejects unauthorized access, preserves lineage, and produces auditable results.",v1.0.0
P13-REQ-144,Enterprise Digital Twin,Must,"GrounUp shall provide governed enterprise digital twin capability 144 with tenant isolation, role-based access, auditability, source lineage, freshness metadata, and traceable acceptance evidence.","Acceptance evidence demonstrates requirement 144 works for authorized roles, rejects unauthorized access, preserves lineage, and produces auditable results.",v1.0.0
P13-REQ-145,Executive Command Center,Must,"GrounUp shall provide governed executive command center capability 145 with tenant isolation, role-based access, auditability, source lineage, freshness metadata, and traceable acceptance evidence.","Acceptance evidence demonstrates requirement 145 works for authorized roles, rejects unauthorized access, preserves lineage, and produces auditable results.",v1.0.0
P13-REQ-146,Semantic Metrics Layer,Must,"GrounUp shall provide governed semantic metrics layer capability 146 with tenant isolation, role-based access, auditability, source lineage, freshness metadata, and traceable acceptance evidence.","Acceptance evidence demonstrates requirement 146 works for authorized roles, rejects unauthorized access, preserves lineage, and produces auditable results.",v1.0.0
P13-REQ-147,Operational Intelligence,Must,"GrounUp shall provide governed operational intelligence capability 147 with tenant isolation, role-based access, auditability, source lineage, freshness metadata, and traceable acceptance evidence.","Acceptance evidence demonstrates requirement 147 works for authorized roles, rejects unauthorized access, preserves lineage, and produces auditable results.",v1.0.0
P13-REQ-148,Financial Intelligence,Must,"GrounUp shall provide governed financial intelligence capability 148 with tenant isolation, role-based access, auditability, source lineage, freshness metadata, and traceable acceptance evidence.","Acceptance evidence demonstrates requirement 148 works for authorized roles, rejects unauthorized access, preserves lineage, and produces auditable results.",v1.0.0
P13-REQ-149,Project Intelligence,Must,"GrounUp shall provide governed project intelligence capability 149 with tenant isolation, role-based access, auditability, source lineage, freshness metadata, and traceable acceptance evidence.","Acceptance evidence demonstrates requirement 149 works for authorized roles, rejects unauthorized access, preserves lineage, and produces auditable results.",v1.0.0
P13-REQ-150,Estimating Intelligence,Must,"GrounUp shall provide governed estimating intelligence capability 150 with tenant isolation, role-based access, auditability, source lineage, freshness metadata, and traceable acceptance evidence.","Acceptance evidence demonstrates requirement 150 works for authorized roles, rejects unauthorized access, preserves lineage, and produces auditable results.",v1.0.0
P13-REQ-151,CRM & Market Intelligence,Must,"GrounUp shall provide governed crm & market intelligence capability 151 with tenant isolation, role-based access, auditability, source lineage, freshness metadata, and traceable acceptance evidence.","Acceptance evidence demonstrates requirement 151 works for authorized roles, rejects unauthorized access, preserves lineage, and produces auditable results.",v1.0.0
P13-REQ-152,Workforce Intelligence,Must,"GrounUp shall provide governed workforce intelligence capability 152 with tenant isolation, role-based access, auditability, source lineage, freshness metadata, and traceable acceptance evidence.","Acceptance evidence demonstrates requirement 152 works for authorized roles, rejects unauthorized access, preserves lineage, and produces auditable results.",v1.0.0
P13-REQ-153,Procurement Intelligence,Must,"GrounUp shall provide governed procurement intelligence capability 153 with tenant isolation, role-based access, auditability, source lineage, freshness metadata, and traceable acceptance evidence.","Acceptance evidence demonstrates requirement 153 works for authorized roles, rejects unauthorized access, preserves lineage, and produces auditable results.",v1.0.0
P13-REQ-154,Fleet Intelligence,Must,"GrounUp shall provide governed fleet intelligence capability 154 with tenant isolation, role-based access, auditability, source lineage, freshness metadata, and traceable acceptance evidence.","Acceptance evidence demonstrates requirement 154 works for authorized roles, rejects unauthorized access, preserves lineage, and produces auditable results.",v1.0.0
P13-REQ-155,"Safety, Quality & Compliance Analytics",Must,"GrounUp shall provide governed safety, quality & compliance analytics capability 155 with tenant isolation, role-based access, auditability, source lineage, freshness metadata, and traceable acceptance evidence.","Acceptance evidence demonstrates requirement 155 works for authorized roles, rejects unauthorized access, preserves lineage, and produces auditable results.",v1.0.0
P13-REQ-156,Portfolio & Program Intelligence,Must,"GrounUp shall provide governed portfolio & program intelligence capability 156 with tenant isolation, role-based access, auditability, source lineage, freshness metadata, and traceable acceptance evidence.","Acceptance evidence demonstrates requirement 156 works for authorized roles, rejects unauthorized access, preserves lineage, and produces auditable results.",v1.0.0
P13-REQ-157,Forecasting & Scenario Planning,Must,"GrounUp shall provide governed forecasting & scenario planning capability 157 with tenant isolation, role-based access, auditability, source lineage, freshness metadata, and traceable acceptance evidence.","Acceptance evidence demonstrates requirement 157 works for authorized roles, rejects unauthorized access, preserves lineage, and produces auditable results.",v1.0.0
P13-REQ-158,AI Decision Intelligence,Must,"GrounUp shall provide governed ai decision intelligence capability 158 with tenant isolation, role-based access, auditability, source lineage, freshness metadata, and traceable acceptance evidence.","Acceptance evidence demonstrates requirement 158 works for authorized roles, rejects unauthorized access, preserves lineage, and produces auditable results.",v1.0.0
P13-REQ-159,Data Platform & Lineage,Must,"GrounUp shall provide governed data platform & lineage capability 159 with tenant isolation, role-based access, auditability, source lineage, freshness metadata, and traceable acceptance evidence.","Acceptance evidence demonstrates requirement 159 works for authorized roles, rejects unauthorized access, preserves lineage, and produces auditable results.",v1.0.0
P13-REQ-160,Reporting & Distribution,Must,"GrounUp shall provide governed reporting & distribution capability 160 with tenant isolation, role-based access, auditability, source lineage, freshness metadata, and traceable acceptance evidence.","Acceptance evidence demonstrates requirement 160 works for authorized roles, rejects unauthorized access, preserves lineage, and produces auditable results.",v1.0.0
P13-REQ-161,Self-Service Analytics,Must,"GrounUp shall provide governed self-service analytics capability 161 with tenant isolation, role-based access, auditability, source lineage, freshness metadata, and traceable acceptance evidence.","Acceptance evidence demonstrates requirement 161 works for authorized roles, rejects unauthorized access, preserves lineage, and produces auditable results.",v1.0.0
P13-REQ-162,Enterprise Digital Twin,Must,"GrounUp shall provide governed enterprise digital twin capability 162 with tenant isolation, role-based access, auditability, source lineage, freshness metadata, and traceable acceptance evidence.","Acceptance evidence demonstrates requirement 162 works for authorized roles, rejects unauthorized access, preserves lineage, and produces auditable results.",v1.0.0
P13-REQ-163,Executive Command Center,Must,"GrounUp shall provide governed executive command center capability 163 with tenant isolation, role-based access, auditability, source lineage, freshness metadata, and traceable acceptance evidence.","Acceptance evidence demonstrates requirement 163 works for authorized roles, rejects unauthorized access, preserves lineage, and produces auditable results.",v1.0.0
P13-REQ-164,Semantic Metrics Layer,Must,"GrounUp shall provide governed semantic metrics layer capability 164 with tenant isolation, role-based access, auditability, source lineage, freshness metadata, and traceable acceptance evidence.","Acceptance evidence demonstrates requirement 164 works for authorized roles, rejects unauthorized access, preserves lineage, and produces auditable results.",v1.0.0
P13-REQ-165,Operational Intelligence,Must,"GrounUp shall provide governed operational intelligence capability 165 with tenant isolation, role-based access, auditability, source lineage, freshness metadata, and traceable acceptance evidence.","Acceptance evidence demonstrates requirement 165 works for authorized roles, rejects unauthorized access, preserves lineage, and produces auditable results.",v1.0.0
P13-REQ-166,Financial Intelligence,Must,"GrounUp shall provide governed financial intelligence capability 166 with tenant isolation, role-based access, auditability, source lineage, freshness metadata, and traceable acceptance evidence.","Acceptance evidence demonstrates requirement 166 works for authorized roles, rejects unauthorized access, preserves lineage, and produces auditable results.",v1.0.0
P13-REQ-167,Project Intelligence,Must,"GrounUp shall provide governed project intelligence capability 167 with tenant isolation, role-based access, auditability, source lineage, freshness metadata, and traceable acceptance evidence.","Acceptance evidence demonstrates requirement 167 works for authorized roles, rejects unauthorized access, preserves lineage, and produces auditable results.",v1.0.0
P13-REQ-168,Estimating Intelligence,Must,"GrounUp shall provide governed estimating intelligence capability 168 with tenant isolation, role-based access, auditability, source lineage, freshness metadata, and traceable acceptance evidence.","Acceptance evidence demonstrates requirement 168 works for authorized roles, rejects unauthorized access, preserves lineage, and produces auditable results.",v1.0.0
P13-REQ-169,CRM & Market Intelligence,Must,"GrounUp shall provide governed crm & market intelligence capability 169 with tenant isolation, role-based access, auditability, source lineage, freshness metadata, and traceable acceptance evidence.","Acceptance evidence demonstrates requirement 169 works for authorized roles, rejects unauthorized access, preserves lineage, and produces auditable results.",v1.0.0
P13-REQ-170,Workforce Intelligence,Must,"GrounUp shall provide governed workforce intelligence capability 170 with tenant isolation, role-based access, auditability, source lineage, freshness metadata, and traceable acceptance evidence.","Acceptance evidence demonstrates requirement 170 works for authorized roles, rejects unauthorized access, preserves lineage, and produces auditable results.",v1.0.0
P13-REQ-171,Procurement Intelligence,Must,"GrounUp shall provide governed procurement intelligence capability 171 with tenant isolation, role-based access, auditability, source lineage, freshness metadata, and traceable acceptance evidence.","Acceptance evidence demonstrates requirement 171 works for authorized roles, rejects unauthorized access, preserves lineage, and produces auditable results.",v1.0.0
P13-REQ-172,Fleet Intelligence,Must,"GrounUp shall provide governed fleet intelligence capability 172 with tenant isolation, role-based access, auditability, source lineage, freshness metadata, and traceable acceptance evidence.","Acceptance evidence demonstrates requirement 172 works for authorized roles, rejects unauthorized access, preserves lineage, and produces auditable results.",v1.0.0
P13-REQ-173,"Safety, Quality & Compliance Analytics",Must,"GrounUp shall provide governed safety, quality & compliance analytics capability 173 with tenant isolation, role-based access, auditability, source lineage, freshness metadata, and traceable acceptance evidence.","Acceptance evidence demonstrates requirement 173 works for authorized roles, rejects unauthorized access, preserves lineage, and produces auditable results.",v1.0.0
P13-REQ-174,Portfolio & Program Intelligence,Must,"GrounUp shall provide governed portfolio & program intelligence capability 174 with tenant isolation, role-based access, auditability, source lineage, freshness metadata, and traceable acceptance evidence.","Acceptance evidence demonstrates requirement 174 works for authorized roles, rejects unauthorized access, preserves lineage, and produces auditable results.",v1.0.0
P13-REQ-175,Forecasting & Scenario Planning,Must,"GrounUp shall provide governed forecasting & scenario planning capability 175 with tenant isolation, role-based access, auditability, source lineage, freshness metadata, and traceable acceptance evidence.","Acceptance evidence demonstrates requirement 175 works for authorized roles, rejects unauthorized access, preserves lineage, and produces auditable results.",v1.0.0
P13-REQ-176,AI Decision Intelligence,Must,"GrounUp shall provide governed ai decision intelligence capability 176 with tenant isolation, role-based access, auditability, source lineage, freshness metadata, and traceable acceptance evidence.","Acceptance evidence demonstrates requirement 176 works for authorized roles, rejects unauthorized access, preserves lineage, and produces auditable results.",v1.0.0
P13-REQ-177,Data Platform & Lineage,Must,"GrounUp shall provide governed data platform & lineage capability 177 with tenant isolation, role-based access, auditability, source lineage, freshness metadata, and traceable acceptance evidence.","Acceptance evidence demonstrates requirement 177 works for authorized roles, rejects unauthorized access, preserves lineage, and produces auditable results.",v1.0.0
P13-REQ-178,Reporting & Distribution,Must,"GrounUp shall provide governed reporting & distribution capability 178 with tenant isolation, role-based access, auditability, source lineage, freshness metadata, and traceable acceptance evidence.","Acceptance evidence demonstrates requirement 178 works for authorized roles, rejects unauthorized access, preserves lineage, and produces auditable results.",v1.0.0
P13-REQ-179,Self-Service Analytics,Must,"GrounUp shall provide governed self-service analytics capability 179 with tenant isolation, role-based access, auditability, source lineage, freshness metadata, and traceable acceptance evidence.","Acceptance evidence demonstrates requirement 179 works for authorized roles, rejects unauthorized access, preserves lineage, and produces auditable results.",v1.0.0
P13-REQ-180,Enterprise Digital Twin,Must,"GrounUp shall provide governed enterprise digital twin capability 180 with tenant isolation, role-based access, auditability, source lineage, freshness metadata, and traceable acceptance evidence.","Acceptance evidence demonstrates requirement 180 works for authorized roles, rejects unauthorized access, preserves lineage, and produces auditable results.",v1.0.0
P13-REQ-181,Executive Command Center,Must,"GrounUp shall provide governed executive command center capability 181 with tenant isolation, role-based access, auditability, source lineage, freshness metadata, and traceable acceptance evidence.","Acceptance evidence demonstrates requirement 181 works for authorized roles, rejects unauthorized access, preserves lineage, and produces auditable results.",v1.0.0
P13-REQ-182,Semantic Metrics Layer,Must,"GrounUp shall provide governed semantic metrics layer capability 182 with tenant isolation, role-based access, auditability, source lineage, freshness metadata, and traceable acceptance evidence.","Acceptance evidence demonstrates requirement 182 works for authorized roles, rejects unauthorized access, preserves lineage, and produces auditable results.",v1.0.0
P13-REQ-183,Operational Intelligence,Must,"GrounUp shall provide governed operational intelligence capability 183 with tenant isolation, role-based access, auditability, source lineage, freshness metadata, and traceable acceptance evidence.","Acceptance evidence demonstrates requirement 183 works for authorized roles, rejects unauthorized access, preserves lineage, and produces auditable results.",v1.0.0
P13-REQ-184,Financial Intelligence,Must,"GrounUp shall provide governed financial intelligence capability 184 with tenant isolation, role-based access, auditability, source lineage, freshness metadata, and traceable acceptance evidence.","Acceptance evidence demonstrates requirement 184 works for authorized roles, rejects unauthorized access, preserves lineage, and produces auditable results.",v1.0.0
P13-REQ-185,Project Intelligence,Must,"GrounUp shall provide governed project intelligence capability 185 with tenant isolation, role-based access, auditability, source lineage, freshness metadata, and traceable acceptance evidence.","Acceptance evidence demonstrates requirement 185 works for authorized roles, rejects unauthorized access, preserves lineage, and produces auditable results.",v1.0.0
P13-REQ-186,Estimating Intelligence,Must,"GrounUp shall provide governed estimating intelligence capability 186 with tenant isolation, role-based access, auditability, source lineage, freshness metadata, and traceable acceptance evidence.","Acceptance evidence demonstrates requirement 186 works for authorized roles, rejects unauthorized access, preserves lineage, and produces auditable results.",v1.0.0
P13-REQ-187,CRM & Market Intelligence,Must,"GrounUp shall provide governed crm & market intelligence capability 187 with tenant isolation, role-based access, auditability, source lineage, freshness metadata, and traceable acceptance evidence.","Acceptance evidence demonstrates requirement 187 works for authorized roles, rejects unauthorized access, preserves lineage, and produces auditable results.",v1.0.0
P13-REQ-188,Workforce Intelligence,Must,"GrounUp shall provide governed workforce intelligence capability 188 with tenant isolation, role-based access, auditability, source lineage, freshness metadata, and traceable acceptance evidence.","Acceptance evidence demonstrates requirement 188 works for authorized roles, rejects unauthorized access, preserves lineage, and produces auditable results.",v1.0.0
P13-REQ-189,Procurement Intelligence,Must,"GrounUp shall provide governed procurement intelligence capability 189 with tenant isolation, role-based access, auditability, source lineage, freshness metadata, and traceable acceptance evidence.","Acceptance evidence demonstrates requirement 189 works for authorized roles, rejects unauthorized access, preserves lineage, and produces auditable results.",v1.0.0
P13-REQ-190,Fleet Intelligence,Must,"GrounUp shall provide governed fleet intelligence capability 190 with tenant isolation, role-based access, auditability, source lineage, freshness metadata, and traceable acceptance evidence.","Acceptance evidence demonstrates requirement 190 works for authorized roles, rejects unauthorized access, preserves lineage, and produces auditable results.",v1.0.0
P13-REQ-191,"Safety, Quality & Compliance Analytics",Must,"GrounUp shall provide governed safety, quality & compliance analytics capability 191 with tenant isolation, role-based access, auditability, source lineage, freshness metadata, and traceable acceptance evidence.","Acceptance evidence demonstrates requirement 191 works for authorized roles, rejects unauthorized access, preserves lineage, and produces auditable results.",v1.0.0
P13-REQ-192,Portfolio & Program Intelligence,Must,"GrounUp shall provide governed portfolio & program intelligence capability 192 with tenant isolation, role-based access, auditability, source lineage, freshness metadata, and traceable acceptance evidence.","Acceptance evidence demonstrates requirement 192 works for authorized roles, rejects unauthorized access, preserves lineage, and produces auditable results.",v1.0.0
P13-REQ-193,Forecasting & Scenario Planning,Must,"GrounUp shall provide governed forecasting & scenario planning capability 193 with tenant isolation, role-based access, auditability, source lineage, freshness metadata, and traceable acceptance evidence.","Acceptance evidence demonstrates requirement 193 works for authorized roles, rejects unauthorized access, preserves lineage, and produces auditable results.",v1.0.0
P13-REQ-194,AI Decision Intelligence,Must,"GrounUp shall provide governed ai decision intelligence capability 194 with tenant isolation, role-based access, auditability, source lineage, freshness metadata, and traceable acceptance evidence.","Acceptance evidence demonstrates requirement 194 works for authorized roles, rejects unauthorized access, preserves lineage, and produces auditable results.",v1.0.0
P13-REQ-195,Data Platform & Lineage,Must,"GrounUp shall provide governed data platform & lineage capability 195 with tenant isolation, role-based access, auditability, source lineage, freshness metadata, and traceable acceptance evidence.","Acceptance evidence demonstrates requirement 195 works for authorized roles, rejects unauthorized access, preserves lineage, and produces auditable results.",v1.0.0
P13-REQ-196,Reporting & Distribution,Must,"GrounUp shall provide governed reporting & distribution capability 196 with tenant isolation, role-based access, auditability, source lineage, freshness metadata, and traceable acceptance evidence.","Acceptance evidence demonstrates requirement 196 works for authorized roles, rejects unauthorized access, preserves lineage, and produces auditable results.",v1.0.0
P13-REQ-197,Self-Service Analytics,Must,"GrounUp shall provide governed self-service analytics capability 197 with tenant isolation, role-based access, auditability, source lineage, freshness metadata, and traceable acceptance evidence.","Acceptance evidence demonstrates requirement 197 works for authorized roles, rejects unauthorized access, preserves lineage, and produces auditable results.",v1.0.0
P13-REQ-198,Enterprise Digital Twin,Must,"GrounUp shall provide governed enterprise digital twin capability 198 with tenant isolation, role-based access, auditability, source lineage, freshness metadata, and traceable acceptance evidence.","Acceptance evidence demonstrates requirement 198 works for authorized roles, rejects unauthorized access, preserves lineage, and produces auditable results.",v1.0.0
P13-REQ-199,Executive Command Center,Must,"GrounUp shall provide governed executive command center capability 199 with tenant isolation, role-based access, auditability, source lineage, freshness metadata, and traceable acceptance evidence.","Acceptance evidence demonstrates requirement 199 works for authorized roles, rejects unauthorized access, preserves lineage, and produces auditable results.",v1.0.0
P13-REQ-200,Semantic Metrics Layer,Must,"GrounUp shall provide governed semantic metrics layer capability 200 with tenant isolation, role-based access, auditability, source lineage, freshness metadata, and traceable acceptance evidence.","Acceptance evidence demonstrates requirement 200 works for authorized roles, rejects unauthorized access, preserves lineage, and produces auditable results.",v1.0.0
P13-REQ-201,Operational Intelligence,Must,"GrounUp shall provide governed operational intelligence capability 201 with tenant isolation, role-based access, auditability, source lineage, freshness metadata, and traceable acceptance evidence.","Acceptance evidence demonstrates requirement 201 works for authorized roles, rejects unauthorized access, preserves lineage, and produces auditable results.",v1.0.0
P13-REQ-202,Financial Intelligence,Must,"GrounUp shall provide governed financial intelligence capability 202 with tenant isolation, role-based access, auditability, source lineage, freshness metadata, and traceable acceptance evidence.","Acceptance evidence demonstrates requirement 202 works for authorized roles, rejects unauthorized access, preserves lineage, and produces auditable results.",v1.0.0
P13-REQ-203,Project Intelligence,Must,"GrounUp shall provide governed project intelligence capability 203 with tenant isolation, role-based access, auditability, source lineage, freshness metadata, and traceable acceptance evidence.","Acceptance evidence demonstrates requirement 203 works for authorized roles, rejects unauthorized access, preserves lineage, and produces auditable results.",v1.0.0
P13-REQ-204,Estimating Intelligence,Must,"GrounUp shall provide governed estimating intelligence capability 204 with tenant isolation, role-based access, auditability, source lineage, freshness metadata, and traceable acceptance evidence.","Acceptance evidence demonstrates requirement 204 works for authorized roles, rejects unauthorized access, preserves lineage, and produces auditable results.",v1.0.0
P13-REQ-205,CRM & Market Intelligence,Must,"GrounUp shall provide governed crm & market intelligence capability 205 with tenant isolation, role-based access, auditability, source lineage, freshness metadata, and traceable acceptance evidence.","Acceptance evidence demonstrates requirement 205 works for authorized roles, rejects unauthorized access, preserves lineage, and produces auditable results.",v1.0.0
P13-REQ-206,Workforce Intelligence,Must,"GrounUp shall provide governed workforce intelligence capability 206 with tenant isolation, role-based access, auditability, source lineage, freshness metadata, and traceable acceptance evidence.","Acceptance evidence demonstrates requirement 206 works for authorized roles, rejects unauthorized access, preserves lineage, and produces auditable results.",v1.0.0
P13-REQ-207,Procurement Intelligence,Must,"GrounUp shall provide governed procurement intelligence capability 207 with tenant isolation, role-based access, auditability, source lineage, freshness metadata, and traceable acceptance evidence.","Acceptance evidence demonstrates requirement 207 works for authorized roles, rejects unauthorized access, preserves lineage, and produces auditable results.",v1.0.0
P13-REQ-208,Fleet Intelligence,Must,"GrounUp shall provide governed fleet intelligence capability 208 with tenant isolation, role-based access, auditability, source lineage, freshness metadata, and traceable acceptance evidence.","Acceptance evidence demonstrates requirement 208 works for authorized roles, rejects unauthorized access, preserves lineage, and produces auditable results.",v1.0.0
P13-REQ-209,"Safety, Quality & Compliance Analytics",Must,"GrounUp shall provide governed safety, quality & compliance analytics capability 209 with tenant isolation, role-based access, auditability, source lineage, freshness metadata, and traceable acceptance evidence.","Acceptance evidence demonstrates requirement 209 works for authorized roles, rejects unauthorized access, preserves lineage, and produces auditable results.",v1.0.0
P13-REQ-210,Portfolio & Program Intelligence,Must,"GrounUp shall provide governed portfolio & program intelligence capability 210 with tenant isolation, role-based access, auditability, source lineage, freshness metadata, and traceable acceptance evidence.","Acceptance evidence demonstrates requirement 210 works for authorized roles, rejects unauthorized access, preserves lineage, and produces auditable results.",v1.0.0
P13-REQ-211,Forecasting & Scenario Planning,Must,"GrounUp shall provide governed forecasting & scenario planning capability 211 with tenant isolation, role-based access, auditability, source lineage, freshness metadata, and traceable acceptance evidence.","Acceptance evidence demonstrates requirement 211 works for authorized roles, rejects unauthorized access, preserves lineage, and produces auditable results.",v1.0.0
P13-REQ-212,AI Decision Intelligence,Must,"GrounUp shall provide governed ai decision intelligence capability 212 with tenant isolation, role-based access, auditability, source lineage, freshness metadata, and traceable acceptance evidence.","Acceptance evidence demonstrates requirement 212 works for authorized roles, rejects unauthorized access, preserves lineage, and produces auditable results.",v1.0.0
P13-REQ-213,Data Platform & Lineage,Must,"GrounUp shall provide governed data platform & lineage capability 213 with tenant isolation, role-based access, auditability, source lineage, freshness metadata, and traceable acceptance evidence.","Acceptance evidence demonstrates requirement 213 works for authorized roles, rejects unauthorized access, preserves lineage, and produces auditable results.",v1.0.0
P13-REQ-214,Reporting & Distribution,Must,"GrounUp shall provide governed reporting & distribution capability 214 with tenant isolation, role-based access, auditability, source lineage, freshness metadata, and traceable acceptance evidence.","Acceptance evidence demonstrates requirement 214 works for authorized roles, rejects unauthorized access, preserves lineage, and produces auditable results.",v1.0.0
P13-REQ-215,Self-Service Analytics,Must,"GrounUp shall provide governed self-service analytics capability 215 with tenant isolation, role-based access, auditability, source lineage, freshness metadata, and traceable acceptance evidence.","Acceptance evidence demonstrates requirement 215 works for authorized roles, rejects unauthorized access, preserves lineage, and produces auditable results.",v1.0.0
P13-REQ-216,Enterprise Digital Twin,Must,"GrounUp shall provide governed enterprise digital twin capability 216 with tenant isolation, role-based access, auditability, source lineage, freshness metadata, and traceable acceptance evidence.","Acceptance evidence demonstrates requirement 216 works for authorized roles, rejects unauthorized access, preserves lineage, and produces auditable results.",v1.0.0
P13-REQ-217,Executive Command Center,Must,"GrounUp shall provide governed executive command center capability 217 with tenant isolation, role-based access, auditability, source lineage, freshness metadata, and traceable acceptance evidence.","Acceptance evidence demonstrates requirement 217 works for authorized roles, rejects unauthorized access, preserves lineage, and produces auditable results.",v1.0.0
P13-REQ-218,Semantic Metrics Layer,Must,"GrounUp shall provide governed semantic metrics layer capability 218 with tenant isolation, role-based access, auditability, source lineage, freshness metadata, and traceable acceptance evidence.","Acceptance evidence demonstrates requirement 218 works for authorized roles, rejects unauthorized access, preserves lineage, and produces auditable results.",v1.0.0
P13-REQ-219,Operational Intelligence,Must,"GrounUp shall provide governed operational intelligence capability 219 with tenant isolation, role-based access, auditability, source lineage, freshness metadata, and traceable acceptance evidence.","Acceptance evidence demonstrates requirement 219 works for authorized roles, rejects unauthorized access, preserves lineage, and produces auditable results.",v1.0.0
P13-REQ-220,Financial Intelligence,Must,"GrounUp shall provide governed financial intelligence capability 220 with tenant isolation, role-based access, auditability, source lineage, freshness metadata, and traceable acceptance evidence.","Acceptance evidence demonstrates requirement 220 works for authorized roles, rejects unauthorized access, preserves lineage, and produces auditable results.",v1.0.0
P13-REQ-221,Project Intelligence,Should,"GrounUp shall provide governed project intelligence capability 221 with tenant isolation, role-based access, auditability, source lineage, freshness metadata, and traceable acceptance evidence.","Acceptance evidence demonstrates requirement 221 works for authorized roles, rejects unauthorized access, preserves lineage, and produces auditable results.",v1.0.0
P13-REQ-222,Estimating Intelligence,Should,"GrounUp shall provide governed estimating intelligence capability 222 with tenant isolation, role-based access, auditability, source lineage, freshness metadata, and traceable acceptance evidence.","Acceptance evidence demonstrates requirement 222 works for authorized roles, rejects unauthorized access, preserves lineage, and produces auditable results.",v1.0.0
P13-REQ-223,CRM & Market Intelligence,Should,"GrounUp shall provide governed crm & market intelligence capability 223 with tenant isolation, role-based access, auditability, source lineage, freshness metadata, and traceable acceptance evidence.","Acceptance evidence demonstrates requirement 223 works for authorized roles, rejects unauthorized access, preserves lineage, and produces auditable results.",v1.0.0
P13-REQ-224,Workforce Intelligence,Should,"GrounUp shall provide governed workforce intelligence capability 224 with tenant isolation, role-based access, auditability, source lineage, freshness metadata, and traceable acceptance evidence.","Acceptance evidence demonstrates requirement 224 works for authorized roles, rejects unauthorized access, preserves lineage, and produces auditable results.",v1.0.0
P13-REQ-225,Procurement Intelligence,Should,"GrounUp shall provide governed procurement intelligence capability 225 with tenant isolation, role-based access, auditability, source lineage, freshness metadata, and traceable acceptance evidence.","Acceptance evidence demonstrates requirement 225 works for authorized roles, rejects unauthorized access, preserves lineage, and produces auditable results.",v1.0.0
P13-REQ-226,Fleet Intelligence,Should,"GrounUp shall provide governed fleet intelligence capability 226 with tenant isolation, role-based access, auditability, source lineage, freshness metadata, and traceable acceptance evidence.","Acceptance evidence demonstrates requirement 226 works for authorized roles, rejects unauthorized access, preserves lineage, and produces auditable results.",v1.0.0
P13-REQ-227,"Safety, Quality & Compliance Analytics",Should,"GrounUp shall provide governed safety, quality & compliance analytics capability 227 with tenant isolation, role-based access, auditability, source lineage, freshness metadata, and traceable acceptance evidence.","Acceptance evidence demonstrates requirement 227 works for authorized roles, rejects unauthorized access, preserves lineage, and produces auditable results.",v1.0.0
P13-REQ-228,Portfolio & Program Intelligence,Should,"GrounUp shall provide governed portfolio & program intelligence capability 228 with tenant isolation, role-based access, auditability, source lineage, freshness metadata, and traceable acceptance evidence.","Acceptance evidence demonstrates requirement 228 works for authorized roles, rejects unauthorized access, preserves lineage, and produces auditable results.",v1.0.0
P13-REQ-229,Forecasting & Scenario Planning,Should,"GrounUp shall provide governed forecasting & scenario planning capability 229 with tenant isolation, role-based access, auditability, source lineage, freshness metadata, and traceable acceptance evidence.","Acceptance evidence demonstrates requirement 229 works for authorized roles, rejects unauthorized access, preserves lineage, and produces auditable results.",v1.0.0
P13-REQ-230,AI Decision Intelligence,Should,"GrounUp shall provide governed ai decision intelligence capability 230 with tenant isolation, role-based access, auditability, source lineage, freshness metadata, and traceable acceptance evidence.","Acceptance evidence demonstrates requirement 230 works for authorized roles, rejects unauthorized access, preserves lineage, and produces auditable results.",v1.0.0
P13-REQ-231,Data Platform & Lineage,Should,"GrounUp shall provide governed data platform & lineage capability 231 with tenant isolation, role-based access, auditability, source lineage, freshness metadata, and traceable acceptance evidence.","Acceptance evidence demonstrates requirement 231 works for authorized roles, rejects unauthorized access, preserves lineage, and produces auditable results.",v1.0.0
P13-REQ-232,Reporting & Distribution,Should,"GrounUp shall provide governed reporting & distribution capability 232 with tenant isolation, role-based access, auditability, source lineage, freshness metadata, and traceable acceptance evidence.","Acceptance evidence demonstrates requirement 232 works for authorized roles, rejects unauthorized access, preserves lineage, and produces auditable results.",v1.0.0
P13-REQ-233,Self-Service Analytics,Should,"GrounUp shall provide governed self-service analytics capability 233 with tenant isolation, role-based access, auditability, source lineage, freshness metadata, and traceable acceptance evidence.","Acceptance evidence demonstrates requirement 233 works for authorized roles, rejects unauthorized access, preserves lineage, and produces auditable results.",v1.0.0
P13-REQ-234,Enterprise Digital Twin,Should,"GrounUp shall provide governed enterprise digital twin capability 234 with tenant isolation, role-based access, auditability, source lineage, freshness metadata, and traceable acceptance evidence.","Acceptance evidence demonstrates requirement 234 works for authorized roles, rejects unauthorized access, preserves lineage, and produces auditable results.",v1.0.0
P13-REQ-235,Executive Command Center,Should,"GrounUp shall provide governed executive command center capability 235 with tenant isolation, role-based access, auditability, source lineage, freshness metadata, and traceable acceptance evidence.","Acceptance evidence demonstrates requirement 235 works for authorized roles, rejects unauthorized access, preserves lineage, and produces auditable results.",v1.0.0
P13-REQ-236,Semantic Metrics Layer,Should,"GrounUp shall provide governed semantic metrics layer capability 236 with tenant isolation, role-based access, auditability, source lineage, freshness metadata, and traceable acceptance evidence.","Acceptance evidence demonstrates requirement 236 works for authorized roles, rejects unauthorized access, preserves lineage, and produces auditable results.",v1.0.0
P13-REQ-237,Operational Intelligence,Should,"GrounUp shall provide governed operational intelligence capability 237 with tenant isolation, role-based access, auditability, source lineage, freshness metadata, and traceable acceptance evidence.","Acceptance evidence demonstrates requirement 237 works for authorized roles, rejects unauthorized access, preserves lineage, and produces auditable results.",v1.0.0
P13-REQ-238,Financial Intelligence,Should,"GrounUp shall provide governed financial intelligence capability 238 with tenant isolation, role-based access, auditability, source lineage, freshness metadata, and traceable acceptance evidence.","Acceptance evidence demonstrates requirement 238 works for authorized roles, rejects unauthorized access, preserves lineage, and produces auditable results.",v1.0.0
P13-REQ-239,Project Intelligence,Should,"GrounUp shall provide governed project intelligence capability 239 with tenant isolation, role-based access, auditability, source lineage, freshness metadata, and traceable acceptance evidence.","Acceptance evidence demonstrates requirement 239 works for authorized roles, rejects unauthorized access, preserves lineage, and produces auditable results.",v1.0.0
P13-REQ-240,Estimating Intelligence,Should,"GrounUp shall provide governed estimating intelligence capability 240 with tenant isolation, role-based access, auditability, source lineage, freshness metadata, and traceable acceptance evidence.","Acceptance evidence demonstrates requirement 240 works for authorized roles, rejects unauthorized access, preserves lineage, and produces auditable results.",v1.0.0
P13-REQ-241,CRM & Market Intelligence,Should,"GrounUp shall provide governed crm & market intelligence capability 241 with tenant isolation, role-based access, auditability, source lineage, freshness metadata, and traceable acceptance evidence.","Acceptance evidence demonstrates requirement 241 works for authorized roles, rejects unauthorized access, preserves lineage, and produces auditable results.",v1.0.0
P13-REQ-242,Workforce Intelligence,Should,"GrounUp shall provide governed workforce intelligence capability 242 with tenant isolation, role-based access, auditability, source lineage, freshness metadata, and traceable acceptance evidence.","Acceptance evidence demonstrates requirement 242 works for authorized roles, rejects unauthorized access, preserves lineage, and produces auditable results.",v1.0.0
P13-REQ-243,Procurement Intelligence,Should,"GrounUp shall provide governed procurement intelligence capability 243 with tenant isolation, role-based access, auditability, source lineage, freshness metadata, and traceable acceptance evidence.","Acceptance evidence demonstrates requirement 243 works for authorized roles, rejects unauthorized access, preserves lineage, and produces auditable results.",v1.0.0
P13-REQ-244,Fleet Intelligence,Should,"GrounUp shall provide governed fleet intelligence capability 244 with tenant isolation, role-based access, auditability, source lineage, freshness metadata, and traceable acceptance evidence.","Acceptance evidence demonstrates requirement 244 works for authorized roles, rejects unauthorized access, preserves lineage, and produces auditable results.",v1.0.0
P13-REQ-245,"Safety, Quality & Compliance Analytics",Should,"GrounUp shall provide governed safety, quality & compliance analytics capability 245 with tenant isolation, role-based access, auditability, source lineage, freshness metadata, and traceable acceptance evidence.","Acceptance evidence demonstrates requirement 245 works for authorized roles, rejects unauthorized access, preserves lineage, and produces auditable results.",v1.0.0
P13-REQ-246,Portfolio & Program Intelligence,Should,"GrounUp shall provide governed portfolio & program intelligence capability 246 with tenant isolation, role-based access, auditability, source lineage, freshness metadata, and traceable acceptance evidence.","Acceptance evidence demonstrates requirement 246 works for authorized roles, rejects unauthorized access, preserves lineage, and produces auditable results.",v1.0.0
P13-REQ-247,Forecasting & Scenario Planning,Should,"GrounUp shall provide governed forecasting & scenario planning capability 247 with tenant isolation, role-based access, auditability, source lineage, freshness metadata, and traceable acceptance evidence.","Acceptance evidence demonstrates requirement 247 works for authorized roles, rejects unauthorized access, preserves lineage, and produces auditable results.",v1.0.0
P13-REQ-248,AI Decision Intelligence,Should,"GrounUp shall provide governed ai decision intelligence capability 248 with tenant isolation, role-based access, auditability, source lineage, freshness metadata, and traceable acceptance evidence.","Acceptance evidence demonstrates requirement 248 works for authorized roles, rejects unauthorized access, preserves lineage, and produces auditable results.",v1.0.0
P13-REQ-249,Data Platform & Lineage,Should,"GrounUp shall provide governed data platform & lineage capability 249 with tenant isolation, role-based access, auditability, source lineage, freshness metadata, and traceable acceptance evidence.","Acceptance evidence demonstrates requirement 249 works for authorized roles, rejects unauthorized access, preserves lineage, and produces auditable results.",v1.0.0
P13-REQ-250,Reporting & Distribution,Should,"GrounUp shall provide governed reporting & distribution capability 250 with tenant isolation, role-based access, auditability, source lineage, freshness metadata, and traceable acceptance evidence.","Acceptance evidence demonstrates requirement 250 works for authorized roles, rejects unauthorized access, preserves lineage, and produces auditable results.",v1.0.0
P13-REQ-251,Self-Service Analytics,Should,"GrounUp shall provide governed self-service analytics capability 251 with tenant isolation, role-based access, auditability, source lineage, freshness metadata, and traceable acceptance evidence.","Acceptance evidence demonstrates requirement 251 works for authorized roles, rejects unauthorized access, preserves lineage, and produces auditable results.",v1.0.0
P13-REQ-252,Enterprise Digital Twin,Should,"GrounUp shall provide governed enterprise digital twin capability 252 with tenant isolation, role-based access, auditability, source lineage, freshness metadata, and traceable acceptance evidence.","Acceptance evidence demonstrates requirement 252 works for authorized roles, rejects unauthorized access, preserves lineage, and produces auditable results.",v1.0.0
P13-REQ-253,Executive Command Center,Should,"GrounUp shall provide governed executive command center capability 253 with tenant isolation, role-based access, auditability, source lineage, freshness metadata, and traceable acceptance evidence.","Acceptance evidence demonstrates requirement 253 works for authorized roles, rejects unauthorized access, preserves lineage, and produces auditable results.",v1.0.0
P13-REQ-254,Semantic Metrics Layer,Should,"GrounUp shall provide governed semantic metrics layer capability 254 with tenant isolation, role-based access, auditability, source lineage, freshness metadata, and traceable acceptance evidence.","Acceptance evidence demonstrates requirement 254 works for authorized roles, rejects unauthorized access, preserves lineage, and produces auditable results.",v1.0.0
P13-REQ-255,Operational Intelligence,Should,"GrounUp shall provide governed operational intelligence capability 255 with tenant isolation, role-based access, auditability, source lineage, freshness metadata, and traceable acceptance evidence.","Acceptance evidence demonstrates requirement 255 works for authorized roles, rejects unauthorized access, preserves lineage, and produces auditable results.",v1.0.0
P13-REQ-256,Financial Intelligence,Should,"GrounUp shall provide governed financial intelligence capability 256 with tenant isolation, role-based access, auditability, source lineage, freshness metadata, and traceable acceptance evidence.","Acceptance evidence demonstrates requirement 256 works for authorized roles, rejects unauthorized access, preserves lineage, and produces auditable results.",v1.0.0
P13-REQ-257,Project Intelligence,Should,"GrounUp shall provide governed project intelligence capability 257 with tenant isolation, role-based access, auditability, source lineage, freshness metadata, and traceable acceptance evidence.","Acceptance evidence demonstrates requirement 257 works for authorized roles, rejects unauthorized access, preserves lineage, and produces auditable results.",v1.0.0
P13-REQ-258,Estimating Intelligence,Should,"GrounUp shall provide governed estimating intelligence capability 258 with tenant isolation, role-based access, auditability, source lineage, freshness metadata, and traceable acceptance evidence.","Acceptance evidence demonstrates requirement 258 works for authorized roles, rejects unauthorized access, preserves lineage, and produces auditable results.",v1.0.0
P13-REQ-259,CRM & Market Intelligence,Should,"GrounUp shall provide governed crm & market intelligence capability 259 with tenant isolation, role-based access, auditability, source lineage, freshness metadata, and traceable acceptance evidence.","Acceptance evidence demonstrates requirement 259 works for authorized roles, rejects unauthorized access, preserves lineage, and produces auditable results.",v1.0.0
P13-REQ-260,Workforce Intelligence,Should,"GrounUp shall provide governed workforce intelligence capability 260 with tenant isolation, role-based access, auditability, source lineage, freshness metadata, and traceable acceptance evidence.","Acceptance evidence demonstrates requirement 260 works for authorized roles, rejects unauthorized access, preserves lineage, and produces auditable results.",v1.0.0
P13-REQ-261,Procurement Intelligence,Should,"GrounUp shall provide governed procurement intelligence capability 261 with tenant isolation, role-based access, auditability, source lineage, freshness metadata, and traceable acceptance evidence.","Acceptance evidence demonstrates requirement 261 works for authorized roles, rejects unauthorized access, preserves lineage, and produces auditable results.",v1.0.0
P13-REQ-262,Fleet Intelligence,Should,"GrounUp shall provide governed fleet intelligence capability 262 with tenant isolation, role-based access, auditability, source lineage, freshness metadata, and traceable acceptance evidence.","Acceptance evidence demonstrates requirement 262 works for authorized roles, rejects unauthorized access, preserves lineage, and produces auditable results.",v1.0.0
P13-REQ-263,"Safety, Quality & Compliance Analytics",Should,"GrounUp shall provide governed safety, quality & compliance analytics capability 263 with tenant isolation, role-based access, auditability, source lineage, freshness metadata, and traceable acceptance evidence.","Acceptance evidence demonstrates requirement 263 works for authorized roles, rejects unauthorized access, preserves lineage, and produces auditable results.",v1.0.0
P13-REQ-264,Portfolio & Program Intelligence,Should,"GrounUp shall provide governed portfolio & program intelligence capability 264 with tenant isolation, role-based access, auditability, source lineage, freshness metadata, and traceable acceptance evidence.","Acceptance evidence demonstrates requirement 264 works for authorized roles, rejects unauthorized access, preserves lineage, and produces auditable results.",v1.0.0
P13-REQ-265,Forecasting & Scenario Planning,Should,"GrounUp shall provide governed forecasting & scenario planning capability 265 with tenant isolation, role-based access, auditability, source lineage, freshness metadata, and traceable acceptance evidence.","Acceptance evidence demonstrates requirement 265 works for authorized roles, rejects unauthorized access, preserves lineage, and produces auditable results.",v1.0.0
P13-REQ-266,AI Decision Intelligence,Should,"GrounUp shall provide governed ai decision intelligence capability 266 with tenant isolation, role-based access, auditability, source lineage, freshness metadata, and traceable acceptance evidence.","Acceptance evidence demonstrates requirement 266 works for authorized roles, rejects unauthorized access, preserves lineage, and produces auditable results.",v1.0.0
P13-REQ-267,Data Platform & Lineage,Should,"GrounUp shall provide governed data platform & lineage capability 267 with tenant isolation, role-based access, auditability, source lineage, freshness metadata, and traceable acceptance evidence.","Acceptance evidence demonstrates requirement 267 works for authorized roles, rejects unauthorized access, preserves lineage, and produces auditable results.",v1.0.0
P13-REQ-268,Reporting & Distribution,Should,"GrounUp shall provide governed reporting & distribution capability 268 with tenant isolation, role-based access, auditability, source lineage, freshness metadata, and traceable acceptance evidence.","Acceptance evidence demonstrates requirement 268 works for authorized roles, rejects unauthorized access, preserves lineage, and produces auditable results.",v1.0.0
P13-REQ-269,Self-Service Analytics,Should,"GrounUp shall provide governed self-service analytics capability 269 with tenant isolation, role-based access, auditability, source lineage, freshness metadata, and traceable acceptance evidence.","Acceptance evidence demonstrates requirement 269 works for authorized roles, rejects unauthorized access, preserves lineage, and produces auditable results.",v1.0.0
P13-REQ-270,Enterprise Digital Twin,Should,"GrounUp shall provide governed enterprise digital twin capability 270 with tenant isolation, role-based access, auditability, source lineage, freshness metadata, and traceable acceptance evidence.","Acceptance evidence demonstrates requirement 270 works for authorized roles, rejects unauthorized access, preserves lineage, and produces auditable results.",v1.0.0
P13-REQ-271,Executive Command Center,Should,"GrounUp shall provide governed executive command center capability 271 with tenant isolation, role-based access, auditability, source lineage, freshness metadata, and traceable acceptance evidence.","Acceptance evidence demonstrates requirement 271 works for authorized roles, rejects unauthorized access, preserves lineage, and produces auditable results.",v1.0.0
P13-REQ-272,Semantic Metrics Layer,Should,"GrounUp shall provide governed semantic metrics layer capability 272 with tenant isolation, role-based access, auditability, source lineage, freshness metadata, and traceable acceptance evidence.","Acceptance evidence demonstrates requirement 272 works for authorized roles, rejects unauthorized access, preserves lineage, and produces auditable results.",v1.0.0
P13-REQ-273,Operational Intelligence,Should,"GrounUp shall provide governed operational intelligence capability 273 with tenant isolation, role-based access, auditability, source lineage, freshness metadata, and traceable acceptance evidence.","Acceptance evidence demonstrates requirement 273 works for authorized roles, rejects unauthorized access, preserves lineage, and produces auditable results.",v1.0.0
P13-REQ-274,Financial Intelligence,Should,"GrounUp shall provide governed financial intelligence capability 274 with tenant isolation, role-based access, auditability, source lineage, freshness metadata, and traceable acceptance evidence.","Acceptance evidence demonstrates requirement 274 works for authorized roles, rejects unauthorized access, preserves lineage, and produces auditable results.",v1.0.0
P13-REQ-275,Project Intelligence,Should,"GrounUp shall provide governed project intelligence capability 275 with tenant isolation, role-based access, auditability, source lineage, freshness metadata, and traceable acceptance evidence.","Acceptance evidence demonstrates requirement 275 works for authorized roles, rejects unauthorized access, preserves lineage, and produces auditable results.",v1.0.0
P13-REQ-276,Estimating Intelligence,Could,"GrounUp shall provide governed estimating intelligence capability 276 with tenant isolation, role-based access, auditability, source lineage, freshness metadata, and traceable acceptance evidence.","Acceptance evidence demonstrates requirement 276 works for authorized roles, rejects unauthorized access, preserves lineage, and produces auditable results.",v1.0.0
P13-REQ-277,CRM & Market Intelligence,Could,"GrounUp shall provide governed crm & market intelligence capability 277 with tenant isolation, role-based access, auditability, source lineage, freshness metadata, and traceable acceptance evidence.","Acceptance evidence demonstrates requirement 277 works for authorized roles, rejects unauthorized access, preserves lineage, and produces auditable results.",v1.0.0
P13-REQ-278,Workforce Intelligence,Could,"GrounUp shall provide governed workforce intelligence capability 278 with tenant isolation, role-based access, auditability, source lineage, freshness metadata, and traceable acceptance evidence.","Acceptance evidence demonstrates requirement 278 works for authorized roles, rejects unauthorized access, preserves lineage, and produces auditable results.",v1.0.0
P13-REQ-279,Procurement Intelligence,Could,"GrounUp shall provide governed procurement intelligence capability 279 with tenant isolation, role-based access, auditability, source lineage, freshness metadata, and traceable acceptance evidence.","Acceptance evidence demonstrates requirement 279 works for authorized roles, rejects unauthorized access, preserves lineage, and produces auditable results.",v1.0.0
P13-REQ-280,Fleet Intelligence,Could,"GrounUp shall provide governed fleet intelligence capability 280 with tenant isolation, role-based access, auditability, source lineage, freshness metadata, and traceable acceptance evidence.","Acceptance evidence demonstrates requirement 280 works for authorized roles, rejects unauthorized access, preserves lineage, and produces auditable results.",v1.0.0
P13-REQ-281,"Safety, Quality & Compliance Analytics",Could,"GrounUp shall provide governed safety, quality & compliance analytics capability 281 with tenant isolation, role-based access, auditability, source lineage, freshness metadata, and traceable acceptance evidence.","Acceptance evidence demonstrates requirement 281 works for authorized roles, rejects unauthorized access, preserves lineage, and produces auditable results.",v1.0.0
P13-REQ-282,Portfolio & Program Intelligence,Could,"GrounUp shall provide governed portfolio & program intelligence capability 282 with tenant isolation, role-based access, auditability, source lineage, freshness metadata, and traceable acceptance evidence.","Acceptance evidence demonstrates requirement 282 works for authorized roles, rejects unauthorized access, preserves lineage, and produces auditable results.",v1.0.0
P13-REQ-283,Forecasting & Scenario Planning,Could,"GrounUp shall provide governed forecasting & scenario planning capability 283 with tenant isolation, role-based access, auditability, source lineage, freshness metadata, and traceable acceptance evidence.","Acceptance evidence demonstrates requirement 283 works for authorized roles, rejects unauthorized access, preserves lineage, and produces auditable results.",v1.0.0
P13-REQ-284,AI Decision Intelligence,Could,"GrounUp shall provide governed ai decision intelligence capability 284 with tenant isolation, role-based access, auditability, source lineage, freshness metadata, and traceable acceptance evidence.","Acceptance evidence demonstrates requirement 284 works for authorized roles, rejects unauthorized access, preserves lineage, and produces auditable results.",v1.0.0
P13-REQ-285,Data Platform & Lineage,Could,"GrounUp shall provide governed data platform & lineage capability 285 with tenant isolation, role-based access, auditability, source lineage, freshness metadata, and traceable acceptance evidence.","Acceptance evidence demonstrates requirement 285 works for authorized roles, rejects unauthorized access, preserves lineage, and produces auditable results.",v1.0.0
P13-REQ-286,Reporting & Distribution,Could,"GrounUp shall provide governed reporting & distribution capability 286 with tenant isolation, role-based access, auditability, source lineage, freshness metadata, and traceable acceptance evidence.","Acceptance evidence demonstrates requirement 286 works for authorized roles, rejects unauthorized access, preserves lineage, and produces auditable results.",v1.0.0
P13-REQ-287,Self-Service Analytics,Could,"GrounUp shall provide governed self-service analytics capability 287 with tenant isolation, role-based access, auditability, source lineage, freshness metadata, and traceable acceptance evidence.","Acceptance evidence demonstrates requirement 287 works for authorized roles, rejects unauthorized access, preserves lineage, and produces auditable results.",v1.0.0
P13-REQ-288,Enterprise Digital Twin,Could,"GrounUp shall provide governed enterprise digital twin capability 288 with tenant isolation, role-based access, auditability, source lineage, freshness metadata, and traceable acceptance evidence.","Acceptance evidence demonstrates requirement 288 works for authorized roles, rejects unauthorized access, preserves lineage, and produces auditable results.",v1.0.0
P13-REQ-289,Executive Command Center,Could,"GrounUp shall provide governed executive command center capability 289 with tenant isolation, role-based access, auditability, source lineage, freshness metadata, and traceable acceptance evidence.","Acceptance evidence demonstrates requirement 289 works for authorized roles, rejects unauthorized access, preserves lineage, and produces auditable results.",v1.0.0
P13-REQ-290,Semantic Metrics Layer,Could,"GrounUp shall provide governed semantic metrics layer capability 290 with tenant isolation, role-based access, auditability, source lineage, freshness metadata, and traceable acceptance evidence.","Acceptance evidence demonstrates requirement 290 works for authorized roles, rejects unauthorized access, preserves lineage, and produces auditable results.",v1.0.0
P13-REQ-291,Operational Intelligence,Could,"GrounUp shall provide governed operational intelligence capability 291 with tenant isolation, role-based access, auditability, source lineage, freshness metadata, and traceable acceptance evidence.","Acceptance evidence demonstrates requirement 291 works for authorized roles, rejects unauthorized access, preserves lineage, and produces auditable results.",v1.0.0
P13-REQ-292,Financial Intelligence,Could,"GrounUp shall provide governed financial intelligence capability 292 with tenant isolation, role-based access, auditability, source lineage, freshness metadata, and traceable acceptance evidence.","Acceptance evidence demonstrates requirement 292 works for authorized roles, rejects unauthorized access, preserves lineage, and produces auditable results.",v1.0.0
P13-REQ-293,Project Intelligence,Could,"GrounUp shall provide governed project intelligence capability 293 with tenant isolation, role-based access, auditability, source lineage, freshness metadata, and traceable acceptance evidence.","Acceptance evidence demonstrates requirement 293 works for authorized roles, rejects unauthorized access, preserves lineage, and produces auditable results.",v1.0.0
P13-REQ-294,Estimating Intelligence,Could,"GrounUp shall provide governed estimating intelligence capability 294 with tenant isolation, role-based access, auditability, source lineage, freshness metadata, and traceable acceptance evidence.","Acceptance evidence demonstrates requirement 294 works for authorized roles, rejects unauthorized access, preserves lineage, and produces auditable results.",v1.0.0
P13-REQ-295,CRM & Market Intelligence,Could,"GrounUp shall provide governed crm & market intelligence capability 295 with tenant isolation, role-based access, auditability, source lineage, freshness metadata, and traceable acceptance evidence.","Acceptance evidence demonstrates requirement 295 works for authorized roles, rejects unauthorized access, preserves lineage, and produces auditable results.",v1.0.0
P13-REQ-296,Workforce Intelligence,Could,"GrounUp shall provide governed workforce intelligence capability 296 with tenant isolation, role-based access, auditability, source lineage, freshness metadata, and traceable acceptance evidence.","Acceptance evidence demonstrates requirement 296 works for authorized roles, rejects unauthorized access, preserves lineage, and produces auditable results.",v1.0.0
P13-REQ-297,Procurement Intelligence,Could,"GrounUp shall provide governed procurement intelligence capability 297 with tenant isolation, role-based access, auditability, source lineage, freshness metadata, and traceable acceptance evidence.","Acceptance evidence demonstrates requirement 297 works for authorized roles, rejects unauthorized access, preserves lineage, and produces auditable results.",v1.0.0
P13-REQ-298,Fleet Intelligence,Could,"GrounUp shall provide governed fleet intelligence capability 298 with tenant isolation, role-based access, auditability, source lineage, freshness metadata, and traceable acceptance evidence.","Acceptance evidence demonstrates requirement 298 works for authorized roles, rejects unauthorized access, preserves lineage, and produces auditable results.",v1.0.0
P13-REQ-299,"Safety, Quality & Compliance Analytics",Could,"GrounUp shall provide governed safety, quality & compliance analytics capability 299 with tenant isolation, role-based access, auditability, source lineage, freshness metadata, and traceable acceptance evidence.","Acceptance evidence demonstrates requirement 299 works for authorized roles, rejects unauthorized access, preserves lineage, and produces auditable results.",v1.0.0
P13-REQ-300,Portfolio & Program Intelligence,Could,"GrounUp shall provide governed portfolio & program intelligence capability 300 with tenant isolation, role-based access, auditability, source lineage, freshness metadata, and traceable acceptance evidence.","Acceptance evidence demonstrates requirement 300 works for authorized roles, rejects unauthorized access, preserves lineage, and produces auditable results.",v1.0.0
