requirement_id,domain,priority,requirement,acceptance_criteria,version,status
P31-REQ-001,Production Architecture,Must,"GrounUp shall implement governed production architecture capability 1 using reproducible infrastructure, controlled environment promotion, secure automation, observable production behavior, tested recovery, explicit ownership, and auditable release evidence.","Capability 1 passes when infrastructure/configuration version, environment scope, deployment behavior, rollback/recovery evidence, observability, security controls, ownership, capacity and mapped tests are verified.",v1.0.0,Implementation-ready
P31-REQ-002,Cloud Provider Abstraction,Must,"GrounUp shall implement governed cloud provider abstraction capability 2 using reproducible infrastructure, controlled environment promotion, secure automation, observable production behavior, tested recovery, explicit ownership, and auditable release evidence.","Capability 2 passes when infrastructure/configuration version, environment scope, deployment behavior, rollback/recovery evidence, observability, security controls, ownership, capacity and mapped tests are verified.",v1.0.0,Implementation-ready
P31-REQ-003,Regions & Availability Zones,Must,"GrounUp shall implement governed regions & availability zones capability 3 using reproducible infrastructure, controlled environment promotion, secure automation, observable production behavior, tested recovery, explicit ownership, and auditable release evidence.","Capability 3 passes when infrastructure/configuration version, environment scope, deployment behavior, rollback/recovery evidence, observability, security controls, ownership, capacity and mapped tests are verified.",v1.0.0,Implementation-ready
P31-REQ-004,Network Topology,Must,"GrounUp shall implement governed network topology capability 4 using reproducible infrastructure, controlled environment promotion, secure automation, observable production behavior, tested recovery, explicit ownership, and auditable release evidence.","Capability 4 passes when infrastructure/configuration version, environment scope, deployment behavior, rollback/recovery evidence, observability, security controls, ownership, capacity and mapped tests are verified.",v1.0.0,Implementation-ready
P31-REQ-005,Ingress & Edge,Must,"GrounUp shall implement governed ingress & edge capability 5 using reproducible infrastructure, controlled environment promotion, secure automation, observable production behavior, tested recovery, explicit ownership, and auditable release evidence.","Capability 5 passes when infrastructure/configuration version, environment scope, deployment behavior, rollback/recovery evidence, observability, security controls, ownership, capacity and mapped tests are verified.",v1.0.0,Implementation-ready
P31-REQ-006,DNS,Must,"GrounUp shall implement governed dns capability 6 using reproducible infrastructure, controlled environment promotion, secure automation, observable production behavior, tested recovery, explicit ownership, and auditable release evidence.","Capability 6 passes when infrastructure/configuration version, environment scope, deployment behavior, rollback/recovery evidence, observability, security controls, ownership, capacity and mapped tests are verified.",v1.0.0,Implementation-ready
P31-REQ-007,TLS Certificates,Must,"GrounUp shall implement governed tls certificates capability 7 using reproducible infrastructure, controlled environment promotion, secure automation, observable production behavior, tested recovery, explicit ownership, and auditable release evidence.","Capability 7 passes when infrastructure/configuration version, environment scope, deployment behavior, rollback/recovery evidence, observability, security controls, ownership, capacity and mapped tests are verified.",v1.0.0,Implementation-ready
P31-REQ-008,Load Balancing,Must,"GrounUp shall implement governed load balancing capability 8 using reproducible infrastructure, controlled environment promotion, secure automation, observable production behavior, tested recovery, explicit ownership, and auditable release evidence.","Capability 8 passes when infrastructure/configuration version, environment scope, deployment behavior, rollback/recovery evidence, observability, security controls, ownership, capacity and mapped tests are verified.",v1.0.0,Implementation-ready
P31-REQ-009,Application Runtime,Must,"GrounUp shall implement governed application runtime capability 9 using reproducible infrastructure, controlled environment promotion, secure automation, observable production behavior, tested recovery, explicit ownership, and auditable release evidence.","Capability 9 passes when infrastructure/configuration version, environment scope, deployment behavior, rollback/recovery evidence, observability, security controls, ownership, capacity and mapped tests are verified.",v1.0.0,Implementation-ready
P31-REQ-010,Container Runtime,Must,"GrounUp shall implement governed container runtime capability 10 using reproducible infrastructure, controlled environment promotion, secure automation, observable production behavior, tested recovery, explicit ownership, and auditable release evidence.","Capability 10 passes when infrastructure/configuration version, environment scope, deployment behavior, rollback/recovery evidence, observability, security controls, ownership, capacity and mapped tests are verified.",v1.0.0,Implementation-ready
P31-REQ-011,Serverless/Worker Runtime,Must,"GrounUp shall implement governed serverless/worker runtime capability 11 using reproducible infrastructure, controlled environment promotion, secure automation, observable production behavior, tested recovery, explicit ownership, and auditable release evidence.","Capability 11 passes when infrastructure/configuration version, environment scope, deployment behavior, rollback/recovery evidence, observability, security controls, ownership, capacity and mapped tests are verified.",v1.0.0,Implementation-ready
P31-REQ-012,Database Infrastructure,Must,"GrounUp shall implement governed database infrastructure capability 12 using reproducible infrastructure, controlled environment promotion, secure automation, observable production behavior, tested recovery, explicit ownership, and auditable release evidence.","Capability 12 passes when infrastructure/configuration version, environment scope, deployment behavior, rollback/recovery evidence, observability, security controls, ownership, capacity and mapped tests are verified.",v1.0.0,Implementation-ready
P31-REQ-013,Cache Infrastructure,Must,"GrounUp shall implement governed cache infrastructure capability 13 using reproducible infrastructure, controlled environment promotion, secure automation, observable production behavior, tested recovery, explicit ownership, and auditable release evidence.","Capability 13 passes when infrastructure/configuration version, environment scope, deployment behavior, rollback/recovery evidence, observability, security controls, ownership, capacity and mapped tests are verified.",v1.0.0,Implementation-ready
P31-REQ-014,Queue Infrastructure,Must,"GrounUp shall implement governed queue infrastructure capability 14 using reproducible infrastructure, controlled environment promotion, secure automation, observable production behavior, tested recovery, explicit ownership, and auditable release evidence.","Capability 14 passes when infrastructure/configuration version, environment scope, deployment behavior, rollback/recovery evidence, observability, security controls, ownership, capacity and mapped tests are verified.",v1.0.0,Implementation-ready
P31-REQ-015,Object Storage,Must,"GrounUp shall implement governed object storage capability 15 using reproducible infrastructure, controlled environment promotion, secure automation, observable production behavior, tested recovery, explicit ownership, and auditable release evidence.","Capability 15 passes when infrastructure/configuration version, environment scope, deployment behavior, rollback/recovery evidence, observability, security controls, ownership, capacity and mapped tests are verified.",v1.0.0,Implementation-ready
P31-REQ-016,Search Infrastructure,Must,"GrounUp shall implement governed search infrastructure capability 16 using reproducible infrastructure, controlled environment promotion, secure automation, observable production behavior, tested recovery, explicit ownership, and auditable release evidence.","Capability 16 passes when infrastructure/configuration version, environment scope, deployment behavior, rollback/recovery evidence, observability, security controls, ownership, capacity and mapped tests are verified.",v1.0.0,Implementation-ready
P31-REQ-017,Analytics Infrastructure,Must,"GrounUp shall implement governed analytics infrastructure capability 17 using reproducible infrastructure, controlled environment promotion, secure automation, observable production behavior, tested recovery, explicit ownership, and auditable release evidence.","Capability 17 passes when infrastructure/configuration version, environment scope, deployment behavior, rollback/recovery evidence, observability, security controls, ownership, capacity and mapped tests are verified.",v1.0.0,Implementation-ready
P31-REQ-018,AI Runtime Infrastructure,Must,"GrounUp shall implement governed ai runtime infrastructure capability 18 using reproducible infrastructure, controlled environment promotion, secure automation, observable production behavior, tested recovery, explicit ownership, and auditable release evidence.","Capability 18 passes when infrastructure/configuration version, environment scope, deployment behavior, rollback/recovery evidence, observability, security controls, ownership, capacity and mapped tests are verified.",v1.0.0,Implementation-ready
P31-REQ-019,Environment Strategy,Must,"GrounUp shall implement governed environment strategy capability 19 using reproducible infrastructure, controlled environment promotion, secure automation, observable production behavior, tested recovery, explicit ownership, and auditable release evidence.","Capability 19 passes when infrastructure/configuration version, environment scope, deployment behavior, rollback/recovery evidence, observability, security controls, ownership, capacity and mapped tests are verified.",v1.0.0,Implementation-ready
P31-REQ-020,Development Environment,Must,"GrounUp shall implement governed development environment capability 20 using reproducible infrastructure, controlled environment promotion, secure automation, observable production behavior, tested recovery, explicit ownership, and auditable release evidence.","Capability 20 passes when infrastructure/configuration version, environment scope, deployment behavior, rollback/recovery evidence, observability, security controls, ownership, capacity and mapped tests are verified.",v1.0.0,Implementation-ready
P31-REQ-021,Test Environment,Must,"GrounUp shall implement governed test environment capability 21 using reproducible infrastructure, controlled environment promotion, secure automation, observable production behavior, tested recovery, explicit ownership, and auditable release evidence.","Capability 21 passes when infrastructure/configuration version, environment scope, deployment behavior, rollback/recovery evidence, observability, security controls, ownership, capacity and mapped tests are verified.",v1.0.0,Implementation-ready
P31-REQ-022,Staging Environment,Must,"GrounUp shall implement governed staging environment capability 22 using reproducible infrastructure, controlled environment promotion, secure automation, observable production behavior, tested recovery, explicit ownership, and auditable release evidence.","Capability 22 passes when infrastructure/configuration version, environment scope, deployment behavior, rollback/recovery evidence, observability, security controls, ownership, capacity and mapped tests are verified.",v1.0.0,Implementation-ready
P31-REQ-023,Production Environment,Must,"GrounUp shall implement governed production environment capability 23 using reproducible infrastructure, controlled environment promotion, secure automation, observable production behavior, tested recovery, explicit ownership, and auditable release evidence.","Capability 23 passes when infrastructure/configuration version, environment scope, deployment behavior, rollback/recovery evidence, observability, security controls, ownership, capacity and mapped tests are verified.",v1.0.0,Implementation-ready
P31-REQ-024,Preview Environments,Must,"GrounUp shall implement governed preview environments capability 24 using reproducible infrastructure, controlled environment promotion, secure automation, observable production behavior, tested recovery, explicit ownership, and auditable release evidence.","Capability 24 passes when infrastructure/configuration version, environment scope, deployment behavior, rollback/recovery evidence, observability, security controls, ownership, capacity and mapped tests are verified.",v1.0.0,Implementation-ready
P31-REQ-025,Configuration Management,Must,"GrounUp shall implement governed configuration management capability 25 using reproducible infrastructure, controlled environment promotion, secure automation, observable production behavior, tested recovery, explicit ownership, and auditable release evidence.","Capability 25 passes when infrastructure/configuration version, environment scope, deployment behavior, rollback/recovery evidence, observability, security controls, ownership, capacity and mapped tests are verified.",v1.0.0,Implementation-ready
P31-REQ-026,Secrets Injection,Must,"GrounUp shall implement governed secrets injection capability 26 using reproducible infrastructure, controlled environment promotion, secure automation, observable production behavior, tested recovery, explicit ownership, and auditable release evidence.","Capability 26 passes when infrastructure/configuration version, environment scope, deployment behavior, rollback/recovery evidence, observability, security controls, ownership, capacity and mapped tests are verified.",v1.0.0,Implementation-ready
P31-REQ-027,Infrastructure as Code,Must,"GrounUp shall implement governed infrastructure as code capability 27 using reproducible infrastructure, controlled environment promotion, secure automation, observable production behavior, tested recovery, explicit ownership, and auditable release evidence.","Capability 27 passes when infrastructure/configuration version, environment scope, deployment behavior, rollback/recovery evidence, observability, security controls, ownership, capacity and mapped tests are verified.",v1.0.0,Implementation-ready
P31-REQ-028,State Management,Must,"GrounUp shall implement governed state management capability 28 using reproducible infrastructure, controlled environment promotion, secure automation, observable production behavior, tested recovery, explicit ownership, and auditable release evidence.","Capability 28 passes when infrastructure/configuration version, environment scope, deployment behavior, rollback/recovery evidence, observability, security controls, ownership, capacity and mapped tests are verified.",v1.0.0,Implementation-ready
P31-REQ-029,Policy as Code,Must,"GrounUp shall implement governed policy as code capability 29 using reproducible infrastructure, controlled environment promotion, secure automation, observable production behavior, tested recovery, explicit ownership, and auditable release evidence.","Capability 29 passes when infrastructure/configuration version, environment scope, deployment behavior, rollback/recovery evidence, observability, security controls, ownership, capacity and mapped tests are verified.",v1.0.0,Implementation-ready
P31-REQ-030,CI Pipelines,Must,"GrounUp shall implement governed ci pipelines capability 30 using reproducible infrastructure, controlled environment promotion, secure automation, observable production behavior, tested recovery, explicit ownership, and auditable release evidence.","Capability 30 passes when infrastructure/configuration version, environment scope, deployment behavior, rollback/recovery evidence, observability, security controls, ownership, capacity and mapped tests are verified.",v1.0.0,Implementation-ready
P31-REQ-031,Build Reproducibility,Must,"GrounUp shall implement governed build reproducibility capability 31 using reproducible infrastructure, controlled environment promotion, secure automation, observable production behavior, tested recovery, explicit ownership, and auditable release evidence.","Capability 31 passes when infrastructure/configuration version, environment scope, deployment behavior, rollback/recovery evidence, observability, security controls, ownership, capacity and mapped tests are verified.",v1.0.0,Implementation-ready
P31-REQ-032,Artifact Registry,Must,"GrounUp shall implement governed artifact registry capability 32 using reproducible infrastructure, controlled environment promotion, secure automation, observable production behavior, tested recovery, explicit ownership, and auditable release evidence.","Capability 32 passes when infrastructure/configuration version, environment scope, deployment behavior, rollback/recovery evidence, observability, security controls, ownership, capacity and mapped tests are verified.",v1.0.0,Implementation-ready
P31-REQ-033,SBOM & Provenance,Must,"GrounUp shall implement governed sbom & provenance capability 33 using reproducible infrastructure, controlled environment promotion, secure automation, observable production behavior, tested recovery, explicit ownership, and auditable release evidence.","Capability 33 passes when infrastructure/configuration version, environment scope, deployment behavior, rollback/recovery evidence, observability, security controls, ownership, capacity and mapped tests are verified.",v1.0.0,Implementation-ready
P31-REQ-034,CD Pipelines,Must,"GrounUp shall implement governed cd pipelines capability 34 using reproducible infrastructure, controlled environment promotion, secure automation, observable production behavior, tested recovery, explicit ownership, and auditable release evidence.","Capability 34 passes when infrastructure/configuration version, environment scope, deployment behavior, rollback/recovery evidence, observability, security controls, ownership, capacity and mapped tests are verified.",v1.0.0,Implementation-ready
P31-REQ-035,Deployment Strategies,Must,"GrounUp shall implement governed deployment strategies capability 35 using reproducible infrastructure, controlled environment promotion, secure automation, observable production behavior, tested recovery, explicit ownership, and auditable release evidence.","Capability 35 passes when infrastructure/configuration version, environment scope, deployment behavior, rollback/recovery evidence, observability, security controls, ownership, capacity and mapped tests are verified.",v1.0.0,Implementation-ready
P31-REQ-036,Blue/Green Deployments,Must,"GrounUp shall implement governed blue/green deployments capability 36 using reproducible infrastructure, controlled environment promotion, secure automation, observable production behavior, tested recovery, explicit ownership, and auditable release evidence.","Capability 36 passes when infrastructure/configuration version, environment scope, deployment behavior, rollback/recovery evidence, observability, security controls, ownership, capacity and mapped tests are verified.",v1.0.0,Implementation-ready
P31-REQ-037,Canary Releases,Must,"GrounUp shall implement governed canary releases capability 37 using reproducible infrastructure, controlled environment promotion, secure automation, observable production behavior, tested recovery, explicit ownership, and auditable release evidence.","Capability 37 passes when infrastructure/configuration version, environment scope, deployment behavior, rollback/recovery evidence, observability, security controls, ownership, capacity and mapped tests are verified.",v1.0.0,Implementation-ready
P31-REQ-038,Feature Flags,Must,"GrounUp shall implement governed feature flags capability 38 using reproducible infrastructure, controlled environment promotion, secure automation, observable production behavior, tested recovery, explicit ownership, and auditable release evidence.","Capability 38 passes when infrastructure/configuration version, environment scope, deployment behavior, rollback/recovery evidence, observability, security controls, ownership, capacity and mapped tests are verified.",v1.0.0,Implementation-ready
P31-REQ-039,Database Migrations,Must,"GrounUp shall implement governed database migrations capability 39 using reproducible infrastructure, controlled environment promotion, secure automation, observable production behavior, tested recovery, explicit ownership, and auditable release evidence.","Capability 39 passes when infrastructure/configuration version, environment scope, deployment behavior, rollback/recovery evidence, observability, security controls, ownership, capacity and mapped tests are verified.",v1.0.0,Implementation-ready
P31-REQ-040,Rollback,Must,"GrounUp shall implement governed rollback capability 40 using reproducible infrastructure, controlled environment promotion, secure automation, observable production behavior, tested recovery, explicit ownership, and auditable release evidence.","Capability 40 passes when infrastructure/configuration version, environment scope, deployment behavior, rollback/recovery evidence, observability, security controls, ownership, capacity and mapped tests are verified.",v1.0.0,Implementation-ready
P31-REQ-041,Release Approvals,Must,"GrounUp shall implement governed release approvals capability 41 using reproducible infrastructure, controlled environment promotion, secure automation, observable production behavior, tested recovery, explicit ownership, and auditable release evidence.","Capability 41 passes when infrastructure/configuration version, environment scope, deployment behavior, rollback/recovery evidence, observability, security controls, ownership, capacity and mapped tests are verified.",v1.0.0,Implementation-ready
P31-REQ-042,Release Notes,Must,"GrounUp shall implement governed release notes capability 42 using reproducible infrastructure, controlled environment promotion, secure automation, observable production behavior, tested recovery, explicit ownership, and auditable release evidence.","Capability 42 passes when infrastructure/configuration version, environment scope, deployment behavior, rollback/recovery evidence, observability, security controls, ownership, capacity and mapped tests are verified.",v1.0.0,Implementation-ready
P31-REQ-043,Change Windows,Must,"GrounUp shall implement governed change windows capability 43 using reproducible infrastructure, controlled environment promotion, secure automation, observable production behavior, tested recovery, explicit ownership, and auditable release evidence.","Capability 43 passes when infrastructure/configuration version, environment scope, deployment behavior, rollback/recovery evidence, observability, security controls, ownership, capacity and mapped tests are verified.",v1.0.0,Implementation-ready
P31-REQ-044,Observability,Must,"GrounUp shall implement governed observability capability 44 using reproducible infrastructure, controlled environment promotion, secure automation, observable production behavior, tested recovery, explicit ownership, and auditable release evidence.","Capability 44 passes when infrastructure/configuration version, environment scope, deployment behavior, rollback/recovery evidence, observability, security controls, ownership, capacity and mapped tests are verified.",v1.0.0,Implementation-ready
P31-REQ-045,Structured Logging,Must,"GrounUp shall implement governed structured logging capability 45 using reproducible infrastructure, controlled environment promotion, secure automation, observable production behavior, tested recovery, explicit ownership, and auditable release evidence.","Capability 45 passes when infrastructure/configuration version, environment scope, deployment behavior, rollback/recovery evidence, observability, security controls, ownership, capacity and mapped tests are verified.",v1.0.0,Implementation-ready
P31-REQ-046,Metrics,Must,"GrounUp shall implement governed metrics capability 46 using reproducible infrastructure, controlled environment promotion, secure automation, observable production behavior, tested recovery, explicit ownership, and auditable release evidence.","Capability 46 passes when infrastructure/configuration version, environment scope, deployment behavior, rollback/recovery evidence, observability, security controls, ownership, capacity and mapped tests are verified.",v1.0.0,Implementation-ready
P31-REQ-047,Distributed Tracing,Must,"GrounUp shall implement governed distributed tracing capability 47 using reproducible infrastructure, controlled environment promotion, secure automation, observable production behavior, tested recovery, explicit ownership, and auditable release evidence.","Capability 47 passes when infrastructure/configuration version, environment scope, deployment behavior, rollback/recovery evidence, observability, security controls, ownership, capacity and mapped tests are verified.",v1.0.0,Implementation-ready
P31-REQ-048,Health Checks,Must,"GrounUp shall implement governed health checks capability 48 using reproducible infrastructure, controlled environment promotion, secure automation, observable production behavior, tested recovery, explicit ownership, and auditable release evidence.","Capability 48 passes when infrastructure/configuration version, environment scope, deployment behavior, rollback/recovery evidence, observability, security controls, ownership, capacity and mapped tests are verified.",v1.0.0,Implementation-ready
P31-REQ-049,SLOs & SLIs,Must,"GrounUp shall implement governed slos & slis capability 49 using reproducible infrastructure, controlled environment promotion, secure automation, observable production behavior, tested recovery, explicit ownership, and auditable release evidence.","Capability 49 passes when infrastructure/configuration version, environment scope, deployment behavior, rollback/recovery evidence, observability, security controls, ownership, capacity and mapped tests are verified.",v1.0.0,Implementation-ready
P31-REQ-050,Alerting,Must,"GrounUp shall implement governed alerting capability 50 using reproducible infrastructure, controlled environment promotion, secure automation, observable production behavior, tested recovery, explicit ownership, and auditable release evidence.","Capability 50 passes when infrastructure/configuration version, environment scope, deployment behavior, rollback/recovery evidence, observability, security controls, ownership, capacity and mapped tests are verified.",v1.0.0,Implementation-ready
P31-REQ-051,On-Call,Must,"GrounUp shall implement governed on-call capability 51 using reproducible infrastructure, controlled environment promotion, secure automation, observable production behavior, tested recovery, explicit ownership, and auditable release evidence.","Capability 51 passes when infrastructure/configuration version, environment scope, deployment behavior, rollback/recovery evidence, observability, security controls, ownership, capacity and mapped tests are verified.",v1.0.0,Implementation-ready
P31-REQ-052,Incident Management,Must,"GrounUp shall implement governed incident management capability 52 using reproducible infrastructure, controlled environment promotion, secure automation, observable production behavior, tested recovery, explicit ownership, and auditable release evidence.","Capability 52 passes when infrastructure/configuration version, environment scope, deployment behavior, rollback/recovery evidence, observability, security controls, ownership, capacity and mapped tests are verified.",v1.0.0,Implementation-ready
P31-REQ-053,Capacity Planning,Must,"GrounUp shall implement governed capacity planning capability 53 using reproducible infrastructure, controlled environment promotion, secure automation, observable production behavior, tested recovery, explicit ownership, and auditable release evidence.","Capability 53 passes when infrastructure/configuration version, environment scope, deployment behavior, rollback/recovery evidence, observability, security controls, ownership, capacity and mapped tests are verified.",v1.0.0,Implementation-ready
P31-REQ-054,Autoscaling,Must,"GrounUp shall implement governed autoscaling capability 54 using reproducible infrastructure, controlled environment promotion, secure automation, observable production behavior, tested recovery, explicit ownership, and auditable release evidence.","Capability 54 passes when infrastructure/configuration version, environment scope, deployment behavior, rollback/recovery evidence, observability, security controls, ownership, capacity and mapped tests are verified.",v1.0.0,Implementation-ready
P31-REQ-055,Performance Testing,Must,"GrounUp shall implement governed performance testing capability 55 using reproducible infrastructure, controlled environment promotion, secure automation, observable production behavior, tested recovery, explicit ownership, and auditable release evidence.","Capability 55 passes when infrastructure/configuration version, environment scope, deployment behavior, rollback/recovery evidence, observability, security controls, ownership, capacity and mapped tests are verified.",v1.0.0,Implementation-ready
P31-REQ-056,Load Testing,Must,"GrounUp shall implement governed load testing capability 56 using reproducible infrastructure, controlled environment promotion, secure automation, observable production behavior, tested recovery, explicit ownership, and auditable release evidence.","Capability 56 passes when infrastructure/configuration version, environment scope, deployment behavior, rollback/recovery evidence, observability, security controls, ownership, capacity and mapped tests are verified.",v1.0.0,Implementation-ready
P31-REQ-057,Caching Strategy,Must,"GrounUp shall implement governed caching strategy capability 57 using reproducible infrastructure, controlled environment promotion, secure automation, observable production behavior, tested recovery, explicit ownership, and auditable release evidence.","Capability 57 passes when infrastructure/configuration version, environment scope, deployment behavior, rollback/recovery evidence, observability, security controls, ownership, capacity and mapped tests are verified.",v1.0.0,Implementation-ready
P31-REQ-058,Connection Management,Must,"GrounUp shall implement governed connection management capability 58 using reproducible infrastructure, controlled environment promotion, secure automation, observable production behavior, tested recovery, explicit ownership, and auditable release evidence.","Capability 58 passes when infrastructure/configuration version, environment scope, deployment behavior, rollback/recovery evidence, observability, security controls, ownership, capacity and mapped tests are verified.",v1.0.0,Implementation-ready
P31-REQ-059,Rate Limiting,Must,"GrounUp shall implement governed rate limiting capability 59 using reproducible infrastructure, controlled environment promotion, secure automation, observable production behavior, tested recovery, explicit ownership, and auditable release evidence.","Capability 59 passes when infrastructure/configuration version, environment scope, deployment behavior, rollback/recovery evidence, observability, security controls, ownership, capacity and mapped tests are verified.",v1.0.0,Implementation-ready
P31-REQ-060,Resilience,Must,"GrounUp shall implement governed resilience capability 60 using reproducible infrastructure, controlled environment promotion, secure automation, observable production behavior, tested recovery, explicit ownership, and auditable release evidence.","Capability 60 passes when infrastructure/configuration version, environment scope, deployment behavior, rollback/recovery evidence, observability, security controls, ownership, capacity and mapped tests are verified.",v1.0.0,Implementation-ready
P31-REQ-061,Circuit Breakers,Must,"GrounUp shall implement governed circuit breakers capability 61 using reproducible infrastructure, controlled environment promotion, secure automation, observable production behavior, tested recovery, explicit ownership, and auditable release evidence.","Capability 61 passes when infrastructure/configuration version, environment scope, deployment behavior, rollback/recovery evidence, observability, security controls, ownership, capacity and mapped tests are verified.",v1.0.0,Implementation-ready
P31-REQ-062,Retries & Backoff,Must,"GrounUp shall implement governed retries & backoff capability 62 using reproducible infrastructure, controlled environment promotion, secure automation, observable production behavior, tested recovery, explicit ownership, and auditable release evidence.","Capability 62 passes when infrastructure/configuration version, environment scope, deployment behavior, rollback/recovery evidence, observability, security controls, ownership, capacity and mapped tests are verified.",v1.0.0,Implementation-ready
P31-REQ-063,Timeouts,Must,"GrounUp shall implement governed timeouts capability 63 using reproducible infrastructure, controlled environment promotion, secure automation, observable production behavior, tested recovery, explicit ownership, and auditable release evidence.","Capability 63 passes when infrastructure/configuration version, environment scope, deployment behavior, rollback/recovery evidence, observability, security controls, ownership, capacity and mapped tests are verified.",v1.0.0,Implementation-ready
P31-REQ-064,Bulkheads,Must,"GrounUp shall implement governed bulkheads capability 64 using reproducible infrastructure, controlled environment promotion, secure automation, observable production behavior, tested recovery, explicit ownership, and auditable release evidence.","Capability 64 passes when infrastructure/configuration version, environment scope, deployment behavior, rollback/recovery evidence, observability, security controls, ownership, capacity and mapped tests are verified.",v1.0.0,Implementation-ready
P31-REQ-065,Chaos Testing,Must,"GrounUp shall implement governed chaos testing capability 65 using reproducible infrastructure, controlled environment promotion, secure automation, observable production behavior, tested recovery, explicit ownership, and auditable release evidence.","Capability 65 passes when infrastructure/configuration version, environment scope, deployment behavior, rollback/recovery evidence, observability, security controls, ownership, capacity and mapped tests are verified.",v1.0.0,Implementation-ready
P31-REQ-066,Backup,Must,"GrounUp shall implement governed backup capability 66 using reproducible infrastructure, controlled environment promotion, secure automation, observable production behavior, tested recovery, explicit ownership, and auditable release evidence.","Capability 66 passes when infrastructure/configuration version, environment scope, deployment behavior, rollback/recovery evidence, observability, security controls, ownership, capacity and mapped tests are verified.",v1.0.0,Implementation-ready
P31-REQ-067,Restore,Must,"GrounUp shall implement governed restore capability 67 using reproducible infrastructure, controlled environment promotion, secure automation, observable production behavior, tested recovery, explicit ownership, and auditable release evidence.","Capability 67 passes when infrastructure/configuration version, environment scope, deployment behavior, rollback/recovery evidence, observability, security controls, ownership, capacity and mapped tests are verified.",v1.0.0,Implementation-ready
P31-REQ-068,Point-in-Time Recovery,Must,"GrounUp shall implement governed point-in-time recovery capability 68 using reproducible infrastructure, controlled environment promotion, secure automation, observable production behavior, tested recovery, explicit ownership, and auditable release evidence.","Capability 68 passes when infrastructure/configuration version, environment scope, deployment behavior, rollback/recovery evidence, observability, security controls, ownership, capacity and mapped tests are verified.",v1.0.0,Implementation-ready
P31-REQ-069,Disaster Recovery,Must,"GrounUp shall implement governed disaster recovery capability 69 using reproducible infrastructure, controlled environment promotion, secure automation, observable production behavior, tested recovery, explicit ownership, and auditable release evidence.","Capability 69 passes when infrastructure/configuration version, environment scope, deployment behavior, rollback/recovery evidence, observability, security controls, ownership, capacity and mapped tests are verified.",v1.0.0,Implementation-ready
P31-REQ-070,RTO/RPO,Must,"GrounUp shall implement governed rto/rpo capability 70 using reproducible infrastructure, controlled environment promotion, secure automation, observable production behavior, tested recovery, explicit ownership, and auditable release evidence.","Capability 70 passes when infrastructure/configuration version, environment scope, deployment behavior, rollback/recovery evidence, observability, security controls, ownership, capacity and mapped tests are verified.",v1.0.0,Implementation-ready
P31-REQ-071,Business Continuity,Must,"GrounUp shall implement governed business continuity capability 71 using reproducible infrastructure, controlled environment promotion, secure automation, observable production behavior, tested recovery, explicit ownership, and auditable release evidence.","Capability 71 passes when infrastructure/configuration version, environment scope, deployment behavior, rollback/recovery evidence, observability, security controls, ownership, capacity and mapped tests are verified.",v1.0.0,Implementation-ready
P31-REQ-072,Multi-Region Recovery,Must,"GrounUp shall implement governed multi-region recovery capability 72 using reproducible infrastructure, controlled environment promotion, secure automation, observable production behavior, tested recovery, explicit ownership, and auditable release evidence.","Capability 72 passes when infrastructure/configuration version, environment scope, deployment behavior, rollback/recovery evidence, observability, security controls, ownership, capacity and mapped tests are verified.",v1.0.0,Implementation-ready
P31-REQ-073,Operational Runbooks,Must,"GrounUp shall implement governed operational runbooks capability 73 using reproducible infrastructure, controlled environment promotion, secure automation, observable production behavior, tested recovery, explicit ownership, and auditable release evidence.","Capability 73 passes when infrastructure/configuration version, environment scope, deployment behavior, rollback/recovery evidence, observability, security controls, ownership, capacity and mapped tests are verified.",v1.0.0,Implementation-ready
P31-REQ-074,Maintenance Windows,Must,"GrounUp shall implement governed maintenance windows capability 74 using reproducible infrastructure, controlled environment promotion, secure automation, observable production behavior, tested recovery, explicit ownership, and auditable release evidence.","Capability 74 passes when infrastructure/configuration version, environment scope, deployment behavior, rollback/recovery evidence, observability, security controls, ownership, capacity and mapped tests are verified.",v1.0.0,Implementation-ready
P31-REQ-075,Patch Management,Must,"GrounUp shall implement governed patch management capability 75 using reproducible infrastructure, controlled environment promotion, secure automation, observable production behavior, tested recovery, explicit ownership, and auditable release evidence.","Capability 75 passes when infrastructure/configuration version, environment scope, deployment behavior, rollback/recovery evidence, observability, security controls, ownership, capacity and mapped tests are verified.",v1.0.0,Implementation-ready
P31-REQ-076,Dependency Updates,Must,"GrounUp shall implement governed dependency updates capability 76 using reproducible infrastructure, controlled environment promotion, secure automation, observable production behavior, tested recovery, explicit ownership, and auditable release evidence.","Capability 76 passes when infrastructure/configuration version, environment scope, deployment behavior, rollback/recovery evidence, observability, security controls, ownership, capacity and mapped tests are verified.",v1.0.0,Implementation-ready
P31-REQ-077,Operational Access,Must,"GrounUp shall implement governed operational access capability 77 using reproducible infrastructure, controlled environment promotion, secure automation, observable production behavior, tested recovery, explicit ownership, and auditable release evidence.","Capability 77 passes when infrastructure/configuration version, environment scope, deployment behavior, rollback/recovery evidence, observability, security controls, ownership, capacity and mapped tests are verified.",v1.0.0,Implementation-ready
P31-REQ-078,Production Support,Must,"GrounUp shall implement governed production support capability 78 using reproducible infrastructure, controlled environment promotion, secure automation, observable production behavior, tested recovery, explicit ownership, and auditable release evidence.","Capability 78 passes when infrastructure/configuration version, environment scope, deployment behavior, rollback/recovery evidence, observability, security controls, ownership, capacity and mapped tests are verified.",v1.0.0,Implementation-ready
P31-REQ-079,FinOps,Must,"GrounUp shall implement governed finops capability 79 using reproducible infrastructure, controlled environment promotion, secure automation, observable production behavior, tested recovery, explicit ownership, and auditable release evidence.","Capability 79 passes when infrastructure/configuration version, environment scope, deployment behavior, rollback/recovery evidence, observability, security controls, ownership, capacity and mapped tests are verified.",v1.0.0,Implementation-ready
P31-REQ-080,Cloud Cost Allocation,Must,"GrounUp shall implement governed cloud cost allocation capability 80 using reproducible infrastructure, controlled environment promotion, secure automation, observable production behavior, tested recovery, explicit ownership, and auditable release evidence.","Capability 80 passes when infrastructure/configuration version, environment scope, deployment behavior, rollback/recovery evidence, observability, security controls, ownership, capacity and mapped tests are verified.",v1.0.0,Implementation-ready
P31-REQ-081,Cost Budgets,Must,"GrounUp shall implement governed cost budgets capability 81 using reproducible infrastructure, controlled environment promotion, secure automation, observable production behavior, tested recovery, explicit ownership, and auditable release evidence.","Capability 81 passes when infrastructure/configuration version, environment scope, deployment behavior, rollback/recovery evidence, observability, security controls, ownership, capacity and mapped tests are verified.",v1.0.0,Implementation-ready
P31-REQ-082,Resource Tagging,Must,"GrounUp shall implement governed resource tagging capability 82 using reproducible infrastructure, controlled environment promotion, secure automation, observable production behavior, tested recovery, explicit ownership, and auditable release evidence.","Capability 82 passes when infrastructure/configuration version, environment scope, deployment behavior, rollback/recovery evidence, observability, security controls, ownership, capacity and mapped tests are verified.",v1.0.0,Implementation-ready
P31-REQ-083,Environment Cleanup,Must,"GrounUp shall implement governed environment cleanup capability 83 using reproducible infrastructure, controlled environment promotion, secure automation, observable production behavior, tested recovery, explicit ownership, and auditable release evidence.","Capability 83 passes when infrastructure/configuration version, environment scope, deployment behavior, rollback/recovery evidence, observability, security controls, ownership, capacity and mapped tests are verified.",v1.0.0,Implementation-ready
P31-REQ-084,Release Evidence,Must,"GrounUp shall implement governed release evidence capability 84 using reproducible infrastructure, controlled environment promotion, secure automation, observable production behavior, tested recovery, explicit ownership, and auditable release evidence.","Capability 84 passes when infrastructure/configuration version, environment scope, deployment behavior, rollback/recovery evidence, observability, security controls, ownership, capacity and mapped tests are verified.",v1.0.0,Implementation-ready
P31-REQ-085,Deployment Audit,Must,"GrounUp shall implement governed deployment audit capability 85 using reproducible infrastructure, controlled environment promotion, secure automation, observable production behavior, tested recovery, explicit ownership, and auditable release evidence.","Capability 85 passes when infrastructure/configuration version, environment scope, deployment behavior, rollback/recovery evidence, observability, security controls, ownership, capacity and mapped tests are verified.",v1.0.0,Implementation-ready
P31-REQ-086,Service Catalog,Must,"GrounUp shall implement governed service catalog capability 86 using reproducible infrastructure, controlled environment promotion, secure automation, observable production behavior, tested recovery, explicit ownership, and auditable release evidence.","Capability 86 passes when infrastructure/configuration version, environment scope, deployment behavior, rollback/recovery evidence, observability, security controls, ownership, capacity and mapped tests are verified.",v1.0.0,Implementation-ready
P31-REQ-087,Operational Ownership,Must,"GrounUp shall implement governed operational ownership capability 87 using reproducible infrastructure, controlled environment promotion, secure automation, observable production behavior, tested recovery, explicit ownership, and auditable release evidence.","Capability 87 passes when infrastructure/configuration version, environment scope, deployment behavior, rollback/recovery evidence, observability, security controls, ownership, capacity and mapped tests are verified.",v1.0.0,Implementation-ready
P31-REQ-088,Platform Reliability,Must,"GrounUp shall implement governed platform reliability capability 88 using reproducible infrastructure, controlled environment promotion, secure automation, observable production behavior, tested recovery, explicit ownership, and auditable release evidence.","Capability 88 passes when infrastructure/configuration version, environment scope, deployment behavior, rollback/recovery evidence, observability, security controls, ownership, capacity and mapped tests are verified.",v1.0.0,Implementation-ready
P31-REQ-089,Production Architecture,Must,"GrounUp shall implement governed production architecture capability 89 using reproducible infrastructure, controlled environment promotion, secure automation, observable production behavior, tested recovery, explicit ownership, and auditable release evidence.","Capability 89 passes when infrastructure/configuration version, environment scope, deployment behavior, rollback/recovery evidence, observability, security controls, ownership, capacity and mapped tests are verified.",v1.0.0,Implementation-ready
P31-REQ-090,Cloud Provider Abstraction,Must,"GrounUp shall implement governed cloud provider abstraction capability 90 using reproducible infrastructure, controlled environment promotion, secure automation, observable production behavior, tested recovery, explicit ownership, and auditable release evidence.","Capability 90 passes when infrastructure/configuration version, environment scope, deployment behavior, rollback/recovery evidence, observability, security controls, ownership, capacity and mapped tests are verified.",v1.0.0,Implementation-ready
P31-REQ-091,Regions & Availability Zones,Must,"GrounUp shall implement governed regions & availability zones capability 91 using reproducible infrastructure, controlled environment promotion, secure automation, observable production behavior, tested recovery, explicit ownership, and auditable release evidence.","Capability 91 passes when infrastructure/configuration version, environment scope, deployment behavior, rollback/recovery evidence, observability, security controls, ownership, capacity and mapped tests are verified.",v1.0.0,Implementation-ready
P31-REQ-092,Network Topology,Must,"GrounUp shall implement governed network topology capability 92 using reproducible infrastructure, controlled environment promotion, secure automation, observable production behavior, tested recovery, explicit ownership, and auditable release evidence.","Capability 92 passes when infrastructure/configuration version, environment scope, deployment behavior, rollback/recovery evidence, observability, security controls, ownership, capacity and mapped tests are verified.",v1.0.0,Implementation-ready
P31-REQ-093,Ingress & Edge,Must,"GrounUp shall implement governed ingress & edge capability 93 using reproducible infrastructure, controlled environment promotion, secure automation, observable production behavior, tested recovery, explicit ownership, and auditable release evidence.","Capability 93 passes when infrastructure/configuration version, environment scope, deployment behavior, rollback/recovery evidence, observability, security controls, ownership, capacity and mapped tests are verified.",v1.0.0,Implementation-ready
P31-REQ-094,DNS,Must,"GrounUp shall implement governed dns capability 94 using reproducible infrastructure, controlled environment promotion, secure automation, observable production behavior, tested recovery, explicit ownership, and auditable release evidence.","Capability 94 passes when infrastructure/configuration version, environment scope, deployment behavior, rollback/recovery evidence, observability, security controls, ownership, capacity and mapped tests are verified.",v1.0.0,Implementation-ready
P31-REQ-095,TLS Certificates,Must,"GrounUp shall implement governed tls certificates capability 95 using reproducible infrastructure, controlled environment promotion, secure automation, observable production behavior, tested recovery, explicit ownership, and auditable release evidence.","Capability 95 passes when infrastructure/configuration version, environment scope, deployment behavior, rollback/recovery evidence, observability, security controls, ownership, capacity and mapped tests are verified.",v1.0.0,Implementation-ready
P31-REQ-096,Load Balancing,Must,"GrounUp shall implement governed load balancing capability 96 using reproducible infrastructure, controlled environment promotion, secure automation, observable production behavior, tested recovery, explicit ownership, and auditable release evidence.","Capability 96 passes when infrastructure/configuration version, environment scope, deployment behavior, rollback/recovery evidence, observability, security controls, ownership, capacity and mapped tests are verified.",v1.0.0,Implementation-ready
P31-REQ-097,Application Runtime,Must,"GrounUp shall implement governed application runtime capability 97 using reproducible infrastructure, controlled environment promotion, secure automation, observable production behavior, tested recovery, explicit ownership, and auditable release evidence.","Capability 97 passes when infrastructure/configuration version, environment scope, deployment behavior, rollback/recovery evidence, observability, security controls, ownership, capacity and mapped tests are verified.",v1.0.0,Implementation-ready
P31-REQ-098,Container Runtime,Must,"GrounUp shall implement governed container runtime capability 98 using reproducible infrastructure, controlled environment promotion, secure automation, observable production behavior, tested recovery, explicit ownership, and auditable release evidence.","Capability 98 passes when infrastructure/configuration version, environment scope, deployment behavior, rollback/recovery evidence, observability, security controls, ownership, capacity and mapped tests are verified.",v1.0.0,Implementation-ready
P31-REQ-099,Serverless/Worker Runtime,Must,"GrounUp shall implement governed serverless/worker runtime capability 99 using reproducible infrastructure, controlled environment promotion, secure automation, observable production behavior, tested recovery, explicit ownership, and auditable release evidence.","Capability 99 passes when infrastructure/configuration version, environment scope, deployment behavior, rollback/recovery evidence, observability, security controls, ownership, capacity and mapped tests are verified.",v1.0.0,Implementation-ready
P31-REQ-100,Database Infrastructure,Must,"GrounUp shall implement governed database infrastructure capability 100 using reproducible infrastructure, controlled environment promotion, secure automation, observable production behavior, tested recovery, explicit ownership, and auditable release evidence.","Capability 100 passes when infrastructure/configuration version, environment scope, deployment behavior, rollback/recovery evidence, observability, security controls, ownership, capacity and mapped tests are verified.",v1.0.0,Implementation-ready
P31-REQ-101,Cache Infrastructure,Must,"GrounUp shall implement governed cache infrastructure capability 101 using reproducible infrastructure, controlled environment promotion, secure automation, observable production behavior, tested recovery, explicit ownership, and auditable release evidence.","Capability 101 passes when infrastructure/configuration version, environment scope, deployment behavior, rollback/recovery evidence, observability, security controls, ownership, capacity and mapped tests are verified.",v1.0.0,Implementation-ready
P31-REQ-102,Queue Infrastructure,Must,"GrounUp shall implement governed queue infrastructure capability 102 using reproducible infrastructure, controlled environment promotion, secure automation, observable production behavior, tested recovery, explicit ownership, and auditable release evidence.","Capability 102 passes when infrastructure/configuration version, environment scope, deployment behavior, rollback/recovery evidence, observability, security controls, ownership, capacity and mapped tests are verified.",v1.0.0,Implementation-ready
P31-REQ-103,Object Storage,Must,"GrounUp shall implement governed object storage capability 103 using reproducible infrastructure, controlled environment promotion, secure automation, observable production behavior, tested recovery, explicit ownership, and auditable release evidence.","Capability 103 passes when infrastructure/configuration version, environment scope, deployment behavior, rollback/recovery evidence, observability, security controls, ownership, capacity and mapped tests are verified.",v1.0.0,Implementation-ready
P31-REQ-104,Search Infrastructure,Must,"GrounUp shall implement governed search infrastructure capability 104 using reproducible infrastructure, controlled environment promotion, secure automation, observable production behavior, tested recovery, explicit ownership, and auditable release evidence.","Capability 104 passes when infrastructure/configuration version, environment scope, deployment behavior, rollback/recovery evidence, observability, security controls, ownership, capacity and mapped tests are verified.",v1.0.0,Implementation-ready
P31-REQ-105,Analytics Infrastructure,Must,"GrounUp shall implement governed analytics infrastructure capability 105 using reproducible infrastructure, controlled environment promotion, secure automation, observable production behavior, tested recovery, explicit ownership, and auditable release evidence.","Capability 105 passes when infrastructure/configuration version, environment scope, deployment behavior, rollback/recovery evidence, observability, security controls, ownership, capacity and mapped tests are verified.",v1.0.0,Implementation-ready
P31-REQ-106,AI Runtime Infrastructure,Must,"GrounUp shall implement governed ai runtime infrastructure capability 106 using reproducible infrastructure, controlled environment promotion, secure automation, observable production behavior, tested recovery, explicit ownership, and auditable release evidence.","Capability 106 passes when infrastructure/configuration version, environment scope, deployment behavior, rollback/recovery evidence, observability, security controls, ownership, capacity and mapped tests are verified.",v1.0.0,Implementation-ready
P31-REQ-107,Environment Strategy,Must,"GrounUp shall implement governed environment strategy capability 107 using reproducible infrastructure, controlled environment promotion, secure automation, observable production behavior, tested recovery, explicit ownership, and auditable release evidence.","Capability 107 passes when infrastructure/configuration version, environment scope, deployment behavior, rollback/recovery evidence, observability, security controls, ownership, capacity and mapped tests are verified.",v1.0.0,Implementation-ready
P31-REQ-108,Development Environment,Must,"GrounUp shall implement governed development environment capability 108 using reproducible infrastructure, controlled environment promotion, secure automation, observable production behavior, tested recovery, explicit ownership, and auditable release evidence.","Capability 108 passes when infrastructure/configuration version, environment scope, deployment behavior, rollback/recovery evidence, observability, security controls, ownership, capacity and mapped tests are verified.",v1.0.0,Implementation-ready
P31-REQ-109,Test Environment,Must,"GrounUp shall implement governed test environment capability 109 using reproducible infrastructure, controlled environment promotion, secure automation, observable production behavior, tested recovery, explicit ownership, and auditable release evidence.","Capability 109 passes when infrastructure/configuration version, environment scope, deployment behavior, rollback/recovery evidence, observability, security controls, ownership, capacity and mapped tests are verified.",v1.0.0,Implementation-ready
P31-REQ-110,Staging Environment,Must,"GrounUp shall implement governed staging environment capability 110 using reproducible infrastructure, controlled environment promotion, secure automation, observable production behavior, tested recovery, explicit ownership, and auditable release evidence.","Capability 110 passes when infrastructure/configuration version, environment scope, deployment behavior, rollback/recovery evidence, observability, security controls, ownership, capacity and mapped tests are verified.",v1.0.0,Implementation-ready
P31-REQ-111,Production Environment,Must,"GrounUp shall implement governed production environment capability 111 using reproducible infrastructure, controlled environment promotion, secure automation, observable production behavior, tested recovery, explicit ownership, and auditable release evidence.","Capability 111 passes when infrastructure/configuration version, environment scope, deployment behavior, rollback/recovery evidence, observability, security controls, ownership, capacity and mapped tests are verified.",v1.0.0,Implementation-ready
P31-REQ-112,Preview Environments,Must,"GrounUp shall implement governed preview environments capability 112 using reproducible infrastructure, controlled environment promotion, secure automation, observable production behavior, tested recovery, explicit ownership, and auditable release evidence.","Capability 112 passes when infrastructure/configuration version, environment scope, deployment behavior, rollback/recovery evidence, observability, security controls, ownership, capacity and mapped tests are verified.",v1.0.0,Implementation-ready
P31-REQ-113,Configuration Management,Must,"GrounUp shall implement governed configuration management capability 113 using reproducible infrastructure, controlled environment promotion, secure automation, observable production behavior, tested recovery, explicit ownership, and auditable release evidence.","Capability 113 passes when infrastructure/configuration version, environment scope, deployment behavior, rollback/recovery evidence, observability, security controls, ownership, capacity and mapped tests are verified.",v1.0.0,Implementation-ready
P31-REQ-114,Secrets Injection,Must,"GrounUp shall implement governed secrets injection capability 114 using reproducible infrastructure, controlled environment promotion, secure automation, observable production behavior, tested recovery, explicit ownership, and auditable release evidence.","Capability 114 passes when infrastructure/configuration version, environment scope, deployment behavior, rollback/recovery evidence, observability, security controls, ownership, capacity and mapped tests are verified.",v1.0.0,Implementation-ready
P31-REQ-115,Infrastructure as Code,Must,"GrounUp shall implement governed infrastructure as code capability 115 using reproducible infrastructure, controlled environment promotion, secure automation, observable production behavior, tested recovery, explicit ownership, and auditable release evidence.","Capability 115 passes when infrastructure/configuration version, environment scope, deployment behavior, rollback/recovery evidence, observability, security controls, ownership, capacity and mapped tests are verified.",v1.0.0,Implementation-ready
P31-REQ-116,State Management,Must,"GrounUp shall implement governed state management capability 116 using reproducible infrastructure, controlled environment promotion, secure automation, observable production behavior, tested recovery, explicit ownership, and auditable release evidence.","Capability 116 passes when infrastructure/configuration version, environment scope, deployment behavior, rollback/recovery evidence, observability, security controls, ownership, capacity and mapped tests are verified.",v1.0.0,Implementation-ready
P31-REQ-117,Policy as Code,Must,"GrounUp shall implement governed policy as code capability 117 using reproducible infrastructure, controlled environment promotion, secure automation, observable production behavior, tested recovery, explicit ownership, and auditable release evidence.","Capability 117 passes when infrastructure/configuration version, environment scope, deployment behavior, rollback/recovery evidence, observability, security controls, ownership, capacity and mapped tests are verified.",v1.0.0,Implementation-ready
P31-REQ-118,CI Pipelines,Must,"GrounUp shall implement governed ci pipelines capability 118 using reproducible infrastructure, controlled environment promotion, secure automation, observable production behavior, tested recovery, explicit ownership, and auditable release evidence.","Capability 118 passes when infrastructure/configuration version, environment scope, deployment behavior, rollback/recovery evidence, observability, security controls, ownership, capacity and mapped tests are verified.",v1.0.0,Implementation-ready
P31-REQ-119,Build Reproducibility,Must,"GrounUp shall implement governed build reproducibility capability 119 using reproducible infrastructure, controlled environment promotion, secure automation, observable production behavior, tested recovery, explicit ownership, and auditable release evidence.","Capability 119 passes when infrastructure/configuration version, environment scope, deployment behavior, rollback/recovery evidence, observability, security controls, ownership, capacity and mapped tests are verified.",v1.0.0,Implementation-ready
P31-REQ-120,Artifact Registry,Must,"GrounUp shall implement governed artifact registry capability 120 using reproducible infrastructure, controlled environment promotion, secure automation, observable production behavior, tested recovery, explicit ownership, and auditable release evidence.","Capability 120 passes when infrastructure/configuration version, environment scope, deployment behavior, rollback/recovery evidence, observability, security controls, ownership, capacity and mapped tests are verified.",v1.0.0,Implementation-ready
P31-REQ-121,SBOM & Provenance,Must,"GrounUp shall implement governed sbom & provenance capability 121 using reproducible infrastructure, controlled environment promotion, secure automation, observable production behavior, tested recovery, explicit ownership, and auditable release evidence.","Capability 121 passes when infrastructure/configuration version, environment scope, deployment behavior, rollback/recovery evidence, observability, security controls, ownership, capacity and mapped tests are verified.",v1.0.0,Implementation-ready
P31-REQ-122,CD Pipelines,Must,"GrounUp shall implement governed cd pipelines capability 122 using reproducible infrastructure, controlled environment promotion, secure automation, observable production behavior, tested recovery, explicit ownership, and auditable release evidence.","Capability 122 passes when infrastructure/configuration version, environment scope, deployment behavior, rollback/recovery evidence, observability, security controls, ownership, capacity and mapped tests are verified.",v1.0.0,Implementation-ready
P31-REQ-123,Deployment Strategies,Must,"GrounUp shall implement governed deployment strategies capability 123 using reproducible infrastructure, controlled environment promotion, secure automation, observable production behavior, tested recovery, explicit ownership, and auditable release evidence.","Capability 123 passes when infrastructure/configuration version, environment scope, deployment behavior, rollback/recovery evidence, observability, security controls, ownership, capacity and mapped tests are verified.",v1.0.0,Implementation-ready
P31-REQ-124,Blue/Green Deployments,Must,"GrounUp shall implement governed blue/green deployments capability 124 using reproducible infrastructure, controlled environment promotion, secure automation, observable production behavior, tested recovery, explicit ownership, and auditable release evidence.","Capability 124 passes when infrastructure/configuration version, environment scope, deployment behavior, rollback/recovery evidence, observability, security controls, ownership, capacity and mapped tests are verified.",v1.0.0,Implementation-ready
P31-REQ-125,Canary Releases,Must,"GrounUp shall implement governed canary releases capability 125 using reproducible infrastructure, controlled environment promotion, secure automation, observable production behavior, tested recovery, explicit ownership, and auditable release evidence.","Capability 125 passes when infrastructure/configuration version, environment scope, deployment behavior, rollback/recovery evidence, observability, security controls, ownership, capacity and mapped tests are verified.",v1.0.0,Implementation-ready
P31-REQ-126,Feature Flags,Must,"GrounUp shall implement governed feature flags capability 126 using reproducible infrastructure, controlled environment promotion, secure automation, observable production behavior, tested recovery, explicit ownership, and auditable release evidence.","Capability 126 passes when infrastructure/configuration version, environment scope, deployment behavior, rollback/recovery evidence, observability, security controls, ownership, capacity and mapped tests are verified.",v1.0.0,Implementation-ready
P31-REQ-127,Database Migrations,Must,"GrounUp shall implement governed database migrations capability 127 using reproducible infrastructure, controlled environment promotion, secure automation, observable production behavior, tested recovery, explicit ownership, and auditable release evidence.","Capability 127 passes when infrastructure/configuration version, environment scope, deployment behavior, rollback/recovery evidence, observability, security controls, ownership, capacity and mapped tests are verified.",v1.0.0,Implementation-ready
P31-REQ-128,Rollback,Must,"GrounUp shall implement governed rollback capability 128 using reproducible infrastructure, controlled environment promotion, secure automation, observable production behavior, tested recovery, explicit ownership, and auditable release evidence.","Capability 128 passes when infrastructure/configuration version, environment scope, deployment behavior, rollback/recovery evidence, observability, security controls, ownership, capacity and mapped tests are verified.",v1.0.0,Implementation-ready
P31-REQ-129,Release Approvals,Must,"GrounUp shall implement governed release approvals capability 129 using reproducible infrastructure, controlled environment promotion, secure automation, observable production behavior, tested recovery, explicit ownership, and auditable release evidence.","Capability 129 passes when infrastructure/configuration version, environment scope, deployment behavior, rollback/recovery evidence, observability, security controls, ownership, capacity and mapped tests are verified.",v1.0.0,Implementation-ready
P31-REQ-130,Release Notes,Must,"GrounUp shall implement governed release notes capability 130 using reproducible infrastructure, controlled environment promotion, secure automation, observable production behavior, tested recovery, explicit ownership, and auditable release evidence.","Capability 130 passes when infrastructure/configuration version, environment scope, deployment behavior, rollback/recovery evidence, observability, security controls, ownership, capacity and mapped tests are verified.",v1.0.0,Implementation-ready
P31-REQ-131,Change Windows,Must,"GrounUp shall implement governed change windows capability 131 using reproducible infrastructure, controlled environment promotion, secure automation, observable production behavior, tested recovery, explicit ownership, and auditable release evidence.","Capability 131 passes when infrastructure/configuration version, environment scope, deployment behavior, rollback/recovery evidence, observability, security controls, ownership, capacity and mapped tests are verified.",v1.0.0,Implementation-ready
P31-REQ-132,Observability,Must,"GrounUp shall implement governed observability capability 132 using reproducible infrastructure, controlled environment promotion, secure automation, observable production behavior, tested recovery, explicit ownership, and auditable release evidence.","Capability 132 passes when infrastructure/configuration version, environment scope, deployment behavior, rollback/recovery evidence, observability, security controls, ownership, capacity and mapped tests are verified.",v1.0.0,Implementation-ready
P31-REQ-133,Structured Logging,Must,"GrounUp shall implement governed structured logging capability 133 using reproducible infrastructure, controlled environment promotion, secure automation, observable production behavior, tested recovery, explicit ownership, and auditable release evidence.","Capability 133 passes when infrastructure/configuration version, environment scope, deployment behavior, rollback/recovery evidence, observability, security controls, ownership, capacity and mapped tests are verified.",v1.0.0,Implementation-ready
P31-REQ-134,Metrics,Must,"GrounUp shall implement governed metrics capability 134 using reproducible infrastructure, controlled environment promotion, secure automation, observable production behavior, tested recovery, explicit ownership, and auditable release evidence.","Capability 134 passes when infrastructure/configuration version, environment scope, deployment behavior, rollback/recovery evidence, observability, security controls, ownership, capacity and mapped tests are verified.",v1.0.0,Implementation-ready
P31-REQ-135,Distributed Tracing,Must,"GrounUp shall implement governed distributed tracing capability 135 using reproducible infrastructure, controlled environment promotion, secure automation, observable production behavior, tested recovery, explicit ownership, and auditable release evidence.","Capability 135 passes when infrastructure/configuration version, environment scope, deployment behavior, rollback/recovery evidence, observability, security controls, ownership, capacity and mapped tests are verified.",v1.0.0,Implementation-ready
P31-REQ-136,Health Checks,Must,"GrounUp shall implement governed health checks capability 136 using reproducible infrastructure, controlled environment promotion, secure automation, observable production behavior, tested recovery, explicit ownership, and auditable release evidence.","Capability 136 passes when infrastructure/configuration version, environment scope, deployment behavior, rollback/recovery evidence, observability, security controls, ownership, capacity and mapped tests are verified.",v1.0.0,Implementation-ready
P31-REQ-137,SLOs & SLIs,Must,"GrounUp shall implement governed slos & slis capability 137 using reproducible infrastructure, controlled environment promotion, secure automation, observable production behavior, tested recovery, explicit ownership, and auditable release evidence.","Capability 137 passes when infrastructure/configuration version, environment scope, deployment behavior, rollback/recovery evidence, observability, security controls, ownership, capacity and mapped tests are verified.",v1.0.0,Implementation-ready
P31-REQ-138,Alerting,Must,"GrounUp shall implement governed alerting capability 138 using reproducible infrastructure, controlled environment promotion, secure automation, observable production behavior, tested recovery, explicit ownership, and auditable release evidence.","Capability 138 passes when infrastructure/configuration version, environment scope, deployment behavior, rollback/recovery evidence, observability, security controls, ownership, capacity and mapped tests are verified.",v1.0.0,Implementation-ready
P31-REQ-139,On-Call,Must,"GrounUp shall implement governed on-call capability 139 using reproducible infrastructure, controlled environment promotion, secure automation, observable production behavior, tested recovery, explicit ownership, and auditable release evidence.","Capability 139 passes when infrastructure/configuration version, environment scope, deployment behavior, rollback/recovery evidence, observability, security controls, ownership, capacity and mapped tests are verified.",v1.0.0,Implementation-ready
P31-REQ-140,Incident Management,Must,"GrounUp shall implement governed incident management capability 140 using reproducible infrastructure, controlled environment promotion, secure automation, observable production behavior, tested recovery, explicit ownership, and auditable release evidence.","Capability 140 passes when infrastructure/configuration version, environment scope, deployment behavior, rollback/recovery evidence, observability, security controls, ownership, capacity and mapped tests are verified.",v1.0.0,Implementation-ready
P31-REQ-141,Capacity Planning,Must,"GrounUp shall implement governed capacity planning capability 141 using reproducible infrastructure, controlled environment promotion, secure automation, observable production behavior, tested recovery, explicit ownership, and auditable release evidence.","Capability 141 passes when infrastructure/configuration version, environment scope, deployment behavior, rollback/recovery evidence, observability, security controls, ownership, capacity and mapped tests are verified.",v1.0.0,Implementation-ready
P31-REQ-142,Autoscaling,Must,"GrounUp shall implement governed autoscaling capability 142 using reproducible infrastructure, controlled environment promotion, secure automation, observable production behavior, tested recovery, explicit ownership, and auditable release evidence.","Capability 142 passes when infrastructure/configuration version, environment scope, deployment behavior, rollback/recovery evidence, observability, security controls, ownership, capacity and mapped tests are verified.",v1.0.0,Implementation-ready
P31-REQ-143,Performance Testing,Must,"GrounUp shall implement governed performance testing capability 143 using reproducible infrastructure, controlled environment promotion, secure automation, observable production behavior, tested recovery, explicit ownership, and auditable release evidence.","Capability 143 passes when infrastructure/configuration version, environment scope, deployment behavior, rollback/recovery evidence, observability, security controls, ownership, capacity and mapped tests are verified.",v1.0.0,Implementation-ready
P31-REQ-144,Load Testing,Must,"GrounUp shall implement governed load testing capability 144 using reproducible infrastructure, controlled environment promotion, secure automation, observable production behavior, tested recovery, explicit ownership, and auditable release evidence.","Capability 144 passes when infrastructure/configuration version, environment scope, deployment behavior, rollback/recovery evidence, observability, security controls, ownership, capacity and mapped tests are verified.",v1.0.0,Implementation-ready
P31-REQ-145,Caching Strategy,Must,"GrounUp shall implement governed caching strategy capability 145 using reproducible infrastructure, controlled environment promotion, secure automation, observable production behavior, tested recovery, explicit ownership, and auditable release evidence.","Capability 145 passes when infrastructure/configuration version, environment scope, deployment behavior, rollback/recovery evidence, observability, security controls, ownership, capacity and mapped tests are verified.",v1.0.0,Implementation-ready
P31-REQ-146,Connection Management,Must,"GrounUp shall implement governed connection management capability 146 using reproducible infrastructure, controlled environment promotion, secure automation, observable production behavior, tested recovery, explicit ownership, and auditable release evidence.","Capability 146 passes when infrastructure/configuration version, environment scope, deployment behavior, rollback/recovery evidence, observability, security controls, ownership, capacity and mapped tests are verified.",v1.0.0,Implementation-ready
P31-REQ-147,Rate Limiting,Must,"GrounUp shall implement governed rate limiting capability 147 using reproducible infrastructure, controlled environment promotion, secure automation, observable production behavior, tested recovery, explicit ownership, and auditable release evidence.","Capability 147 passes when infrastructure/configuration version, environment scope, deployment behavior, rollback/recovery evidence, observability, security controls, ownership, capacity and mapped tests are verified.",v1.0.0,Implementation-ready
P31-REQ-148,Resilience,Must,"GrounUp shall implement governed resilience capability 148 using reproducible infrastructure, controlled environment promotion, secure automation, observable production behavior, tested recovery, explicit ownership, and auditable release evidence.","Capability 148 passes when infrastructure/configuration version, environment scope, deployment behavior, rollback/recovery evidence, observability, security controls, ownership, capacity and mapped tests are verified.",v1.0.0,Implementation-ready
P31-REQ-149,Circuit Breakers,Must,"GrounUp shall implement governed circuit breakers capability 149 using reproducible infrastructure, controlled environment promotion, secure automation, observable production behavior, tested recovery, explicit ownership, and auditable release evidence.","Capability 149 passes when infrastructure/configuration version, environment scope, deployment behavior, rollback/recovery evidence, observability, security controls, ownership, capacity and mapped tests are verified.",v1.0.0,Implementation-ready
P31-REQ-150,Retries & Backoff,Must,"GrounUp shall implement governed retries & backoff capability 150 using reproducible infrastructure, controlled environment promotion, secure automation, observable production behavior, tested recovery, explicit ownership, and auditable release evidence.","Capability 150 passes when infrastructure/configuration version, environment scope, deployment behavior, rollback/recovery evidence, observability, security controls, ownership, capacity and mapped tests are verified.",v1.0.0,Implementation-ready
P31-REQ-151,Timeouts,Must,"GrounUp shall implement governed timeouts capability 151 using reproducible infrastructure, controlled environment promotion, secure automation, observable production behavior, tested recovery, explicit ownership, and auditable release evidence.","Capability 151 passes when infrastructure/configuration version, environment scope, deployment behavior, rollback/recovery evidence, observability, security controls, ownership, capacity and mapped tests are verified.",v1.0.0,Implementation-ready
P31-REQ-152,Bulkheads,Must,"GrounUp shall implement governed bulkheads capability 152 using reproducible infrastructure, controlled environment promotion, secure automation, observable production behavior, tested recovery, explicit ownership, and auditable release evidence.","Capability 152 passes when infrastructure/configuration version, environment scope, deployment behavior, rollback/recovery evidence, observability, security controls, ownership, capacity and mapped tests are verified.",v1.0.0,Implementation-ready
P31-REQ-153,Chaos Testing,Must,"GrounUp shall implement governed chaos testing capability 153 using reproducible infrastructure, controlled environment promotion, secure automation, observable production behavior, tested recovery, explicit ownership, and auditable release evidence.","Capability 153 passes when infrastructure/configuration version, environment scope, deployment behavior, rollback/recovery evidence, observability, security controls, ownership, capacity and mapped tests are verified.",v1.0.0,Implementation-ready
P31-REQ-154,Backup,Must,"GrounUp shall implement governed backup capability 154 using reproducible infrastructure, controlled environment promotion, secure automation, observable production behavior, tested recovery, explicit ownership, and auditable release evidence.","Capability 154 passes when infrastructure/configuration version, environment scope, deployment behavior, rollback/recovery evidence, observability, security controls, ownership, capacity and mapped tests are verified.",v1.0.0,Implementation-ready
P31-REQ-155,Restore,Must,"GrounUp shall implement governed restore capability 155 using reproducible infrastructure, controlled environment promotion, secure automation, observable production behavior, tested recovery, explicit ownership, and auditable release evidence.","Capability 155 passes when infrastructure/configuration version, environment scope, deployment behavior, rollback/recovery evidence, observability, security controls, ownership, capacity and mapped tests are verified.",v1.0.0,Implementation-ready
P31-REQ-156,Point-in-Time Recovery,Must,"GrounUp shall implement governed point-in-time recovery capability 156 using reproducible infrastructure, controlled environment promotion, secure automation, observable production behavior, tested recovery, explicit ownership, and auditable release evidence.","Capability 156 passes when infrastructure/configuration version, environment scope, deployment behavior, rollback/recovery evidence, observability, security controls, ownership, capacity and mapped tests are verified.",v1.0.0,Implementation-ready
P31-REQ-157,Disaster Recovery,Must,"GrounUp shall implement governed disaster recovery capability 157 using reproducible infrastructure, controlled environment promotion, secure automation, observable production behavior, tested recovery, explicit ownership, and auditable release evidence.","Capability 157 passes when infrastructure/configuration version, environment scope, deployment behavior, rollback/recovery evidence, observability, security controls, ownership, capacity and mapped tests are verified.",v1.0.0,Implementation-ready
P31-REQ-158,RTO/RPO,Must,"GrounUp shall implement governed rto/rpo capability 158 using reproducible infrastructure, controlled environment promotion, secure automation, observable production behavior, tested recovery, explicit ownership, and auditable release evidence.","Capability 158 passes when infrastructure/configuration version, environment scope, deployment behavior, rollback/recovery evidence, observability, security controls, ownership, capacity and mapped tests are verified.",v1.0.0,Implementation-ready
P31-REQ-159,Business Continuity,Must,"GrounUp shall implement governed business continuity capability 159 using reproducible infrastructure, controlled environment promotion, secure automation, observable production behavior, tested recovery, explicit ownership, and auditable release evidence.","Capability 159 passes when infrastructure/configuration version, environment scope, deployment behavior, rollback/recovery evidence, observability, security controls, ownership, capacity and mapped tests are verified.",v1.0.0,Implementation-ready
P31-REQ-160,Multi-Region Recovery,Must,"GrounUp shall implement governed multi-region recovery capability 160 using reproducible infrastructure, controlled environment promotion, secure automation, observable production behavior, tested recovery, explicit ownership, and auditable release evidence.","Capability 160 passes when infrastructure/configuration version, environment scope, deployment behavior, rollback/recovery evidence, observability, security controls, ownership, capacity and mapped tests are verified.",v1.0.0,Implementation-ready
P31-REQ-161,Operational Runbooks,Must,"GrounUp shall implement governed operational runbooks capability 161 using reproducible infrastructure, controlled environment promotion, secure automation, observable production behavior, tested recovery, explicit ownership, and auditable release evidence.","Capability 161 passes when infrastructure/configuration version, environment scope, deployment behavior, rollback/recovery evidence, observability, security controls, ownership, capacity and mapped tests are verified.",v1.0.0,Implementation-ready
P31-REQ-162,Maintenance Windows,Must,"GrounUp shall implement governed maintenance windows capability 162 using reproducible infrastructure, controlled environment promotion, secure automation, observable production behavior, tested recovery, explicit ownership, and auditable release evidence.","Capability 162 passes when infrastructure/configuration version, environment scope, deployment behavior, rollback/recovery evidence, observability, security controls, ownership, capacity and mapped tests are verified.",v1.0.0,Implementation-ready
P31-REQ-163,Patch Management,Must,"GrounUp shall implement governed patch management capability 163 using reproducible infrastructure, controlled environment promotion, secure automation, observable production behavior, tested recovery, explicit ownership, and auditable release evidence.","Capability 163 passes when infrastructure/configuration version, environment scope, deployment behavior, rollback/recovery evidence, observability, security controls, ownership, capacity and mapped tests are verified.",v1.0.0,Implementation-ready
P31-REQ-164,Dependency Updates,Must,"GrounUp shall implement governed dependency updates capability 164 using reproducible infrastructure, controlled environment promotion, secure automation, observable production behavior, tested recovery, explicit ownership, and auditable release evidence.","Capability 164 passes when infrastructure/configuration version, environment scope, deployment behavior, rollback/recovery evidence, observability, security controls, ownership, capacity and mapped tests are verified.",v1.0.0,Implementation-ready
P31-REQ-165,Operational Access,Must,"GrounUp shall implement governed operational access capability 165 using reproducible infrastructure, controlled environment promotion, secure automation, observable production behavior, tested recovery, explicit ownership, and auditable release evidence.","Capability 165 passes when infrastructure/configuration version, environment scope, deployment behavior, rollback/recovery evidence, observability, security controls, ownership, capacity and mapped tests are verified.",v1.0.0,Implementation-ready
P31-REQ-166,Production Support,Must,"GrounUp shall implement governed production support capability 166 using reproducible infrastructure, controlled environment promotion, secure automation, observable production behavior, tested recovery, explicit ownership, and auditable release evidence.","Capability 166 passes when infrastructure/configuration version, environment scope, deployment behavior, rollback/recovery evidence, observability, security controls, ownership, capacity and mapped tests are verified.",v1.0.0,Implementation-ready
P31-REQ-167,FinOps,Must,"GrounUp shall implement governed finops capability 167 using reproducible infrastructure, controlled environment promotion, secure automation, observable production behavior, tested recovery, explicit ownership, and auditable release evidence.","Capability 167 passes when infrastructure/configuration version, environment scope, deployment behavior, rollback/recovery evidence, observability, security controls, ownership, capacity and mapped tests are verified.",v1.0.0,Implementation-ready
P31-REQ-168,Cloud Cost Allocation,Must,"GrounUp shall implement governed cloud cost allocation capability 168 using reproducible infrastructure, controlled environment promotion, secure automation, observable production behavior, tested recovery, explicit ownership, and auditable release evidence.","Capability 168 passes when infrastructure/configuration version, environment scope, deployment behavior, rollback/recovery evidence, observability, security controls, ownership, capacity and mapped tests are verified.",v1.0.0,Implementation-ready
P31-REQ-169,Cost Budgets,Must,"GrounUp shall implement governed cost budgets capability 169 using reproducible infrastructure, controlled environment promotion, secure automation, observable production behavior, tested recovery, explicit ownership, and auditable release evidence.","Capability 169 passes when infrastructure/configuration version, environment scope, deployment behavior, rollback/recovery evidence, observability, security controls, ownership, capacity and mapped tests are verified.",v1.0.0,Implementation-ready
P31-REQ-170,Resource Tagging,Must,"GrounUp shall implement governed resource tagging capability 170 using reproducible infrastructure, controlled environment promotion, secure automation, observable production behavior, tested recovery, explicit ownership, and auditable release evidence.","Capability 170 passes when infrastructure/configuration version, environment scope, deployment behavior, rollback/recovery evidence, observability, security controls, ownership, capacity and mapped tests are verified.",v1.0.0,Implementation-ready
P31-REQ-171,Environment Cleanup,Must,"GrounUp shall implement governed environment cleanup capability 171 using reproducible infrastructure, controlled environment promotion, secure automation, observable production behavior, tested recovery, explicit ownership, and auditable release evidence.","Capability 171 passes when infrastructure/configuration version, environment scope, deployment behavior, rollback/recovery evidence, observability, security controls, ownership, capacity and mapped tests are verified.",v1.0.0,Implementation-ready
P31-REQ-172,Release Evidence,Must,"GrounUp shall implement governed release evidence capability 172 using reproducible infrastructure, controlled environment promotion, secure automation, observable production behavior, tested recovery, explicit ownership, and auditable release evidence.","Capability 172 passes when infrastructure/configuration version, environment scope, deployment behavior, rollback/recovery evidence, observability, security controls, ownership, capacity and mapped tests are verified.",v1.0.0,Implementation-ready
P31-REQ-173,Deployment Audit,Must,"GrounUp shall implement governed deployment audit capability 173 using reproducible infrastructure, controlled environment promotion, secure automation, observable production behavior, tested recovery, explicit ownership, and auditable release evidence.","Capability 173 passes when infrastructure/configuration version, environment scope, deployment behavior, rollback/recovery evidence, observability, security controls, ownership, capacity and mapped tests are verified.",v1.0.0,Implementation-ready
P31-REQ-174,Service Catalog,Must,"GrounUp shall implement governed service catalog capability 174 using reproducible infrastructure, controlled environment promotion, secure automation, observable production behavior, tested recovery, explicit ownership, and auditable release evidence.","Capability 174 passes when infrastructure/configuration version, environment scope, deployment behavior, rollback/recovery evidence, observability, security controls, ownership, capacity and mapped tests are verified.",v1.0.0,Implementation-ready
P31-REQ-175,Operational Ownership,Must,"GrounUp shall implement governed operational ownership capability 175 using reproducible infrastructure, controlled environment promotion, secure automation, observable production behavior, tested recovery, explicit ownership, and auditable release evidence.","Capability 175 passes when infrastructure/configuration version, environment scope, deployment behavior, rollback/recovery evidence, observability, security controls, ownership, capacity and mapped tests are verified.",v1.0.0,Implementation-ready
P31-REQ-176,Platform Reliability,Must,"GrounUp shall implement governed platform reliability capability 176 using reproducible infrastructure, controlled environment promotion, secure automation, observable production behavior, tested recovery, explicit ownership, and auditable release evidence.","Capability 176 passes when infrastructure/configuration version, environment scope, deployment behavior, rollback/recovery evidence, observability, security controls, ownership, capacity and mapped tests are verified.",v1.0.0,Implementation-ready
P31-REQ-177,Production Architecture,Must,"GrounUp shall implement governed production architecture capability 177 using reproducible infrastructure, controlled environment promotion, secure automation, observable production behavior, tested recovery, explicit ownership, and auditable release evidence.","Capability 177 passes when infrastructure/configuration version, environment scope, deployment behavior, rollback/recovery evidence, observability, security controls, ownership, capacity and mapped tests are verified.",v1.0.0,Implementation-ready
P31-REQ-178,Cloud Provider Abstraction,Must,"GrounUp shall implement governed cloud provider abstraction capability 178 using reproducible infrastructure, controlled environment promotion, secure automation, observable production behavior, tested recovery, explicit ownership, and auditable release evidence.","Capability 178 passes when infrastructure/configuration version, environment scope, deployment behavior, rollback/recovery evidence, observability, security controls, ownership, capacity and mapped tests are verified.",v1.0.0,Implementation-ready
P31-REQ-179,Regions & Availability Zones,Must,"GrounUp shall implement governed regions & availability zones capability 179 using reproducible infrastructure, controlled environment promotion, secure automation, observable production behavior, tested recovery, explicit ownership, and auditable release evidence.","Capability 179 passes when infrastructure/configuration version, environment scope, deployment behavior, rollback/recovery evidence, observability, security controls, ownership, capacity and mapped tests are verified.",v1.0.0,Implementation-ready
P31-REQ-180,Network Topology,Must,"GrounUp shall implement governed network topology capability 180 using reproducible infrastructure, controlled environment promotion, secure automation, observable production behavior, tested recovery, explicit ownership, and auditable release evidence.","Capability 180 passes when infrastructure/configuration version, environment scope, deployment behavior, rollback/recovery evidence, observability, security controls, ownership, capacity and mapped tests are verified.",v1.0.0,Implementation-ready
P31-REQ-181,Ingress & Edge,Must,"GrounUp shall implement governed ingress & edge capability 181 using reproducible infrastructure, controlled environment promotion, secure automation, observable production behavior, tested recovery, explicit ownership, and auditable release evidence.","Capability 181 passes when infrastructure/configuration version, environment scope, deployment behavior, rollback/recovery evidence, observability, security controls, ownership, capacity and mapped tests are verified.",v1.0.0,Implementation-ready
P31-REQ-182,DNS,Must,"GrounUp shall implement governed dns capability 182 using reproducible infrastructure, controlled environment promotion, secure automation, observable production behavior, tested recovery, explicit ownership, and auditable release evidence.","Capability 182 passes when infrastructure/configuration version, environment scope, deployment behavior, rollback/recovery evidence, observability, security controls, ownership, capacity and mapped tests are verified.",v1.0.0,Implementation-ready
P31-REQ-183,TLS Certificates,Must,"GrounUp shall implement governed tls certificates capability 183 using reproducible infrastructure, controlled environment promotion, secure automation, observable production behavior, tested recovery, explicit ownership, and auditable release evidence.","Capability 183 passes when infrastructure/configuration version, environment scope, deployment behavior, rollback/recovery evidence, observability, security controls, ownership, capacity and mapped tests are verified.",v1.0.0,Implementation-ready
P31-REQ-184,Load Balancing,Must,"GrounUp shall implement governed load balancing capability 184 using reproducible infrastructure, controlled environment promotion, secure automation, observable production behavior, tested recovery, explicit ownership, and auditable release evidence.","Capability 184 passes when infrastructure/configuration version, environment scope, deployment behavior, rollback/recovery evidence, observability, security controls, ownership, capacity and mapped tests are verified.",v1.0.0,Implementation-ready
P31-REQ-185,Application Runtime,Must,"GrounUp shall implement governed application runtime capability 185 using reproducible infrastructure, controlled environment promotion, secure automation, observable production behavior, tested recovery, explicit ownership, and auditable release evidence.","Capability 185 passes when infrastructure/configuration version, environment scope, deployment behavior, rollback/recovery evidence, observability, security controls, ownership, capacity and mapped tests are verified.",v1.0.0,Implementation-ready
P31-REQ-186,Container Runtime,Must,"GrounUp shall implement governed container runtime capability 186 using reproducible infrastructure, controlled environment promotion, secure automation, observable production behavior, tested recovery, explicit ownership, and auditable release evidence.","Capability 186 passes when infrastructure/configuration version, environment scope, deployment behavior, rollback/recovery evidence, observability, security controls, ownership, capacity and mapped tests are verified.",v1.0.0,Implementation-ready
P31-REQ-187,Serverless/Worker Runtime,Must,"GrounUp shall implement governed serverless/worker runtime capability 187 using reproducible infrastructure, controlled environment promotion, secure automation, observable production behavior, tested recovery, explicit ownership, and auditable release evidence.","Capability 187 passes when infrastructure/configuration version, environment scope, deployment behavior, rollback/recovery evidence, observability, security controls, ownership, capacity and mapped tests are verified.",v1.0.0,Implementation-ready
P31-REQ-188,Database Infrastructure,Must,"GrounUp shall implement governed database infrastructure capability 188 using reproducible infrastructure, controlled environment promotion, secure automation, observable production behavior, tested recovery, explicit ownership, and auditable release evidence.","Capability 188 passes when infrastructure/configuration version, environment scope, deployment behavior, rollback/recovery evidence, observability, security controls, ownership, capacity and mapped tests are verified.",v1.0.0,Implementation-ready
P31-REQ-189,Cache Infrastructure,Must,"GrounUp shall implement governed cache infrastructure capability 189 using reproducible infrastructure, controlled environment promotion, secure automation, observable production behavior, tested recovery, explicit ownership, and auditable release evidence.","Capability 189 passes when infrastructure/configuration version, environment scope, deployment behavior, rollback/recovery evidence, observability, security controls, ownership, capacity and mapped tests are verified.",v1.0.0,Implementation-ready
P31-REQ-190,Queue Infrastructure,Must,"GrounUp shall implement governed queue infrastructure capability 190 using reproducible infrastructure, controlled environment promotion, secure automation, observable production behavior, tested recovery, explicit ownership, and auditable release evidence.","Capability 190 passes when infrastructure/configuration version, environment scope, deployment behavior, rollback/recovery evidence, observability, security controls, ownership, capacity and mapped tests are verified.",v1.0.0,Implementation-ready
P31-REQ-191,Object Storage,Must,"GrounUp shall implement governed object storage capability 191 using reproducible infrastructure, controlled environment promotion, secure automation, observable production behavior, tested recovery, explicit ownership, and auditable release evidence.","Capability 191 passes when infrastructure/configuration version, environment scope, deployment behavior, rollback/recovery evidence, observability, security controls, ownership, capacity and mapped tests are verified.",v1.0.0,Implementation-ready
P31-REQ-192,Search Infrastructure,Must,"GrounUp shall implement governed search infrastructure capability 192 using reproducible infrastructure, controlled environment promotion, secure automation, observable production behavior, tested recovery, explicit ownership, and auditable release evidence.","Capability 192 passes when infrastructure/configuration version, environment scope, deployment behavior, rollback/recovery evidence, observability, security controls, ownership, capacity and mapped tests are verified.",v1.0.0,Implementation-ready
P31-REQ-193,Analytics Infrastructure,Must,"GrounUp shall implement governed analytics infrastructure capability 193 using reproducible infrastructure, controlled environment promotion, secure automation, observable production behavior, tested recovery, explicit ownership, and auditable release evidence.","Capability 193 passes when infrastructure/configuration version, environment scope, deployment behavior, rollback/recovery evidence, observability, security controls, ownership, capacity and mapped tests are verified.",v1.0.0,Implementation-ready
P31-REQ-194,AI Runtime Infrastructure,Must,"GrounUp shall implement governed ai runtime infrastructure capability 194 using reproducible infrastructure, controlled environment promotion, secure automation, observable production behavior, tested recovery, explicit ownership, and auditable release evidence.","Capability 194 passes when infrastructure/configuration version, environment scope, deployment behavior, rollback/recovery evidence, observability, security controls, ownership, capacity and mapped tests are verified.",v1.0.0,Implementation-ready
P31-REQ-195,Environment Strategy,Must,"GrounUp shall implement governed environment strategy capability 195 using reproducible infrastructure, controlled environment promotion, secure automation, observable production behavior, tested recovery, explicit ownership, and auditable release evidence.","Capability 195 passes when infrastructure/configuration version, environment scope, deployment behavior, rollback/recovery evidence, observability, security controls, ownership, capacity and mapped tests are verified.",v1.0.0,Implementation-ready
P31-REQ-196,Development Environment,Must,"GrounUp shall implement governed development environment capability 196 using reproducible infrastructure, controlled environment promotion, secure automation, observable production behavior, tested recovery, explicit ownership, and auditable release evidence.","Capability 196 passes when infrastructure/configuration version, environment scope, deployment behavior, rollback/recovery evidence, observability, security controls, ownership, capacity and mapped tests are verified.",v1.0.0,Implementation-ready
P31-REQ-197,Test Environment,Must,"GrounUp shall implement governed test environment capability 197 using reproducible infrastructure, controlled environment promotion, secure automation, observable production behavior, tested recovery, explicit ownership, and auditable release evidence.","Capability 197 passes when infrastructure/configuration version, environment scope, deployment behavior, rollback/recovery evidence, observability, security controls, ownership, capacity and mapped tests are verified.",v1.0.0,Implementation-ready
P31-REQ-198,Staging Environment,Must,"GrounUp shall implement governed staging environment capability 198 using reproducible infrastructure, controlled environment promotion, secure automation, observable production behavior, tested recovery, explicit ownership, and auditable release evidence.","Capability 198 passes when infrastructure/configuration version, environment scope, deployment behavior, rollback/recovery evidence, observability, security controls, ownership, capacity and mapped tests are verified.",v1.0.0,Implementation-ready
P31-REQ-199,Production Environment,Must,"GrounUp shall implement governed production environment capability 199 using reproducible infrastructure, controlled environment promotion, secure automation, observable production behavior, tested recovery, explicit ownership, and auditable release evidence.","Capability 199 passes when infrastructure/configuration version, environment scope, deployment behavior, rollback/recovery evidence, observability, security controls, ownership, capacity and mapped tests are verified.",v1.0.0,Implementation-ready
P31-REQ-200,Preview Environments,Must,"GrounUp shall implement governed preview environments capability 200 using reproducible infrastructure, controlled environment promotion, secure automation, observable production behavior, tested recovery, explicit ownership, and auditable release evidence.","Capability 200 passes when infrastructure/configuration version, environment scope, deployment behavior, rollback/recovery evidence, observability, security controls, ownership, capacity and mapped tests are verified.",v1.0.0,Implementation-ready
P31-REQ-201,Configuration Management,Must,"GrounUp shall implement governed configuration management capability 201 using reproducible infrastructure, controlled environment promotion, secure automation, observable production behavior, tested recovery, explicit ownership, and auditable release evidence.","Capability 201 passes when infrastructure/configuration version, environment scope, deployment behavior, rollback/recovery evidence, observability, security controls, ownership, capacity and mapped tests are verified.",v1.0.0,Implementation-ready
P31-REQ-202,Secrets Injection,Must,"GrounUp shall implement governed secrets injection capability 202 using reproducible infrastructure, controlled environment promotion, secure automation, observable production behavior, tested recovery, explicit ownership, and auditable release evidence.","Capability 202 passes when infrastructure/configuration version, environment scope, deployment behavior, rollback/recovery evidence, observability, security controls, ownership, capacity and mapped tests are verified.",v1.0.0,Implementation-ready
P31-REQ-203,Infrastructure as Code,Must,"GrounUp shall implement governed infrastructure as code capability 203 using reproducible infrastructure, controlled environment promotion, secure automation, observable production behavior, tested recovery, explicit ownership, and auditable release evidence.","Capability 203 passes when infrastructure/configuration version, environment scope, deployment behavior, rollback/recovery evidence, observability, security controls, ownership, capacity and mapped tests are verified.",v1.0.0,Implementation-ready
P31-REQ-204,State Management,Must,"GrounUp shall implement governed state management capability 204 using reproducible infrastructure, controlled environment promotion, secure automation, observable production behavior, tested recovery, explicit ownership, and auditable release evidence.","Capability 204 passes when infrastructure/configuration version, environment scope, deployment behavior, rollback/recovery evidence, observability, security controls, ownership, capacity and mapped tests are verified.",v1.0.0,Implementation-ready
P31-REQ-205,Policy as Code,Must,"GrounUp shall implement governed policy as code capability 205 using reproducible infrastructure, controlled environment promotion, secure automation, observable production behavior, tested recovery, explicit ownership, and auditable release evidence.","Capability 205 passes when infrastructure/configuration version, environment scope, deployment behavior, rollback/recovery evidence, observability, security controls, ownership, capacity and mapped tests are verified.",v1.0.0,Implementation-ready
P31-REQ-206,CI Pipelines,Must,"GrounUp shall implement governed ci pipelines capability 206 using reproducible infrastructure, controlled environment promotion, secure automation, observable production behavior, tested recovery, explicit ownership, and auditable release evidence.","Capability 206 passes when infrastructure/configuration version, environment scope, deployment behavior, rollback/recovery evidence, observability, security controls, ownership, capacity and mapped tests are verified.",v1.0.0,Implementation-ready
P31-REQ-207,Build Reproducibility,Must,"GrounUp shall implement governed build reproducibility capability 207 using reproducible infrastructure, controlled environment promotion, secure automation, observable production behavior, tested recovery, explicit ownership, and auditable release evidence.","Capability 207 passes when infrastructure/configuration version, environment scope, deployment behavior, rollback/recovery evidence, observability, security controls, ownership, capacity and mapped tests are verified.",v1.0.0,Implementation-ready
P31-REQ-208,Artifact Registry,Must,"GrounUp shall implement governed artifact registry capability 208 using reproducible infrastructure, controlled environment promotion, secure automation, observable production behavior, tested recovery, explicit ownership, and auditable release evidence.","Capability 208 passes when infrastructure/configuration version, environment scope, deployment behavior, rollback/recovery evidence, observability, security controls, ownership, capacity and mapped tests are verified.",v1.0.0,Implementation-ready
P31-REQ-209,SBOM & Provenance,Must,"GrounUp shall implement governed sbom & provenance capability 209 using reproducible infrastructure, controlled environment promotion, secure automation, observable production behavior, tested recovery, explicit ownership, and auditable release evidence.","Capability 209 passes when infrastructure/configuration version, environment scope, deployment behavior, rollback/recovery evidence, observability, security controls, ownership, capacity and mapped tests are verified.",v1.0.0,Implementation-ready
P31-REQ-210,CD Pipelines,Must,"GrounUp shall implement governed cd pipelines capability 210 using reproducible infrastructure, controlled environment promotion, secure automation, observable production behavior, tested recovery, explicit ownership, and auditable release evidence.","Capability 210 passes when infrastructure/configuration version, environment scope, deployment behavior, rollback/recovery evidence, observability, security controls, ownership, capacity and mapped tests are verified.",v1.0.0,Implementation-ready
P31-REQ-211,Deployment Strategies,Must,"GrounUp shall implement governed deployment strategies capability 211 using reproducible infrastructure, controlled environment promotion, secure automation, observable production behavior, tested recovery, explicit ownership, and auditable release evidence.","Capability 211 passes when infrastructure/configuration version, environment scope, deployment behavior, rollback/recovery evidence, observability, security controls, ownership, capacity and mapped tests are verified.",v1.0.0,Implementation-ready
P31-REQ-212,Blue/Green Deployments,Must,"GrounUp shall implement governed blue/green deployments capability 212 using reproducible infrastructure, controlled environment promotion, secure automation, observable production behavior, tested recovery, explicit ownership, and auditable release evidence.","Capability 212 passes when infrastructure/configuration version, environment scope, deployment behavior, rollback/recovery evidence, observability, security controls, ownership, capacity and mapped tests are verified.",v1.0.0,Implementation-ready
P31-REQ-213,Canary Releases,Must,"GrounUp shall implement governed canary releases capability 213 using reproducible infrastructure, controlled environment promotion, secure automation, observable production behavior, tested recovery, explicit ownership, and auditable release evidence.","Capability 213 passes when infrastructure/configuration version, environment scope, deployment behavior, rollback/recovery evidence, observability, security controls, ownership, capacity and mapped tests are verified.",v1.0.0,Implementation-ready
P31-REQ-214,Feature Flags,Must,"GrounUp shall implement governed feature flags capability 214 using reproducible infrastructure, controlled environment promotion, secure automation, observable production behavior, tested recovery, explicit ownership, and auditable release evidence.","Capability 214 passes when infrastructure/configuration version, environment scope, deployment behavior, rollback/recovery evidence, observability, security controls, ownership, capacity and mapped tests are verified.",v1.0.0,Implementation-ready
P31-REQ-215,Database Migrations,Must,"GrounUp shall implement governed database migrations capability 215 using reproducible infrastructure, controlled environment promotion, secure automation, observable production behavior, tested recovery, explicit ownership, and auditable release evidence.","Capability 215 passes when infrastructure/configuration version, environment scope, deployment behavior, rollback/recovery evidence, observability, security controls, ownership, capacity and mapped tests are verified.",v1.0.0,Implementation-ready
P31-REQ-216,Rollback,Must,"GrounUp shall implement governed rollback capability 216 using reproducible infrastructure, controlled environment promotion, secure automation, observable production behavior, tested recovery, explicit ownership, and auditable release evidence.","Capability 216 passes when infrastructure/configuration version, environment scope, deployment behavior, rollback/recovery evidence, observability, security controls, ownership, capacity and mapped tests are verified.",v1.0.0,Implementation-ready
P31-REQ-217,Release Approvals,Must,"GrounUp shall implement governed release approvals capability 217 using reproducible infrastructure, controlled environment promotion, secure automation, observable production behavior, tested recovery, explicit ownership, and auditable release evidence.","Capability 217 passes when infrastructure/configuration version, environment scope, deployment behavior, rollback/recovery evidence, observability, security controls, ownership, capacity and mapped tests are verified.",v1.0.0,Implementation-ready
P31-REQ-218,Release Notes,Must,"GrounUp shall implement governed release notes capability 218 using reproducible infrastructure, controlled environment promotion, secure automation, observable production behavior, tested recovery, explicit ownership, and auditable release evidence.","Capability 218 passes when infrastructure/configuration version, environment scope, deployment behavior, rollback/recovery evidence, observability, security controls, ownership, capacity and mapped tests are verified.",v1.0.0,Implementation-ready
P31-REQ-219,Change Windows,Must,"GrounUp shall implement governed change windows capability 219 using reproducible infrastructure, controlled environment promotion, secure automation, observable production behavior, tested recovery, explicit ownership, and auditable release evidence.","Capability 219 passes when infrastructure/configuration version, environment scope, deployment behavior, rollback/recovery evidence, observability, security controls, ownership, capacity and mapped tests are verified.",v1.0.0,Implementation-ready
P31-REQ-220,Observability,Must,"GrounUp shall implement governed observability capability 220 using reproducible infrastructure, controlled environment promotion, secure automation, observable production behavior, tested recovery, explicit ownership, and auditable release evidence.","Capability 220 passes when infrastructure/configuration version, environment scope, deployment behavior, rollback/recovery evidence, observability, security controls, ownership, capacity and mapped tests are verified.",v1.0.0,Implementation-ready
P31-REQ-221,Structured Logging,Must,"GrounUp shall implement governed structured logging capability 221 using reproducible infrastructure, controlled environment promotion, secure automation, observable production behavior, tested recovery, explicit ownership, and auditable release evidence.","Capability 221 passes when infrastructure/configuration version, environment scope, deployment behavior, rollback/recovery evidence, observability, security controls, ownership, capacity and mapped tests are verified.",v1.0.0,Implementation-ready
P31-REQ-222,Metrics,Must,"GrounUp shall implement governed metrics capability 222 using reproducible infrastructure, controlled environment promotion, secure automation, observable production behavior, tested recovery, explicit ownership, and auditable release evidence.","Capability 222 passes when infrastructure/configuration version, environment scope, deployment behavior, rollback/recovery evidence, observability, security controls, ownership, capacity and mapped tests are verified.",v1.0.0,Implementation-ready
P31-REQ-223,Distributed Tracing,Must,"GrounUp shall implement governed distributed tracing capability 223 using reproducible infrastructure, controlled environment promotion, secure automation, observable production behavior, tested recovery, explicit ownership, and auditable release evidence.","Capability 223 passes when infrastructure/configuration version, environment scope, deployment behavior, rollback/recovery evidence, observability, security controls, ownership, capacity and mapped tests are verified.",v1.0.0,Implementation-ready
P31-REQ-224,Health Checks,Must,"GrounUp shall implement governed health checks capability 224 using reproducible infrastructure, controlled environment promotion, secure automation, observable production behavior, tested recovery, explicit ownership, and auditable release evidence.","Capability 224 passes when infrastructure/configuration version, environment scope, deployment behavior, rollback/recovery evidence, observability, security controls, ownership, capacity and mapped tests are verified.",v1.0.0,Implementation-ready
P31-REQ-225,SLOs & SLIs,Must,"GrounUp shall implement governed slos & slis capability 225 using reproducible infrastructure, controlled environment promotion, secure automation, observable production behavior, tested recovery, explicit ownership, and auditable release evidence.","Capability 225 passes when infrastructure/configuration version, environment scope, deployment behavior, rollback/recovery evidence, observability, security controls, ownership, capacity and mapped tests are verified.",v1.0.0,Implementation-ready
P31-REQ-226,Alerting,Must,"GrounUp shall implement governed alerting capability 226 using reproducible infrastructure, controlled environment promotion, secure automation, observable production behavior, tested recovery, explicit ownership, and auditable release evidence.","Capability 226 passes when infrastructure/configuration version, environment scope, deployment behavior, rollback/recovery evidence, observability, security controls, ownership, capacity and mapped tests are verified.",v1.0.0,Implementation-ready
P31-REQ-227,On-Call,Must,"GrounUp shall implement governed on-call capability 227 using reproducible infrastructure, controlled environment promotion, secure automation, observable production behavior, tested recovery, explicit ownership, and auditable release evidence.","Capability 227 passes when infrastructure/configuration version, environment scope, deployment behavior, rollback/recovery evidence, observability, security controls, ownership, capacity and mapped tests are verified.",v1.0.0,Implementation-ready
P31-REQ-228,Incident Management,Must,"GrounUp shall implement governed incident management capability 228 using reproducible infrastructure, controlled environment promotion, secure automation, observable production behavior, tested recovery, explicit ownership, and auditable release evidence.","Capability 228 passes when infrastructure/configuration version, environment scope, deployment behavior, rollback/recovery evidence, observability, security controls, ownership, capacity and mapped tests are verified.",v1.0.0,Implementation-ready
P31-REQ-229,Capacity Planning,Must,"GrounUp shall implement governed capacity planning capability 229 using reproducible infrastructure, controlled environment promotion, secure automation, observable production behavior, tested recovery, explicit ownership, and auditable release evidence.","Capability 229 passes when infrastructure/configuration version, environment scope, deployment behavior, rollback/recovery evidence, observability, security controls, ownership, capacity and mapped tests are verified.",v1.0.0,Implementation-ready
P31-REQ-230,Autoscaling,Must,"GrounUp shall implement governed autoscaling capability 230 using reproducible infrastructure, controlled environment promotion, secure automation, observable production behavior, tested recovery, explicit ownership, and auditable release evidence.","Capability 230 passes when infrastructure/configuration version, environment scope, deployment behavior, rollback/recovery evidence, observability, security controls, ownership, capacity and mapped tests are verified.",v1.0.0,Implementation-ready
P31-REQ-231,Performance Testing,Must,"GrounUp shall implement governed performance testing capability 231 using reproducible infrastructure, controlled environment promotion, secure automation, observable production behavior, tested recovery, explicit ownership, and auditable release evidence.","Capability 231 passes when infrastructure/configuration version, environment scope, deployment behavior, rollback/recovery evidence, observability, security controls, ownership, capacity and mapped tests are verified.",v1.0.0,Implementation-ready
P31-REQ-232,Load Testing,Must,"GrounUp shall implement governed load testing capability 232 using reproducible infrastructure, controlled environment promotion, secure automation, observable production behavior, tested recovery, explicit ownership, and auditable release evidence.","Capability 232 passes when infrastructure/configuration version, environment scope, deployment behavior, rollback/recovery evidence, observability, security controls, ownership, capacity and mapped tests are verified.",v1.0.0,Implementation-ready
P31-REQ-233,Caching Strategy,Must,"GrounUp shall implement governed caching strategy capability 233 using reproducible infrastructure, controlled environment promotion, secure automation, observable production behavior, tested recovery, explicit ownership, and auditable release evidence.","Capability 233 passes when infrastructure/configuration version, environment scope, deployment behavior, rollback/recovery evidence, observability, security controls, ownership, capacity and mapped tests are verified.",v1.0.0,Implementation-ready
P31-REQ-234,Connection Management,Must,"GrounUp shall implement governed connection management capability 234 using reproducible infrastructure, controlled environment promotion, secure automation, observable production behavior, tested recovery, explicit ownership, and auditable release evidence.","Capability 234 passes when infrastructure/configuration version, environment scope, deployment behavior, rollback/recovery evidence, observability, security controls, ownership, capacity and mapped tests are verified.",v1.0.0,Implementation-ready
P31-REQ-235,Rate Limiting,Must,"GrounUp shall implement governed rate limiting capability 235 using reproducible infrastructure, controlled environment promotion, secure automation, observable production behavior, tested recovery, explicit ownership, and auditable release evidence.","Capability 235 passes when infrastructure/configuration version, environment scope, deployment behavior, rollback/recovery evidence, observability, security controls, ownership, capacity and mapped tests are verified.",v1.0.0,Implementation-ready
P31-REQ-236,Resilience,Must,"GrounUp shall implement governed resilience capability 236 using reproducible infrastructure, controlled environment promotion, secure automation, observable production behavior, tested recovery, explicit ownership, and auditable release evidence.","Capability 236 passes when infrastructure/configuration version, environment scope, deployment behavior, rollback/recovery evidence, observability, security controls, ownership, capacity and mapped tests are verified.",v1.0.0,Implementation-ready
P31-REQ-237,Circuit Breakers,Must,"GrounUp shall implement governed circuit breakers capability 237 using reproducible infrastructure, controlled environment promotion, secure automation, observable production behavior, tested recovery, explicit ownership, and auditable release evidence.","Capability 237 passes when infrastructure/configuration version, environment scope, deployment behavior, rollback/recovery evidence, observability, security controls, ownership, capacity and mapped tests are verified.",v1.0.0,Implementation-ready
P31-REQ-238,Retries & Backoff,Must,"GrounUp shall implement governed retries & backoff capability 238 using reproducible infrastructure, controlled environment promotion, secure automation, observable production behavior, tested recovery, explicit ownership, and auditable release evidence.","Capability 238 passes when infrastructure/configuration version, environment scope, deployment behavior, rollback/recovery evidence, observability, security controls, ownership, capacity and mapped tests are verified.",v1.0.0,Implementation-ready
P31-REQ-239,Timeouts,Must,"GrounUp shall implement governed timeouts capability 239 using reproducible infrastructure, controlled environment promotion, secure automation, observable production behavior, tested recovery, explicit ownership, and auditable release evidence.","Capability 239 passes when infrastructure/configuration version, environment scope, deployment behavior, rollback/recovery evidence, observability, security controls, ownership, capacity and mapped tests are verified.",v1.0.0,Implementation-ready
P31-REQ-240,Bulkheads,Must,"GrounUp shall implement governed bulkheads capability 240 using reproducible infrastructure, controlled environment promotion, secure automation, observable production behavior, tested recovery, explicit ownership, and auditable release evidence.","Capability 240 passes when infrastructure/configuration version, environment scope, deployment behavior, rollback/recovery evidence, observability, security controls, ownership, capacity and mapped tests are verified.",v1.0.0,Implementation-ready
P31-REQ-241,Chaos Testing,Must,"GrounUp shall implement governed chaos testing capability 241 using reproducible infrastructure, controlled environment promotion, secure automation, observable production behavior, tested recovery, explicit ownership, and auditable release evidence.","Capability 241 passes when infrastructure/configuration version, environment scope, deployment behavior, rollback/recovery evidence, observability, security controls, ownership, capacity and mapped tests are verified.",v1.0.0,Implementation-ready
P31-REQ-242,Backup,Must,"GrounUp shall implement governed backup capability 242 using reproducible infrastructure, controlled environment promotion, secure automation, observable production behavior, tested recovery, explicit ownership, and auditable release evidence.","Capability 242 passes when infrastructure/configuration version, environment scope, deployment behavior, rollback/recovery evidence, observability, security controls, ownership, capacity and mapped tests are verified.",v1.0.0,Implementation-ready
P31-REQ-243,Restore,Must,"GrounUp shall implement governed restore capability 243 using reproducible infrastructure, controlled environment promotion, secure automation, observable production behavior, tested recovery, explicit ownership, and auditable release evidence.","Capability 243 passes when infrastructure/configuration version, environment scope, deployment behavior, rollback/recovery evidence, observability, security controls, ownership, capacity and mapped tests are verified.",v1.0.0,Implementation-ready
P31-REQ-244,Point-in-Time Recovery,Must,"GrounUp shall implement governed point-in-time recovery capability 244 using reproducible infrastructure, controlled environment promotion, secure automation, observable production behavior, tested recovery, explicit ownership, and auditable release evidence.","Capability 244 passes when infrastructure/configuration version, environment scope, deployment behavior, rollback/recovery evidence, observability, security controls, ownership, capacity and mapped tests are verified.",v1.0.0,Implementation-ready
P31-REQ-245,Disaster Recovery,Must,"GrounUp shall implement governed disaster recovery capability 245 using reproducible infrastructure, controlled environment promotion, secure automation, observable production behavior, tested recovery, explicit ownership, and auditable release evidence.","Capability 245 passes when infrastructure/configuration version, environment scope, deployment behavior, rollback/recovery evidence, observability, security controls, ownership, capacity and mapped tests are verified.",v1.0.0,Implementation-ready
P31-REQ-246,RTO/RPO,Must,"GrounUp shall implement governed rto/rpo capability 246 using reproducible infrastructure, controlled environment promotion, secure automation, observable production behavior, tested recovery, explicit ownership, and auditable release evidence.","Capability 246 passes when infrastructure/configuration version, environment scope, deployment behavior, rollback/recovery evidence, observability, security controls, ownership, capacity and mapped tests are verified.",v1.0.0,Implementation-ready
P31-REQ-247,Business Continuity,Must,"GrounUp shall implement governed business continuity capability 247 using reproducible infrastructure, controlled environment promotion, secure automation, observable production behavior, tested recovery, explicit ownership, and auditable release evidence.","Capability 247 passes when infrastructure/configuration version, environment scope, deployment behavior, rollback/recovery evidence, observability, security controls, ownership, capacity and mapped tests are verified.",v1.0.0,Implementation-ready
P31-REQ-248,Multi-Region Recovery,Must,"GrounUp shall implement governed multi-region recovery capability 248 using reproducible infrastructure, controlled environment promotion, secure automation, observable production behavior, tested recovery, explicit ownership, and auditable release evidence.","Capability 248 passes when infrastructure/configuration version, environment scope, deployment behavior, rollback/recovery evidence, observability, security controls, ownership, capacity and mapped tests are verified.",v1.0.0,Implementation-ready
P31-REQ-249,Operational Runbooks,Must,"GrounUp shall implement governed operational runbooks capability 249 using reproducible infrastructure, controlled environment promotion, secure automation, observable production behavior, tested recovery, explicit ownership, and auditable release evidence.","Capability 249 passes when infrastructure/configuration version, environment scope, deployment behavior, rollback/recovery evidence, observability, security controls, ownership, capacity and mapped tests are verified.",v1.0.0,Implementation-ready
P31-REQ-250,Maintenance Windows,Must,"GrounUp shall implement governed maintenance windows capability 250 using reproducible infrastructure, controlled environment promotion, secure automation, observable production behavior, tested recovery, explicit ownership, and auditable release evidence.","Capability 250 passes when infrastructure/configuration version, environment scope, deployment behavior, rollback/recovery evidence, observability, security controls, ownership, capacity and mapped tests are verified.",v1.0.0,Implementation-ready
P31-REQ-251,Patch Management,Must,"GrounUp shall implement governed patch management capability 251 using reproducible infrastructure, controlled environment promotion, secure automation, observable production behavior, tested recovery, explicit ownership, and auditable release evidence.","Capability 251 passes when infrastructure/configuration version, environment scope, deployment behavior, rollback/recovery evidence, observability, security controls, ownership, capacity and mapped tests are verified.",v1.0.0,Implementation-ready
P31-REQ-252,Dependency Updates,Must,"GrounUp shall implement governed dependency updates capability 252 using reproducible infrastructure, controlled environment promotion, secure automation, observable production behavior, tested recovery, explicit ownership, and auditable release evidence.","Capability 252 passes when infrastructure/configuration version, environment scope, deployment behavior, rollback/recovery evidence, observability, security controls, ownership, capacity and mapped tests are verified.",v1.0.0,Implementation-ready
P31-REQ-253,Operational Access,Must,"GrounUp shall implement governed operational access capability 253 using reproducible infrastructure, controlled environment promotion, secure automation, observable production behavior, tested recovery, explicit ownership, and auditable release evidence.","Capability 253 passes when infrastructure/configuration version, environment scope, deployment behavior, rollback/recovery evidence, observability, security controls, ownership, capacity and mapped tests are verified.",v1.0.0,Implementation-ready
P31-REQ-254,Production Support,Must,"GrounUp shall implement governed production support capability 254 using reproducible infrastructure, controlled environment promotion, secure automation, observable production behavior, tested recovery, explicit ownership, and auditable release evidence.","Capability 254 passes when infrastructure/configuration version, environment scope, deployment behavior, rollback/recovery evidence, observability, security controls, ownership, capacity and mapped tests are verified.",v1.0.0,Implementation-ready
P31-REQ-255,FinOps,Must,"GrounUp shall implement governed finops capability 255 using reproducible infrastructure, controlled environment promotion, secure automation, observable production behavior, tested recovery, explicit ownership, and auditable release evidence.","Capability 255 passes when infrastructure/configuration version, environment scope, deployment behavior, rollback/recovery evidence, observability, security controls, ownership, capacity and mapped tests are verified.",v1.0.0,Implementation-ready
P31-REQ-256,Cloud Cost Allocation,Must,"GrounUp shall implement governed cloud cost allocation capability 256 using reproducible infrastructure, controlled environment promotion, secure automation, observable production behavior, tested recovery, explicit ownership, and auditable release evidence.","Capability 256 passes when infrastructure/configuration version, environment scope, deployment behavior, rollback/recovery evidence, observability, security controls, ownership, capacity and mapped tests are verified.",v1.0.0,Implementation-ready
P31-REQ-257,Cost Budgets,Must,"GrounUp shall implement governed cost budgets capability 257 using reproducible infrastructure, controlled environment promotion, secure automation, observable production behavior, tested recovery, explicit ownership, and auditable release evidence.","Capability 257 passes when infrastructure/configuration version, environment scope, deployment behavior, rollback/recovery evidence, observability, security controls, ownership, capacity and mapped tests are verified.",v1.0.0,Implementation-ready
P31-REQ-258,Resource Tagging,Must,"GrounUp shall implement governed resource tagging capability 258 using reproducible infrastructure, controlled environment promotion, secure automation, observable production behavior, tested recovery, explicit ownership, and auditable release evidence.","Capability 258 passes when infrastructure/configuration version, environment scope, deployment behavior, rollback/recovery evidence, observability, security controls, ownership, capacity and mapped tests are verified.",v1.0.0,Implementation-ready
P31-REQ-259,Environment Cleanup,Must,"GrounUp shall implement governed environment cleanup capability 259 using reproducible infrastructure, controlled environment promotion, secure automation, observable production behavior, tested recovery, explicit ownership, and auditable release evidence.","Capability 259 passes when infrastructure/configuration version, environment scope, deployment behavior, rollback/recovery evidence, observability, security controls, ownership, capacity and mapped tests are verified.",v1.0.0,Implementation-ready
P31-REQ-260,Release Evidence,Must,"GrounUp shall implement governed release evidence capability 260 using reproducible infrastructure, controlled environment promotion, secure automation, observable production behavior, tested recovery, explicit ownership, and auditable release evidence.","Capability 260 passes when infrastructure/configuration version, environment scope, deployment behavior, rollback/recovery evidence, observability, security controls, ownership, capacity and mapped tests are verified.",v1.0.0,Implementation-ready
P31-REQ-261,Deployment Audit,Must,"GrounUp shall implement governed deployment audit capability 261 using reproducible infrastructure, controlled environment promotion, secure automation, observable production behavior, tested recovery, explicit ownership, and auditable release evidence.","Capability 261 passes when infrastructure/configuration version, environment scope, deployment behavior, rollback/recovery evidence, observability, security controls, ownership, capacity and mapped tests are verified.",v1.0.0,Implementation-ready
P31-REQ-262,Service Catalog,Must,"GrounUp shall implement governed service catalog capability 262 using reproducible infrastructure, controlled environment promotion, secure automation, observable production behavior, tested recovery, explicit ownership, and auditable release evidence.","Capability 262 passes when infrastructure/configuration version, environment scope, deployment behavior, rollback/recovery evidence, observability, security controls, ownership, capacity and mapped tests are verified.",v1.0.0,Implementation-ready
P31-REQ-263,Operational Ownership,Must,"GrounUp shall implement governed operational ownership capability 263 using reproducible infrastructure, controlled environment promotion, secure automation, observable production behavior, tested recovery, explicit ownership, and auditable release evidence.","Capability 263 passes when infrastructure/configuration version, environment scope, deployment behavior, rollback/recovery evidence, observability, security controls, ownership, capacity and mapped tests are verified.",v1.0.0,Implementation-ready
P31-REQ-264,Platform Reliability,Must,"GrounUp shall implement governed platform reliability capability 264 using reproducible infrastructure, controlled environment promotion, secure automation, observable production behavior, tested recovery, explicit ownership, and auditable release evidence.","Capability 264 passes when infrastructure/configuration version, environment scope, deployment behavior, rollback/recovery evidence, observability, security controls, ownership, capacity and mapped tests are verified.",v1.0.0,Implementation-ready
P31-REQ-265,Production Architecture,Must,"GrounUp shall implement governed production architecture capability 265 using reproducible infrastructure, controlled environment promotion, secure automation, observable production behavior, tested recovery, explicit ownership, and auditable release evidence.","Capability 265 passes when infrastructure/configuration version, environment scope, deployment behavior, rollback/recovery evidence, observability, security controls, ownership, capacity and mapped tests are verified.",v1.0.0,Implementation-ready
P31-REQ-266,Cloud Provider Abstraction,Must,"GrounUp shall implement governed cloud provider abstraction capability 266 using reproducible infrastructure, controlled environment promotion, secure automation, observable production behavior, tested recovery, explicit ownership, and auditable release evidence.","Capability 266 passes when infrastructure/configuration version, environment scope, deployment behavior, rollback/recovery evidence, observability, security controls, ownership, capacity and mapped tests are verified.",v1.0.0,Implementation-ready
P31-REQ-267,Regions & Availability Zones,Must,"GrounUp shall implement governed regions & availability zones capability 267 using reproducible infrastructure, controlled environment promotion, secure automation, observable production behavior, tested recovery, explicit ownership, and auditable release evidence.","Capability 267 passes when infrastructure/configuration version, environment scope, deployment behavior, rollback/recovery evidence, observability, security controls, ownership, capacity and mapped tests are verified.",v1.0.0,Implementation-ready
P31-REQ-268,Network Topology,Must,"GrounUp shall implement governed network topology capability 268 using reproducible infrastructure, controlled environment promotion, secure automation, observable production behavior, tested recovery, explicit ownership, and auditable release evidence.","Capability 268 passes when infrastructure/configuration version, environment scope, deployment behavior, rollback/recovery evidence, observability, security controls, ownership, capacity and mapped tests are verified.",v1.0.0,Implementation-ready
P31-REQ-269,Ingress & Edge,Must,"GrounUp shall implement governed ingress & edge capability 269 using reproducible infrastructure, controlled environment promotion, secure automation, observable production behavior, tested recovery, explicit ownership, and auditable release evidence.","Capability 269 passes when infrastructure/configuration version, environment scope, deployment behavior, rollback/recovery evidence, observability, security controls, ownership, capacity and mapped tests are verified.",v1.0.0,Implementation-ready
P31-REQ-270,DNS,Must,"GrounUp shall implement governed dns capability 270 using reproducible infrastructure, controlled environment promotion, secure automation, observable production behavior, tested recovery, explicit ownership, and auditable release evidence.","Capability 270 passes when infrastructure/configuration version, environment scope, deployment behavior, rollback/recovery evidence, observability, security controls, ownership, capacity and mapped tests are verified.",v1.0.0,Implementation-ready
P31-REQ-271,TLS Certificates,Must,"GrounUp shall implement governed tls certificates capability 271 using reproducible infrastructure, controlled environment promotion, secure automation, observable production behavior, tested recovery, explicit ownership, and auditable release evidence.","Capability 271 passes when infrastructure/configuration version, environment scope, deployment behavior, rollback/recovery evidence, observability, security controls, ownership, capacity and mapped tests are verified.",v1.0.0,Implementation-ready
P31-REQ-272,Load Balancing,Must,"GrounUp shall implement governed load balancing capability 272 using reproducible infrastructure, controlled environment promotion, secure automation, observable production behavior, tested recovery, explicit ownership, and auditable release evidence.","Capability 272 passes when infrastructure/configuration version, environment scope, deployment behavior, rollback/recovery evidence, observability, security controls, ownership, capacity and mapped tests are verified.",v1.0.0,Implementation-ready
P31-REQ-273,Application Runtime,Must,"GrounUp shall implement governed application runtime capability 273 using reproducible infrastructure, controlled environment promotion, secure automation, observable production behavior, tested recovery, explicit ownership, and auditable release evidence.","Capability 273 passes when infrastructure/configuration version, environment scope, deployment behavior, rollback/recovery evidence, observability, security controls, ownership, capacity and mapped tests are verified.",v1.0.0,Implementation-ready
P31-REQ-274,Container Runtime,Must,"GrounUp shall implement governed container runtime capability 274 using reproducible infrastructure, controlled environment promotion, secure automation, observable production behavior, tested recovery, explicit ownership, and auditable release evidence.","Capability 274 passes when infrastructure/configuration version, environment scope, deployment behavior, rollback/recovery evidence, observability, security controls, ownership, capacity and mapped tests are verified.",v1.0.0,Implementation-ready
P31-REQ-275,Serverless/Worker Runtime,Must,"GrounUp shall implement governed serverless/worker runtime capability 275 using reproducible infrastructure, controlled environment promotion, secure automation, observable production behavior, tested recovery, explicit ownership, and auditable release evidence.","Capability 275 passes when infrastructure/configuration version, environment scope, deployment behavior, rollback/recovery evidence, observability, security controls, ownership, capacity and mapped tests are verified.",v1.0.0,Implementation-ready
P31-REQ-276,Database Infrastructure,Must,"GrounUp shall implement governed database infrastructure capability 276 using reproducible infrastructure, controlled environment promotion, secure automation, observable production behavior, tested recovery, explicit ownership, and auditable release evidence.","Capability 276 passes when infrastructure/configuration version, environment scope, deployment behavior, rollback/recovery evidence, observability, security controls, ownership, capacity and mapped tests are verified.",v1.0.0,Implementation-ready
P31-REQ-277,Cache Infrastructure,Must,"GrounUp shall implement governed cache infrastructure capability 277 using reproducible infrastructure, controlled environment promotion, secure automation, observable production behavior, tested recovery, explicit ownership, and auditable release evidence.","Capability 277 passes when infrastructure/configuration version, environment scope, deployment behavior, rollback/recovery evidence, observability, security controls, ownership, capacity and mapped tests are verified.",v1.0.0,Implementation-ready
P31-REQ-278,Queue Infrastructure,Must,"GrounUp shall implement governed queue infrastructure capability 278 using reproducible infrastructure, controlled environment promotion, secure automation, observable production behavior, tested recovery, explicit ownership, and auditable release evidence.","Capability 278 passes when infrastructure/configuration version, environment scope, deployment behavior, rollback/recovery evidence, observability, security controls, ownership, capacity and mapped tests are verified.",v1.0.0,Implementation-ready
P31-REQ-279,Object Storage,Must,"GrounUp shall implement governed object storage capability 279 using reproducible infrastructure, controlled environment promotion, secure automation, observable production behavior, tested recovery, explicit ownership, and auditable release evidence.","Capability 279 passes when infrastructure/configuration version, environment scope, deployment behavior, rollback/recovery evidence, observability, security controls, ownership, capacity and mapped tests are verified.",v1.0.0,Implementation-ready
P31-REQ-280,Search Infrastructure,Must,"GrounUp shall implement governed search infrastructure capability 280 using reproducible infrastructure, controlled environment promotion, secure automation, observable production behavior, tested recovery, explicit ownership, and auditable release evidence.","Capability 280 passes when infrastructure/configuration version, environment scope, deployment behavior, rollback/recovery evidence, observability, security controls, ownership, capacity and mapped tests are verified.",v1.0.0,Implementation-ready
P31-REQ-281,Analytics Infrastructure,Must,"GrounUp shall implement governed analytics infrastructure capability 281 using reproducible infrastructure, controlled environment promotion, secure automation, observable production behavior, tested recovery, explicit ownership, and auditable release evidence.","Capability 281 passes when infrastructure/configuration version, environment scope, deployment behavior, rollback/recovery evidence, observability, security controls, ownership, capacity and mapped tests are verified.",v1.0.0,Implementation-ready
P31-REQ-282,AI Runtime Infrastructure,Must,"GrounUp shall implement governed ai runtime infrastructure capability 282 using reproducible infrastructure, controlled environment promotion, secure automation, observable production behavior, tested recovery, explicit ownership, and auditable release evidence.","Capability 282 passes when infrastructure/configuration version, environment scope, deployment behavior, rollback/recovery evidence, observability, security controls, ownership, capacity and mapped tests are verified.",v1.0.0,Implementation-ready
P31-REQ-283,Environment Strategy,Must,"GrounUp shall implement governed environment strategy capability 283 using reproducible infrastructure, controlled environment promotion, secure automation, observable production behavior, tested recovery, explicit ownership, and auditable release evidence.","Capability 283 passes when infrastructure/configuration version, environment scope, deployment behavior, rollback/recovery evidence, observability, security controls, ownership, capacity and mapped tests are verified.",v1.0.0,Implementation-ready
P31-REQ-284,Development Environment,Must,"GrounUp shall implement governed development environment capability 284 using reproducible infrastructure, controlled environment promotion, secure automation, observable production behavior, tested recovery, explicit ownership, and auditable release evidence.","Capability 284 passes when infrastructure/configuration version, environment scope, deployment behavior, rollback/recovery evidence, observability, security controls, ownership, capacity and mapped tests are verified.",v1.0.0,Implementation-ready
P31-REQ-285,Test Environment,Must,"GrounUp shall implement governed test environment capability 285 using reproducible infrastructure, controlled environment promotion, secure automation, observable production behavior, tested recovery, explicit ownership, and auditable release evidence.","Capability 285 passes when infrastructure/configuration version, environment scope, deployment behavior, rollback/recovery evidence, observability, security controls, ownership, capacity and mapped tests are verified.",v1.0.0,Implementation-ready
P31-REQ-286,Staging Environment,Must,"GrounUp shall implement governed staging environment capability 286 using reproducible infrastructure, controlled environment promotion, secure automation, observable production behavior, tested recovery, explicit ownership, and auditable release evidence.","Capability 286 passes when infrastructure/configuration version, environment scope, deployment behavior, rollback/recovery evidence, observability, security controls, ownership, capacity and mapped tests are verified.",v1.0.0,Implementation-ready
P31-REQ-287,Production Environment,Must,"GrounUp shall implement governed production environment capability 287 using reproducible infrastructure, controlled environment promotion, secure automation, observable production behavior, tested recovery, explicit ownership, and auditable release evidence.","Capability 287 passes when infrastructure/configuration version, environment scope, deployment behavior, rollback/recovery evidence, observability, security controls, ownership, capacity and mapped tests are verified.",v1.0.0,Implementation-ready
P31-REQ-288,Preview Environments,Must,"GrounUp shall implement governed preview environments capability 288 using reproducible infrastructure, controlled environment promotion, secure automation, observable production behavior, tested recovery, explicit ownership, and auditable release evidence.","Capability 288 passes when infrastructure/configuration version, environment scope, deployment behavior, rollback/recovery evidence, observability, security controls, ownership, capacity and mapped tests are verified.",v1.0.0,Implementation-ready
P31-REQ-289,Configuration Management,Must,"GrounUp shall implement governed configuration management capability 289 using reproducible infrastructure, controlled environment promotion, secure automation, observable production behavior, tested recovery, explicit ownership, and auditable release evidence.","Capability 289 passes when infrastructure/configuration version, environment scope, deployment behavior, rollback/recovery evidence, observability, security controls, ownership, capacity and mapped tests are verified.",v1.0.0,Implementation-ready
P31-REQ-290,Secrets Injection,Must,"GrounUp shall implement governed secrets injection capability 290 using reproducible infrastructure, controlled environment promotion, secure automation, observable production behavior, tested recovery, explicit ownership, and auditable release evidence.","Capability 290 passes when infrastructure/configuration version, environment scope, deployment behavior, rollback/recovery evidence, observability, security controls, ownership, capacity and mapped tests are verified.",v1.0.0,Implementation-ready
P31-REQ-291,Infrastructure as Code,Must,"GrounUp shall implement governed infrastructure as code capability 291 using reproducible infrastructure, controlled environment promotion, secure automation, observable production behavior, tested recovery, explicit ownership, and auditable release evidence.","Capability 291 passes when infrastructure/configuration version, environment scope, deployment behavior, rollback/recovery evidence, observability, security controls, ownership, capacity and mapped tests are verified.",v1.0.0,Implementation-ready
P31-REQ-292,State Management,Must,"GrounUp shall implement governed state management capability 292 using reproducible infrastructure, controlled environment promotion, secure automation, observable production behavior, tested recovery, explicit ownership, and auditable release evidence.","Capability 292 passes when infrastructure/configuration version, environment scope, deployment behavior, rollback/recovery evidence, observability, security controls, ownership, capacity and mapped tests are verified.",v1.0.0,Implementation-ready
P31-REQ-293,Policy as Code,Must,"GrounUp shall implement governed policy as code capability 293 using reproducible infrastructure, controlled environment promotion, secure automation, observable production behavior, tested recovery, explicit ownership, and auditable release evidence.","Capability 293 passes when infrastructure/configuration version, environment scope, deployment behavior, rollback/recovery evidence, observability, security controls, ownership, capacity and mapped tests are verified.",v1.0.0,Implementation-ready
P31-REQ-294,CI Pipelines,Must,"GrounUp shall implement governed ci pipelines capability 294 using reproducible infrastructure, controlled environment promotion, secure automation, observable production behavior, tested recovery, explicit ownership, and auditable release evidence.","Capability 294 passes when infrastructure/configuration version, environment scope, deployment behavior, rollback/recovery evidence, observability, security controls, ownership, capacity and mapped tests are verified.",v1.0.0,Implementation-ready
P31-REQ-295,Build Reproducibility,Must,"GrounUp shall implement governed build reproducibility capability 295 using reproducible infrastructure, controlled environment promotion, secure automation, observable production behavior, tested recovery, explicit ownership, and auditable release evidence.","Capability 295 passes when infrastructure/configuration version, environment scope, deployment behavior, rollback/recovery evidence, observability, security controls, ownership, capacity and mapped tests are verified.",v1.0.0,Implementation-ready
P31-REQ-296,Artifact Registry,Must,"GrounUp shall implement governed artifact registry capability 296 using reproducible infrastructure, controlled environment promotion, secure automation, observable production behavior, tested recovery, explicit ownership, and auditable release evidence.","Capability 296 passes when infrastructure/configuration version, environment scope, deployment behavior, rollback/recovery evidence, observability, security controls, ownership, capacity and mapped tests are verified.",v1.0.0,Implementation-ready
P31-REQ-297,SBOM & Provenance,Must,"GrounUp shall implement governed sbom & provenance capability 297 using reproducible infrastructure, controlled environment promotion, secure automation, observable production behavior, tested recovery, explicit ownership, and auditable release evidence.","Capability 297 passes when infrastructure/configuration version, environment scope, deployment behavior, rollback/recovery evidence, observability, security controls, ownership, capacity and mapped tests are verified.",v1.0.0,Implementation-ready
P31-REQ-298,CD Pipelines,Must,"GrounUp shall implement governed cd pipelines capability 298 using reproducible infrastructure, controlled environment promotion, secure automation, observable production behavior, tested recovery, explicit ownership, and auditable release evidence.","Capability 298 passes when infrastructure/configuration version, environment scope, deployment behavior, rollback/recovery evidence, observability, security controls, ownership, capacity and mapped tests are verified.",v1.0.0,Implementation-ready
P31-REQ-299,Deployment Strategies,Must,"GrounUp shall implement governed deployment strategies capability 299 using reproducible infrastructure, controlled environment promotion, secure automation, observable production behavior, tested recovery, explicit ownership, and auditable release evidence.","Capability 299 passes when infrastructure/configuration version, environment scope, deployment behavior, rollback/recovery evidence, observability, security controls, ownership, capacity and mapped tests are verified.",v1.0.0,Implementation-ready
P31-REQ-300,Blue/Green Deployments,Must,"GrounUp shall implement governed blue/green deployments capability 300 using reproducible infrastructure, controlled environment promotion, secure automation, observable production behavior, tested recovery, explicit ownership, and auditable release evidence.","Capability 300 passes when infrastructure/configuration version, environment scope, deployment behavior, rollback/recovery evidence, observability, security controls, ownership, capacity and mapped tests are verified.",v1.0.0,Implementation-ready
P31-REQ-301,Canary Releases,Must,"GrounUp shall implement governed canary releases capability 301 using reproducible infrastructure, controlled environment promotion, secure automation, observable production behavior, tested recovery, explicit ownership, and auditable release evidence.","Capability 301 passes when infrastructure/configuration version, environment scope, deployment behavior, rollback/recovery evidence, observability, security controls, ownership, capacity and mapped tests are verified.",v1.0.0,Implementation-ready
P31-REQ-302,Feature Flags,Must,"GrounUp shall implement governed feature flags capability 302 using reproducible infrastructure, controlled environment promotion, secure automation, observable production behavior, tested recovery, explicit ownership, and auditable release evidence.","Capability 302 passes when infrastructure/configuration version, environment scope, deployment behavior, rollback/recovery evidence, observability, security controls, ownership, capacity and mapped tests are verified.",v1.0.0,Implementation-ready
P31-REQ-303,Database Migrations,Must,"GrounUp shall implement governed database migrations capability 303 using reproducible infrastructure, controlled environment promotion, secure automation, observable production behavior, tested recovery, explicit ownership, and auditable release evidence.","Capability 303 passes when infrastructure/configuration version, environment scope, deployment behavior, rollback/recovery evidence, observability, security controls, ownership, capacity and mapped tests are verified.",v1.0.0,Implementation-ready
P31-REQ-304,Rollback,Must,"GrounUp shall implement governed rollback capability 304 using reproducible infrastructure, controlled environment promotion, secure automation, observable production behavior, tested recovery, explicit ownership, and auditable release evidence.","Capability 304 passes when infrastructure/configuration version, environment scope, deployment behavior, rollback/recovery evidence, observability, security controls, ownership, capacity and mapped tests are verified.",v1.0.0,Implementation-ready
P31-REQ-305,Release Approvals,Must,"GrounUp shall implement governed release approvals capability 305 using reproducible infrastructure, controlled environment promotion, secure automation, observable production behavior, tested recovery, explicit ownership, and auditable release evidence.","Capability 305 passes when infrastructure/configuration version, environment scope, deployment behavior, rollback/recovery evidence, observability, security controls, ownership, capacity and mapped tests are verified.",v1.0.0,Implementation-ready
P31-REQ-306,Release Notes,Must,"GrounUp shall implement governed release notes capability 306 using reproducible infrastructure, controlled environment promotion, secure automation, observable production behavior, tested recovery, explicit ownership, and auditable release evidence.","Capability 306 passes when infrastructure/configuration version, environment scope, deployment behavior, rollback/recovery evidence, observability, security controls, ownership, capacity and mapped tests are verified.",v1.0.0,Implementation-ready
P31-REQ-307,Change Windows,Must,"GrounUp shall implement governed change windows capability 307 using reproducible infrastructure, controlled environment promotion, secure automation, observable production behavior, tested recovery, explicit ownership, and auditable release evidence.","Capability 307 passes when infrastructure/configuration version, environment scope, deployment behavior, rollback/recovery evidence, observability, security controls, ownership, capacity and mapped tests are verified.",v1.0.0,Implementation-ready
P31-REQ-308,Observability,Must,"GrounUp shall implement governed observability capability 308 using reproducible infrastructure, controlled environment promotion, secure automation, observable production behavior, tested recovery, explicit ownership, and auditable release evidence.","Capability 308 passes when infrastructure/configuration version, environment scope, deployment behavior, rollback/recovery evidence, observability, security controls, ownership, capacity and mapped tests are verified.",v1.0.0,Implementation-ready
P31-REQ-309,Structured Logging,Must,"GrounUp shall implement governed structured logging capability 309 using reproducible infrastructure, controlled environment promotion, secure automation, observable production behavior, tested recovery, explicit ownership, and auditable release evidence.","Capability 309 passes when infrastructure/configuration version, environment scope, deployment behavior, rollback/recovery evidence, observability, security controls, ownership, capacity and mapped tests are verified.",v1.0.0,Implementation-ready
P31-REQ-310,Metrics,Must,"GrounUp shall implement governed metrics capability 310 using reproducible infrastructure, controlled environment promotion, secure automation, observable production behavior, tested recovery, explicit ownership, and auditable release evidence.","Capability 310 passes when infrastructure/configuration version, environment scope, deployment behavior, rollback/recovery evidence, observability, security controls, ownership, capacity and mapped tests are verified.",v1.0.0,Implementation-ready
P31-REQ-311,Distributed Tracing,Must,"GrounUp shall implement governed distributed tracing capability 311 using reproducible infrastructure, controlled environment promotion, secure automation, observable production behavior, tested recovery, explicit ownership, and auditable release evidence.","Capability 311 passes when infrastructure/configuration version, environment scope, deployment behavior, rollback/recovery evidence, observability, security controls, ownership, capacity and mapped tests are verified.",v1.0.0,Implementation-ready
P31-REQ-312,Health Checks,Must,"GrounUp shall implement governed health checks capability 312 using reproducible infrastructure, controlled environment promotion, secure automation, observable production behavior, tested recovery, explicit ownership, and auditable release evidence.","Capability 312 passes when infrastructure/configuration version, environment scope, deployment behavior, rollback/recovery evidence, observability, security controls, ownership, capacity and mapped tests are verified.",v1.0.0,Implementation-ready
P31-REQ-313,SLOs & SLIs,Must,"GrounUp shall implement governed slos & slis capability 313 using reproducible infrastructure, controlled environment promotion, secure automation, observable production behavior, tested recovery, explicit ownership, and auditable release evidence.","Capability 313 passes when infrastructure/configuration version, environment scope, deployment behavior, rollback/recovery evidence, observability, security controls, ownership, capacity and mapped tests are verified.",v1.0.0,Implementation-ready
P31-REQ-314,Alerting,Must,"GrounUp shall implement governed alerting capability 314 using reproducible infrastructure, controlled environment promotion, secure automation, observable production behavior, tested recovery, explicit ownership, and auditable release evidence.","Capability 314 passes when infrastructure/configuration version, environment scope, deployment behavior, rollback/recovery evidence, observability, security controls, ownership, capacity and mapped tests are verified.",v1.0.0,Implementation-ready
P31-REQ-315,On-Call,Must,"GrounUp shall implement governed on-call capability 315 using reproducible infrastructure, controlled environment promotion, secure automation, observable production behavior, tested recovery, explicit ownership, and auditable release evidence.","Capability 315 passes when infrastructure/configuration version, environment scope, deployment behavior, rollback/recovery evidence, observability, security controls, ownership, capacity and mapped tests are verified.",v1.0.0,Implementation-ready
P31-REQ-316,Incident Management,Must,"GrounUp shall implement governed incident management capability 316 using reproducible infrastructure, controlled environment promotion, secure automation, observable production behavior, tested recovery, explicit ownership, and auditable release evidence.","Capability 316 passes when infrastructure/configuration version, environment scope, deployment behavior, rollback/recovery evidence, observability, security controls, ownership, capacity and mapped tests are verified.",v1.0.0,Implementation-ready
P31-REQ-317,Capacity Planning,Must,"GrounUp shall implement governed capacity planning capability 317 using reproducible infrastructure, controlled environment promotion, secure automation, observable production behavior, tested recovery, explicit ownership, and auditable release evidence.","Capability 317 passes when infrastructure/configuration version, environment scope, deployment behavior, rollback/recovery evidence, observability, security controls, ownership, capacity and mapped tests are verified.",v1.0.0,Implementation-ready
P31-REQ-318,Autoscaling,Must,"GrounUp shall implement governed autoscaling capability 318 using reproducible infrastructure, controlled environment promotion, secure automation, observable production behavior, tested recovery, explicit ownership, and auditable release evidence.","Capability 318 passes when infrastructure/configuration version, environment scope, deployment behavior, rollback/recovery evidence, observability, security controls, ownership, capacity and mapped tests are verified.",v1.0.0,Implementation-ready
P31-REQ-319,Performance Testing,Must,"GrounUp shall implement governed performance testing capability 319 using reproducible infrastructure, controlled environment promotion, secure automation, observable production behavior, tested recovery, explicit ownership, and auditable release evidence.","Capability 319 passes when infrastructure/configuration version, environment scope, deployment behavior, rollback/recovery evidence, observability, security controls, ownership, capacity and mapped tests are verified.",v1.0.0,Implementation-ready
P31-REQ-320,Load Testing,Must,"GrounUp shall implement governed load testing capability 320 using reproducible infrastructure, controlled environment promotion, secure automation, observable production behavior, tested recovery, explicit ownership, and auditable release evidence.","Capability 320 passes when infrastructure/configuration version, environment scope, deployment behavior, rollback/recovery evidence, observability, security controls, ownership, capacity and mapped tests are verified.",v1.0.0,Implementation-ready
P31-REQ-321,Caching Strategy,Must,"GrounUp shall implement governed caching strategy capability 321 using reproducible infrastructure, controlled environment promotion, secure automation, observable production behavior, tested recovery, explicit ownership, and auditable release evidence.","Capability 321 passes when infrastructure/configuration version, environment scope, deployment behavior, rollback/recovery evidence, observability, security controls, ownership, capacity and mapped tests are verified.",v1.0.0,Implementation-ready
P31-REQ-322,Connection Management,Must,"GrounUp shall implement governed connection management capability 322 using reproducible infrastructure, controlled environment promotion, secure automation, observable production behavior, tested recovery, explicit ownership, and auditable release evidence.","Capability 322 passes when infrastructure/configuration version, environment scope, deployment behavior, rollback/recovery evidence, observability, security controls, ownership, capacity and mapped tests are verified.",v1.0.0,Implementation-ready
P31-REQ-323,Rate Limiting,Must,"GrounUp shall implement governed rate limiting capability 323 using reproducible infrastructure, controlled environment promotion, secure automation, observable production behavior, tested recovery, explicit ownership, and auditable release evidence.","Capability 323 passes when infrastructure/configuration version, environment scope, deployment behavior, rollback/recovery evidence, observability, security controls, ownership, capacity and mapped tests are verified.",v1.0.0,Implementation-ready
P31-REQ-324,Resilience,Must,"GrounUp shall implement governed resilience capability 324 using reproducible infrastructure, controlled environment promotion, secure automation, observable production behavior, tested recovery, explicit ownership, and auditable release evidence.","Capability 324 passes when infrastructure/configuration version, environment scope, deployment behavior, rollback/recovery evidence, observability, security controls, ownership, capacity and mapped tests are verified.",v1.0.0,Implementation-ready
P31-REQ-325,Circuit Breakers,Must,"GrounUp shall implement governed circuit breakers capability 325 using reproducible infrastructure, controlled environment promotion, secure automation, observable production behavior, tested recovery, explicit ownership, and auditable release evidence.","Capability 325 passes when infrastructure/configuration version, environment scope, deployment behavior, rollback/recovery evidence, observability, security controls, ownership, capacity and mapped tests are verified.",v1.0.0,Implementation-ready
P31-REQ-326,Retries & Backoff,Must,"GrounUp shall implement governed retries & backoff capability 326 using reproducible infrastructure, controlled environment promotion, secure automation, observable production behavior, tested recovery, explicit ownership, and auditable release evidence.","Capability 326 passes when infrastructure/configuration version, environment scope, deployment behavior, rollback/recovery evidence, observability, security controls, ownership, capacity and mapped tests are verified.",v1.0.0,Implementation-ready
P31-REQ-327,Timeouts,Must,"GrounUp shall implement governed timeouts capability 327 using reproducible infrastructure, controlled environment promotion, secure automation, observable production behavior, tested recovery, explicit ownership, and auditable release evidence.","Capability 327 passes when infrastructure/configuration version, environment scope, deployment behavior, rollback/recovery evidence, observability, security controls, ownership, capacity and mapped tests are verified.",v1.0.0,Implementation-ready
P31-REQ-328,Bulkheads,Must,"GrounUp shall implement governed bulkheads capability 328 using reproducible infrastructure, controlled environment promotion, secure automation, observable production behavior, tested recovery, explicit ownership, and auditable release evidence.","Capability 328 passes when infrastructure/configuration version, environment scope, deployment behavior, rollback/recovery evidence, observability, security controls, ownership, capacity and mapped tests are verified.",v1.0.0,Implementation-ready
P31-REQ-329,Chaos Testing,Must,"GrounUp shall implement governed chaos testing capability 329 using reproducible infrastructure, controlled environment promotion, secure automation, observable production behavior, tested recovery, explicit ownership, and auditable release evidence.","Capability 329 passes when infrastructure/configuration version, environment scope, deployment behavior, rollback/recovery evidence, observability, security controls, ownership, capacity and mapped tests are verified.",v1.0.0,Implementation-ready
P31-REQ-330,Backup,Must,"GrounUp shall implement governed backup capability 330 using reproducible infrastructure, controlled environment promotion, secure automation, observable production behavior, tested recovery, explicit ownership, and auditable release evidence.","Capability 330 passes when infrastructure/configuration version, environment scope, deployment behavior, rollback/recovery evidence, observability, security controls, ownership, capacity and mapped tests are verified.",v1.0.0,Implementation-ready
P31-REQ-331,Restore,Must,"GrounUp shall implement governed restore capability 331 using reproducible infrastructure, controlled environment promotion, secure automation, observable production behavior, tested recovery, explicit ownership, and auditable release evidence.","Capability 331 passes when infrastructure/configuration version, environment scope, deployment behavior, rollback/recovery evidence, observability, security controls, ownership, capacity and mapped tests are verified.",v1.0.0,Implementation-ready
P31-REQ-332,Point-in-Time Recovery,Must,"GrounUp shall implement governed point-in-time recovery capability 332 using reproducible infrastructure, controlled environment promotion, secure automation, observable production behavior, tested recovery, explicit ownership, and auditable release evidence.","Capability 332 passes when infrastructure/configuration version, environment scope, deployment behavior, rollback/recovery evidence, observability, security controls, ownership, capacity and mapped tests are verified.",v1.0.0,Implementation-ready
P31-REQ-333,Disaster Recovery,Must,"GrounUp shall implement governed disaster recovery capability 333 using reproducible infrastructure, controlled environment promotion, secure automation, observable production behavior, tested recovery, explicit ownership, and auditable release evidence.","Capability 333 passes when infrastructure/configuration version, environment scope, deployment behavior, rollback/recovery evidence, observability, security controls, ownership, capacity and mapped tests are verified.",v1.0.0,Implementation-ready
P31-REQ-334,RTO/RPO,Must,"GrounUp shall implement governed rto/rpo capability 334 using reproducible infrastructure, controlled environment promotion, secure automation, observable production behavior, tested recovery, explicit ownership, and auditable release evidence.","Capability 334 passes when infrastructure/configuration version, environment scope, deployment behavior, rollback/recovery evidence, observability, security controls, ownership, capacity and mapped tests are verified.",v1.0.0,Implementation-ready
P31-REQ-335,Business Continuity,Must,"GrounUp shall implement governed business continuity capability 335 using reproducible infrastructure, controlled environment promotion, secure automation, observable production behavior, tested recovery, explicit ownership, and auditable release evidence.","Capability 335 passes when infrastructure/configuration version, environment scope, deployment behavior, rollback/recovery evidence, observability, security controls, ownership, capacity and mapped tests are verified.",v1.0.0,Implementation-ready
P31-REQ-336,Multi-Region Recovery,Must,"GrounUp shall implement governed multi-region recovery capability 336 using reproducible infrastructure, controlled environment promotion, secure automation, observable production behavior, tested recovery, explicit ownership, and auditable release evidence.","Capability 336 passes when infrastructure/configuration version, environment scope, deployment behavior, rollback/recovery evidence, observability, security controls, ownership, capacity and mapped tests are verified.",v1.0.0,Implementation-ready
P31-REQ-337,Operational Runbooks,Must,"GrounUp shall implement governed operational runbooks capability 337 using reproducible infrastructure, controlled environment promotion, secure automation, observable production behavior, tested recovery, explicit ownership, and auditable release evidence.","Capability 337 passes when infrastructure/configuration version, environment scope, deployment behavior, rollback/recovery evidence, observability, security controls, ownership, capacity and mapped tests are verified.",v1.0.0,Implementation-ready
P31-REQ-338,Maintenance Windows,Must,"GrounUp shall implement governed maintenance windows capability 338 using reproducible infrastructure, controlled environment promotion, secure automation, observable production behavior, tested recovery, explicit ownership, and auditable release evidence.","Capability 338 passes when infrastructure/configuration version, environment scope, deployment behavior, rollback/recovery evidence, observability, security controls, ownership, capacity and mapped tests are verified.",v1.0.0,Implementation-ready
P31-REQ-339,Patch Management,Must,"GrounUp shall implement governed patch management capability 339 using reproducible infrastructure, controlled environment promotion, secure automation, observable production behavior, tested recovery, explicit ownership, and auditable release evidence.","Capability 339 passes when infrastructure/configuration version, environment scope, deployment behavior, rollback/recovery evidence, observability, security controls, ownership, capacity and mapped tests are verified.",v1.0.0,Implementation-ready
P31-REQ-340,Dependency Updates,Must,"GrounUp shall implement governed dependency updates capability 340 using reproducible infrastructure, controlled environment promotion, secure automation, observable production behavior, tested recovery, explicit ownership, and auditable release evidence.","Capability 340 passes when infrastructure/configuration version, environment scope, deployment behavior, rollback/recovery evidence, observability, security controls, ownership, capacity and mapped tests are verified.",v1.0.0,Implementation-ready
P31-REQ-341,Operational Access,Must,"GrounUp shall implement governed operational access capability 341 using reproducible infrastructure, controlled environment promotion, secure automation, observable production behavior, tested recovery, explicit ownership, and auditable release evidence.","Capability 341 passes when infrastructure/configuration version, environment scope, deployment behavior, rollback/recovery evidence, observability, security controls, ownership, capacity and mapped tests are verified.",v1.0.0,Implementation-ready
P31-REQ-342,Production Support,Must,"GrounUp shall implement governed production support capability 342 using reproducible infrastructure, controlled environment promotion, secure automation, observable production behavior, tested recovery, explicit ownership, and auditable release evidence.","Capability 342 passes when infrastructure/configuration version, environment scope, deployment behavior, rollback/recovery evidence, observability, security controls, ownership, capacity and mapped tests are verified.",v1.0.0,Implementation-ready
P31-REQ-343,FinOps,Must,"GrounUp shall implement governed finops capability 343 using reproducible infrastructure, controlled environment promotion, secure automation, observable production behavior, tested recovery, explicit ownership, and auditable release evidence.","Capability 343 passes when infrastructure/configuration version, environment scope, deployment behavior, rollback/recovery evidence, observability, security controls, ownership, capacity and mapped tests are verified.",v1.0.0,Implementation-ready
P31-REQ-344,Cloud Cost Allocation,Must,"GrounUp shall implement governed cloud cost allocation capability 344 using reproducible infrastructure, controlled environment promotion, secure automation, observable production behavior, tested recovery, explicit ownership, and auditable release evidence.","Capability 344 passes when infrastructure/configuration version, environment scope, deployment behavior, rollback/recovery evidence, observability, security controls, ownership, capacity and mapped tests are verified.",v1.0.0,Implementation-ready
P31-REQ-345,Cost Budgets,Must,"GrounUp shall implement governed cost budgets capability 345 using reproducible infrastructure, controlled environment promotion, secure automation, observable production behavior, tested recovery, explicit ownership, and auditable release evidence.","Capability 345 passes when infrastructure/configuration version, environment scope, deployment behavior, rollback/recovery evidence, observability, security controls, ownership, capacity and mapped tests are verified.",v1.0.0,Implementation-ready
P31-REQ-346,Resource Tagging,Must,"GrounUp shall implement governed resource tagging capability 346 using reproducible infrastructure, controlled environment promotion, secure automation, observable production behavior, tested recovery, explicit ownership, and auditable release evidence.","Capability 346 passes when infrastructure/configuration version, environment scope, deployment behavior, rollback/recovery evidence, observability, security controls, ownership, capacity and mapped tests are verified.",v1.0.0,Implementation-ready
P31-REQ-347,Environment Cleanup,Must,"GrounUp shall implement governed environment cleanup capability 347 using reproducible infrastructure, controlled environment promotion, secure automation, observable production behavior, tested recovery, explicit ownership, and auditable release evidence.","Capability 347 passes when infrastructure/configuration version, environment scope, deployment behavior, rollback/recovery evidence, observability, security controls, ownership, capacity and mapped tests are verified.",v1.0.0,Implementation-ready
P31-REQ-348,Release Evidence,Must,"GrounUp shall implement governed release evidence capability 348 using reproducible infrastructure, controlled environment promotion, secure automation, observable production behavior, tested recovery, explicit ownership, and auditable release evidence.","Capability 348 passes when infrastructure/configuration version, environment scope, deployment behavior, rollback/recovery evidence, observability, security controls, ownership, capacity and mapped tests are verified.",v1.0.0,Implementation-ready
P31-REQ-349,Deployment Audit,Must,"GrounUp shall implement governed deployment audit capability 349 using reproducible infrastructure, controlled environment promotion, secure automation, observable production behavior, tested recovery, explicit ownership, and auditable release evidence.","Capability 349 passes when infrastructure/configuration version, environment scope, deployment behavior, rollback/recovery evidence, observability, security controls, ownership, capacity and mapped tests are verified.",v1.0.0,Implementation-ready
P31-REQ-350,Service Catalog,Must,"GrounUp shall implement governed service catalog capability 350 using reproducible infrastructure, controlled environment promotion, secure automation, observable production behavior, tested recovery, explicit ownership, and auditable release evidence.","Capability 350 passes when infrastructure/configuration version, environment scope, deployment behavior, rollback/recovery evidence, observability, security controls, ownership, capacity and mapped tests are verified.",v1.0.0,Implementation-ready
P31-REQ-351,Operational Ownership,Must,"GrounUp shall implement governed operational ownership capability 351 using reproducible infrastructure, controlled environment promotion, secure automation, observable production behavior, tested recovery, explicit ownership, and auditable release evidence.","Capability 351 passes when infrastructure/configuration version, environment scope, deployment behavior, rollback/recovery evidence, observability, security controls, ownership, capacity and mapped tests are verified.",v1.0.0,Implementation-ready
P31-REQ-352,Platform Reliability,Must,"GrounUp shall implement governed platform reliability capability 352 using reproducible infrastructure, controlled environment promotion, secure automation, observable production behavior, tested recovery, explicit ownership, and auditable release evidence.","Capability 352 passes when infrastructure/configuration version, environment scope, deployment behavior, rollback/recovery evidence, observability, security controls, ownership, capacity and mapped tests are verified.",v1.0.0,Implementation-ready
P31-REQ-353,Production Architecture,Must,"GrounUp shall implement governed production architecture capability 353 using reproducible infrastructure, controlled environment promotion, secure automation, observable production behavior, tested recovery, explicit ownership, and auditable release evidence.","Capability 353 passes when infrastructure/configuration version, environment scope, deployment behavior, rollback/recovery evidence, observability, security controls, ownership, capacity and mapped tests are verified.",v1.0.0,Implementation-ready
P31-REQ-354,Cloud Provider Abstraction,Must,"GrounUp shall implement governed cloud provider abstraction capability 354 using reproducible infrastructure, controlled environment promotion, secure automation, observable production behavior, tested recovery, explicit ownership, and auditable release evidence.","Capability 354 passes when infrastructure/configuration version, environment scope, deployment behavior, rollback/recovery evidence, observability, security controls, ownership, capacity and mapped tests are verified.",v1.0.0,Implementation-ready
P31-REQ-355,Regions & Availability Zones,Must,"GrounUp shall implement governed regions & availability zones capability 355 using reproducible infrastructure, controlled environment promotion, secure automation, observable production behavior, tested recovery, explicit ownership, and auditable release evidence.","Capability 355 passes when infrastructure/configuration version, environment scope, deployment behavior, rollback/recovery evidence, observability, security controls, ownership, capacity and mapped tests are verified.",v1.0.0,Implementation-ready
P31-REQ-356,Network Topology,Must,"GrounUp shall implement governed network topology capability 356 using reproducible infrastructure, controlled environment promotion, secure automation, observable production behavior, tested recovery, explicit ownership, and auditable release evidence.","Capability 356 passes when infrastructure/configuration version, environment scope, deployment behavior, rollback/recovery evidence, observability, security controls, ownership, capacity and mapped tests are verified.",v1.0.0,Implementation-ready
P31-REQ-357,Ingress & Edge,Must,"GrounUp shall implement governed ingress & edge capability 357 using reproducible infrastructure, controlled environment promotion, secure automation, observable production behavior, tested recovery, explicit ownership, and auditable release evidence.","Capability 357 passes when infrastructure/configuration version, environment scope, deployment behavior, rollback/recovery evidence, observability, security controls, ownership, capacity and mapped tests are verified.",v1.0.0,Implementation-ready
P31-REQ-358,DNS,Must,"GrounUp shall implement governed dns capability 358 using reproducible infrastructure, controlled environment promotion, secure automation, observable production behavior, tested recovery, explicit ownership, and auditable release evidence.","Capability 358 passes when infrastructure/configuration version, environment scope, deployment behavior, rollback/recovery evidence, observability, security controls, ownership, capacity and mapped tests are verified.",v1.0.0,Implementation-ready
P31-REQ-359,TLS Certificates,Must,"GrounUp shall implement governed tls certificates capability 359 using reproducible infrastructure, controlled environment promotion, secure automation, observable production behavior, tested recovery, explicit ownership, and auditable release evidence.","Capability 359 passes when infrastructure/configuration version, environment scope, deployment behavior, rollback/recovery evidence, observability, security controls, ownership, capacity and mapped tests are verified.",v1.0.0,Implementation-ready
P31-REQ-360,Load Balancing,Must,"GrounUp shall implement governed load balancing capability 360 using reproducible infrastructure, controlled environment promotion, secure automation, observable production behavior, tested recovery, explicit ownership, and auditable release evidence.","Capability 360 passes when infrastructure/configuration version, environment scope, deployment behavior, rollback/recovery evidence, observability, security controls, ownership, capacity and mapped tests are verified.",v1.0.0,Implementation-ready
P31-REQ-361,Application Runtime,Must,"GrounUp shall implement governed application runtime capability 361 using reproducible infrastructure, controlled environment promotion, secure automation, observable production behavior, tested recovery, explicit ownership, and auditable release evidence.","Capability 361 passes when infrastructure/configuration version, environment scope, deployment behavior, rollback/recovery evidence, observability, security controls, ownership, capacity and mapped tests are verified.",v1.0.0,Implementation-ready
P31-REQ-362,Container Runtime,Must,"GrounUp shall implement governed container runtime capability 362 using reproducible infrastructure, controlled environment promotion, secure automation, observable production behavior, tested recovery, explicit ownership, and auditable release evidence.","Capability 362 passes when infrastructure/configuration version, environment scope, deployment behavior, rollback/recovery evidence, observability, security controls, ownership, capacity and mapped tests are verified.",v1.0.0,Implementation-ready
P31-REQ-363,Serverless/Worker Runtime,Must,"GrounUp shall implement governed serverless/worker runtime capability 363 using reproducible infrastructure, controlled environment promotion, secure automation, observable production behavior, tested recovery, explicit ownership, and auditable release evidence.","Capability 363 passes when infrastructure/configuration version, environment scope, deployment behavior, rollback/recovery evidence, observability, security controls, ownership, capacity and mapped tests are verified.",v1.0.0,Implementation-ready
P31-REQ-364,Database Infrastructure,Must,"GrounUp shall implement governed database infrastructure capability 364 using reproducible infrastructure, controlled environment promotion, secure automation, observable production behavior, tested recovery, explicit ownership, and auditable release evidence.","Capability 364 passes when infrastructure/configuration version, environment scope, deployment behavior, rollback/recovery evidence, observability, security controls, ownership, capacity and mapped tests are verified.",v1.0.0,Implementation-ready
P31-REQ-365,Cache Infrastructure,Must,"GrounUp shall implement governed cache infrastructure capability 365 using reproducible infrastructure, controlled environment promotion, secure automation, observable production behavior, tested recovery, explicit ownership, and auditable release evidence.","Capability 365 passes when infrastructure/configuration version, environment scope, deployment behavior, rollback/recovery evidence, observability, security controls, ownership, capacity and mapped tests are verified.",v1.0.0,Implementation-ready
P31-REQ-366,Queue Infrastructure,Must,"GrounUp shall implement governed queue infrastructure capability 366 using reproducible infrastructure, controlled environment promotion, secure automation, observable production behavior, tested recovery, explicit ownership, and auditable release evidence.","Capability 366 passes when infrastructure/configuration version, environment scope, deployment behavior, rollback/recovery evidence, observability, security controls, ownership, capacity and mapped tests are verified.",v1.0.0,Implementation-ready
P31-REQ-367,Object Storage,Must,"GrounUp shall implement governed object storage capability 367 using reproducible infrastructure, controlled environment promotion, secure automation, observable production behavior, tested recovery, explicit ownership, and auditable release evidence.","Capability 367 passes when infrastructure/configuration version, environment scope, deployment behavior, rollback/recovery evidence, observability, security controls, ownership, capacity and mapped tests are verified.",v1.0.0,Implementation-ready
P31-REQ-368,Search Infrastructure,Must,"GrounUp shall implement governed search infrastructure capability 368 using reproducible infrastructure, controlled environment promotion, secure automation, observable production behavior, tested recovery, explicit ownership, and auditable release evidence.","Capability 368 passes when infrastructure/configuration version, environment scope, deployment behavior, rollback/recovery evidence, observability, security controls, ownership, capacity and mapped tests are verified.",v1.0.0,Implementation-ready
P31-REQ-369,Analytics Infrastructure,Must,"GrounUp shall implement governed analytics infrastructure capability 369 using reproducible infrastructure, controlled environment promotion, secure automation, observable production behavior, tested recovery, explicit ownership, and auditable release evidence.","Capability 369 passes when infrastructure/configuration version, environment scope, deployment behavior, rollback/recovery evidence, observability, security controls, ownership, capacity and mapped tests are verified.",v1.0.0,Implementation-ready
P31-REQ-370,AI Runtime Infrastructure,Must,"GrounUp shall implement governed ai runtime infrastructure capability 370 using reproducible infrastructure, controlled environment promotion, secure automation, observable production behavior, tested recovery, explicit ownership, and auditable release evidence.","Capability 370 passes when infrastructure/configuration version, environment scope, deployment behavior, rollback/recovery evidence, observability, security controls, ownership, capacity and mapped tests are verified.",v1.0.0,Implementation-ready
P31-REQ-371,Environment Strategy,Must,"GrounUp shall implement governed environment strategy capability 371 using reproducible infrastructure, controlled environment promotion, secure automation, observable production behavior, tested recovery, explicit ownership, and auditable release evidence.","Capability 371 passes when infrastructure/configuration version, environment scope, deployment behavior, rollback/recovery evidence, observability, security controls, ownership, capacity and mapped tests are verified.",v1.0.0,Implementation-ready
P31-REQ-372,Development Environment,Must,"GrounUp shall implement governed development environment capability 372 using reproducible infrastructure, controlled environment promotion, secure automation, observable production behavior, tested recovery, explicit ownership, and auditable release evidence.","Capability 372 passes when infrastructure/configuration version, environment scope, deployment behavior, rollback/recovery evidence, observability, security controls, ownership, capacity and mapped tests are verified.",v1.0.0,Implementation-ready
P31-REQ-373,Test Environment,Must,"GrounUp shall implement governed test environment capability 373 using reproducible infrastructure, controlled environment promotion, secure automation, observable production behavior, tested recovery, explicit ownership, and auditable release evidence.","Capability 373 passes when infrastructure/configuration version, environment scope, deployment behavior, rollback/recovery evidence, observability, security controls, ownership, capacity and mapped tests are verified.",v1.0.0,Implementation-ready
P31-REQ-374,Staging Environment,Must,"GrounUp shall implement governed staging environment capability 374 using reproducible infrastructure, controlled environment promotion, secure automation, observable production behavior, tested recovery, explicit ownership, and auditable release evidence.","Capability 374 passes when infrastructure/configuration version, environment scope, deployment behavior, rollback/recovery evidence, observability, security controls, ownership, capacity and mapped tests are verified.",v1.0.0,Implementation-ready
P31-REQ-375,Production Environment,Must,"GrounUp shall implement governed production environment capability 375 using reproducible infrastructure, controlled environment promotion, secure automation, observable production behavior, tested recovery, explicit ownership, and auditable release evidence.","Capability 375 passes when infrastructure/configuration version, environment scope, deployment behavior, rollback/recovery evidence, observability, security controls, ownership, capacity and mapped tests are verified.",v1.0.0,Implementation-ready
P31-REQ-376,Preview Environments,Must,"GrounUp shall implement governed preview environments capability 376 using reproducible infrastructure, controlled environment promotion, secure automation, observable production behavior, tested recovery, explicit ownership, and auditable release evidence.","Capability 376 passes when infrastructure/configuration version, environment scope, deployment behavior, rollback/recovery evidence, observability, security controls, ownership, capacity and mapped tests are verified.",v1.0.0,Implementation-ready
P31-REQ-377,Configuration Management,Must,"GrounUp shall implement governed configuration management capability 377 using reproducible infrastructure, controlled environment promotion, secure automation, observable production behavior, tested recovery, explicit ownership, and auditable release evidence.","Capability 377 passes when infrastructure/configuration version, environment scope, deployment behavior, rollback/recovery evidence, observability, security controls, ownership, capacity and mapped tests are verified.",v1.0.0,Implementation-ready
P31-REQ-378,Secrets Injection,Must,"GrounUp shall implement governed secrets injection capability 378 using reproducible infrastructure, controlled environment promotion, secure automation, observable production behavior, tested recovery, explicit ownership, and auditable release evidence.","Capability 378 passes when infrastructure/configuration version, environment scope, deployment behavior, rollback/recovery evidence, observability, security controls, ownership, capacity and mapped tests are verified.",v1.0.0,Implementation-ready
P31-REQ-379,Infrastructure as Code,Must,"GrounUp shall implement governed infrastructure as code capability 379 using reproducible infrastructure, controlled environment promotion, secure automation, observable production behavior, tested recovery, explicit ownership, and auditable release evidence.","Capability 379 passes when infrastructure/configuration version, environment scope, deployment behavior, rollback/recovery evidence, observability, security controls, ownership, capacity and mapped tests are verified.",v1.0.0,Implementation-ready
P31-REQ-380,State Management,Must,"GrounUp shall implement governed state management capability 380 using reproducible infrastructure, controlled environment promotion, secure automation, observable production behavior, tested recovery, explicit ownership, and auditable release evidence.","Capability 380 passes when infrastructure/configuration version, environment scope, deployment behavior, rollback/recovery evidence, observability, security controls, ownership, capacity and mapped tests are verified.",v1.0.0,Implementation-ready
P31-REQ-381,Policy as Code,Must,"GrounUp shall implement governed policy as code capability 381 using reproducible infrastructure, controlled environment promotion, secure automation, observable production behavior, tested recovery, explicit ownership, and auditable release evidence.","Capability 381 passes when infrastructure/configuration version, environment scope, deployment behavior, rollback/recovery evidence, observability, security controls, ownership, capacity and mapped tests are verified.",v1.0.0,Implementation-ready
P31-REQ-382,CI Pipelines,Must,"GrounUp shall implement governed ci pipelines capability 382 using reproducible infrastructure, controlled environment promotion, secure automation, observable production behavior, tested recovery, explicit ownership, and auditable release evidence.","Capability 382 passes when infrastructure/configuration version, environment scope, deployment behavior, rollback/recovery evidence, observability, security controls, ownership, capacity and mapped tests are verified.",v1.0.0,Implementation-ready
P31-REQ-383,Build Reproducibility,Must,"GrounUp shall implement governed build reproducibility capability 383 using reproducible infrastructure, controlled environment promotion, secure automation, observable production behavior, tested recovery, explicit ownership, and auditable release evidence.","Capability 383 passes when infrastructure/configuration version, environment scope, deployment behavior, rollback/recovery evidence, observability, security controls, ownership, capacity and mapped tests are verified.",v1.0.0,Implementation-ready
P31-REQ-384,Artifact Registry,Must,"GrounUp shall implement governed artifact registry capability 384 using reproducible infrastructure, controlled environment promotion, secure automation, observable production behavior, tested recovery, explicit ownership, and auditable release evidence.","Capability 384 passes when infrastructure/configuration version, environment scope, deployment behavior, rollback/recovery evidence, observability, security controls, ownership, capacity and mapped tests are verified.",v1.0.0,Implementation-ready
P31-REQ-385,SBOM & Provenance,Must,"GrounUp shall implement governed sbom & provenance capability 385 using reproducible infrastructure, controlled environment promotion, secure automation, observable production behavior, tested recovery, explicit ownership, and auditable release evidence.","Capability 385 passes when infrastructure/configuration version, environment scope, deployment behavior, rollback/recovery evidence, observability, security controls, ownership, capacity and mapped tests are verified.",v1.0.0,Implementation-ready
P31-REQ-386,CD Pipelines,Must,"GrounUp shall implement governed cd pipelines capability 386 using reproducible infrastructure, controlled environment promotion, secure automation, observable production behavior, tested recovery, explicit ownership, and auditable release evidence.","Capability 386 passes when infrastructure/configuration version, environment scope, deployment behavior, rollback/recovery evidence, observability, security controls, ownership, capacity and mapped tests are verified.",v1.0.0,Implementation-ready
P31-REQ-387,Deployment Strategies,Must,"GrounUp shall implement governed deployment strategies capability 387 using reproducible infrastructure, controlled environment promotion, secure automation, observable production behavior, tested recovery, explicit ownership, and auditable release evidence.","Capability 387 passes when infrastructure/configuration version, environment scope, deployment behavior, rollback/recovery evidence, observability, security controls, ownership, capacity and mapped tests are verified.",v1.0.0,Implementation-ready
P31-REQ-388,Blue/Green Deployments,Must,"GrounUp shall implement governed blue/green deployments capability 388 using reproducible infrastructure, controlled environment promotion, secure automation, observable production behavior, tested recovery, explicit ownership, and auditable release evidence.","Capability 388 passes when infrastructure/configuration version, environment scope, deployment behavior, rollback/recovery evidence, observability, security controls, ownership, capacity and mapped tests are verified.",v1.0.0,Implementation-ready
P31-REQ-389,Canary Releases,Must,"GrounUp shall implement governed canary releases capability 389 using reproducible infrastructure, controlled environment promotion, secure automation, observable production behavior, tested recovery, explicit ownership, and auditable release evidence.","Capability 389 passes when infrastructure/configuration version, environment scope, deployment behavior, rollback/recovery evidence, observability, security controls, ownership, capacity and mapped tests are verified.",v1.0.0,Implementation-ready
P31-REQ-390,Feature Flags,Must,"GrounUp shall implement governed feature flags capability 390 using reproducible infrastructure, controlled environment promotion, secure automation, observable production behavior, tested recovery, explicit ownership, and auditable release evidence.","Capability 390 passes when infrastructure/configuration version, environment scope, deployment behavior, rollback/recovery evidence, observability, security controls, ownership, capacity and mapped tests are verified.",v1.0.0,Implementation-ready
P31-REQ-391,Database Migrations,Must,"GrounUp shall implement governed database migrations capability 391 using reproducible infrastructure, controlled environment promotion, secure automation, observable production behavior, tested recovery, explicit ownership, and auditable release evidence.","Capability 391 passes when infrastructure/configuration version, environment scope, deployment behavior, rollback/recovery evidence, observability, security controls, ownership, capacity and mapped tests are verified.",v1.0.0,Implementation-ready
P31-REQ-392,Rollback,Must,"GrounUp shall implement governed rollback capability 392 using reproducible infrastructure, controlled environment promotion, secure automation, observable production behavior, tested recovery, explicit ownership, and auditable release evidence.","Capability 392 passes when infrastructure/configuration version, environment scope, deployment behavior, rollback/recovery evidence, observability, security controls, ownership, capacity and mapped tests are verified.",v1.0.0,Implementation-ready
P31-REQ-393,Release Approvals,Must,"GrounUp shall implement governed release approvals capability 393 using reproducible infrastructure, controlled environment promotion, secure automation, observable production behavior, tested recovery, explicit ownership, and auditable release evidence.","Capability 393 passes when infrastructure/configuration version, environment scope, deployment behavior, rollback/recovery evidence, observability, security controls, ownership, capacity and mapped tests are verified.",v1.0.0,Implementation-ready
P31-REQ-394,Release Notes,Must,"GrounUp shall implement governed release notes capability 394 using reproducible infrastructure, controlled environment promotion, secure automation, observable production behavior, tested recovery, explicit ownership, and auditable release evidence.","Capability 394 passes when infrastructure/configuration version, environment scope, deployment behavior, rollback/recovery evidence, observability, security controls, ownership, capacity and mapped tests are verified.",v1.0.0,Implementation-ready
P31-REQ-395,Change Windows,Must,"GrounUp shall implement governed change windows capability 395 using reproducible infrastructure, controlled environment promotion, secure automation, observable production behavior, tested recovery, explicit ownership, and auditable release evidence.","Capability 395 passes when infrastructure/configuration version, environment scope, deployment behavior, rollback/recovery evidence, observability, security controls, ownership, capacity and mapped tests are verified.",v1.0.0,Implementation-ready
P31-REQ-396,Observability,Must,"GrounUp shall implement governed observability capability 396 using reproducible infrastructure, controlled environment promotion, secure automation, observable production behavior, tested recovery, explicit ownership, and auditable release evidence.","Capability 396 passes when infrastructure/configuration version, environment scope, deployment behavior, rollback/recovery evidence, observability, security controls, ownership, capacity and mapped tests are verified.",v1.0.0,Implementation-ready
P31-REQ-397,Structured Logging,Must,"GrounUp shall implement governed structured logging capability 397 using reproducible infrastructure, controlled environment promotion, secure automation, observable production behavior, tested recovery, explicit ownership, and auditable release evidence.","Capability 397 passes when infrastructure/configuration version, environment scope, deployment behavior, rollback/recovery evidence, observability, security controls, ownership, capacity and mapped tests are verified.",v1.0.0,Implementation-ready
P31-REQ-398,Metrics,Must,"GrounUp shall implement governed metrics capability 398 using reproducible infrastructure, controlled environment promotion, secure automation, observable production behavior, tested recovery, explicit ownership, and auditable release evidence.","Capability 398 passes when infrastructure/configuration version, environment scope, deployment behavior, rollback/recovery evidence, observability, security controls, ownership, capacity and mapped tests are verified.",v1.0.0,Implementation-ready
P31-REQ-399,Distributed Tracing,Must,"GrounUp shall implement governed distributed tracing capability 399 using reproducible infrastructure, controlled environment promotion, secure automation, observable production behavior, tested recovery, explicit ownership, and auditable release evidence.","Capability 399 passes when infrastructure/configuration version, environment scope, deployment behavior, rollback/recovery evidence, observability, security controls, ownership, capacity and mapped tests are verified.",v1.0.0,Implementation-ready
P31-REQ-400,Health Checks,Must,"GrounUp shall implement governed health checks capability 400 using reproducible infrastructure, controlled environment promotion, secure automation, observable production behavior, tested recovery, explicit ownership, and auditable release evidence.","Capability 400 passes when infrastructure/configuration version, environment scope, deployment behavior, rollback/recovery evidence, observability, security controls, ownership, capacity and mapped tests are verified.",v1.0.0,Implementation-ready
P31-REQ-401,SLOs & SLIs,Must,"GrounUp shall implement governed slos & slis capability 401 using reproducible infrastructure, controlled environment promotion, secure automation, observable production behavior, tested recovery, explicit ownership, and auditable release evidence.","Capability 401 passes when infrastructure/configuration version, environment scope, deployment behavior, rollback/recovery evidence, observability, security controls, ownership, capacity and mapped tests are verified.",v1.0.0,Implementation-ready
P31-REQ-402,Alerting,Must,"GrounUp shall implement governed alerting capability 402 using reproducible infrastructure, controlled environment promotion, secure automation, observable production behavior, tested recovery, explicit ownership, and auditable release evidence.","Capability 402 passes when infrastructure/configuration version, environment scope, deployment behavior, rollback/recovery evidence, observability, security controls, ownership, capacity and mapped tests are verified.",v1.0.0,Implementation-ready
P31-REQ-403,On-Call,Must,"GrounUp shall implement governed on-call capability 403 using reproducible infrastructure, controlled environment promotion, secure automation, observable production behavior, tested recovery, explicit ownership, and auditable release evidence.","Capability 403 passes when infrastructure/configuration version, environment scope, deployment behavior, rollback/recovery evidence, observability, security controls, ownership, capacity and mapped tests are verified.",v1.0.0,Implementation-ready
P31-REQ-404,Incident Management,Must,"GrounUp shall implement governed incident management capability 404 using reproducible infrastructure, controlled environment promotion, secure automation, observable production behavior, tested recovery, explicit ownership, and auditable release evidence.","Capability 404 passes when infrastructure/configuration version, environment scope, deployment behavior, rollback/recovery evidence, observability, security controls, ownership, capacity and mapped tests are verified.",v1.0.0,Implementation-ready
P31-REQ-405,Capacity Planning,Must,"GrounUp shall implement governed capacity planning capability 405 using reproducible infrastructure, controlled environment promotion, secure automation, observable production behavior, tested recovery, explicit ownership, and auditable release evidence.","Capability 405 passes when infrastructure/configuration version, environment scope, deployment behavior, rollback/recovery evidence, observability, security controls, ownership, capacity and mapped tests are verified.",v1.0.0,Implementation-ready
P31-REQ-406,Autoscaling,Must,"GrounUp shall implement governed autoscaling capability 406 using reproducible infrastructure, controlled environment promotion, secure automation, observable production behavior, tested recovery, explicit ownership, and auditable release evidence.","Capability 406 passes when infrastructure/configuration version, environment scope, deployment behavior, rollback/recovery evidence, observability, security controls, ownership, capacity and mapped tests are verified.",v1.0.0,Implementation-ready
P31-REQ-407,Performance Testing,Must,"GrounUp shall implement governed performance testing capability 407 using reproducible infrastructure, controlled environment promotion, secure automation, observable production behavior, tested recovery, explicit ownership, and auditable release evidence.","Capability 407 passes when infrastructure/configuration version, environment scope, deployment behavior, rollback/recovery evidence, observability, security controls, ownership, capacity and mapped tests are verified.",v1.0.0,Implementation-ready
P31-REQ-408,Load Testing,Must,"GrounUp shall implement governed load testing capability 408 using reproducible infrastructure, controlled environment promotion, secure automation, observable production behavior, tested recovery, explicit ownership, and auditable release evidence.","Capability 408 passes when infrastructure/configuration version, environment scope, deployment behavior, rollback/recovery evidence, observability, security controls, ownership, capacity and mapped tests are verified.",v1.0.0,Implementation-ready
P31-REQ-409,Caching Strategy,Must,"GrounUp shall implement governed caching strategy capability 409 using reproducible infrastructure, controlled environment promotion, secure automation, observable production behavior, tested recovery, explicit ownership, and auditable release evidence.","Capability 409 passes when infrastructure/configuration version, environment scope, deployment behavior, rollback/recovery evidence, observability, security controls, ownership, capacity and mapped tests are verified.",v1.0.0,Implementation-ready
P31-REQ-410,Connection Management,Must,"GrounUp shall implement governed connection management capability 410 using reproducible infrastructure, controlled environment promotion, secure automation, observable production behavior, tested recovery, explicit ownership, and auditable release evidence.","Capability 410 passes when infrastructure/configuration version, environment scope, deployment behavior, rollback/recovery evidence, observability, security controls, ownership, capacity and mapped tests are verified.",v1.0.0,Implementation-ready
P31-REQ-411,Rate Limiting,Must,"GrounUp shall implement governed rate limiting capability 411 using reproducible infrastructure, controlled environment promotion, secure automation, observable production behavior, tested recovery, explicit ownership, and auditable release evidence.","Capability 411 passes when infrastructure/configuration version, environment scope, deployment behavior, rollback/recovery evidence, observability, security controls, ownership, capacity and mapped tests are verified.",v1.0.0,Implementation-ready
P31-REQ-412,Resilience,Must,"GrounUp shall implement governed resilience capability 412 using reproducible infrastructure, controlled environment promotion, secure automation, observable production behavior, tested recovery, explicit ownership, and auditable release evidence.","Capability 412 passes when infrastructure/configuration version, environment scope, deployment behavior, rollback/recovery evidence, observability, security controls, ownership, capacity and mapped tests are verified.",v1.0.0,Implementation-ready
P31-REQ-413,Circuit Breakers,Must,"GrounUp shall implement governed circuit breakers capability 413 using reproducible infrastructure, controlled environment promotion, secure automation, observable production behavior, tested recovery, explicit ownership, and auditable release evidence.","Capability 413 passes when infrastructure/configuration version, environment scope, deployment behavior, rollback/recovery evidence, observability, security controls, ownership, capacity and mapped tests are verified.",v1.0.0,Implementation-ready
P31-REQ-414,Retries & Backoff,Must,"GrounUp shall implement governed retries & backoff capability 414 using reproducible infrastructure, controlled environment promotion, secure automation, observable production behavior, tested recovery, explicit ownership, and auditable release evidence.","Capability 414 passes when infrastructure/configuration version, environment scope, deployment behavior, rollback/recovery evidence, observability, security controls, ownership, capacity and mapped tests are verified.",v1.0.0,Implementation-ready
P31-REQ-415,Timeouts,Must,"GrounUp shall implement governed timeouts capability 415 using reproducible infrastructure, controlled environment promotion, secure automation, observable production behavior, tested recovery, explicit ownership, and auditable release evidence.","Capability 415 passes when infrastructure/configuration version, environment scope, deployment behavior, rollback/recovery evidence, observability, security controls, ownership, capacity and mapped tests are verified.",v1.0.0,Implementation-ready
P31-REQ-416,Bulkheads,Must,"GrounUp shall implement governed bulkheads capability 416 using reproducible infrastructure, controlled environment promotion, secure automation, observable production behavior, tested recovery, explicit ownership, and auditable release evidence.","Capability 416 passes when infrastructure/configuration version, environment scope, deployment behavior, rollback/recovery evidence, observability, security controls, ownership, capacity and mapped tests are verified.",v1.0.0,Implementation-ready
P31-REQ-417,Chaos Testing,Must,"GrounUp shall implement governed chaos testing capability 417 using reproducible infrastructure, controlled environment promotion, secure automation, observable production behavior, tested recovery, explicit ownership, and auditable release evidence.","Capability 417 passes when infrastructure/configuration version, environment scope, deployment behavior, rollback/recovery evidence, observability, security controls, ownership, capacity and mapped tests are verified.",v1.0.0,Implementation-ready
P31-REQ-418,Backup,Must,"GrounUp shall implement governed backup capability 418 using reproducible infrastructure, controlled environment promotion, secure automation, observable production behavior, tested recovery, explicit ownership, and auditable release evidence.","Capability 418 passes when infrastructure/configuration version, environment scope, deployment behavior, rollback/recovery evidence, observability, security controls, ownership, capacity and mapped tests are verified.",v1.0.0,Implementation-ready
P31-REQ-419,Restore,Must,"GrounUp shall implement governed restore capability 419 using reproducible infrastructure, controlled environment promotion, secure automation, observable production behavior, tested recovery, explicit ownership, and auditable release evidence.","Capability 419 passes when infrastructure/configuration version, environment scope, deployment behavior, rollback/recovery evidence, observability, security controls, ownership, capacity and mapped tests are verified.",v1.0.0,Implementation-ready
P31-REQ-420,Point-in-Time Recovery,Must,"GrounUp shall implement governed point-in-time recovery capability 420 using reproducible infrastructure, controlled environment promotion, secure automation, observable production behavior, tested recovery, explicit ownership, and auditable release evidence.","Capability 420 passes when infrastructure/configuration version, environment scope, deployment behavior, rollback/recovery evidence, observability, security controls, ownership, capacity and mapped tests are verified.",v1.0.0,Implementation-ready
P31-REQ-421,Disaster Recovery,Must,"GrounUp shall implement governed disaster recovery capability 421 using reproducible infrastructure, controlled environment promotion, secure automation, observable production behavior, tested recovery, explicit ownership, and auditable release evidence.","Capability 421 passes when infrastructure/configuration version, environment scope, deployment behavior, rollback/recovery evidence, observability, security controls, ownership, capacity and mapped tests are verified.",v1.0.0,Implementation-ready
P31-REQ-422,RTO/RPO,Must,"GrounUp shall implement governed rto/rpo capability 422 using reproducible infrastructure, controlled environment promotion, secure automation, observable production behavior, tested recovery, explicit ownership, and auditable release evidence.","Capability 422 passes when infrastructure/configuration version, environment scope, deployment behavior, rollback/recovery evidence, observability, security controls, ownership, capacity and mapped tests are verified.",v1.0.0,Implementation-ready
P31-REQ-423,Business Continuity,Must,"GrounUp shall implement governed business continuity capability 423 using reproducible infrastructure, controlled environment promotion, secure automation, observable production behavior, tested recovery, explicit ownership, and auditable release evidence.","Capability 423 passes when infrastructure/configuration version, environment scope, deployment behavior, rollback/recovery evidence, observability, security controls, ownership, capacity and mapped tests are verified.",v1.0.0,Implementation-ready
P31-REQ-424,Multi-Region Recovery,Must,"GrounUp shall implement governed multi-region recovery capability 424 using reproducible infrastructure, controlled environment promotion, secure automation, observable production behavior, tested recovery, explicit ownership, and auditable release evidence.","Capability 424 passes when infrastructure/configuration version, environment scope, deployment behavior, rollback/recovery evidence, observability, security controls, ownership, capacity and mapped tests are verified.",v1.0.0,Implementation-ready
P31-REQ-425,Operational Runbooks,Must,"GrounUp shall implement governed operational runbooks capability 425 using reproducible infrastructure, controlled environment promotion, secure automation, observable production behavior, tested recovery, explicit ownership, and auditable release evidence.","Capability 425 passes when infrastructure/configuration version, environment scope, deployment behavior, rollback/recovery evidence, observability, security controls, ownership, capacity and mapped tests are verified.",v1.0.0,Implementation-ready
P31-REQ-426,Maintenance Windows,Must,"GrounUp shall implement governed maintenance windows capability 426 using reproducible infrastructure, controlled environment promotion, secure automation, observable production behavior, tested recovery, explicit ownership, and auditable release evidence.","Capability 426 passes when infrastructure/configuration version, environment scope, deployment behavior, rollback/recovery evidence, observability, security controls, ownership, capacity and mapped tests are verified.",v1.0.0,Implementation-ready
P31-REQ-427,Patch Management,Must,"GrounUp shall implement governed patch management capability 427 using reproducible infrastructure, controlled environment promotion, secure automation, observable production behavior, tested recovery, explicit ownership, and auditable release evidence.","Capability 427 passes when infrastructure/configuration version, environment scope, deployment behavior, rollback/recovery evidence, observability, security controls, ownership, capacity and mapped tests are verified.",v1.0.0,Implementation-ready
P31-REQ-428,Dependency Updates,Must,"GrounUp shall implement governed dependency updates capability 428 using reproducible infrastructure, controlled environment promotion, secure automation, observable production behavior, tested recovery, explicit ownership, and auditable release evidence.","Capability 428 passes when infrastructure/configuration version, environment scope, deployment behavior, rollback/recovery evidence, observability, security controls, ownership, capacity and mapped tests are verified.",v1.0.0,Implementation-ready
P31-REQ-429,Operational Access,Must,"GrounUp shall implement governed operational access capability 429 using reproducible infrastructure, controlled environment promotion, secure automation, observable production behavior, tested recovery, explicit ownership, and auditable release evidence.","Capability 429 passes when infrastructure/configuration version, environment scope, deployment behavior, rollback/recovery evidence, observability, security controls, ownership, capacity and mapped tests are verified.",v1.0.0,Implementation-ready
P31-REQ-430,Production Support,Must,"GrounUp shall implement governed production support capability 430 using reproducible infrastructure, controlled environment promotion, secure automation, observable production behavior, tested recovery, explicit ownership, and auditable release evidence.","Capability 430 passes when infrastructure/configuration version, environment scope, deployment behavior, rollback/recovery evidence, observability, security controls, ownership, capacity and mapped tests are verified.",v1.0.0,Implementation-ready
P31-REQ-431,FinOps,Must,"GrounUp shall implement governed finops capability 431 using reproducible infrastructure, controlled environment promotion, secure automation, observable production behavior, tested recovery, explicit ownership, and auditable release evidence.","Capability 431 passes when infrastructure/configuration version, environment scope, deployment behavior, rollback/recovery evidence, observability, security controls, ownership, capacity and mapped tests are verified.",v1.0.0,Implementation-ready
P31-REQ-432,Cloud Cost Allocation,Must,"GrounUp shall implement governed cloud cost allocation capability 432 using reproducible infrastructure, controlled environment promotion, secure automation, observable production behavior, tested recovery, explicit ownership, and auditable release evidence.","Capability 432 passes when infrastructure/configuration version, environment scope, deployment behavior, rollback/recovery evidence, observability, security controls, ownership, capacity and mapped tests are verified.",v1.0.0,Implementation-ready
P31-REQ-433,Cost Budgets,Must,"GrounUp shall implement governed cost budgets capability 433 using reproducible infrastructure, controlled environment promotion, secure automation, observable production behavior, tested recovery, explicit ownership, and auditable release evidence.","Capability 433 passes when infrastructure/configuration version, environment scope, deployment behavior, rollback/recovery evidence, observability, security controls, ownership, capacity and mapped tests are verified.",v1.0.0,Implementation-ready
P31-REQ-434,Resource Tagging,Must,"GrounUp shall implement governed resource tagging capability 434 using reproducible infrastructure, controlled environment promotion, secure automation, observable production behavior, tested recovery, explicit ownership, and auditable release evidence.","Capability 434 passes when infrastructure/configuration version, environment scope, deployment behavior, rollback/recovery evidence, observability, security controls, ownership, capacity and mapped tests are verified.",v1.0.0,Implementation-ready
P31-REQ-435,Environment Cleanup,Must,"GrounUp shall implement governed environment cleanup capability 435 using reproducible infrastructure, controlled environment promotion, secure automation, observable production behavior, tested recovery, explicit ownership, and auditable release evidence.","Capability 435 passes when infrastructure/configuration version, environment scope, deployment behavior, rollback/recovery evidence, observability, security controls, ownership, capacity and mapped tests are verified.",v1.0.0,Implementation-ready
P31-REQ-436,Release Evidence,Must,"GrounUp shall implement governed release evidence capability 436 using reproducible infrastructure, controlled environment promotion, secure automation, observable production behavior, tested recovery, explicit ownership, and auditable release evidence.","Capability 436 passes when infrastructure/configuration version, environment scope, deployment behavior, rollback/recovery evidence, observability, security controls, ownership, capacity and mapped tests are verified.",v1.0.0,Implementation-ready
P31-REQ-437,Deployment Audit,Must,"GrounUp shall implement governed deployment audit capability 437 using reproducible infrastructure, controlled environment promotion, secure automation, observable production behavior, tested recovery, explicit ownership, and auditable release evidence.","Capability 437 passes when infrastructure/configuration version, environment scope, deployment behavior, rollback/recovery evidence, observability, security controls, ownership, capacity and mapped tests are verified.",v1.0.0,Implementation-ready
P31-REQ-438,Service Catalog,Must,"GrounUp shall implement governed service catalog capability 438 using reproducible infrastructure, controlled environment promotion, secure automation, observable production behavior, tested recovery, explicit ownership, and auditable release evidence.","Capability 438 passes when infrastructure/configuration version, environment scope, deployment behavior, rollback/recovery evidence, observability, security controls, ownership, capacity and mapped tests are verified.",v1.0.0,Implementation-ready
P31-REQ-439,Operational Ownership,Must,"GrounUp shall implement governed operational ownership capability 439 using reproducible infrastructure, controlled environment promotion, secure automation, observable production behavior, tested recovery, explicit ownership, and auditable release evidence.","Capability 439 passes when infrastructure/configuration version, environment scope, deployment behavior, rollback/recovery evidence, observability, security controls, ownership, capacity and mapped tests are verified.",v1.0.0,Implementation-ready
P31-REQ-440,Platform Reliability,Must,"GrounUp shall implement governed platform reliability capability 440 using reproducible infrastructure, controlled environment promotion, secure automation, observable production behavior, tested recovery, explicit ownership, and auditable release evidence.","Capability 440 passes when infrastructure/configuration version, environment scope, deployment behavior, rollback/recovery evidence, observability, security controls, ownership, capacity and mapped tests are verified.",v1.0.0,Implementation-ready
P31-REQ-441,Production Architecture,Must,"GrounUp shall implement governed production architecture capability 441 using reproducible infrastructure, controlled environment promotion, secure automation, observable production behavior, tested recovery, explicit ownership, and auditable release evidence.","Capability 441 passes when infrastructure/configuration version, environment scope, deployment behavior, rollback/recovery evidence, observability, security controls, ownership, capacity and mapped tests are verified.",v1.0.0,Implementation-ready
P31-REQ-442,Cloud Provider Abstraction,Must,"GrounUp shall implement governed cloud provider abstraction capability 442 using reproducible infrastructure, controlled environment promotion, secure automation, observable production behavior, tested recovery, explicit ownership, and auditable release evidence.","Capability 442 passes when infrastructure/configuration version, environment scope, deployment behavior, rollback/recovery evidence, observability, security controls, ownership, capacity and mapped tests are verified.",v1.0.0,Implementation-ready
P31-REQ-443,Regions & Availability Zones,Must,"GrounUp shall implement governed regions & availability zones capability 443 using reproducible infrastructure, controlled environment promotion, secure automation, observable production behavior, tested recovery, explicit ownership, and auditable release evidence.","Capability 443 passes when infrastructure/configuration version, environment scope, deployment behavior, rollback/recovery evidence, observability, security controls, ownership, capacity and mapped tests are verified.",v1.0.0,Implementation-ready
P31-REQ-444,Network Topology,Must,"GrounUp shall implement governed network topology capability 444 using reproducible infrastructure, controlled environment promotion, secure automation, observable production behavior, tested recovery, explicit ownership, and auditable release evidence.","Capability 444 passes when infrastructure/configuration version, environment scope, deployment behavior, rollback/recovery evidence, observability, security controls, ownership, capacity and mapped tests are verified.",v1.0.0,Implementation-ready
P31-REQ-445,Ingress & Edge,Must,"GrounUp shall implement governed ingress & edge capability 445 using reproducible infrastructure, controlled environment promotion, secure automation, observable production behavior, tested recovery, explicit ownership, and auditable release evidence.","Capability 445 passes when infrastructure/configuration version, environment scope, deployment behavior, rollback/recovery evidence, observability, security controls, ownership, capacity and mapped tests are verified.",v1.0.0,Implementation-ready
P31-REQ-446,DNS,Must,"GrounUp shall implement governed dns capability 446 using reproducible infrastructure, controlled environment promotion, secure automation, observable production behavior, tested recovery, explicit ownership, and auditable release evidence.","Capability 446 passes when infrastructure/configuration version, environment scope, deployment behavior, rollback/recovery evidence, observability, security controls, ownership, capacity and mapped tests are verified.",v1.0.0,Implementation-ready
P31-REQ-447,TLS Certificates,Must,"GrounUp shall implement governed tls certificates capability 447 using reproducible infrastructure, controlled environment promotion, secure automation, observable production behavior, tested recovery, explicit ownership, and auditable release evidence.","Capability 447 passes when infrastructure/configuration version, environment scope, deployment behavior, rollback/recovery evidence, observability, security controls, ownership, capacity and mapped tests are verified.",v1.0.0,Implementation-ready
P31-REQ-448,Load Balancing,Must,"GrounUp shall implement governed load balancing capability 448 using reproducible infrastructure, controlled environment promotion, secure automation, observable production behavior, tested recovery, explicit ownership, and auditable release evidence.","Capability 448 passes when infrastructure/configuration version, environment scope, deployment behavior, rollback/recovery evidence, observability, security controls, ownership, capacity and mapped tests are verified.",v1.0.0,Implementation-ready
P31-REQ-449,Application Runtime,Must,"GrounUp shall implement governed application runtime capability 449 using reproducible infrastructure, controlled environment promotion, secure automation, observable production behavior, tested recovery, explicit ownership, and auditable release evidence.","Capability 449 passes when infrastructure/configuration version, environment scope, deployment behavior, rollback/recovery evidence, observability, security controls, ownership, capacity and mapped tests are verified.",v1.0.0,Implementation-ready
P31-REQ-450,Container Runtime,Must,"GrounUp shall implement governed container runtime capability 450 using reproducible infrastructure, controlled environment promotion, secure automation, observable production behavior, tested recovery, explicit ownership, and auditable release evidence.","Capability 450 passes when infrastructure/configuration version, environment scope, deployment behavior, rollback/recovery evidence, observability, security controls, ownership, capacity and mapped tests are verified.",v1.0.0,Implementation-ready
P31-REQ-451,Serverless/Worker Runtime,Must,"GrounUp shall implement governed serverless/worker runtime capability 451 using reproducible infrastructure, controlled environment promotion, secure automation, observable production behavior, tested recovery, explicit ownership, and auditable release evidence.","Capability 451 passes when infrastructure/configuration version, environment scope, deployment behavior, rollback/recovery evidence, observability, security controls, ownership, capacity and mapped tests are verified.",v1.0.0,Implementation-ready
P31-REQ-452,Database Infrastructure,Must,"GrounUp shall implement governed database infrastructure capability 452 using reproducible infrastructure, controlled environment promotion, secure automation, observable production behavior, tested recovery, explicit ownership, and auditable release evidence.","Capability 452 passes when infrastructure/configuration version, environment scope, deployment behavior, rollback/recovery evidence, observability, security controls, ownership, capacity and mapped tests are verified.",v1.0.0,Implementation-ready
P31-REQ-453,Cache Infrastructure,Must,"GrounUp shall implement governed cache infrastructure capability 453 using reproducible infrastructure, controlled environment promotion, secure automation, observable production behavior, tested recovery, explicit ownership, and auditable release evidence.","Capability 453 passes when infrastructure/configuration version, environment scope, deployment behavior, rollback/recovery evidence, observability, security controls, ownership, capacity and mapped tests are verified.",v1.0.0,Implementation-ready
P31-REQ-454,Queue Infrastructure,Must,"GrounUp shall implement governed queue infrastructure capability 454 using reproducible infrastructure, controlled environment promotion, secure automation, observable production behavior, tested recovery, explicit ownership, and auditable release evidence.","Capability 454 passes when infrastructure/configuration version, environment scope, deployment behavior, rollback/recovery evidence, observability, security controls, ownership, capacity and mapped tests are verified.",v1.0.0,Implementation-ready
P31-REQ-455,Object Storage,Must,"GrounUp shall implement governed object storage capability 455 using reproducible infrastructure, controlled environment promotion, secure automation, observable production behavior, tested recovery, explicit ownership, and auditable release evidence.","Capability 455 passes when infrastructure/configuration version, environment scope, deployment behavior, rollback/recovery evidence, observability, security controls, ownership, capacity and mapped tests are verified.",v1.0.0,Implementation-ready
P31-REQ-456,Search Infrastructure,Must,"GrounUp shall implement governed search infrastructure capability 456 using reproducible infrastructure, controlled environment promotion, secure automation, observable production behavior, tested recovery, explicit ownership, and auditable release evidence.","Capability 456 passes when infrastructure/configuration version, environment scope, deployment behavior, rollback/recovery evidence, observability, security controls, ownership, capacity and mapped tests are verified.",v1.0.0,Implementation-ready
P31-REQ-457,Analytics Infrastructure,Must,"GrounUp shall implement governed analytics infrastructure capability 457 using reproducible infrastructure, controlled environment promotion, secure automation, observable production behavior, tested recovery, explicit ownership, and auditable release evidence.","Capability 457 passes when infrastructure/configuration version, environment scope, deployment behavior, rollback/recovery evidence, observability, security controls, ownership, capacity and mapped tests are verified.",v1.0.0,Implementation-ready
P31-REQ-458,AI Runtime Infrastructure,Must,"GrounUp shall implement governed ai runtime infrastructure capability 458 using reproducible infrastructure, controlled environment promotion, secure automation, observable production behavior, tested recovery, explicit ownership, and auditable release evidence.","Capability 458 passes when infrastructure/configuration version, environment scope, deployment behavior, rollback/recovery evidence, observability, security controls, ownership, capacity and mapped tests are verified.",v1.0.0,Implementation-ready
P31-REQ-459,Environment Strategy,Must,"GrounUp shall implement governed environment strategy capability 459 using reproducible infrastructure, controlled environment promotion, secure automation, observable production behavior, tested recovery, explicit ownership, and auditable release evidence.","Capability 459 passes when infrastructure/configuration version, environment scope, deployment behavior, rollback/recovery evidence, observability, security controls, ownership, capacity and mapped tests are verified.",v1.0.0,Implementation-ready
P31-REQ-460,Development Environment,Must,"GrounUp shall implement governed development environment capability 460 using reproducible infrastructure, controlled environment promotion, secure automation, observable production behavior, tested recovery, explicit ownership, and auditable release evidence.","Capability 460 passes when infrastructure/configuration version, environment scope, deployment behavior, rollback/recovery evidence, observability, security controls, ownership, capacity and mapped tests are verified.",v1.0.0,Implementation-ready
P31-REQ-461,Test Environment,Must,"GrounUp shall implement governed test environment capability 461 using reproducible infrastructure, controlled environment promotion, secure automation, observable production behavior, tested recovery, explicit ownership, and auditable release evidence.","Capability 461 passes when infrastructure/configuration version, environment scope, deployment behavior, rollback/recovery evidence, observability, security controls, ownership, capacity and mapped tests are verified.",v1.0.0,Implementation-ready
P31-REQ-462,Staging Environment,Must,"GrounUp shall implement governed staging environment capability 462 using reproducible infrastructure, controlled environment promotion, secure automation, observable production behavior, tested recovery, explicit ownership, and auditable release evidence.","Capability 462 passes when infrastructure/configuration version, environment scope, deployment behavior, rollback/recovery evidence, observability, security controls, ownership, capacity and mapped tests are verified.",v1.0.0,Implementation-ready
P31-REQ-463,Production Environment,Must,"GrounUp shall implement governed production environment capability 463 using reproducible infrastructure, controlled environment promotion, secure automation, observable production behavior, tested recovery, explicit ownership, and auditable release evidence.","Capability 463 passes when infrastructure/configuration version, environment scope, deployment behavior, rollback/recovery evidence, observability, security controls, ownership, capacity and mapped tests are verified.",v1.0.0,Implementation-ready
P31-REQ-464,Preview Environments,Must,"GrounUp shall implement governed preview environments capability 464 using reproducible infrastructure, controlled environment promotion, secure automation, observable production behavior, tested recovery, explicit ownership, and auditable release evidence.","Capability 464 passes when infrastructure/configuration version, environment scope, deployment behavior, rollback/recovery evidence, observability, security controls, ownership, capacity and mapped tests are verified.",v1.0.0,Implementation-ready
P31-REQ-465,Configuration Management,Must,"GrounUp shall implement governed configuration management capability 465 using reproducible infrastructure, controlled environment promotion, secure automation, observable production behavior, tested recovery, explicit ownership, and auditable release evidence.","Capability 465 passes when infrastructure/configuration version, environment scope, deployment behavior, rollback/recovery evidence, observability, security controls, ownership, capacity and mapped tests are verified.",v1.0.0,Implementation-ready
P31-REQ-466,Secrets Injection,Must,"GrounUp shall implement governed secrets injection capability 466 using reproducible infrastructure, controlled environment promotion, secure automation, observable production behavior, tested recovery, explicit ownership, and auditable release evidence.","Capability 466 passes when infrastructure/configuration version, environment scope, deployment behavior, rollback/recovery evidence, observability, security controls, ownership, capacity and mapped tests are verified.",v1.0.0,Implementation-ready
P31-REQ-467,Infrastructure as Code,Must,"GrounUp shall implement governed infrastructure as code capability 467 using reproducible infrastructure, controlled environment promotion, secure automation, observable production behavior, tested recovery, explicit ownership, and auditable release evidence.","Capability 467 passes when infrastructure/configuration version, environment scope, deployment behavior, rollback/recovery evidence, observability, security controls, ownership, capacity and mapped tests are verified.",v1.0.0,Implementation-ready
P31-REQ-468,State Management,Must,"GrounUp shall implement governed state management capability 468 using reproducible infrastructure, controlled environment promotion, secure automation, observable production behavior, tested recovery, explicit ownership, and auditable release evidence.","Capability 468 passes when infrastructure/configuration version, environment scope, deployment behavior, rollback/recovery evidence, observability, security controls, ownership, capacity and mapped tests are verified.",v1.0.0,Implementation-ready
P31-REQ-469,Policy as Code,Must,"GrounUp shall implement governed policy as code capability 469 using reproducible infrastructure, controlled environment promotion, secure automation, observable production behavior, tested recovery, explicit ownership, and auditable release evidence.","Capability 469 passes when infrastructure/configuration version, environment scope, deployment behavior, rollback/recovery evidence, observability, security controls, ownership, capacity and mapped tests are verified.",v1.0.0,Implementation-ready
P31-REQ-470,CI Pipelines,Must,"GrounUp shall implement governed ci pipelines capability 470 using reproducible infrastructure, controlled environment promotion, secure automation, observable production behavior, tested recovery, explicit ownership, and auditable release evidence.","Capability 470 passes when infrastructure/configuration version, environment scope, deployment behavior, rollback/recovery evidence, observability, security controls, ownership, capacity and mapped tests are verified.",v1.0.0,Implementation-ready
P31-REQ-471,Build Reproducibility,Must,"GrounUp shall implement governed build reproducibility capability 471 using reproducible infrastructure, controlled environment promotion, secure automation, observable production behavior, tested recovery, explicit ownership, and auditable release evidence.","Capability 471 passes when infrastructure/configuration version, environment scope, deployment behavior, rollback/recovery evidence, observability, security controls, ownership, capacity and mapped tests are verified.",v1.0.0,Implementation-ready
P31-REQ-472,Artifact Registry,Must,"GrounUp shall implement governed artifact registry capability 472 using reproducible infrastructure, controlled environment promotion, secure automation, observable production behavior, tested recovery, explicit ownership, and auditable release evidence.","Capability 472 passes when infrastructure/configuration version, environment scope, deployment behavior, rollback/recovery evidence, observability, security controls, ownership, capacity and mapped tests are verified.",v1.0.0,Implementation-ready
P31-REQ-473,SBOM & Provenance,Must,"GrounUp shall implement governed sbom & provenance capability 473 using reproducible infrastructure, controlled environment promotion, secure automation, observable production behavior, tested recovery, explicit ownership, and auditable release evidence.","Capability 473 passes when infrastructure/configuration version, environment scope, deployment behavior, rollback/recovery evidence, observability, security controls, ownership, capacity and mapped tests are verified.",v1.0.0,Implementation-ready
P31-REQ-474,CD Pipelines,Must,"GrounUp shall implement governed cd pipelines capability 474 using reproducible infrastructure, controlled environment promotion, secure automation, observable production behavior, tested recovery, explicit ownership, and auditable release evidence.","Capability 474 passes when infrastructure/configuration version, environment scope, deployment behavior, rollback/recovery evidence, observability, security controls, ownership, capacity and mapped tests are verified.",v1.0.0,Implementation-ready
P31-REQ-475,Deployment Strategies,Must,"GrounUp shall implement governed deployment strategies capability 475 using reproducible infrastructure, controlled environment promotion, secure automation, observable production behavior, tested recovery, explicit ownership, and auditable release evidence.","Capability 475 passes when infrastructure/configuration version, environment scope, deployment behavior, rollback/recovery evidence, observability, security controls, ownership, capacity and mapped tests are verified.",v1.0.0,Implementation-ready
P31-REQ-476,Blue/Green Deployments,Must,"GrounUp shall implement governed blue/green deployments capability 476 using reproducible infrastructure, controlled environment promotion, secure automation, observable production behavior, tested recovery, explicit ownership, and auditable release evidence.","Capability 476 passes when infrastructure/configuration version, environment scope, deployment behavior, rollback/recovery evidence, observability, security controls, ownership, capacity and mapped tests are verified.",v1.0.0,Implementation-ready
P31-REQ-477,Canary Releases,Must,"GrounUp shall implement governed canary releases capability 477 using reproducible infrastructure, controlled environment promotion, secure automation, observable production behavior, tested recovery, explicit ownership, and auditable release evidence.","Capability 477 passes when infrastructure/configuration version, environment scope, deployment behavior, rollback/recovery evidence, observability, security controls, ownership, capacity and mapped tests are verified.",v1.0.0,Implementation-ready
P31-REQ-478,Feature Flags,Must,"GrounUp shall implement governed feature flags capability 478 using reproducible infrastructure, controlled environment promotion, secure automation, observable production behavior, tested recovery, explicit ownership, and auditable release evidence.","Capability 478 passes when infrastructure/configuration version, environment scope, deployment behavior, rollback/recovery evidence, observability, security controls, ownership, capacity and mapped tests are verified.",v1.0.0,Implementation-ready
P31-REQ-479,Database Migrations,Must,"GrounUp shall implement governed database migrations capability 479 using reproducible infrastructure, controlled environment promotion, secure automation, observable production behavior, tested recovery, explicit ownership, and auditable release evidence.","Capability 479 passes when infrastructure/configuration version, environment scope, deployment behavior, rollback/recovery evidence, observability, security controls, ownership, capacity and mapped tests are verified.",v1.0.0,Implementation-ready
P31-REQ-480,Rollback,Must,"GrounUp shall implement governed rollback capability 480 using reproducible infrastructure, controlled environment promotion, secure automation, observable production behavior, tested recovery, explicit ownership, and auditable release evidence.","Capability 480 passes when infrastructure/configuration version, environment scope, deployment behavior, rollback/recovery evidence, observability, security controls, ownership, capacity and mapped tests are verified.",v1.0.0,Implementation-ready
P31-REQ-481,Release Approvals,Must,"GrounUp shall implement governed release approvals capability 481 using reproducible infrastructure, controlled environment promotion, secure automation, observable production behavior, tested recovery, explicit ownership, and auditable release evidence.","Capability 481 passes when infrastructure/configuration version, environment scope, deployment behavior, rollback/recovery evidence, observability, security controls, ownership, capacity and mapped tests are verified.",v1.0.0,Implementation-ready
P31-REQ-482,Release Notes,Must,"GrounUp shall implement governed release notes capability 482 using reproducible infrastructure, controlled environment promotion, secure automation, observable production behavior, tested recovery, explicit ownership, and auditable release evidence.","Capability 482 passes when infrastructure/configuration version, environment scope, deployment behavior, rollback/recovery evidence, observability, security controls, ownership, capacity and mapped tests are verified.",v1.0.0,Implementation-ready
P31-REQ-483,Change Windows,Must,"GrounUp shall implement governed change windows capability 483 using reproducible infrastructure, controlled environment promotion, secure automation, observable production behavior, tested recovery, explicit ownership, and auditable release evidence.","Capability 483 passes when infrastructure/configuration version, environment scope, deployment behavior, rollback/recovery evidence, observability, security controls, ownership, capacity and mapped tests are verified.",v1.0.0,Implementation-ready
P31-REQ-484,Observability,Must,"GrounUp shall implement governed observability capability 484 using reproducible infrastructure, controlled environment promotion, secure automation, observable production behavior, tested recovery, explicit ownership, and auditable release evidence.","Capability 484 passes when infrastructure/configuration version, environment scope, deployment behavior, rollback/recovery evidence, observability, security controls, ownership, capacity and mapped tests are verified.",v1.0.0,Implementation-ready
P31-REQ-485,Structured Logging,Must,"GrounUp shall implement governed structured logging capability 485 using reproducible infrastructure, controlled environment promotion, secure automation, observable production behavior, tested recovery, explicit ownership, and auditable release evidence.","Capability 485 passes when infrastructure/configuration version, environment scope, deployment behavior, rollback/recovery evidence, observability, security controls, ownership, capacity and mapped tests are verified.",v1.0.0,Implementation-ready
P31-REQ-486,Metrics,Must,"GrounUp shall implement governed metrics capability 486 using reproducible infrastructure, controlled environment promotion, secure automation, observable production behavior, tested recovery, explicit ownership, and auditable release evidence.","Capability 486 passes when infrastructure/configuration version, environment scope, deployment behavior, rollback/recovery evidence, observability, security controls, ownership, capacity and mapped tests are verified.",v1.0.0,Implementation-ready
P31-REQ-487,Distributed Tracing,Must,"GrounUp shall implement governed distributed tracing capability 487 using reproducible infrastructure, controlled environment promotion, secure automation, observable production behavior, tested recovery, explicit ownership, and auditable release evidence.","Capability 487 passes when infrastructure/configuration version, environment scope, deployment behavior, rollback/recovery evidence, observability, security controls, ownership, capacity and mapped tests are verified.",v1.0.0,Implementation-ready
P31-REQ-488,Health Checks,Must,"GrounUp shall implement governed health checks capability 488 using reproducible infrastructure, controlled environment promotion, secure automation, observable production behavior, tested recovery, explicit ownership, and auditable release evidence.","Capability 488 passes when infrastructure/configuration version, environment scope, deployment behavior, rollback/recovery evidence, observability, security controls, ownership, capacity and mapped tests are verified.",v1.0.0,Implementation-ready
P31-REQ-489,SLOs & SLIs,Must,"GrounUp shall implement governed slos & slis capability 489 using reproducible infrastructure, controlled environment promotion, secure automation, observable production behavior, tested recovery, explicit ownership, and auditable release evidence.","Capability 489 passes when infrastructure/configuration version, environment scope, deployment behavior, rollback/recovery evidence, observability, security controls, ownership, capacity and mapped tests are verified.",v1.0.0,Implementation-ready
P31-REQ-490,Alerting,Must,"GrounUp shall implement governed alerting capability 490 using reproducible infrastructure, controlled environment promotion, secure automation, observable production behavior, tested recovery, explicit ownership, and auditable release evidence.","Capability 490 passes when infrastructure/configuration version, environment scope, deployment behavior, rollback/recovery evidence, observability, security controls, ownership, capacity and mapped tests are verified.",v1.0.0,Implementation-ready
P31-REQ-491,On-Call,Must,"GrounUp shall implement governed on-call capability 491 using reproducible infrastructure, controlled environment promotion, secure automation, observable production behavior, tested recovery, explicit ownership, and auditable release evidence.","Capability 491 passes when infrastructure/configuration version, environment scope, deployment behavior, rollback/recovery evidence, observability, security controls, ownership, capacity and mapped tests are verified.",v1.0.0,Implementation-ready
P31-REQ-492,Incident Management,Must,"GrounUp shall implement governed incident management capability 492 using reproducible infrastructure, controlled environment promotion, secure automation, observable production behavior, tested recovery, explicit ownership, and auditable release evidence.","Capability 492 passes when infrastructure/configuration version, environment scope, deployment behavior, rollback/recovery evidence, observability, security controls, ownership, capacity and mapped tests are verified.",v1.0.0,Implementation-ready
P31-REQ-493,Capacity Planning,Must,"GrounUp shall implement governed capacity planning capability 493 using reproducible infrastructure, controlled environment promotion, secure automation, observable production behavior, tested recovery, explicit ownership, and auditable release evidence.","Capability 493 passes when infrastructure/configuration version, environment scope, deployment behavior, rollback/recovery evidence, observability, security controls, ownership, capacity and mapped tests are verified.",v1.0.0,Implementation-ready
P31-REQ-494,Autoscaling,Must,"GrounUp shall implement governed autoscaling capability 494 using reproducible infrastructure, controlled environment promotion, secure automation, observable production behavior, tested recovery, explicit ownership, and auditable release evidence.","Capability 494 passes when infrastructure/configuration version, environment scope, deployment behavior, rollback/recovery evidence, observability, security controls, ownership, capacity and mapped tests are verified.",v1.0.0,Implementation-ready
P31-REQ-495,Performance Testing,Must,"GrounUp shall implement governed performance testing capability 495 using reproducible infrastructure, controlled environment promotion, secure automation, observable production behavior, tested recovery, explicit ownership, and auditable release evidence.","Capability 495 passes when infrastructure/configuration version, environment scope, deployment behavior, rollback/recovery evidence, observability, security controls, ownership, capacity and mapped tests are verified.",v1.0.0,Implementation-ready
P31-REQ-496,Load Testing,Must,"GrounUp shall implement governed load testing capability 496 using reproducible infrastructure, controlled environment promotion, secure automation, observable production behavior, tested recovery, explicit ownership, and auditable release evidence.","Capability 496 passes when infrastructure/configuration version, environment scope, deployment behavior, rollback/recovery evidence, observability, security controls, ownership, capacity and mapped tests are verified.",v1.0.0,Implementation-ready
P31-REQ-497,Caching Strategy,Must,"GrounUp shall implement governed caching strategy capability 497 using reproducible infrastructure, controlled environment promotion, secure automation, observable production behavior, tested recovery, explicit ownership, and auditable release evidence.","Capability 497 passes when infrastructure/configuration version, environment scope, deployment behavior, rollback/recovery evidence, observability, security controls, ownership, capacity and mapped tests are verified.",v1.0.0,Implementation-ready
P31-REQ-498,Connection Management,Must,"GrounUp shall implement governed connection management capability 498 using reproducible infrastructure, controlled environment promotion, secure automation, observable production behavior, tested recovery, explicit ownership, and auditable release evidence.","Capability 498 passes when infrastructure/configuration version, environment scope, deployment behavior, rollback/recovery evidence, observability, security controls, ownership, capacity and mapped tests are verified.",v1.0.0,Implementation-ready
P31-REQ-499,Rate Limiting,Must,"GrounUp shall implement governed rate limiting capability 499 using reproducible infrastructure, controlled environment promotion, secure automation, observable production behavior, tested recovery, explicit ownership, and auditable release evidence.","Capability 499 passes when infrastructure/configuration version, environment scope, deployment behavior, rollback/recovery evidence, observability, security controls, ownership, capacity and mapped tests are verified.",v1.0.0,Implementation-ready
P31-REQ-500,Resilience,Must,"GrounUp shall implement governed resilience capability 500 using reproducible infrastructure, controlled environment promotion, secure automation, observable production behavior, tested recovery, explicit ownership, and auditable release evidence.","Capability 500 passes when infrastructure/configuration version, environment scope, deployment behavior, rollback/recovery evidence, observability, security controls, ownership, capacity and mapped tests are verified.",v1.0.0,Implementation-ready
P31-REQ-501,Circuit Breakers,Must,"GrounUp shall implement governed circuit breakers capability 501 using reproducible infrastructure, controlled environment promotion, secure automation, observable production behavior, tested recovery, explicit ownership, and auditable release evidence.","Capability 501 passes when infrastructure/configuration version, environment scope, deployment behavior, rollback/recovery evidence, observability, security controls, ownership, capacity and mapped tests are verified.",v1.0.0,Implementation-ready
P31-REQ-502,Retries & Backoff,Must,"GrounUp shall implement governed retries & backoff capability 502 using reproducible infrastructure, controlled environment promotion, secure automation, observable production behavior, tested recovery, explicit ownership, and auditable release evidence.","Capability 502 passes when infrastructure/configuration version, environment scope, deployment behavior, rollback/recovery evidence, observability, security controls, ownership, capacity and mapped tests are verified.",v1.0.0,Implementation-ready
P31-REQ-503,Timeouts,Must,"GrounUp shall implement governed timeouts capability 503 using reproducible infrastructure, controlled environment promotion, secure automation, observable production behavior, tested recovery, explicit ownership, and auditable release evidence.","Capability 503 passes when infrastructure/configuration version, environment scope, deployment behavior, rollback/recovery evidence, observability, security controls, ownership, capacity and mapped tests are verified.",v1.0.0,Implementation-ready
P31-REQ-504,Bulkheads,Must,"GrounUp shall implement governed bulkheads capability 504 using reproducible infrastructure, controlled environment promotion, secure automation, observable production behavior, tested recovery, explicit ownership, and auditable release evidence.","Capability 504 passes when infrastructure/configuration version, environment scope, deployment behavior, rollback/recovery evidence, observability, security controls, ownership, capacity and mapped tests are verified.",v1.0.0,Implementation-ready
P31-REQ-505,Chaos Testing,Must,"GrounUp shall implement governed chaos testing capability 505 using reproducible infrastructure, controlled environment promotion, secure automation, observable production behavior, tested recovery, explicit ownership, and auditable release evidence.","Capability 505 passes when infrastructure/configuration version, environment scope, deployment behavior, rollback/recovery evidence, observability, security controls, ownership, capacity and mapped tests are verified.",v1.0.0,Implementation-ready
P31-REQ-506,Backup,Must,"GrounUp shall implement governed backup capability 506 using reproducible infrastructure, controlled environment promotion, secure automation, observable production behavior, tested recovery, explicit ownership, and auditable release evidence.","Capability 506 passes when infrastructure/configuration version, environment scope, deployment behavior, rollback/recovery evidence, observability, security controls, ownership, capacity and mapped tests are verified.",v1.0.0,Implementation-ready
P31-REQ-507,Restore,Must,"GrounUp shall implement governed restore capability 507 using reproducible infrastructure, controlled environment promotion, secure automation, observable production behavior, tested recovery, explicit ownership, and auditable release evidence.","Capability 507 passes when infrastructure/configuration version, environment scope, deployment behavior, rollback/recovery evidence, observability, security controls, ownership, capacity and mapped tests are verified.",v1.0.0,Implementation-ready
P31-REQ-508,Point-in-Time Recovery,Must,"GrounUp shall implement governed point-in-time recovery capability 508 using reproducible infrastructure, controlled environment promotion, secure automation, observable production behavior, tested recovery, explicit ownership, and auditable release evidence.","Capability 508 passes when infrastructure/configuration version, environment scope, deployment behavior, rollback/recovery evidence, observability, security controls, ownership, capacity and mapped tests are verified.",v1.0.0,Implementation-ready
P31-REQ-509,Disaster Recovery,Must,"GrounUp shall implement governed disaster recovery capability 509 using reproducible infrastructure, controlled environment promotion, secure automation, observable production behavior, tested recovery, explicit ownership, and auditable release evidence.","Capability 509 passes when infrastructure/configuration version, environment scope, deployment behavior, rollback/recovery evidence, observability, security controls, ownership, capacity and mapped tests are verified.",v1.0.0,Implementation-ready
P31-REQ-510,RTO/RPO,Must,"GrounUp shall implement governed rto/rpo capability 510 using reproducible infrastructure, controlled environment promotion, secure automation, observable production behavior, tested recovery, explicit ownership, and auditable release evidence.","Capability 510 passes when infrastructure/configuration version, environment scope, deployment behavior, rollback/recovery evidence, observability, security controls, ownership, capacity and mapped tests are verified.",v1.0.0,Implementation-ready
P31-REQ-511,Business Continuity,Must,"GrounUp shall implement governed business continuity capability 511 using reproducible infrastructure, controlled environment promotion, secure automation, observable production behavior, tested recovery, explicit ownership, and auditable release evidence.","Capability 511 passes when infrastructure/configuration version, environment scope, deployment behavior, rollback/recovery evidence, observability, security controls, ownership, capacity and mapped tests are verified.",v1.0.0,Implementation-ready
P31-REQ-512,Multi-Region Recovery,Must,"GrounUp shall implement governed multi-region recovery capability 512 using reproducible infrastructure, controlled environment promotion, secure automation, observable production behavior, tested recovery, explicit ownership, and auditable release evidence.","Capability 512 passes when infrastructure/configuration version, environment scope, deployment behavior, rollback/recovery evidence, observability, security controls, ownership, capacity and mapped tests are verified.",v1.0.0,Implementation-ready
P31-REQ-513,Operational Runbooks,Must,"GrounUp shall implement governed operational runbooks capability 513 using reproducible infrastructure, controlled environment promotion, secure automation, observable production behavior, tested recovery, explicit ownership, and auditable release evidence.","Capability 513 passes when infrastructure/configuration version, environment scope, deployment behavior, rollback/recovery evidence, observability, security controls, ownership, capacity and mapped tests are verified.",v1.0.0,Implementation-ready
P31-REQ-514,Maintenance Windows,Must,"GrounUp shall implement governed maintenance windows capability 514 using reproducible infrastructure, controlled environment promotion, secure automation, observable production behavior, tested recovery, explicit ownership, and auditable release evidence.","Capability 514 passes when infrastructure/configuration version, environment scope, deployment behavior, rollback/recovery evidence, observability, security controls, ownership, capacity and mapped tests are verified.",v1.0.0,Implementation-ready
P31-REQ-515,Patch Management,Must,"GrounUp shall implement governed patch management capability 515 using reproducible infrastructure, controlled environment promotion, secure automation, observable production behavior, tested recovery, explicit ownership, and auditable release evidence.","Capability 515 passes when infrastructure/configuration version, environment scope, deployment behavior, rollback/recovery evidence, observability, security controls, ownership, capacity and mapped tests are verified.",v1.0.0,Implementation-ready
P31-REQ-516,Dependency Updates,Must,"GrounUp shall implement governed dependency updates capability 516 using reproducible infrastructure, controlled environment promotion, secure automation, observable production behavior, tested recovery, explicit ownership, and auditable release evidence.","Capability 516 passes when infrastructure/configuration version, environment scope, deployment behavior, rollback/recovery evidence, observability, security controls, ownership, capacity and mapped tests are verified.",v1.0.0,Implementation-ready
P31-REQ-517,Operational Access,Must,"GrounUp shall implement governed operational access capability 517 using reproducible infrastructure, controlled environment promotion, secure automation, observable production behavior, tested recovery, explicit ownership, and auditable release evidence.","Capability 517 passes when infrastructure/configuration version, environment scope, deployment behavior, rollback/recovery evidence, observability, security controls, ownership, capacity and mapped tests are verified.",v1.0.0,Implementation-ready
P31-REQ-518,Production Support,Must,"GrounUp shall implement governed production support capability 518 using reproducible infrastructure, controlled environment promotion, secure automation, observable production behavior, tested recovery, explicit ownership, and auditable release evidence.","Capability 518 passes when infrastructure/configuration version, environment scope, deployment behavior, rollback/recovery evidence, observability, security controls, ownership, capacity and mapped tests are verified.",v1.0.0,Implementation-ready
P31-REQ-519,FinOps,Must,"GrounUp shall implement governed finops capability 519 using reproducible infrastructure, controlled environment promotion, secure automation, observable production behavior, tested recovery, explicit ownership, and auditable release evidence.","Capability 519 passes when infrastructure/configuration version, environment scope, deployment behavior, rollback/recovery evidence, observability, security controls, ownership, capacity and mapped tests are verified.",v1.0.0,Implementation-ready
P31-REQ-520,Cloud Cost Allocation,Must,"GrounUp shall implement governed cloud cost allocation capability 520 using reproducible infrastructure, controlled environment promotion, secure automation, observable production behavior, tested recovery, explicit ownership, and auditable release evidence.","Capability 520 passes when infrastructure/configuration version, environment scope, deployment behavior, rollback/recovery evidence, observability, security controls, ownership, capacity and mapped tests are verified.",v1.0.0,Implementation-ready
P31-REQ-521,Cost Budgets,Should,"GrounUp shall implement governed cost budgets capability 521 using reproducible infrastructure, controlled environment promotion, secure automation, observable production behavior, tested recovery, explicit ownership, and auditable release evidence.","Capability 521 passes when infrastructure/configuration version, environment scope, deployment behavior, rollback/recovery evidence, observability, security controls, ownership, capacity and mapped tests are verified.",v1.0.0,Implementation-ready
P31-REQ-522,Resource Tagging,Should,"GrounUp shall implement governed resource tagging capability 522 using reproducible infrastructure, controlled environment promotion, secure automation, observable production behavior, tested recovery, explicit ownership, and auditable release evidence.","Capability 522 passes when infrastructure/configuration version, environment scope, deployment behavior, rollback/recovery evidence, observability, security controls, ownership, capacity and mapped tests are verified.",v1.0.0,Implementation-ready
P31-REQ-523,Environment Cleanup,Should,"GrounUp shall implement governed environment cleanup capability 523 using reproducible infrastructure, controlled environment promotion, secure automation, observable production behavior, tested recovery, explicit ownership, and auditable release evidence.","Capability 523 passes when infrastructure/configuration version, environment scope, deployment behavior, rollback/recovery evidence, observability, security controls, ownership, capacity and mapped tests are verified.",v1.0.0,Implementation-ready
P31-REQ-524,Release Evidence,Should,"GrounUp shall implement governed release evidence capability 524 using reproducible infrastructure, controlled environment promotion, secure automation, observable production behavior, tested recovery, explicit ownership, and auditable release evidence.","Capability 524 passes when infrastructure/configuration version, environment scope, deployment behavior, rollback/recovery evidence, observability, security controls, ownership, capacity and mapped tests are verified.",v1.0.0,Implementation-ready
P31-REQ-525,Deployment Audit,Should,"GrounUp shall implement governed deployment audit capability 525 using reproducible infrastructure, controlled environment promotion, secure automation, observable production behavior, tested recovery, explicit ownership, and auditable release evidence.","Capability 525 passes when infrastructure/configuration version, environment scope, deployment behavior, rollback/recovery evidence, observability, security controls, ownership, capacity and mapped tests are verified.",v1.0.0,Implementation-ready
P31-REQ-526,Service Catalog,Should,"GrounUp shall implement governed service catalog capability 526 using reproducible infrastructure, controlled environment promotion, secure automation, observable production behavior, tested recovery, explicit ownership, and auditable release evidence.","Capability 526 passes when infrastructure/configuration version, environment scope, deployment behavior, rollback/recovery evidence, observability, security controls, ownership, capacity and mapped tests are verified.",v1.0.0,Implementation-ready
P31-REQ-527,Operational Ownership,Should,"GrounUp shall implement governed operational ownership capability 527 using reproducible infrastructure, controlled environment promotion, secure automation, observable production behavior, tested recovery, explicit ownership, and auditable release evidence.","Capability 527 passes when infrastructure/configuration version, environment scope, deployment behavior, rollback/recovery evidence, observability, security controls, ownership, capacity and mapped tests are verified.",v1.0.0,Implementation-ready
P31-REQ-528,Platform Reliability,Should,"GrounUp shall implement governed platform reliability capability 528 using reproducible infrastructure, controlled environment promotion, secure automation, observable production behavior, tested recovery, explicit ownership, and auditable release evidence.","Capability 528 passes when infrastructure/configuration version, environment scope, deployment behavior, rollback/recovery evidence, observability, security controls, ownership, capacity and mapped tests are verified.",v1.0.0,Implementation-ready
P31-REQ-529,Production Architecture,Should,"GrounUp shall implement governed production architecture capability 529 using reproducible infrastructure, controlled environment promotion, secure automation, observable production behavior, tested recovery, explicit ownership, and auditable release evidence.","Capability 529 passes when infrastructure/configuration version, environment scope, deployment behavior, rollback/recovery evidence, observability, security controls, ownership, capacity and mapped tests are verified.",v1.0.0,Implementation-ready
P31-REQ-530,Cloud Provider Abstraction,Should,"GrounUp shall implement governed cloud provider abstraction capability 530 using reproducible infrastructure, controlled environment promotion, secure automation, observable production behavior, tested recovery, explicit ownership, and auditable release evidence.","Capability 530 passes when infrastructure/configuration version, environment scope, deployment behavior, rollback/recovery evidence, observability, security controls, ownership, capacity and mapped tests are verified.",v1.0.0,Implementation-ready
P31-REQ-531,Regions & Availability Zones,Should,"GrounUp shall implement governed regions & availability zones capability 531 using reproducible infrastructure, controlled environment promotion, secure automation, observable production behavior, tested recovery, explicit ownership, and auditable release evidence.","Capability 531 passes when infrastructure/configuration version, environment scope, deployment behavior, rollback/recovery evidence, observability, security controls, ownership, capacity and mapped tests are verified.",v1.0.0,Implementation-ready
P31-REQ-532,Network Topology,Should,"GrounUp shall implement governed network topology capability 532 using reproducible infrastructure, controlled environment promotion, secure automation, observable production behavior, tested recovery, explicit ownership, and auditable release evidence.","Capability 532 passes when infrastructure/configuration version, environment scope, deployment behavior, rollback/recovery evidence, observability, security controls, ownership, capacity and mapped tests are verified.",v1.0.0,Implementation-ready
P31-REQ-533,Ingress & Edge,Should,"GrounUp shall implement governed ingress & edge capability 533 using reproducible infrastructure, controlled environment promotion, secure automation, observable production behavior, tested recovery, explicit ownership, and auditable release evidence.","Capability 533 passes when infrastructure/configuration version, environment scope, deployment behavior, rollback/recovery evidence, observability, security controls, ownership, capacity and mapped tests are verified.",v1.0.0,Implementation-ready
P31-REQ-534,DNS,Should,"GrounUp shall implement governed dns capability 534 using reproducible infrastructure, controlled environment promotion, secure automation, observable production behavior, tested recovery, explicit ownership, and auditable release evidence.","Capability 534 passes when infrastructure/configuration version, environment scope, deployment behavior, rollback/recovery evidence, observability, security controls, ownership, capacity and mapped tests are verified.",v1.0.0,Implementation-ready
P31-REQ-535,TLS Certificates,Should,"GrounUp shall implement governed tls certificates capability 535 using reproducible infrastructure, controlled environment promotion, secure automation, observable production behavior, tested recovery, explicit ownership, and auditable release evidence.","Capability 535 passes when infrastructure/configuration version, environment scope, deployment behavior, rollback/recovery evidence, observability, security controls, ownership, capacity and mapped tests are verified.",v1.0.0,Implementation-ready
P31-REQ-536,Load Balancing,Should,"GrounUp shall implement governed load balancing capability 536 using reproducible infrastructure, controlled environment promotion, secure automation, observable production behavior, tested recovery, explicit ownership, and auditable release evidence.","Capability 536 passes when infrastructure/configuration version, environment scope, deployment behavior, rollback/recovery evidence, observability, security controls, ownership, capacity and mapped tests are verified.",v1.0.0,Implementation-ready
P31-REQ-537,Application Runtime,Should,"GrounUp shall implement governed application runtime capability 537 using reproducible infrastructure, controlled environment promotion, secure automation, observable production behavior, tested recovery, explicit ownership, and auditable release evidence.","Capability 537 passes when infrastructure/configuration version, environment scope, deployment behavior, rollback/recovery evidence, observability, security controls, ownership, capacity and mapped tests are verified.",v1.0.0,Implementation-ready
P31-REQ-538,Container Runtime,Should,"GrounUp shall implement governed container runtime capability 538 using reproducible infrastructure, controlled environment promotion, secure automation, observable production behavior, tested recovery, explicit ownership, and auditable release evidence.","Capability 538 passes when infrastructure/configuration version, environment scope, deployment behavior, rollback/recovery evidence, observability, security controls, ownership, capacity and mapped tests are verified.",v1.0.0,Implementation-ready
P31-REQ-539,Serverless/Worker Runtime,Should,"GrounUp shall implement governed serverless/worker runtime capability 539 using reproducible infrastructure, controlled environment promotion, secure automation, observable production behavior, tested recovery, explicit ownership, and auditable release evidence.","Capability 539 passes when infrastructure/configuration version, environment scope, deployment behavior, rollback/recovery evidence, observability, security controls, ownership, capacity and mapped tests are verified.",v1.0.0,Implementation-ready
P31-REQ-540,Database Infrastructure,Should,"GrounUp shall implement governed database infrastructure capability 540 using reproducible infrastructure, controlled environment promotion, secure automation, observable production behavior, tested recovery, explicit ownership, and auditable release evidence.","Capability 540 passes when infrastructure/configuration version, environment scope, deployment behavior, rollback/recovery evidence, observability, security controls, ownership, capacity and mapped tests are verified.",v1.0.0,Implementation-ready
P31-REQ-541,Cache Infrastructure,Should,"GrounUp shall implement governed cache infrastructure capability 541 using reproducible infrastructure, controlled environment promotion, secure automation, observable production behavior, tested recovery, explicit ownership, and auditable release evidence.","Capability 541 passes when infrastructure/configuration version, environment scope, deployment behavior, rollback/recovery evidence, observability, security controls, ownership, capacity and mapped tests are verified.",v1.0.0,Implementation-ready
P31-REQ-542,Queue Infrastructure,Should,"GrounUp shall implement governed queue infrastructure capability 542 using reproducible infrastructure, controlled environment promotion, secure automation, observable production behavior, tested recovery, explicit ownership, and auditable release evidence.","Capability 542 passes when infrastructure/configuration version, environment scope, deployment behavior, rollback/recovery evidence, observability, security controls, ownership, capacity and mapped tests are verified.",v1.0.0,Implementation-ready
P31-REQ-543,Object Storage,Should,"GrounUp shall implement governed object storage capability 543 using reproducible infrastructure, controlled environment promotion, secure automation, observable production behavior, tested recovery, explicit ownership, and auditable release evidence.","Capability 543 passes when infrastructure/configuration version, environment scope, deployment behavior, rollback/recovery evidence, observability, security controls, ownership, capacity and mapped tests are verified.",v1.0.0,Implementation-ready
P31-REQ-544,Search Infrastructure,Should,"GrounUp shall implement governed search infrastructure capability 544 using reproducible infrastructure, controlled environment promotion, secure automation, observable production behavior, tested recovery, explicit ownership, and auditable release evidence.","Capability 544 passes when infrastructure/configuration version, environment scope, deployment behavior, rollback/recovery evidence, observability, security controls, ownership, capacity and mapped tests are verified.",v1.0.0,Implementation-ready
P31-REQ-545,Analytics Infrastructure,Should,"GrounUp shall implement governed analytics infrastructure capability 545 using reproducible infrastructure, controlled environment promotion, secure automation, observable production behavior, tested recovery, explicit ownership, and auditable release evidence.","Capability 545 passes when infrastructure/configuration version, environment scope, deployment behavior, rollback/recovery evidence, observability, security controls, ownership, capacity and mapped tests are verified.",v1.0.0,Implementation-ready
P31-REQ-546,AI Runtime Infrastructure,Should,"GrounUp shall implement governed ai runtime infrastructure capability 546 using reproducible infrastructure, controlled environment promotion, secure automation, observable production behavior, tested recovery, explicit ownership, and auditable release evidence.","Capability 546 passes when infrastructure/configuration version, environment scope, deployment behavior, rollback/recovery evidence, observability, security controls, ownership, capacity and mapped tests are verified.",v1.0.0,Implementation-ready
P31-REQ-547,Environment Strategy,Should,"GrounUp shall implement governed environment strategy capability 547 using reproducible infrastructure, controlled environment promotion, secure automation, observable production behavior, tested recovery, explicit ownership, and auditable release evidence.","Capability 547 passes when infrastructure/configuration version, environment scope, deployment behavior, rollback/recovery evidence, observability, security controls, ownership, capacity and mapped tests are verified.",v1.0.0,Implementation-ready
P31-REQ-548,Development Environment,Should,"GrounUp shall implement governed development environment capability 548 using reproducible infrastructure, controlled environment promotion, secure automation, observable production behavior, tested recovery, explicit ownership, and auditable release evidence.","Capability 548 passes when infrastructure/configuration version, environment scope, deployment behavior, rollback/recovery evidence, observability, security controls, ownership, capacity and mapped tests are verified.",v1.0.0,Implementation-ready
P31-REQ-549,Test Environment,Should,"GrounUp shall implement governed test environment capability 549 using reproducible infrastructure, controlled environment promotion, secure automation, observable production behavior, tested recovery, explicit ownership, and auditable release evidence.","Capability 549 passes when infrastructure/configuration version, environment scope, deployment behavior, rollback/recovery evidence, observability, security controls, ownership, capacity and mapped tests are verified.",v1.0.0,Implementation-ready
P31-REQ-550,Staging Environment,Should,"GrounUp shall implement governed staging environment capability 550 using reproducible infrastructure, controlled environment promotion, secure automation, observable production behavior, tested recovery, explicit ownership, and auditable release evidence.","Capability 550 passes when infrastructure/configuration version, environment scope, deployment behavior, rollback/recovery evidence, observability, security controls, ownership, capacity and mapped tests are verified.",v1.0.0,Implementation-ready
P31-REQ-551,Production Environment,Should,"GrounUp shall implement governed production environment capability 551 using reproducible infrastructure, controlled environment promotion, secure automation, observable production behavior, tested recovery, explicit ownership, and auditable release evidence.","Capability 551 passes when infrastructure/configuration version, environment scope, deployment behavior, rollback/recovery evidence, observability, security controls, ownership, capacity and mapped tests are verified.",v1.0.0,Implementation-ready
P31-REQ-552,Preview Environments,Should,"GrounUp shall implement governed preview environments capability 552 using reproducible infrastructure, controlled environment promotion, secure automation, observable production behavior, tested recovery, explicit ownership, and auditable release evidence.","Capability 552 passes when infrastructure/configuration version, environment scope, deployment behavior, rollback/recovery evidence, observability, security controls, ownership, capacity and mapped tests are verified.",v1.0.0,Implementation-ready
P31-REQ-553,Configuration Management,Should,"GrounUp shall implement governed configuration management capability 553 using reproducible infrastructure, controlled environment promotion, secure automation, observable production behavior, tested recovery, explicit ownership, and auditable release evidence.","Capability 553 passes when infrastructure/configuration version, environment scope, deployment behavior, rollback/recovery evidence, observability, security controls, ownership, capacity and mapped tests are verified.",v1.0.0,Implementation-ready
P31-REQ-554,Secrets Injection,Should,"GrounUp shall implement governed secrets injection capability 554 using reproducible infrastructure, controlled environment promotion, secure automation, observable production behavior, tested recovery, explicit ownership, and auditable release evidence.","Capability 554 passes when infrastructure/configuration version, environment scope, deployment behavior, rollback/recovery evidence, observability, security controls, ownership, capacity and mapped tests are verified.",v1.0.0,Implementation-ready
P31-REQ-555,Infrastructure as Code,Should,"GrounUp shall implement governed infrastructure as code capability 555 using reproducible infrastructure, controlled environment promotion, secure automation, observable production behavior, tested recovery, explicit ownership, and auditable release evidence.","Capability 555 passes when infrastructure/configuration version, environment scope, deployment behavior, rollback/recovery evidence, observability, security controls, ownership, capacity and mapped tests are verified.",v1.0.0,Implementation-ready
P31-REQ-556,State Management,Should,"GrounUp shall implement governed state management capability 556 using reproducible infrastructure, controlled environment promotion, secure automation, observable production behavior, tested recovery, explicit ownership, and auditable release evidence.","Capability 556 passes when infrastructure/configuration version, environment scope, deployment behavior, rollback/recovery evidence, observability, security controls, ownership, capacity and mapped tests are verified.",v1.0.0,Implementation-ready
P31-REQ-557,Policy as Code,Should,"GrounUp shall implement governed policy as code capability 557 using reproducible infrastructure, controlled environment promotion, secure automation, observable production behavior, tested recovery, explicit ownership, and auditable release evidence.","Capability 557 passes when infrastructure/configuration version, environment scope, deployment behavior, rollback/recovery evidence, observability, security controls, ownership, capacity and mapped tests are verified.",v1.0.0,Implementation-ready
P31-REQ-558,CI Pipelines,Should,"GrounUp shall implement governed ci pipelines capability 558 using reproducible infrastructure, controlled environment promotion, secure automation, observable production behavior, tested recovery, explicit ownership, and auditable release evidence.","Capability 558 passes when infrastructure/configuration version, environment scope, deployment behavior, rollback/recovery evidence, observability, security controls, ownership, capacity and mapped tests are verified.",v1.0.0,Implementation-ready
P31-REQ-559,Build Reproducibility,Should,"GrounUp shall implement governed build reproducibility capability 559 using reproducible infrastructure, controlled environment promotion, secure automation, observable production behavior, tested recovery, explicit ownership, and auditable release evidence.","Capability 559 passes when infrastructure/configuration version, environment scope, deployment behavior, rollback/recovery evidence, observability, security controls, ownership, capacity and mapped tests are verified.",v1.0.0,Implementation-ready
P31-REQ-560,Artifact Registry,Should,"GrounUp shall implement governed artifact registry capability 560 using reproducible infrastructure, controlled environment promotion, secure automation, observable production behavior, tested recovery, explicit ownership, and auditable release evidence.","Capability 560 passes when infrastructure/configuration version, environment scope, deployment behavior, rollback/recovery evidence, observability, security controls, ownership, capacity and mapped tests are verified.",v1.0.0,Implementation-ready
