requirement_id,domain,priority,requirement,acceptance_criteria,version,status
P24-REQ-001,Identity & Authentication,Must,"GrounUp shall implement governed identity & authentication platform capability 1 as a reusable core service with explicit tenant scope, security policy, audit evidence, versioned contracts and automated verification.","Capability 1 passes when tenant/security boundaries, API/data behavior, audit/observability evidence, failure handling and mapped tests are verified.",v1.0.0,Implementation-ready
P24-REQ-002,Authorization & Policy,Must,"GrounUp shall implement governed authorization & policy platform capability 2 as a reusable core service with explicit tenant scope, security policy, audit evidence, versioned contracts and automated verification.","Capability 2 passes when tenant/security boundaries, API/data behavior, audit/observability evidence, failure handling and mapped tests are verified.",v1.0.0,Implementation-ready
P24-REQ-003,Tenant Provisioning,Must,"GrounUp shall implement governed tenant provisioning platform capability 3 as a reusable core service with explicit tenant scope, security policy, audit evidence, versioned contracts and automated verification.","Capability 3 passes when tenant/security boundaries, API/data behavior, audit/observability evidence, failure handling and mapped tests are verified.",v1.0.0,Implementation-ready
P24-REQ-004,Tenant Isolation,Must,"GrounUp shall implement governed tenant isolation platform capability 4 as a reusable core service with explicit tenant scope, security policy, audit evidence, versioned contracts and automated verification.","Capability 4 passes when tenant/security boundaries, API/data behavior, audit/observability evidence, failure handling and mapped tests are verified.",v1.0.0,Implementation-ready
P24-REQ-005,Plans & Entitlements,Must,"GrounUp shall implement governed plans & entitlements platform capability 5 as a reusable core service with explicit tenant scope, security policy, audit evidence, versioned contracts and automated verification.","Capability 5 passes when tenant/security boundaries, API/data behavior, audit/observability evidence, failure handling and mapped tests are verified.",v1.0.0,Implementation-ready
P24-REQ-006,White Label Configuration,Must,"GrounUp shall implement governed white label configuration platform capability 6 as a reusable core service with explicit tenant scope, security policy, audit evidence, versioned contracts and automated verification.","Capability 6 passes when tenant/security boundaries, API/data behavior, audit/observability evidence, failure handling and mapped tests are verified.",v1.0.0,Implementation-ready
P24-REQ-007,Canonical Record Metadata,Must,"GrounUp shall implement governed canonical record metadata platform capability 7 as a reusable core service with explicit tenant scope, security policy, audit evidence, versioned contracts and automated verification.","Capability 7 passes when tenant/security boundaries, API/data behavior, audit/observability evidence, failure handling and mapped tests are verified.",v1.0.0,Implementation-ready
P24-REQ-008,Database Migration Foundation,Must,"GrounUp shall implement governed database migration foundation platform capability 8 as a reusable core service with explicit tenant scope, security policy, audit evidence, versioned contracts and automated verification.","Capability 8 passes when tenant/security boundaries, API/data behavior, audit/observability evidence, failure handling and mapped tests are verified.",v1.0.0,Implementation-ready
P24-REQ-009,API Request Lifecycle,Must,"GrounUp shall implement governed api request lifecycle platform capability 9 as a reusable core service with explicit tenant scope, security policy, audit evidence, versioned contracts and automated verification.","Capability 9 passes when tenant/security boundaries, API/data behavior, audit/observability evidence, failure handling and mapped tests are verified.",v1.0.0,Implementation-ready
P24-REQ-010,API Error Contract,Must,"GrounUp shall implement governed api error contract platform capability 10 as a reusable core service with explicit tenant scope, security policy, audit evidence, versioned contracts and automated verification.","Capability 10 passes when tenant/security boundaries, API/data behavior, audit/observability evidence, failure handling and mapped tests are verified.",v1.0.0,Implementation-ready
P24-REQ-011,Idempotency,Must,"GrounUp shall implement governed idempotency platform capability 11 as a reusable core service with explicit tenant scope, security policy, audit evidence, versioned contracts and automated verification.","Capability 11 passes when tenant/security boundaries, API/data behavior, audit/observability evidence, failure handling and mapped tests are verified.",v1.0.0,Implementation-ready
P24-REQ-012,Domain Events,Must,"GrounUp shall implement governed domain events platform capability 12 as a reusable core service with explicit tenant scope, security policy, audit evidence, versioned contracts and automated verification.","Capability 12 passes when tenant/security boundaries, API/data behavior, audit/observability evidence, failure handling and mapped tests are verified.",v1.0.0,Implementation-ready
P24-REQ-013,Audit Evidence,Must,"GrounUp shall implement governed audit evidence platform capability 13 as a reusable core service with explicit tenant scope, security policy, audit evidence, versioned contracts and automated verification.","Capability 13 passes when tenant/security boundaries, API/data behavior, audit/observability evidence, failure handling and mapped tests are verified.",v1.0.0,Implementation-ready
P24-REQ-014,Workflow State Machine,Must,"GrounUp shall implement governed workflow state machine platform capability 14 as a reusable core service with explicit tenant scope, security policy, audit evidence, versioned contracts and automated verification.","Capability 14 passes when tenant/security boundaries, API/data behavior, audit/observability evidence, failure handling and mapped tests are verified.",v1.0.0,Implementation-ready
P24-REQ-015,Approval Policy,Must,"GrounUp shall implement governed approval policy platform capability 15 as a reusable core service with explicit tenant scope, security policy, audit evidence, versioned contracts and automated verification.","Capability 15 passes when tenant/security boundaries, API/data behavior, audit/observability evidence, failure handling and mapped tests are verified.",v1.0.0,Implementation-ready
P24-REQ-016,Notification Hooks,Must,"GrounUp shall implement governed notification hooks platform capability 16 as a reusable core service with explicit tenant scope, security policy, audit evidence, versioned contracts and automated verification.","Capability 16 passes when tenant/security boundaries, API/data behavior, audit/observability evidence, failure handling and mapped tests are verified.",v1.0.0,Implementation-ready
P24-REQ-017,Object/File Metadata,Must,"GrounUp shall implement governed object/file metadata platform capability 17 as a reusable core service with explicit tenant scope, security policy, audit evidence, versioned contracts and automated verification.","Capability 17 passes when tenant/security boundaries, API/data behavior, audit/observability evidence, failure handling and mapped tests are verified.",v1.0.0,Implementation-ready
P24-REQ-018,Search Permission Boundary,Must,"GrounUp shall implement governed search permission boundary platform capability 18 as a reusable core service with explicit tenant scope, security policy, audit evidence, versioned contracts and automated verification.","Capability 18 passes when tenant/security boundaries, API/data behavior, audit/observability evidence, failure handling and mapped tests are verified.",v1.0.0,Implementation-ready
P24-REQ-019,Feature Flags,Must,"GrounUp shall implement governed feature flags platform capability 19 as a reusable core service with explicit tenant scope, security policy, audit evidence, versioned contracts and automated verification.","Capability 19 passes when tenant/security boundaries, API/data behavior, audit/observability evidence, failure handling and mapped tests are verified.",v1.0.0,Implementation-ready
P24-REQ-020,Configuration,Must,"GrounUp shall implement governed configuration platform capability 20 as a reusable core service with explicit tenant scope, security policy, audit evidence, versioned contracts and automated verification.","Capability 20 passes when tenant/security boundaries, API/data behavior, audit/observability evidence, failure handling and mapped tests are verified.",v1.0.0,Implementation-ready
P24-REQ-021,Observability,Must,"GrounUp shall implement governed observability platform capability 21 as a reusable core service with explicit tenant scope, security policy, audit evidence, versioned contracts and automated verification.","Capability 21 passes when tenant/security boundaries, API/data behavior, audit/observability evidence, failure handling and mapped tests are verified.",v1.0.0,Implementation-ready
P24-REQ-022,Health & Readiness,Must,"GrounUp shall implement governed health & readiness platform capability 22 as a reusable core service with explicit tenant scope, security policy, audit evidence, versioned contracts and automated verification.","Capability 22 passes when tenant/security boundaries, API/data behavior, audit/observability evidence, failure handling and mapped tests are verified.",v1.0.0,Implementation-ready
P24-REQ-023,Security Controls,Must,"GrounUp shall implement governed security controls platform capability 23 as a reusable core service with explicit tenant scope, security policy, audit evidence, versioned contracts and automated verification.","Capability 23 passes when tenant/security boundaries, API/data behavior, audit/observability evidence, failure handling and mapped tests are verified.",v1.0.0,Implementation-ready
P24-REQ-024,Test Harness,Must,"GrounUp shall implement governed test harness platform capability 24 as a reusable core service with explicit tenant scope, security policy, audit evidence, versioned contracts and automated verification.","Capability 24 passes when tenant/security boundaries, API/data behavior, audit/observability evidence, failure handling and mapped tests are verified.",v1.0.0,Implementation-ready
P24-REQ-025,Traceability,Must,"GrounUp shall implement governed traceability platform capability 25 as a reusable core service with explicit tenant scope, security policy, audit evidence, versioned contracts and automated verification.","Capability 25 passes when tenant/security boundaries, API/data behavior, audit/observability evidence, failure handling and mapped tests are verified.",v1.0.0,Implementation-ready
P24-REQ-026,Identity & Authentication,Must,"GrounUp shall implement governed identity & authentication platform capability 26 as a reusable core service with explicit tenant scope, security policy, audit evidence, versioned contracts and automated verification.","Capability 26 passes when tenant/security boundaries, API/data behavior, audit/observability evidence, failure handling and mapped tests are verified.",v1.0.0,Implementation-ready
P24-REQ-027,Authorization & Policy,Must,"GrounUp shall implement governed authorization & policy platform capability 27 as a reusable core service with explicit tenant scope, security policy, audit evidence, versioned contracts and automated verification.","Capability 27 passes when tenant/security boundaries, API/data behavior, audit/observability evidence, failure handling and mapped tests are verified.",v1.0.0,Implementation-ready
P24-REQ-028,Tenant Provisioning,Must,"GrounUp shall implement governed tenant provisioning platform capability 28 as a reusable core service with explicit tenant scope, security policy, audit evidence, versioned contracts and automated verification.","Capability 28 passes when tenant/security boundaries, API/data behavior, audit/observability evidence, failure handling and mapped tests are verified.",v1.0.0,Implementation-ready
P24-REQ-029,Tenant Isolation,Must,"GrounUp shall implement governed tenant isolation platform capability 29 as a reusable core service with explicit tenant scope, security policy, audit evidence, versioned contracts and automated verification.","Capability 29 passes when tenant/security boundaries, API/data behavior, audit/observability evidence, failure handling and mapped tests are verified.",v1.0.0,Implementation-ready
P24-REQ-030,Plans & Entitlements,Must,"GrounUp shall implement governed plans & entitlements platform capability 30 as a reusable core service with explicit tenant scope, security policy, audit evidence, versioned contracts and automated verification.","Capability 30 passes when tenant/security boundaries, API/data behavior, audit/observability evidence, failure handling and mapped tests are verified.",v1.0.0,Implementation-ready
P24-REQ-031,White Label Configuration,Must,"GrounUp shall implement governed white label configuration platform capability 31 as a reusable core service with explicit tenant scope, security policy, audit evidence, versioned contracts and automated verification.","Capability 31 passes when tenant/security boundaries, API/data behavior, audit/observability evidence, failure handling and mapped tests are verified.",v1.0.0,Implementation-ready
P24-REQ-032,Canonical Record Metadata,Must,"GrounUp shall implement governed canonical record metadata platform capability 32 as a reusable core service with explicit tenant scope, security policy, audit evidence, versioned contracts and automated verification.","Capability 32 passes when tenant/security boundaries, API/data behavior, audit/observability evidence, failure handling and mapped tests are verified.",v1.0.0,Implementation-ready
P24-REQ-033,Database Migration Foundation,Must,"GrounUp shall implement governed database migration foundation platform capability 33 as a reusable core service with explicit tenant scope, security policy, audit evidence, versioned contracts and automated verification.","Capability 33 passes when tenant/security boundaries, API/data behavior, audit/observability evidence, failure handling and mapped tests are verified.",v1.0.0,Implementation-ready
P24-REQ-034,API Request Lifecycle,Must,"GrounUp shall implement governed api request lifecycle platform capability 34 as a reusable core service with explicit tenant scope, security policy, audit evidence, versioned contracts and automated verification.","Capability 34 passes when tenant/security boundaries, API/data behavior, audit/observability evidence, failure handling and mapped tests are verified.",v1.0.0,Implementation-ready
P24-REQ-035,API Error Contract,Must,"GrounUp shall implement governed api error contract platform capability 35 as a reusable core service with explicit tenant scope, security policy, audit evidence, versioned contracts and automated verification.","Capability 35 passes when tenant/security boundaries, API/data behavior, audit/observability evidence, failure handling and mapped tests are verified.",v1.0.0,Implementation-ready
P24-REQ-036,Idempotency,Must,"GrounUp shall implement governed idempotency platform capability 36 as a reusable core service with explicit tenant scope, security policy, audit evidence, versioned contracts and automated verification.","Capability 36 passes when tenant/security boundaries, API/data behavior, audit/observability evidence, failure handling and mapped tests are verified.",v1.0.0,Implementation-ready
P24-REQ-037,Domain Events,Must,"GrounUp shall implement governed domain events platform capability 37 as a reusable core service with explicit tenant scope, security policy, audit evidence, versioned contracts and automated verification.","Capability 37 passes when tenant/security boundaries, API/data behavior, audit/observability evidence, failure handling and mapped tests are verified.",v1.0.0,Implementation-ready
P24-REQ-038,Audit Evidence,Must,"GrounUp shall implement governed audit evidence platform capability 38 as a reusable core service with explicit tenant scope, security policy, audit evidence, versioned contracts and automated verification.","Capability 38 passes when tenant/security boundaries, API/data behavior, audit/observability evidence, failure handling and mapped tests are verified.",v1.0.0,Implementation-ready
P24-REQ-039,Workflow State Machine,Must,"GrounUp shall implement governed workflow state machine platform capability 39 as a reusable core service with explicit tenant scope, security policy, audit evidence, versioned contracts and automated verification.","Capability 39 passes when tenant/security boundaries, API/data behavior, audit/observability evidence, failure handling and mapped tests are verified.",v1.0.0,Implementation-ready
P24-REQ-040,Approval Policy,Must,"GrounUp shall implement governed approval policy platform capability 40 as a reusable core service with explicit tenant scope, security policy, audit evidence, versioned contracts and automated verification.","Capability 40 passes when tenant/security boundaries, API/data behavior, audit/observability evidence, failure handling and mapped tests are verified.",v1.0.0,Implementation-ready
P24-REQ-041,Notification Hooks,Must,"GrounUp shall implement governed notification hooks platform capability 41 as a reusable core service with explicit tenant scope, security policy, audit evidence, versioned contracts and automated verification.","Capability 41 passes when tenant/security boundaries, API/data behavior, audit/observability evidence, failure handling and mapped tests are verified.",v1.0.0,Implementation-ready
P24-REQ-042,Object/File Metadata,Must,"GrounUp shall implement governed object/file metadata platform capability 42 as a reusable core service with explicit tenant scope, security policy, audit evidence, versioned contracts and automated verification.","Capability 42 passes when tenant/security boundaries, API/data behavior, audit/observability evidence, failure handling and mapped tests are verified.",v1.0.0,Implementation-ready
P24-REQ-043,Search Permission Boundary,Must,"GrounUp shall implement governed search permission boundary platform capability 43 as a reusable core service with explicit tenant scope, security policy, audit evidence, versioned contracts and automated verification.","Capability 43 passes when tenant/security boundaries, API/data behavior, audit/observability evidence, failure handling and mapped tests are verified.",v1.0.0,Implementation-ready
P24-REQ-044,Feature Flags,Must,"GrounUp shall implement governed feature flags platform capability 44 as a reusable core service with explicit tenant scope, security policy, audit evidence, versioned contracts and automated verification.","Capability 44 passes when tenant/security boundaries, API/data behavior, audit/observability evidence, failure handling and mapped tests are verified.",v1.0.0,Implementation-ready
P24-REQ-045,Configuration,Must,"GrounUp shall implement governed configuration platform capability 45 as a reusable core service with explicit tenant scope, security policy, audit evidence, versioned contracts and automated verification.","Capability 45 passes when tenant/security boundaries, API/data behavior, audit/observability evidence, failure handling and mapped tests are verified.",v1.0.0,Implementation-ready
P24-REQ-046,Observability,Must,"GrounUp shall implement governed observability platform capability 46 as a reusable core service with explicit tenant scope, security policy, audit evidence, versioned contracts and automated verification.","Capability 46 passes when tenant/security boundaries, API/data behavior, audit/observability evidence, failure handling and mapped tests are verified.",v1.0.0,Implementation-ready
P24-REQ-047,Health & Readiness,Must,"GrounUp shall implement governed health & readiness platform capability 47 as a reusable core service with explicit tenant scope, security policy, audit evidence, versioned contracts and automated verification.","Capability 47 passes when tenant/security boundaries, API/data behavior, audit/observability evidence, failure handling and mapped tests are verified.",v1.0.0,Implementation-ready
P24-REQ-048,Security Controls,Must,"GrounUp shall implement governed security controls platform capability 48 as a reusable core service with explicit tenant scope, security policy, audit evidence, versioned contracts and automated verification.","Capability 48 passes when tenant/security boundaries, API/data behavior, audit/observability evidence, failure handling and mapped tests are verified.",v1.0.0,Implementation-ready
P24-REQ-049,Test Harness,Must,"GrounUp shall implement governed test harness platform capability 49 as a reusable core service with explicit tenant scope, security policy, audit evidence, versioned contracts and automated verification.","Capability 49 passes when tenant/security boundaries, API/data behavior, audit/observability evidence, failure handling and mapped tests are verified.",v1.0.0,Implementation-ready
P24-REQ-050,Traceability,Must,"GrounUp shall implement governed traceability platform capability 50 as a reusable core service with explicit tenant scope, security policy, audit evidence, versioned contracts and automated verification.","Capability 50 passes when tenant/security boundaries, API/data behavior, audit/observability evidence, failure handling and mapped tests are verified.",v1.0.0,Implementation-ready
P24-REQ-051,Identity & Authentication,Must,"GrounUp shall implement governed identity & authentication platform capability 51 as a reusable core service with explicit tenant scope, security policy, audit evidence, versioned contracts and automated verification.","Capability 51 passes when tenant/security boundaries, API/data behavior, audit/observability evidence, failure handling and mapped tests are verified.",v1.0.0,Implementation-ready
P24-REQ-052,Authorization & Policy,Must,"GrounUp shall implement governed authorization & policy platform capability 52 as a reusable core service with explicit tenant scope, security policy, audit evidence, versioned contracts and automated verification.","Capability 52 passes when tenant/security boundaries, API/data behavior, audit/observability evidence, failure handling and mapped tests are verified.",v1.0.0,Implementation-ready
P24-REQ-053,Tenant Provisioning,Must,"GrounUp shall implement governed tenant provisioning platform capability 53 as a reusable core service with explicit tenant scope, security policy, audit evidence, versioned contracts and automated verification.","Capability 53 passes when tenant/security boundaries, API/data behavior, audit/observability evidence, failure handling and mapped tests are verified.",v1.0.0,Implementation-ready
P24-REQ-054,Tenant Isolation,Must,"GrounUp shall implement governed tenant isolation platform capability 54 as a reusable core service with explicit tenant scope, security policy, audit evidence, versioned contracts and automated verification.","Capability 54 passes when tenant/security boundaries, API/data behavior, audit/observability evidence, failure handling and mapped tests are verified.",v1.0.0,Implementation-ready
P24-REQ-055,Plans & Entitlements,Must,"GrounUp shall implement governed plans & entitlements platform capability 55 as a reusable core service with explicit tenant scope, security policy, audit evidence, versioned contracts and automated verification.","Capability 55 passes when tenant/security boundaries, API/data behavior, audit/observability evidence, failure handling and mapped tests are verified.",v1.0.0,Implementation-ready
P24-REQ-056,White Label Configuration,Must,"GrounUp shall implement governed white label configuration platform capability 56 as a reusable core service with explicit tenant scope, security policy, audit evidence, versioned contracts and automated verification.","Capability 56 passes when tenant/security boundaries, API/data behavior, audit/observability evidence, failure handling and mapped tests are verified.",v1.0.0,Implementation-ready
P24-REQ-057,Canonical Record Metadata,Must,"GrounUp shall implement governed canonical record metadata platform capability 57 as a reusable core service with explicit tenant scope, security policy, audit evidence, versioned contracts and automated verification.","Capability 57 passes when tenant/security boundaries, API/data behavior, audit/observability evidence, failure handling and mapped tests are verified.",v1.0.0,Implementation-ready
P24-REQ-058,Database Migration Foundation,Must,"GrounUp shall implement governed database migration foundation platform capability 58 as a reusable core service with explicit tenant scope, security policy, audit evidence, versioned contracts and automated verification.","Capability 58 passes when tenant/security boundaries, API/data behavior, audit/observability evidence, failure handling and mapped tests are verified.",v1.0.0,Implementation-ready
P24-REQ-059,API Request Lifecycle,Must,"GrounUp shall implement governed api request lifecycle platform capability 59 as a reusable core service with explicit tenant scope, security policy, audit evidence, versioned contracts and automated verification.","Capability 59 passes when tenant/security boundaries, API/data behavior, audit/observability evidence, failure handling and mapped tests are verified.",v1.0.0,Implementation-ready
P24-REQ-060,API Error Contract,Must,"GrounUp shall implement governed api error contract platform capability 60 as a reusable core service with explicit tenant scope, security policy, audit evidence, versioned contracts and automated verification.","Capability 60 passes when tenant/security boundaries, API/data behavior, audit/observability evidence, failure handling and mapped tests are verified.",v1.0.0,Implementation-ready
P24-REQ-061,Idempotency,Must,"GrounUp shall implement governed idempotency platform capability 61 as a reusable core service with explicit tenant scope, security policy, audit evidence, versioned contracts and automated verification.","Capability 61 passes when tenant/security boundaries, API/data behavior, audit/observability evidence, failure handling and mapped tests are verified.",v1.0.0,Implementation-ready
P24-REQ-062,Domain Events,Must,"GrounUp shall implement governed domain events platform capability 62 as a reusable core service with explicit tenant scope, security policy, audit evidence, versioned contracts and automated verification.","Capability 62 passes when tenant/security boundaries, API/data behavior, audit/observability evidence, failure handling and mapped tests are verified.",v1.0.0,Implementation-ready
P24-REQ-063,Audit Evidence,Must,"GrounUp shall implement governed audit evidence platform capability 63 as a reusable core service with explicit tenant scope, security policy, audit evidence, versioned contracts and automated verification.","Capability 63 passes when tenant/security boundaries, API/data behavior, audit/observability evidence, failure handling and mapped tests are verified.",v1.0.0,Implementation-ready
P24-REQ-064,Workflow State Machine,Must,"GrounUp shall implement governed workflow state machine platform capability 64 as a reusable core service with explicit tenant scope, security policy, audit evidence, versioned contracts and automated verification.","Capability 64 passes when tenant/security boundaries, API/data behavior, audit/observability evidence, failure handling and mapped tests are verified.",v1.0.0,Implementation-ready
P24-REQ-065,Approval Policy,Must,"GrounUp shall implement governed approval policy platform capability 65 as a reusable core service with explicit tenant scope, security policy, audit evidence, versioned contracts and automated verification.","Capability 65 passes when tenant/security boundaries, API/data behavior, audit/observability evidence, failure handling and mapped tests are verified.",v1.0.0,Implementation-ready
P24-REQ-066,Notification Hooks,Must,"GrounUp shall implement governed notification hooks platform capability 66 as a reusable core service with explicit tenant scope, security policy, audit evidence, versioned contracts and automated verification.","Capability 66 passes when tenant/security boundaries, API/data behavior, audit/observability evidence, failure handling and mapped tests are verified.",v1.0.0,Implementation-ready
P24-REQ-067,Object/File Metadata,Must,"GrounUp shall implement governed object/file metadata platform capability 67 as a reusable core service with explicit tenant scope, security policy, audit evidence, versioned contracts and automated verification.","Capability 67 passes when tenant/security boundaries, API/data behavior, audit/observability evidence, failure handling and mapped tests are verified.",v1.0.0,Implementation-ready
P24-REQ-068,Search Permission Boundary,Must,"GrounUp shall implement governed search permission boundary platform capability 68 as a reusable core service with explicit tenant scope, security policy, audit evidence, versioned contracts and automated verification.","Capability 68 passes when tenant/security boundaries, API/data behavior, audit/observability evidence, failure handling and mapped tests are verified.",v1.0.0,Implementation-ready
P24-REQ-069,Feature Flags,Must,"GrounUp shall implement governed feature flags platform capability 69 as a reusable core service with explicit tenant scope, security policy, audit evidence, versioned contracts and automated verification.","Capability 69 passes when tenant/security boundaries, API/data behavior, audit/observability evidence, failure handling and mapped tests are verified.",v1.0.0,Implementation-ready
P24-REQ-070,Configuration,Must,"GrounUp shall implement governed configuration platform capability 70 as a reusable core service with explicit tenant scope, security policy, audit evidence, versioned contracts and automated verification.","Capability 70 passes when tenant/security boundaries, API/data behavior, audit/observability evidence, failure handling and mapped tests are verified.",v1.0.0,Implementation-ready
P24-REQ-071,Observability,Must,"GrounUp shall implement governed observability platform capability 71 as a reusable core service with explicit tenant scope, security policy, audit evidence, versioned contracts and automated verification.","Capability 71 passes when tenant/security boundaries, API/data behavior, audit/observability evidence, failure handling and mapped tests are verified.",v1.0.0,Implementation-ready
P24-REQ-072,Health & Readiness,Must,"GrounUp shall implement governed health & readiness platform capability 72 as a reusable core service with explicit tenant scope, security policy, audit evidence, versioned contracts and automated verification.","Capability 72 passes when tenant/security boundaries, API/data behavior, audit/observability evidence, failure handling and mapped tests are verified.",v1.0.0,Implementation-ready
P24-REQ-073,Security Controls,Must,"GrounUp shall implement governed security controls platform capability 73 as a reusable core service with explicit tenant scope, security policy, audit evidence, versioned contracts and automated verification.","Capability 73 passes when tenant/security boundaries, API/data behavior, audit/observability evidence, failure handling and mapped tests are verified.",v1.0.0,Implementation-ready
P24-REQ-074,Test Harness,Must,"GrounUp shall implement governed test harness platform capability 74 as a reusable core service with explicit tenant scope, security policy, audit evidence, versioned contracts and automated verification.","Capability 74 passes when tenant/security boundaries, API/data behavior, audit/observability evidence, failure handling and mapped tests are verified.",v1.0.0,Implementation-ready
P24-REQ-075,Traceability,Must,"GrounUp shall implement governed traceability platform capability 75 as a reusable core service with explicit tenant scope, security policy, audit evidence, versioned contracts and automated verification.","Capability 75 passes when tenant/security boundaries, API/data behavior, audit/observability evidence, failure handling and mapped tests are verified.",v1.0.0,Implementation-ready
P24-REQ-076,Identity & Authentication,Must,"GrounUp shall implement governed identity & authentication platform capability 76 as a reusable core service with explicit tenant scope, security policy, audit evidence, versioned contracts and automated verification.","Capability 76 passes when tenant/security boundaries, API/data behavior, audit/observability evidence, failure handling and mapped tests are verified.",v1.0.0,Implementation-ready
P24-REQ-077,Authorization & Policy,Must,"GrounUp shall implement governed authorization & policy platform capability 77 as a reusable core service with explicit tenant scope, security policy, audit evidence, versioned contracts and automated verification.","Capability 77 passes when tenant/security boundaries, API/data behavior, audit/observability evidence, failure handling and mapped tests are verified.",v1.0.0,Implementation-ready
P24-REQ-078,Tenant Provisioning,Must,"GrounUp shall implement governed tenant provisioning platform capability 78 as a reusable core service with explicit tenant scope, security policy, audit evidence, versioned contracts and automated verification.","Capability 78 passes when tenant/security boundaries, API/data behavior, audit/observability evidence, failure handling and mapped tests are verified.",v1.0.0,Implementation-ready
P24-REQ-079,Tenant Isolation,Must,"GrounUp shall implement governed tenant isolation platform capability 79 as a reusable core service with explicit tenant scope, security policy, audit evidence, versioned contracts and automated verification.","Capability 79 passes when tenant/security boundaries, API/data behavior, audit/observability evidence, failure handling and mapped tests are verified.",v1.0.0,Implementation-ready
P24-REQ-080,Plans & Entitlements,Must,"GrounUp shall implement governed plans & entitlements platform capability 80 as a reusable core service with explicit tenant scope, security policy, audit evidence, versioned contracts and automated verification.","Capability 80 passes when tenant/security boundaries, API/data behavior, audit/observability evidence, failure handling and mapped tests are verified.",v1.0.0,Implementation-ready
P24-REQ-081,White Label Configuration,Must,"GrounUp shall implement governed white label configuration platform capability 81 as a reusable core service with explicit tenant scope, security policy, audit evidence, versioned contracts and automated verification.","Capability 81 passes when tenant/security boundaries, API/data behavior, audit/observability evidence, failure handling and mapped tests are verified.",v1.0.0,Implementation-ready
P24-REQ-082,Canonical Record Metadata,Must,"GrounUp shall implement governed canonical record metadata platform capability 82 as a reusable core service with explicit tenant scope, security policy, audit evidence, versioned contracts and automated verification.","Capability 82 passes when tenant/security boundaries, API/data behavior, audit/observability evidence, failure handling and mapped tests are verified.",v1.0.0,Implementation-ready
P24-REQ-083,Database Migration Foundation,Must,"GrounUp shall implement governed database migration foundation platform capability 83 as a reusable core service with explicit tenant scope, security policy, audit evidence, versioned contracts and automated verification.","Capability 83 passes when tenant/security boundaries, API/data behavior, audit/observability evidence, failure handling and mapped tests are verified.",v1.0.0,Implementation-ready
P24-REQ-084,API Request Lifecycle,Must,"GrounUp shall implement governed api request lifecycle platform capability 84 as a reusable core service with explicit tenant scope, security policy, audit evidence, versioned contracts and automated verification.","Capability 84 passes when tenant/security boundaries, API/data behavior, audit/observability evidence, failure handling and mapped tests are verified.",v1.0.0,Implementation-ready
P24-REQ-085,API Error Contract,Must,"GrounUp shall implement governed api error contract platform capability 85 as a reusable core service with explicit tenant scope, security policy, audit evidence, versioned contracts and automated verification.","Capability 85 passes when tenant/security boundaries, API/data behavior, audit/observability evidence, failure handling and mapped tests are verified.",v1.0.0,Implementation-ready
P24-REQ-086,Idempotency,Must,"GrounUp shall implement governed idempotency platform capability 86 as a reusable core service with explicit tenant scope, security policy, audit evidence, versioned contracts and automated verification.","Capability 86 passes when tenant/security boundaries, API/data behavior, audit/observability evidence, failure handling and mapped tests are verified.",v1.0.0,Implementation-ready
P24-REQ-087,Domain Events,Must,"GrounUp shall implement governed domain events platform capability 87 as a reusable core service with explicit tenant scope, security policy, audit evidence, versioned contracts and automated verification.","Capability 87 passes when tenant/security boundaries, API/data behavior, audit/observability evidence, failure handling and mapped tests are verified.",v1.0.0,Implementation-ready
P24-REQ-088,Audit Evidence,Must,"GrounUp shall implement governed audit evidence platform capability 88 as a reusable core service with explicit tenant scope, security policy, audit evidence, versioned contracts and automated verification.","Capability 88 passes when tenant/security boundaries, API/data behavior, audit/observability evidence, failure handling and mapped tests are verified.",v1.0.0,Implementation-ready
P24-REQ-089,Workflow State Machine,Must,"GrounUp shall implement governed workflow state machine platform capability 89 as a reusable core service with explicit tenant scope, security policy, audit evidence, versioned contracts and automated verification.","Capability 89 passes when tenant/security boundaries, API/data behavior, audit/observability evidence, failure handling and mapped tests are verified.",v1.0.0,Implementation-ready
P24-REQ-090,Approval Policy,Must,"GrounUp shall implement governed approval policy platform capability 90 as a reusable core service with explicit tenant scope, security policy, audit evidence, versioned contracts and automated verification.","Capability 90 passes when tenant/security boundaries, API/data behavior, audit/observability evidence, failure handling and mapped tests are verified.",v1.0.0,Implementation-ready
P24-REQ-091,Notification Hooks,Must,"GrounUp shall implement governed notification hooks platform capability 91 as a reusable core service with explicit tenant scope, security policy, audit evidence, versioned contracts and automated verification.","Capability 91 passes when tenant/security boundaries, API/data behavior, audit/observability evidence, failure handling and mapped tests are verified.",v1.0.0,Implementation-ready
P24-REQ-092,Object/File Metadata,Must,"GrounUp shall implement governed object/file metadata platform capability 92 as a reusable core service with explicit tenant scope, security policy, audit evidence, versioned contracts and automated verification.","Capability 92 passes when tenant/security boundaries, API/data behavior, audit/observability evidence, failure handling and mapped tests are verified.",v1.0.0,Implementation-ready
P24-REQ-093,Search Permission Boundary,Must,"GrounUp shall implement governed search permission boundary platform capability 93 as a reusable core service with explicit tenant scope, security policy, audit evidence, versioned contracts and automated verification.","Capability 93 passes when tenant/security boundaries, API/data behavior, audit/observability evidence, failure handling and mapped tests are verified.",v1.0.0,Implementation-ready
P24-REQ-094,Feature Flags,Must,"GrounUp shall implement governed feature flags platform capability 94 as a reusable core service with explicit tenant scope, security policy, audit evidence, versioned contracts and automated verification.","Capability 94 passes when tenant/security boundaries, API/data behavior, audit/observability evidence, failure handling and mapped tests are verified.",v1.0.0,Implementation-ready
P24-REQ-095,Configuration,Must,"GrounUp shall implement governed configuration platform capability 95 as a reusable core service with explicit tenant scope, security policy, audit evidence, versioned contracts and automated verification.","Capability 95 passes when tenant/security boundaries, API/data behavior, audit/observability evidence, failure handling and mapped tests are verified.",v1.0.0,Implementation-ready
P24-REQ-096,Observability,Must,"GrounUp shall implement governed observability platform capability 96 as a reusable core service with explicit tenant scope, security policy, audit evidence, versioned contracts and automated verification.","Capability 96 passes when tenant/security boundaries, API/data behavior, audit/observability evidence, failure handling and mapped tests are verified.",v1.0.0,Implementation-ready
P24-REQ-097,Health & Readiness,Must,"GrounUp shall implement governed health & readiness platform capability 97 as a reusable core service with explicit tenant scope, security policy, audit evidence, versioned contracts and automated verification.","Capability 97 passes when tenant/security boundaries, API/data behavior, audit/observability evidence, failure handling and mapped tests are verified.",v1.0.0,Implementation-ready
P24-REQ-098,Security Controls,Must,"GrounUp shall implement governed security controls platform capability 98 as a reusable core service with explicit tenant scope, security policy, audit evidence, versioned contracts and automated verification.","Capability 98 passes when tenant/security boundaries, API/data behavior, audit/observability evidence, failure handling and mapped tests are verified.",v1.0.0,Implementation-ready
P24-REQ-099,Test Harness,Must,"GrounUp shall implement governed test harness platform capability 99 as a reusable core service with explicit tenant scope, security policy, audit evidence, versioned contracts and automated verification.","Capability 99 passes when tenant/security boundaries, API/data behavior, audit/observability evidence, failure handling and mapped tests are verified.",v1.0.0,Implementation-ready
P24-REQ-100,Traceability,Must,"GrounUp shall implement governed traceability platform capability 100 as a reusable core service with explicit tenant scope, security policy, audit evidence, versioned contracts and automated verification.","Capability 100 passes when tenant/security boundaries, API/data behavior, audit/observability evidence, failure handling and mapped tests are verified.",v1.0.0,Implementation-ready
P24-REQ-101,Identity & Authentication,Must,"GrounUp shall implement governed identity & authentication platform capability 101 as a reusable core service with explicit tenant scope, security policy, audit evidence, versioned contracts and automated verification.","Capability 101 passes when tenant/security boundaries, API/data behavior, audit/observability evidence, failure handling and mapped tests are verified.",v1.0.0,Implementation-ready
P24-REQ-102,Authorization & Policy,Must,"GrounUp shall implement governed authorization & policy platform capability 102 as a reusable core service with explicit tenant scope, security policy, audit evidence, versioned contracts and automated verification.","Capability 102 passes when tenant/security boundaries, API/data behavior, audit/observability evidence, failure handling and mapped tests are verified.",v1.0.0,Implementation-ready
P24-REQ-103,Tenant Provisioning,Must,"GrounUp shall implement governed tenant provisioning platform capability 103 as a reusable core service with explicit tenant scope, security policy, audit evidence, versioned contracts and automated verification.","Capability 103 passes when tenant/security boundaries, API/data behavior, audit/observability evidence, failure handling and mapped tests are verified.",v1.0.0,Implementation-ready
P24-REQ-104,Tenant Isolation,Must,"GrounUp shall implement governed tenant isolation platform capability 104 as a reusable core service with explicit tenant scope, security policy, audit evidence, versioned contracts and automated verification.","Capability 104 passes when tenant/security boundaries, API/data behavior, audit/observability evidence, failure handling and mapped tests are verified.",v1.0.0,Implementation-ready
P24-REQ-105,Plans & Entitlements,Must,"GrounUp shall implement governed plans & entitlements platform capability 105 as a reusable core service with explicit tenant scope, security policy, audit evidence, versioned contracts and automated verification.","Capability 105 passes when tenant/security boundaries, API/data behavior, audit/observability evidence, failure handling and mapped tests are verified.",v1.0.0,Implementation-ready
P24-REQ-106,White Label Configuration,Must,"GrounUp shall implement governed white label configuration platform capability 106 as a reusable core service with explicit tenant scope, security policy, audit evidence, versioned contracts and automated verification.","Capability 106 passes when tenant/security boundaries, API/data behavior, audit/observability evidence, failure handling and mapped tests are verified.",v1.0.0,Implementation-ready
P24-REQ-107,Canonical Record Metadata,Must,"GrounUp shall implement governed canonical record metadata platform capability 107 as a reusable core service with explicit tenant scope, security policy, audit evidence, versioned contracts and automated verification.","Capability 107 passes when tenant/security boundaries, API/data behavior, audit/observability evidence, failure handling and mapped tests are verified.",v1.0.0,Implementation-ready
P24-REQ-108,Database Migration Foundation,Must,"GrounUp shall implement governed database migration foundation platform capability 108 as a reusable core service with explicit tenant scope, security policy, audit evidence, versioned contracts and automated verification.","Capability 108 passes when tenant/security boundaries, API/data behavior, audit/observability evidence, failure handling and mapped tests are verified.",v1.0.0,Implementation-ready
P24-REQ-109,API Request Lifecycle,Must,"GrounUp shall implement governed api request lifecycle platform capability 109 as a reusable core service with explicit tenant scope, security policy, audit evidence, versioned contracts and automated verification.","Capability 109 passes when tenant/security boundaries, API/data behavior, audit/observability evidence, failure handling and mapped tests are verified.",v1.0.0,Implementation-ready
P24-REQ-110,API Error Contract,Must,"GrounUp shall implement governed api error contract platform capability 110 as a reusable core service with explicit tenant scope, security policy, audit evidence, versioned contracts and automated verification.","Capability 110 passes when tenant/security boundaries, API/data behavior, audit/observability evidence, failure handling and mapped tests are verified.",v1.0.0,Implementation-ready
P24-REQ-111,Idempotency,Must,"GrounUp shall implement governed idempotency platform capability 111 as a reusable core service with explicit tenant scope, security policy, audit evidence, versioned contracts and automated verification.","Capability 111 passes when tenant/security boundaries, API/data behavior, audit/observability evidence, failure handling and mapped tests are verified.",v1.0.0,Implementation-ready
P24-REQ-112,Domain Events,Must,"GrounUp shall implement governed domain events platform capability 112 as a reusable core service with explicit tenant scope, security policy, audit evidence, versioned contracts and automated verification.","Capability 112 passes when tenant/security boundaries, API/data behavior, audit/observability evidence, failure handling and mapped tests are verified.",v1.0.0,Implementation-ready
P24-REQ-113,Audit Evidence,Must,"GrounUp shall implement governed audit evidence platform capability 113 as a reusable core service with explicit tenant scope, security policy, audit evidence, versioned contracts and automated verification.","Capability 113 passes when tenant/security boundaries, API/data behavior, audit/observability evidence, failure handling and mapped tests are verified.",v1.0.0,Implementation-ready
P24-REQ-114,Workflow State Machine,Must,"GrounUp shall implement governed workflow state machine platform capability 114 as a reusable core service with explicit tenant scope, security policy, audit evidence, versioned contracts and automated verification.","Capability 114 passes when tenant/security boundaries, API/data behavior, audit/observability evidence, failure handling and mapped tests are verified.",v1.0.0,Implementation-ready
P24-REQ-115,Approval Policy,Must,"GrounUp shall implement governed approval policy platform capability 115 as a reusable core service with explicit tenant scope, security policy, audit evidence, versioned contracts and automated verification.","Capability 115 passes when tenant/security boundaries, API/data behavior, audit/observability evidence, failure handling and mapped tests are verified.",v1.0.0,Implementation-ready
P24-REQ-116,Notification Hooks,Must,"GrounUp shall implement governed notification hooks platform capability 116 as a reusable core service with explicit tenant scope, security policy, audit evidence, versioned contracts and automated verification.","Capability 116 passes when tenant/security boundaries, API/data behavior, audit/observability evidence, failure handling and mapped tests are verified.",v1.0.0,Implementation-ready
P24-REQ-117,Object/File Metadata,Must,"GrounUp shall implement governed object/file metadata platform capability 117 as a reusable core service with explicit tenant scope, security policy, audit evidence, versioned contracts and automated verification.","Capability 117 passes when tenant/security boundaries, API/data behavior, audit/observability evidence, failure handling and mapped tests are verified.",v1.0.0,Implementation-ready
P24-REQ-118,Search Permission Boundary,Must,"GrounUp shall implement governed search permission boundary platform capability 118 as a reusable core service with explicit tenant scope, security policy, audit evidence, versioned contracts and automated verification.","Capability 118 passes when tenant/security boundaries, API/data behavior, audit/observability evidence, failure handling and mapped tests are verified.",v1.0.0,Implementation-ready
P24-REQ-119,Feature Flags,Must,"GrounUp shall implement governed feature flags platform capability 119 as a reusable core service with explicit tenant scope, security policy, audit evidence, versioned contracts and automated verification.","Capability 119 passes when tenant/security boundaries, API/data behavior, audit/observability evidence, failure handling and mapped tests are verified.",v1.0.0,Implementation-ready
P24-REQ-120,Configuration,Must,"GrounUp shall implement governed configuration platform capability 120 as a reusable core service with explicit tenant scope, security policy, audit evidence, versioned contracts and automated verification.","Capability 120 passes when tenant/security boundaries, API/data behavior, audit/observability evidence, failure handling and mapped tests are verified.",v1.0.0,Implementation-ready
P24-REQ-121,Observability,Must,"GrounUp shall implement governed observability platform capability 121 as a reusable core service with explicit tenant scope, security policy, audit evidence, versioned contracts and automated verification.","Capability 121 passes when tenant/security boundaries, API/data behavior, audit/observability evidence, failure handling and mapped tests are verified.",v1.0.0,Implementation-ready
P24-REQ-122,Health & Readiness,Must,"GrounUp shall implement governed health & readiness platform capability 122 as a reusable core service with explicit tenant scope, security policy, audit evidence, versioned contracts and automated verification.","Capability 122 passes when tenant/security boundaries, API/data behavior, audit/observability evidence, failure handling and mapped tests are verified.",v1.0.0,Implementation-ready
P24-REQ-123,Security Controls,Must,"GrounUp shall implement governed security controls platform capability 123 as a reusable core service with explicit tenant scope, security policy, audit evidence, versioned contracts and automated verification.","Capability 123 passes when tenant/security boundaries, API/data behavior, audit/observability evidence, failure handling and mapped tests are verified.",v1.0.0,Implementation-ready
P24-REQ-124,Test Harness,Must,"GrounUp shall implement governed test harness platform capability 124 as a reusable core service with explicit tenant scope, security policy, audit evidence, versioned contracts and automated verification.","Capability 124 passes when tenant/security boundaries, API/data behavior, audit/observability evidence, failure handling and mapped tests are verified.",v1.0.0,Implementation-ready
P24-REQ-125,Traceability,Must,"GrounUp shall implement governed traceability platform capability 125 as a reusable core service with explicit tenant scope, security policy, audit evidence, versioned contracts and automated verification.","Capability 125 passes when tenant/security boundaries, API/data behavior, audit/observability evidence, failure handling and mapped tests are verified.",v1.0.0,Implementation-ready
P24-REQ-126,Identity & Authentication,Must,"GrounUp shall implement governed identity & authentication platform capability 126 as a reusable core service with explicit tenant scope, security policy, audit evidence, versioned contracts and automated verification.","Capability 126 passes when tenant/security boundaries, API/data behavior, audit/observability evidence, failure handling and mapped tests are verified.",v1.0.0,Implementation-ready
P24-REQ-127,Authorization & Policy,Must,"GrounUp shall implement governed authorization & policy platform capability 127 as a reusable core service with explicit tenant scope, security policy, audit evidence, versioned contracts and automated verification.","Capability 127 passes when tenant/security boundaries, API/data behavior, audit/observability evidence, failure handling and mapped tests are verified.",v1.0.0,Implementation-ready
P24-REQ-128,Tenant Provisioning,Must,"GrounUp shall implement governed tenant provisioning platform capability 128 as a reusable core service with explicit tenant scope, security policy, audit evidence, versioned contracts and automated verification.","Capability 128 passes when tenant/security boundaries, API/data behavior, audit/observability evidence, failure handling and mapped tests are verified.",v1.0.0,Implementation-ready
P24-REQ-129,Tenant Isolation,Must,"GrounUp shall implement governed tenant isolation platform capability 129 as a reusable core service with explicit tenant scope, security policy, audit evidence, versioned contracts and automated verification.","Capability 129 passes when tenant/security boundaries, API/data behavior, audit/observability evidence, failure handling and mapped tests are verified.",v1.0.0,Implementation-ready
P24-REQ-130,Plans & Entitlements,Must,"GrounUp shall implement governed plans & entitlements platform capability 130 as a reusable core service with explicit tenant scope, security policy, audit evidence, versioned contracts and automated verification.","Capability 130 passes when tenant/security boundaries, API/data behavior, audit/observability evidence, failure handling and mapped tests are verified.",v1.0.0,Implementation-ready
P24-REQ-131,White Label Configuration,Must,"GrounUp shall implement governed white label configuration platform capability 131 as a reusable core service with explicit tenant scope, security policy, audit evidence, versioned contracts and automated verification.","Capability 131 passes when tenant/security boundaries, API/data behavior, audit/observability evidence, failure handling and mapped tests are verified.",v1.0.0,Implementation-ready
P24-REQ-132,Canonical Record Metadata,Must,"GrounUp shall implement governed canonical record metadata platform capability 132 as a reusable core service with explicit tenant scope, security policy, audit evidence, versioned contracts and automated verification.","Capability 132 passes when tenant/security boundaries, API/data behavior, audit/observability evidence, failure handling and mapped tests are verified.",v1.0.0,Implementation-ready
P24-REQ-133,Database Migration Foundation,Must,"GrounUp shall implement governed database migration foundation platform capability 133 as a reusable core service with explicit tenant scope, security policy, audit evidence, versioned contracts and automated verification.","Capability 133 passes when tenant/security boundaries, API/data behavior, audit/observability evidence, failure handling and mapped tests are verified.",v1.0.0,Implementation-ready
P24-REQ-134,API Request Lifecycle,Must,"GrounUp shall implement governed api request lifecycle platform capability 134 as a reusable core service with explicit tenant scope, security policy, audit evidence, versioned contracts and automated verification.","Capability 134 passes when tenant/security boundaries, API/data behavior, audit/observability evidence, failure handling and mapped tests are verified.",v1.0.0,Implementation-ready
P24-REQ-135,API Error Contract,Must,"GrounUp shall implement governed api error contract platform capability 135 as a reusable core service with explicit tenant scope, security policy, audit evidence, versioned contracts and automated verification.","Capability 135 passes when tenant/security boundaries, API/data behavior, audit/observability evidence, failure handling and mapped tests are verified.",v1.0.0,Implementation-ready
P24-REQ-136,Idempotency,Must,"GrounUp shall implement governed idempotency platform capability 136 as a reusable core service with explicit tenant scope, security policy, audit evidence, versioned contracts and automated verification.","Capability 136 passes when tenant/security boundaries, API/data behavior, audit/observability evidence, failure handling and mapped tests are verified.",v1.0.0,Implementation-ready
P24-REQ-137,Domain Events,Must,"GrounUp shall implement governed domain events platform capability 137 as a reusable core service with explicit tenant scope, security policy, audit evidence, versioned contracts and automated verification.","Capability 137 passes when tenant/security boundaries, API/data behavior, audit/observability evidence, failure handling and mapped tests are verified.",v1.0.0,Implementation-ready
P24-REQ-138,Audit Evidence,Must,"GrounUp shall implement governed audit evidence platform capability 138 as a reusable core service with explicit tenant scope, security policy, audit evidence, versioned contracts and automated verification.","Capability 138 passes when tenant/security boundaries, API/data behavior, audit/observability evidence, failure handling and mapped tests are verified.",v1.0.0,Implementation-ready
P24-REQ-139,Workflow State Machine,Must,"GrounUp shall implement governed workflow state machine platform capability 139 as a reusable core service with explicit tenant scope, security policy, audit evidence, versioned contracts and automated verification.","Capability 139 passes when tenant/security boundaries, API/data behavior, audit/observability evidence, failure handling and mapped tests are verified.",v1.0.0,Implementation-ready
P24-REQ-140,Approval Policy,Must,"GrounUp shall implement governed approval policy platform capability 140 as a reusable core service with explicit tenant scope, security policy, audit evidence, versioned contracts and automated verification.","Capability 140 passes when tenant/security boundaries, API/data behavior, audit/observability evidence, failure handling and mapped tests are verified.",v1.0.0,Implementation-ready
P24-REQ-141,Notification Hooks,Must,"GrounUp shall implement governed notification hooks platform capability 141 as a reusable core service with explicit tenant scope, security policy, audit evidence, versioned contracts and automated verification.","Capability 141 passes when tenant/security boundaries, API/data behavior, audit/observability evidence, failure handling and mapped tests are verified.",v1.0.0,Implementation-ready
P24-REQ-142,Object/File Metadata,Must,"GrounUp shall implement governed object/file metadata platform capability 142 as a reusable core service with explicit tenant scope, security policy, audit evidence, versioned contracts and automated verification.","Capability 142 passes when tenant/security boundaries, API/data behavior, audit/observability evidence, failure handling and mapped tests are verified.",v1.0.0,Implementation-ready
P24-REQ-143,Search Permission Boundary,Must,"GrounUp shall implement governed search permission boundary platform capability 143 as a reusable core service with explicit tenant scope, security policy, audit evidence, versioned contracts and automated verification.","Capability 143 passes when tenant/security boundaries, API/data behavior, audit/observability evidence, failure handling and mapped tests are verified.",v1.0.0,Implementation-ready
P24-REQ-144,Feature Flags,Must,"GrounUp shall implement governed feature flags platform capability 144 as a reusable core service with explicit tenant scope, security policy, audit evidence, versioned contracts and automated verification.","Capability 144 passes when tenant/security boundaries, API/data behavior, audit/observability evidence, failure handling and mapped tests are verified.",v1.0.0,Implementation-ready
P24-REQ-145,Configuration,Must,"GrounUp shall implement governed configuration platform capability 145 as a reusable core service with explicit tenant scope, security policy, audit evidence, versioned contracts and automated verification.","Capability 145 passes when tenant/security boundaries, API/data behavior, audit/observability evidence, failure handling and mapped tests are verified.",v1.0.0,Implementation-ready
P24-REQ-146,Observability,Must,"GrounUp shall implement governed observability platform capability 146 as a reusable core service with explicit tenant scope, security policy, audit evidence, versioned contracts and automated verification.","Capability 146 passes when tenant/security boundaries, API/data behavior, audit/observability evidence, failure handling and mapped tests are verified.",v1.0.0,Implementation-ready
P24-REQ-147,Health & Readiness,Must,"GrounUp shall implement governed health & readiness platform capability 147 as a reusable core service with explicit tenant scope, security policy, audit evidence, versioned contracts and automated verification.","Capability 147 passes when tenant/security boundaries, API/data behavior, audit/observability evidence, failure handling and mapped tests are verified.",v1.0.0,Implementation-ready
P24-REQ-148,Security Controls,Must,"GrounUp shall implement governed security controls platform capability 148 as a reusable core service with explicit tenant scope, security policy, audit evidence, versioned contracts and automated verification.","Capability 148 passes when tenant/security boundaries, API/data behavior, audit/observability evidence, failure handling and mapped tests are verified.",v1.0.0,Implementation-ready
P24-REQ-149,Test Harness,Must,"GrounUp shall implement governed test harness platform capability 149 as a reusable core service with explicit tenant scope, security policy, audit evidence, versioned contracts and automated verification.","Capability 149 passes when tenant/security boundaries, API/data behavior, audit/observability evidence, failure handling and mapped tests are verified.",v1.0.0,Implementation-ready
P24-REQ-150,Traceability,Must,"GrounUp shall implement governed traceability platform capability 150 as a reusable core service with explicit tenant scope, security policy, audit evidence, versioned contracts and automated verification.","Capability 150 passes when tenant/security boundaries, API/data behavior, audit/observability evidence, failure handling and mapped tests are verified.",v1.0.0,Implementation-ready
P24-REQ-151,Identity & Authentication,Must,"GrounUp shall implement governed identity & authentication platform capability 151 as a reusable core service with explicit tenant scope, security policy, audit evidence, versioned contracts and automated verification.","Capability 151 passes when tenant/security boundaries, API/data behavior, audit/observability evidence, failure handling and mapped tests are verified.",v1.0.0,Implementation-ready
P24-REQ-152,Authorization & Policy,Must,"GrounUp shall implement governed authorization & policy platform capability 152 as a reusable core service with explicit tenant scope, security policy, audit evidence, versioned contracts and automated verification.","Capability 152 passes when tenant/security boundaries, API/data behavior, audit/observability evidence, failure handling and mapped tests are verified.",v1.0.0,Implementation-ready
P24-REQ-153,Tenant Provisioning,Must,"GrounUp shall implement governed tenant provisioning platform capability 153 as a reusable core service with explicit tenant scope, security policy, audit evidence, versioned contracts and automated verification.","Capability 153 passes when tenant/security boundaries, API/data behavior, audit/observability evidence, failure handling and mapped tests are verified.",v1.0.0,Implementation-ready
P24-REQ-154,Tenant Isolation,Must,"GrounUp shall implement governed tenant isolation platform capability 154 as a reusable core service with explicit tenant scope, security policy, audit evidence, versioned contracts and automated verification.","Capability 154 passes when tenant/security boundaries, API/data behavior, audit/observability evidence, failure handling and mapped tests are verified.",v1.0.0,Implementation-ready
P24-REQ-155,Plans & Entitlements,Must,"GrounUp shall implement governed plans & entitlements platform capability 155 as a reusable core service with explicit tenant scope, security policy, audit evidence, versioned contracts and automated verification.","Capability 155 passes when tenant/security boundaries, API/data behavior, audit/observability evidence, failure handling and mapped tests are verified.",v1.0.0,Implementation-ready
P24-REQ-156,White Label Configuration,Must,"GrounUp shall implement governed white label configuration platform capability 156 as a reusable core service with explicit tenant scope, security policy, audit evidence, versioned contracts and automated verification.","Capability 156 passes when tenant/security boundaries, API/data behavior, audit/observability evidence, failure handling and mapped tests are verified.",v1.0.0,Implementation-ready
P24-REQ-157,Canonical Record Metadata,Must,"GrounUp shall implement governed canonical record metadata platform capability 157 as a reusable core service with explicit tenant scope, security policy, audit evidence, versioned contracts and automated verification.","Capability 157 passes when tenant/security boundaries, API/data behavior, audit/observability evidence, failure handling and mapped tests are verified.",v1.0.0,Implementation-ready
P24-REQ-158,Database Migration Foundation,Must,"GrounUp shall implement governed database migration foundation platform capability 158 as a reusable core service with explicit tenant scope, security policy, audit evidence, versioned contracts and automated verification.","Capability 158 passes when tenant/security boundaries, API/data behavior, audit/observability evidence, failure handling and mapped tests are verified.",v1.0.0,Implementation-ready
P24-REQ-159,API Request Lifecycle,Must,"GrounUp shall implement governed api request lifecycle platform capability 159 as a reusable core service with explicit tenant scope, security policy, audit evidence, versioned contracts and automated verification.","Capability 159 passes when tenant/security boundaries, API/data behavior, audit/observability evidence, failure handling and mapped tests are verified.",v1.0.0,Implementation-ready
P24-REQ-160,API Error Contract,Must,"GrounUp shall implement governed api error contract platform capability 160 as a reusable core service with explicit tenant scope, security policy, audit evidence, versioned contracts and automated verification.","Capability 160 passes when tenant/security boundaries, API/data behavior, audit/observability evidence, failure handling and mapped tests are verified.",v1.0.0,Implementation-ready
P24-REQ-161,Idempotency,Must,"GrounUp shall implement governed idempotency platform capability 161 as a reusable core service with explicit tenant scope, security policy, audit evidence, versioned contracts and automated verification.","Capability 161 passes when tenant/security boundaries, API/data behavior, audit/observability evidence, failure handling and mapped tests are verified.",v1.0.0,Implementation-ready
P24-REQ-162,Domain Events,Must,"GrounUp shall implement governed domain events platform capability 162 as a reusable core service with explicit tenant scope, security policy, audit evidence, versioned contracts and automated verification.","Capability 162 passes when tenant/security boundaries, API/data behavior, audit/observability evidence, failure handling and mapped tests are verified.",v1.0.0,Implementation-ready
P24-REQ-163,Audit Evidence,Must,"GrounUp shall implement governed audit evidence platform capability 163 as a reusable core service with explicit tenant scope, security policy, audit evidence, versioned contracts and automated verification.","Capability 163 passes when tenant/security boundaries, API/data behavior, audit/observability evidence, failure handling and mapped tests are verified.",v1.0.0,Implementation-ready
P24-REQ-164,Workflow State Machine,Must,"GrounUp shall implement governed workflow state machine platform capability 164 as a reusable core service with explicit tenant scope, security policy, audit evidence, versioned contracts and automated verification.","Capability 164 passes when tenant/security boundaries, API/data behavior, audit/observability evidence, failure handling and mapped tests are verified.",v1.0.0,Implementation-ready
P24-REQ-165,Approval Policy,Must,"GrounUp shall implement governed approval policy platform capability 165 as a reusable core service with explicit tenant scope, security policy, audit evidence, versioned contracts and automated verification.","Capability 165 passes when tenant/security boundaries, API/data behavior, audit/observability evidence, failure handling and mapped tests are verified.",v1.0.0,Implementation-ready
P24-REQ-166,Notification Hooks,Must,"GrounUp shall implement governed notification hooks platform capability 166 as a reusable core service with explicit tenant scope, security policy, audit evidence, versioned contracts and automated verification.","Capability 166 passes when tenant/security boundaries, API/data behavior, audit/observability evidence, failure handling and mapped tests are verified.",v1.0.0,Implementation-ready
P24-REQ-167,Object/File Metadata,Must,"GrounUp shall implement governed object/file metadata platform capability 167 as a reusable core service with explicit tenant scope, security policy, audit evidence, versioned contracts and automated verification.","Capability 167 passes when tenant/security boundaries, API/data behavior, audit/observability evidence, failure handling and mapped tests are verified.",v1.0.0,Implementation-ready
P24-REQ-168,Search Permission Boundary,Must,"GrounUp shall implement governed search permission boundary platform capability 168 as a reusable core service with explicit tenant scope, security policy, audit evidence, versioned contracts and automated verification.","Capability 168 passes when tenant/security boundaries, API/data behavior, audit/observability evidence, failure handling and mapped tests are verified.",v1.0.0,Implementation-ready
P24-REQ-169,Feature Flags,Must,"GrounUp shall implement governed feature flags platform capability 169 as a reusable core service with explicit tenant scope, security policy, audit evidence, versioned contracts and automated verification.","Capability 169 passes when tenant/security boundaries, API/data behavior, audit/observability evidence, failure handling and mapped tests are verified.",v1.0.0,Implementation-ready
P24-REQ-170,Configuration,Must,"GrounUp shall implement governed configuration platform capability 170 as a reusable core service with explicit tenant scope, security policy, audit evidence, versioned contracts and automated verification.","Capability 170 passes when tenant/security boundaries, API/data behavior, audit/observability evidence, failure handling and mapped tests are verified.",v1.0.0,Implementation-ready
P24-REQ-171,Observability,Must,"GrounUp shall implement governed observability platform capability 171 as a reusable core service with explicit tenant scope, security policy, audit evidence, versioned contracts and automated verification.","Capability 171 passes when tenant/security boundaries, API/data behavior, audit/observability evidence, failure handling and mapped tests are verified.",v1.0.0,Implementation-ready
P24-REQ-172,Health & Readiness,Must,"GrounUp shall implement governed health & readiness platform capability 172 as a reusable core service with explicit tenant scope, security policy, audit evidence, versioned contracts and automated verification.","Capability 172 passes when tenant/security boundaries, API/data behavior, audit/observability evidence, failure handling and mapped tests are verified.",v1.0.0,Implementation-ready
P24-REQ-173,Security Controls,Must,"GrounUp shall implement governed security controls platform capability 173 as a reusable core service with explicit tenant scope, security policy, audit evidence, versioned contracts and automated verification.","Capability 173 passes when tenant/security boundaries, API/data behavior, audit/observability evidence, failure handling and mapped tests are verified.",v1.0.0,Implementation-ready
P24-REQ-174,Test Harness,Must,"GrounUp shall implement governed test harness platform capability 174 as a reusable core service with explicit tenant scope, security policy, audit evidence, versioned contracts and automated verification.","Capability 174 passes when tenant/security boundaries, API/data behavior, audit/observability evidence, failure handling and mapped tests are verified.",v1.0.0,Implementation-ready
P24-REQ-175,Traceability,Must,"GrounUp shall implement governed traceability platform capability 175 as a reusable core service with explicit tenant scope, security policy, audit evidence, versioned contracts and automated verification.","Capability 175 passes when tenant/security boundaries, API/data behavior, audit/observability evidence, failure handling and mapped tests are verified.",v1.0.0,Implementation-ready
P24-REQ-176,Identity & Authentication,Must,"GrounUp shall implement governed identity & authentication platform capability 176 as a reusable core service with explicit tenant scope, security policy, audit evidence, versioned contracts and automated verification.","Capability 176 passes when tenant/security boundaries, API/data behavior, audit/observability evidence, failure handling and mapped tests are verified.",v1.0.0,Implementation-ready
P24-REQ-177,Authorization & Policy,Must,"GrounUp shall implement governed authorization & policy platform capability 177 as a reusable core service with explicit tenant scope, security policy, audit evidence, versioned contracts and automated verification.","Capability 177 passes when tenant/security boundaries, API/data behavior, audit/observability evidence, failure handling and mapped tests are verified.",v1.0.0,Implementation-ready
P24-REQ-178,Tenant Provisioning,Must,"GrounUp shall implement governed tenant provisioning platform capability 178 as a reusable core service with explicit tenant scope, security policy, audit evidence, versioned contracts and automated verification.","Capability 178 passes when tenant/security boundaries, API/data behavior, audit/observability evidence, failure handling and mapped tests are verified.",v1.0.0,Implementation-ready
P24-REQ-179,Tenant Isolation,Must,"GrounUp shall implement governed tenant isolation platform capability 179 as a reusable core service with explicit tenant scope, security policy, audit evidence, versioned contracts and automated verification.","Capability 179 passes when tenant/security boundaries, API/data behavior, audit/observability evidence, failure handling and mapped tests are verified.",v1.0.0,Implementation-ready
P24-REQ-180,Plans & Entitlements,Must,"GrounUp shall implement governed plans & entitlements platform capability 180 as a reusable core service with explicit tenant scope, security policy, audit evidence, versioned contracts and automated verification.","Capability 180 passes when tenant/security boundaries, API/data behavior, audit/observability evidence, failure handling and mapped tests are verified.",v1.0.0,Implementation-ready
P24-REQ-181,White Label Configuration,Must,"GrounUp shall implement governed white label configuration platform capability 181 as a reusable core service with explicit tenant scope, security policy, audit evidence, versioned contracts and automated verification.","Capability 181 passes when tenant/security boundaries, API/data behavior, audit/observability evidence, failure handling and mapped tests are verified.",v1.0.0,Implementation-ready
P24-REQ-182,Canonical Record Metadata,Must,"GrounUp shall implement governed canonical record metadata platform capability 182 as a reusable core service with explicit tenant scope, security policy, audit evidence, versioned contracts and automated verification.","Capability 182 passes when tenant/security boundaries, API/data behavior, audit/observability evidence, failure handling and mapped tests are verified.",v1.0.0,Implementation-ready
P24-REQ-183,Database Migration Foundation,Must,"GrounUp shall implement governed database migration foundation platform capability 183 as a reusable core service with explicit tenant scope, security policy, audit evidence, versioned contracts and automated verification.","Capability 183 passes when tenant/security boundaries, API/data behavior, audit/observability evidence, failure handling and mapped tests are verified.",v1.0.0,Implementation-ready
P24-REQ-184,API Request Lifecycle,Must,"GrounUp shall implement governed api request lifecycle platform capability 184 as a reusable core service with explicit tenant scope, security policy, audit evidence, versioned contracts and automated verification.","Capability 184 passes when tenant/security boundaries, API/data behavior, audit/observability evidence, failure handling and mapped tests are verified.",v1.0.0,Implementation-ready
P24-REQ-185,API Error Contract,Must,"GrounUp shall implement governed api error contract platform capability 185 as a reusable core service with explicit tenant scope, security policy, audit evidence, versioned contracts and automated verification.","Capability 185 passes when tenant/security boundaries, API/data behavior, audit/observability evidence, failure handling and mapped tests are verified.",v1.0.0,Implementation-ready
P24-REQ-186,Idempotency,Must,"GrounUp shall implement governed idempotency platform capability 186 as a reusable core service with explicit tenant scope, security policy, audit evidence, versioned contracts and automated verification.","Capability 186 passes when tenant/security boundaries, API/data behavior, audit/observability evidence, failure handling and mapped tests are verified.",v1.0.0,Implementation-ready
P24-REQ-187,Domain Events,Must,"GrounUp shall implement governed domain events platform capability 187 as a reusable core service with explicit tenant scope, security policy, audit evidence, versioned contracts and automated verification.","Capability 187 passes when tenant/security boundaries, API/data behavior, audit/observability evidence, failure handling and mapped tests are verified.",v1.0.0,Implementation-ready
P24-REQ-188,Audit Evidence,Must,"GrounUp shall implement governed audit evidence platform capability 188 as a reusable core service with explicit tenant scope, security policy, audit evidence, versioned contracts and automated verification.","Capability 188 passes when tenant/security boundaries, API/data behavior, audit/observability evidence, failure handling and mapped tests are verified.",v1.0.0,Implementation-ready
P24-REQ-189,Workflow State Machine,Must,"GrounUp shall implement governed workflow state machine platform capability 189 as a reusable core service with explicit tenant scope, security policy, audit evidence, versioned contracts and automated verification.","Capability 189 passes when tenant/security boundaries, API/data behavior, audit/observability evidence, failure handling and mapped tests are verified.",v1.0.0,Implementation-ready
P24-REQ-190,Approval Policy,Must,"GrounUp shall implement governed approval policy platform capability 190 as a reusable core service with explicit tenant scope, security policy, audit evidence, versioned contracts and automated verification.","Capability 190 passes when tenant/security boundaries, API/data behavior, audit/observability evidence, failure handling and mapped tests are verified.",v1.0.0,Implementation-ready
P24-REQ-191,Notification Hooks,Must,"GrounUp shall implement governed notification hooks platform capability 191 as a reusable core service with explicit tenant scope, security policy, audit evidence, versioned contracts and automated verification.","Capability 191 passes when tenant/security boundaries, API/data behavior, audit/observability evidence, failure handling and mapped tests are verified.",v1.0.0,Implementation-ready
P24-REQ-192,Object/File Metadata,Must,"GrounUp shall implement governed object/file metadata platform capability 192 as a reusable core service with explicit tenant scope, security policy, audit evidence, versioned contracts and automated verification.","Capability 192 passes when tenant/security boundaries, API/data behavior, audit/observability evidence, failure handling and mapped tests are verified.",v1.0.0,Implementation-ready
P24-REQ-193,Search Permission Boundary,Must,"GrounUp shall implement governed search permission boundary platform capability 193 as a reusable core service with explicit tenant scope, security policy, audit evidence, versioned contracts and automated verification.","Capability 193 passes when tenant/security boundaries, API/data behavior, audit/observability evidence, failure handling and mapped tests are verified.",v1.0.0,Implementation-ready
P24-REQ-194,Feature Flags,Must,"GrounUp shall implement governed feature flags platform capability 194 as a reusable core service with explicit tenant scope, security policy, audit evidence, versioned contracts and automated verification.","Capability 194 passes when tenant/security boundaries, API/data behavior, audit/observability evidence, failure handling and mapped tests are verified.",v1.0.0,Implementation-ready
P24-REQ-195,Configuration,Must,"GrounUp shall implement governed configuration platform capability 195 as a reusable core service with explicit tenant scope, security policy, audit evidence, versioned contracts and automated verification.","Capability 195 passes when tenant/security boundaries, API/data behavior, audit/observability evidence, failure handling and mapped tests are verified.",v1.0.0,Implementation-ready
P24-REQ-196,Observability,Must,"GrounUp shall implement governed observability platform capability 196 as a reusable core service with explicit tenant scope, security policy, audit evidence, versioned contracts and automated verification.","Capability 196 passes when tenant/security boundaries, API/data behavior, audit/observability evidence, failure handling and mapped tests are verified.",v1.0.0,Implementation-ready
P24-REQ-197,Health & Readiness,Must,"GrounUp shall implement governed health & readiness platform capability 197 as a reusable core service with explicit tenant scope, security policy, audit evidence, versioned contracts and automated verification.","Capability 197 passes when tenant/security boundaries, API/data behavior, audit/observability evidence, failure handling and mapped tests are verified.",v1.0.0,Implementation-ready
P24-REQ-198,Security Controls,Must,"GrounUp shall implement governed security controls platform capability 198 as a reusable core service with explicit tenant scope, security policy, audit evidence, versioned contracts and automated verification.","Capability 198 passes when tenant/security boundaries, API/data behavior, audit/observability evidence, failure handling and mapped tests are verified.",v1.0.0,Implementation-ready
P24-REQ-199,Test Harness,Must,"GrounUp shall implement governed test harness platform capability 199 as a reusable core service with explicit tenant scope, security policy, audit evidence, versioned contracts and automated verification.","Capability 199 passes when tenant/security boundaries, API/data behavior, audit/observability evidence, failure handling and mapped tests are verified.",v1.0.0,Implementation-ready
P24-REQ-200,Traceability,Must,"GrounUp shall implement governed traceability platform capability 200 as a reusable core service with explicit tenant scope, security policy, audit evidence, versioned contracts and automated verification.","Capability 200 passes when tenant/security boundaries, API/data behavior, audit/observability evidence, failure handling and mapped tests are verified.",v1.0.0,Implementation-ready
P24-REQ-201,Identity & Authentication,Must,"GrounUp shall implement governed identity & authentication platform capability 201 as a reusable core service with explicit tenant scope, security policy, audit evidence, versioned contracts and automated verification.","Capability 201 passes when tenant/security boundaries, API/data behavior, audit/observability evidence, failure handling and mapped tests are verified.",v1.0.0,Implementation-ready
P24-REQ-202,Authorization & Policy,Must,"GrounUp shall implement governed authorization & policy platform capability 202 as a reusable core service with explicit tenant scope, security policy, audit evidence, versioned contracts and automated verification.","Capability 202 passes when tenant/security boundaries, API/data behavior, audit/observability evidence, failure handling and mapped tests are verified.",v1.0.0,Implementation-ready
P24-REQ-203,Tenant Provisioning,Must,"GrounUp shall implement governed tenant provisioning platform capability 203 as a reusable core service with explicit tenant scope, security policy, audit evidence, versioned contracts and automated verification.","Capability 203 passes when tenant/security boundaries, API/data behavior, audit/observability evidence, failure handling and mapped tests are verified.",v1.0.0,Implementation-ready
P24-REQ-204,Tenant Isolation,Must,"GrounUp shall implement governed tenant isolation platform capability 204 as a reusable core service with explicit tenant scope, security policy, audit evidence, versioned contracts and automated verification.","Capability 204 passes when tenant/security boundaries, API/data behavior, audit/observability evidence, failure handling and mapped tests are verified.",v1.0.0,Implementation-ready
P24-REQ-205,Plans & Entitlements,Must,"GrounUp shall implement governed plans & entitlements platform capability 205 as a reusable core service with explicit tenant scope, security policy, audit evidence, versioned contracts and automated verification.","Capability 205 passes when tenant/security boundaries, API/data behavior, audit/observability evidence, failure handling and mapped tests are verified.",v1.0.0,Implementation-ready
P24-REQ-206,White Label Configuration,Must,"GrounUp shall implement governed white label configuration platform capability 206 as a reusable core service with explicit tenant scope, security policy, audit evidence, versioned contracts and automated verification.","Capability 206 passes when tenant/security boundaries, API/data behavior, audit/observability evidence, failure handling and mapped tests are verified.",v1.0.0,Implementation-ready
P24-REQ-207,Canonical Record Metadata,Must,"GrounUp shall implement governed canonical record metadata platform capability 207 as a reusable core service with explicit tenant scope, security policy, audit evidence, versioned contracts and automated verification.","Capability 207 passes when tenant/security boundaries, API/data behavior, audit/observability evidence, failure handling and mapped tests are verified.",v1.0.0,Implementation-ready
P24-REQ-208,Database Migration Foundation,Must,"GrounUp shall implement governed database migration foundation platform capability 208 as a reusable core service with explicit tenant scope, security policy, audit evidence, versioned contracts and automated verification.","Capability 208 passes when tenant/security boundaries, API/data behavior, audit/observability evidence, failure handling and mapped tests are verified.",v1.0.0,Implementation-ready
P24-REQ-209,API Request Lifecycle,Must,"GrounUp shall implement governed api request lifecycle platform capability 209 as a reusable core service with explicit tenant scope, security policy, audit evidence, versioned contracts and automated verification.","Capability 209 passes when tenant/security boundaries, API/data behavior, audit/observability evidence, failure handling and mapped tests are verified.",v1.0.0,Implementation-ready
P24-REQ-210,API Error Contract,Must,"GrounUp shall implement governed api error contract platform capability 210 as a reusable core service with explicit tenant scope, security policy, audit evidence, versioned contracts and automated verification.","Capability 210 passes when tenant/security boundaries, API/data behavior, audit/observability evidence, failure handling and mapped tests are verified.",v1.0.0,Implementation-ready
P24-REQ-211,Idempotency,Must,"GrounUp shall implement governed idempotency platform capability 211 as a reusable core service with explicit tenant scope, security policy, audit evidence, versioned contracts and automated verification.","Capability 211 passes when tenant/security boundaries, API/data behavior, audit/observability evidence, failure handling and mapped tests are verified.",v1.0.0,Implementation-ready
P24-REQ-212,Domain Events,Must,"GrounUp shall implement governed domain events platform capability 212 as a reusable core service with explicit tenant scope, security policy, audit evidence, versioned contracts and automated verification.","Capability 212 passes when tenant/security boundaries, API/data behavior, audit/observability evidence, failure handling and mapped tests are verified.",v1.0.0,Implementation-ready
P24-REQ-213,Audit Evidence,Must,"GrounUp shall implement governed audit evidence platform capability 213 as a reusable core service with explicit tenant scope, security policy, audit evidence, versioned contracts and automated verification.","Capability 213 passes when tenant/security boundaries, API/data behavior, audit/observability evidence, failure handling and mapped tests are verified.",v1.0.0,Implementation-ready
P24-REQ-214,Workflow State Machine,Must,"GrounUp shall implement governed workflow state machine platform capability 214 as a reusable core service with explicit tenant scope, security policy, audit evidence, versioned contracts and automated verification.","Capability 214 passes when tenant/security boundaries, API/data behavior, audit/observability evidence, failure handling and mapped tests are verified.",v1.0.0,Implementation-ready
P24-REQ-215,Approval Policy,Must,"GrounUp shall implement governed approval policy platform capability 215 as a reusable core service with explicit tenant scope, security policy, audit evidence, versioned contracts and automated verification.","Capability 215 passes when tenant/security boundaries, API/data behavior, audit/observability evidence, failure handling and mapped tests are verified.",v1.0.0,Implementation-ready
P24-REQ-216,Notification Hooks,Must,"GrounUp shall implement governed notification hooks platform capability 216 as a reusable core service with explicit tenant scope, security policy, audit evidence, versioned contracts and automated verification.","Capability 216 passes when tenant/security boundaries, API/data behavior, audit/observability evidence, failure handling and mapped tests are verified.",v1.0.0,Implementation-ready
P24-REQ-217,Object/File Metadata,Must,"GrounUp shall implement governed object/file metadata platform capability 217 as a reusable core service with explicit tenant scope, security policy, audit evidence, versioned contracts and automated verification.","Capability 217 passes when tenant/security boundaries, API/data behavior, audit/observability evidence, failure handling and mapped tests are verified.",v1.0.0,Implementation-ready
P24-REQ-218,Search Permission Boundary,Must,"GrounUp shall implement governed search permission boundary platform capability 218 as a reusable core service with explicit tenant scope, security policy, audit evidence, versioned contracts and automated verification.","Capability 218 passes when tenant/security boundaries, API/data behavior, audit/observability evidence, failure handling and mapped tests are verified.",v1.0.0,Implementation-ready
P24-REQ-219,Feature Flags,Must,"GrounUp shall implement governed feature flags platform capability 219 as a reusable core service with explicit tenant scope, security policy, audit evidence, versioned contracts and automated verification.","Capability 219 passes when tenant/security boundaries, API/data behavior, audit/observability evidence, failure handling and mapped tests are verified.",v1.0.0,Implementation-ready
P24-REQ-220,Configuration,Must,"GrounUp shall implement governed configuration platform capability 220 as a reusable core service with explicit tenant scope, security policy, audit evidence, versioned contracts and automated verification.","Capability 220 passes when tenant/security boundaries, API/data behavior, audit/observability evidence, failure handling and mapped tests are verified.",v1.0.0,Implementation-ready
P24-REQ-221,Observability,Must,"GrounUp shall implement governed observability platform capability 221 as a reusable core service with explicit tenant scope, security policy, audit evidence, versioned contracts and automated verification.","Capability 221 passes when tenant/security boundaries, API/data behavior, audit/observability evidence, failure handling and mapped tests are verified.",v1.0.0,Implementation-ready
P24-REQ-222,Health & Readiness,Must,"GrounUp shall implement governed health & readiness platform capability 222 as a reusable core service with explicit tenant scope, security policy, audit evidence, versioned contracts and automated verification.","Capability 222 passes when tenant/security boundaries, API/data behavior, audit/observability evidence, failure handling and mapped tests are verified.",v1.0.0,Implementation-ready
P24-REQ-223,Security Controls,Must,"GrounUp shall implement governed security controls platform capability 223 as a reusable core service with explicit tenant scope, security policy, audit evidence, versioned contracts and automated verification.","Capability 223 passes when tenant/security boundaries, API/data behavior, audit/observability evidence, failure handling and mapped tests are verified.",v1.0.0,Implementation-ready
P24-REQ-224,Test Harness,Must,"GrounUp shall implement governed test harness platform capability 224 as a reusable core service with explicit tenant scope, security policy, audit evidence, versioned contracts and automated verification.","Capability 224 passes when tenant/security boundaries, API/data behavior, audit/observability evidence, failure handling and mapped tests are verified.",v1.0.0,Implementation-ready
P24-REQ-225,Traceability,Must,"GrounUp shall implement governed traceability platform capability 225 as a reusable core service with explicit tenant scope, security policy, audit evidence, versioned contracts and automated verification.","Capability 225 passes when tenant/security boundaries, API/data behavior, audit/observability evidence, failure handling and mapped tests are verified.",v1.0.0,Implementation-ready
P24-REQ-226,Identity & Authentication,Must,"GrounUp shall implement governed identity & authentication platform capability 226 as a reusable core service with explicit tenant scope, security policy, audit evidence, versioned contracts and automated verification.","Capability 226 passes when tenant/security boundaries, API/data behavior, audit/observability evidence, failure handling and mapped tests are verified.",v1.0.0,Implementation-ready
P24-REQ-227,Authorization & Policy,Must,"GrounUp shall implement governed authorization & policy platform capability 227 as a reusable core service with explicit tenant scope, security policy, audit evidence, versioned contracts and automated verification.","Capability 227 passes when tenant/security boundaries, API/data behavior, audit/observability evidence, failure handling and mapped tests are verified.",v1.0.0,Implementation-ready
P24-REQ-228,Tenant Provisioning,Must,"GrounUp shall implement governed tenant provisioning platform capability 228 as a reusable core service with explicit tenant scope, security policy, audit evidence, versioned contracts and automated verification.","Capability 228 passes when tenant/security boundaries, API/data behavior, audit/observability evidence, failure handling and mapped tests are verified.",v1.0.0,Implementation-ready
P24-REQ-229,Tenant Isolation,Must,"GrounUp shall implement governed tenant isolation platform capability 229 as a reusable core service with explicit tenant scope, security policy, audit evidence, versioned contracts and automated verification.","Capability 229 passes when tenant/security boundaries, API/data behavior, audit/observability evidence, failure handling and mapped tests are verified.",v1.0.0,Implementation-ready
P24-REQ-230,Plans & Entitlements,Must,"GrounUp shall implement governed plans & entitlements platform capability 230 as a reusable core service with explicit tenant scope, security policy, audit evidence, versioned contracts and automated verification.","Capability 230 passes when tenant/security boundaries, API/data behavior, audit/observability evidence, failure handling and mapped tests are verified.",v1.0.0,Implementation-ready
P24-REQ-231,White Label Configuration,Must,"GrounUp shall implement governed white label configuration platform capability 231 as a reusable core service with explicit tenant scope, security policy, audit evidence, versioned contracts and automated verification.","Capability 231 passes when tenant/security boundaries, API/data behavior, audit/observability evidence, failure handling and mapped tests are verified.",v1.0.0,Implementation-ready
P24-REQ-232,Canonical Record Metadata,Must,"GrounUp shall implement governed canonical record metadata platform capability 232 as a reusable core service with explicit tenant scope, security policy, audit evidence, versioned contracts and automated verification.","Capability 232 passes when tenant/security boundaries, API/data behavior, audit/observability evidence, failure handling and mapped tests are verified.",v1.0.0,Implementation-ready
P24-REQ-233,Database Migration Foundation,Must,"GrounUp shall implement governed database migration foundation platform capability 233 as a reusable core service with explicit tenant scope, security policy, audit evidence, versioned contracts and automated verification.","Capability 233 passes when tenant/security boundaries, API/data behavior, audit/observability evidence, failure handling and mapped tests are verified.",v1.0.0,Implementation-ready
P24-REQ-234,API Request Lifecycle,Must,"GrounUp shall implement governed api request lifecycle platform capability 234 as a reusable core service with explicit tenant scope, security policy, audit evidence, versioned contracts and automated verification.","Capability 234 passes when tenant/security boundaries, API/data behavior, audit/observability evidence, failure handling and mapped tests are verified.",v1.0.0,Implementation-ready
P24-REQ-235,API Error Contract,Must,"GrounUp shall implement governed api error contract platform capability 235 as a reusable core service with explicit tenant scope, security policy, audit evidence, versioned contracts and automated verification.","Capability 235 passes when tenant/security boundaries, API/data behavior, audit/observability evidence, failure handling and mapped tests are verified.",v1.0.0,Implementation-ready
P24-REQ-236,Idempotency,Must,"GrounUp shall implement governed idempotency platform capability 236 as a reusable core service with explicit tenant scope, security policy, audit evidence, versioned contracts and automated verification.","Capability 236 passes when tenant/security boundaries, API/data behavior, audit/observability evidence, failure handling and mapped tests are verified.",v1.0.0,Implementation-ready
P24-REQ-237,Domain Events,Must,"GrounUp shall implement governed domain events platform capability 237 as a reusable core service with explicit tenant scope, security policy, audit evidence, versioned contracts and automated verification.","Capability 237 passes when tenant/security boundaries, API/data behavior, audit/observability evidence, failure handling and mapped tests are verified.",v1.0.0,Implementation-ready
P24-REQ-238,Audit Evidence,Must,"GrounUp shall implement governed audit evidence platform capability 238 as a reusable core service with explicit tenant scope, security policy, audit evidence, versioned contracts and automated verification.","Capability 238 passes when tenant/security boundaries, API/data behavior, audit/observability evidence, failure handling and mapped tests are verified.",v1.0.0,Implementation-ready
P24-REQ-239,Workflow State Machine,Must,"GrounUp shall implement governed workflow state machine platform capability 239 as a reusable core service with explicit tenant scope, security policy, audit evidence, versioned contracts and automated verification.","Capability 239 passes when tenant/security boundaries, API/data behavior, audit/observability evidence, failure handling and mapped tests are verified.",v1.0.0,Implementation-ready
P24-REQ-240,Approval Policy,Must,"GrounUp shall implement governed approval policy platform capability 240 as a reusable core service with explicit tenant scope, security policy, audit evidence, versioned contracts and automated verification.","Capability 240 passes when tenant/security boundaries, API/data behavior, audit/observability evidence, failure handling and mapped tests are verified.",v1.0.0,Implementation-ready
P24-REQ-241,Notification Hooks,Must,"GrounUp shall implement governed notification hooks platform capability 241 as a reusable core service with explicit tenant scope, security policy, audit evidence, versioned contracts and automated verification.","Capability 241 passes when tenant/security boundaries, API/data behavior, audit/observability evidence, failure handling and mapped tests are verified.",v1.0.0,Implementation-ready
P24-REQ-242,Object/File Metadata,Must,"GrounUp shall implement governed object/file metadata platform capability 242 as a reusable core service with explicit tenant scope, security policy, audit evidence, versioned contracts and automated verification.","Capability 242 passes when tenant/security boundaries, API/data behavior, audit/observability evidence, failure handling and mapped tests are verified.",v1.0.0,Implementation-ready
P24-REQ-243,Search Permission Boundary,Must,"GrounUp shall implement governed search permission boundary platform capability 243 as a reusable core service with explicit tenant scope, security policy, audit evidence, versioned contracts and automated verification.","Capability 243 passes when tenant/security boundaries, API/data behavior, audit/observability evidence, failure handling and mapped tests are verified.",v1.0.0,Implementation-ready
P24-REQ-244,Feature Flags,Must,"GrounUp shall implement governed feature flags platform capability 244 as a reusable core service with explicit tenant scope, security policy, audit evidence, versioned contracts and automated verification.","Capability 244 passes when tenant/security boundaries, API/data behavior, audit/observability evidence, failure handling and mapped tests are verified.",v1.0.0,Implementation-ready
P24-REQ-245,Configuration,Must,"GrounUp shall implement governed configuration platform capability 245 as a reusable core service with explicit tenant scope, security policy, audit evidence, versioned contracts and automated verification.","Capability 245 passes when tenant/security boundaries, API/data behavior, audit/observability evidence, failure handling and mapped tests are verified.",v1.0.0,Implementation-ready
P24-REQ-246,Observability,Must,"GrounUp shall implement governed observability platform capability 246 as a reusable core service with explicit tenant scope, security policy, audit evidence, versioned contracts and automated verification.","Capability 246 passes when tenant/security boundaries, API/data behavior, audit/observability evidence, failure handling and mapped tests are verified.",v1.0.0,Implementation-ready
P24-REQ-247,Health & Readiness,Must,"GrounUp shall implement governed health & readiness platform capability 247 as a reusable core service with explicit tenant scope, security policy, audit evidence, versioned contracts and automated verification.","Capability 247 passes when tenant/security boundaries, API/data behavior, audit/observability evidence, failure handling and mapped tests are verified.",v1.0.0,Implementation-ready
P24-REQ-248,Security Controls,Must,"GrounUp shall implement governed security controls platform capability 248 as a reusable core service with explicit tenant scope, security policy, audit evidence, versioned contracts and automated verification.","Capability 248 passes when tenant/security boundaries, API/data behavior, audit/observability evidence, failure handling and mapped tests are verified.",v1.0.0,Implementation-ready
P24-REQ-249,Test Harness,Must,"GrounUp shall implement governed test harness platform capability 249 as a reusable core service with explicit tenant scope, security policy, audit evidence, versioned contracts and automated verification.","Capability 249 passes when tenant/security boundaries, API/data behavior, audit/observability evidence, failure handling and mapped tests are verified.",v1.0.0,Implementation-ready
P24-REQ-250,Traceability,Must,"GrounUp shall implement governed traceability platform capability 250 as a reusable core service with explicit tenant scope, security policy, audit evidence, versioned contracts and automated verification.","Capability 250 passes when tenant/security boundaries, API/data behavior, audit/observability evidence, failure handling and mapped tests are verified.",v1.0.0,Implementation-ready
P24-REQ-251,Identity & Authentication,Must,"GrounUp shall implement governed identity & authentication platform capability 251 as a reusable core service with explicit tenant scope, security policy, audit evidence, versioned contracts and automated verification.","Capability 251 passes when tenant/security boundaries, API/data behavior, audit/observability evidence, failure handling and mapped tests are verified.",v1.0.0,Implementation-ready
P24-REQ-252,Authorization & Policy,Must,"GrounUp shall implement governed authorization & policy platform capability 252 as a reusable core service with explicit tenant scope, security policy, audit evidence, versioned contracts and automated verification.","Capability 252 passes when tenant/security boundaries, API/data behavior, audit/observability evidence, failure handling and mapped tests are verified.",v1.0.0,Implementation-ready
P24-REQ-253,Tenant Provisioning,Must,"GrounUp shall implement governed tenant provisioning platform capability 253 as a reusable core service with explicit tenant scope, security policy, audit evidence, versioned contracts and automated verification.","Capability 253 passes when tenant/security boundaries, API/data behavior, audit/observability evidence, failure handling and mapped tests are verified.",v1.0.0,Implementation-ready
P24-REQ-254,Tenant Isolation,Must,"GrounUp shall implement governed tenant isolation platform capability 254 as a reusable core service with explicit tenant scope, security policy, audit evidence, versioned contracts and automated verification.","Capability 254 passes when tenant/security boundaries, API/data behavior, audit/observability evidence, failure handling and mapped tests are verified.",v1.0.0,Implementation-ready
P24-REQ-255,Plans & Entitlements,Must,"GrounUp shall implement governed plans & entitlements platform capability 255 as a reusable core service with explicit tenant scope, security policy, audit evidence, versioned contracts and automated verification.","Capability 255 passes when tenant/security boundaries, API/data behavior, audit/observability evidence, failure handling and mapped tests are verified.",v1.0.0,Implementation-ready
P24-REQ-256,White Label Configuration,Must,"GrounUp shall implement governed white label configuration platform capability 256 as a reusable core service with explicit tenant scope, security policy, audit evidence, versioned contracts and automated verification.","Capability 256 passes when tenant/security boundaries, API/data behavior, audit/observability evidence, failure handling and mapped tests are verified.",v1.0.0,Implementation-ready
P24-REQ-257,Canonical Record Metadata,Must,"GrounUp shall implement governed canonical record metadata platform capability 257 as a reusable core service with explicit tenant scope, security policy, audit evidence, versioned contracts and automated verification.","Capability 257 passes when tenant/security boundaries, API/data behavior, audit/observability evidence, failure handling and mapped tests are verified.",v1.0.0,Implementation-ready
P24-REQ-258,Database Migration Foundation,Must,"GrounUp shall implement governed database migration foundation platform capability 258 as a reusable core service with explicit tenant scope, security policy, audit evidence, versioned contracts and automated verification.","Capability 258 passes when tenant/security boundaries, API/data behavior, audit/observability evidence, failure handling and mapped tests are verified.",v1.0.0,Implementation-ready
P24-REQ-259,API Request Lifecycle,Must,"GrounUp shall implement governed api request lifecycle platform capability 259 as a reusable core service with explicit tenant scope, security policy, audit evidence, versioned contracts and automated verification.","Capability 259 passes when tenant/security boundaries, API/data behavior, audit/observability evidence, failure handling and mapped tests are verified.",v1.0.0,Implementation-ready
P24-REQ-260,API Error Contract,Must,"GrounUp shall implement governed api error contract platform capability 260 as a reusable core service with explicit tenant scope, security policy, audit evidence, versioned contracts and automated verification.","Capability 260 passes when tenant/security boundaries, API/data behavior, audit/observability evidence, failure handling and mapped tests are verified.",v1.0.0,Implementation-ready
P24-REQ-261,Idempotency,Must,"GrounUp shall implement governed idempotency platform capability 261 as a reusable core service with explicit tenant scope, security policy, audit evidence, versioned contracts and automated verification.","Capability 261 passes when tenant/security boundaries, API/data behavior, audit/observability evidence, failure handling and mapped tests are verified.",v1.0.0,Implementation-ready
P24-REQ-262,Domain Events,Must,"GrounUp shall implement governed domain events platform capability 262 as a reusable core service with explicit tenant scope, security policy, audit evidence, versioned contracts and automated verification.","Capability 262 passes when tenant/security boundaries, API/data behavior, audit/observability evidence, failure handling and mapped tests are verified.",v1.0.0,Implementation-ready
P24-REQ-263,Audit Evidence,Must,"GrounUp shall implement governed audit evidence platform capability 263 as a reusable core service with explicit tenant scope, security policy, audit evidence, versioned contracts and automated verification.","Capability 263 passes when tenant/security boundaries, API/data behavior, audit/observability evidence, failure handling and mapped tests are verified.",v1.0.0,Implementation-ready
P24-REQ-264,Workflow State Machine,Must,"GrounUp shall implement governed workflow state machine platform capability 264 as a reusable core service with explicit tenant scope, security policy, audit evidence, versioned contracts and automated verification.","Capability 264 passes when tenant/security boundaries, API/data behavior, audit/observability evidence, failure handling and mapped tests are verified.",v1.0.0,Implementation-ready
P24-REQ-265,Approval Policy,Must,"GrounUp shall implement governed approval policy platform capability 265 as a reusable core service with explicit tenant scope, security policy, audit evidence, versioned contracts and automated verification.","Capability 265 passes when tenant/security boundaries, API/data behavior, audit/observability evidence, failure handling and mapped tests are verified.",v1.0.0,Implementation-ready
P24-REQ-266,Notification Hooks,Must,"GrounUp shall implement governed notification hooks platform capability 266 as a reusable core service with explicit tenant scope, security policy, audit evidence, versioned contracts and automated verification.","Capability 266 passes when tenant/security boundaries, API/data behavior, audit/observability evidence, failure handling and mapped tests are verified.",v1.0.0,Implementation-ready
P24-REQ-267,Object/File Metadata,Must,"GrounUp shall implement governed object/file metadata platform capability 267 as a reusable core service with explicit tenant scope, security policy, audit evidence, versioned contracts and automated verification.","Capability 267 passes when tenant/security boundaries, API/data behavior, audit/observability evidence, failure handling and mapped tests are verified.",v1.0.0,Implementation-ready
P24-REQ-268,Search Permission Boundary,Must,"GrounUp shall implement governed search permission boundary platform capability 268 as a reusable core service with explicit tenant scope, security policy, audit evidence, versioned contracts and automated verification.","Capability 268 passes when tenant/security boundaries, API/data behavior, audit/observability evidence, failure handling and mapped tests are verified.",v1.0.0,Implementation-ready
P24-REQ-269,Feature Flags,Must,"GrounUp shall implement governed feature flags platform capability 269 as a reusable core service with explicit tenant scope, security policy, audit evidence, versioned contracts and automated verification.","Capability 269 passes when tenant/security boundaries, API/data behavior, audit/observability evidence, failure handling and mapped tests are verified.",v1.0.0,Implementation-ready
P24-REQ-270,Configuration,Must,"GrounUp shall implement governed configuration platform capability 270 as a reusable core service with explicit tenant scope, security policy, audit evidence, versioned contracts and automated verification.","Capability 270 passes when tenant/security boundaries, API/data behavior, audit/observability evidence, failure handling and mapped tests are verified.",v1.0.0,Implementation-ready
P24-REQ-271,Observability,Must,"GrounUp shall implement governed observability platform capability 271 as a reusable core service with explicit tenant scope, security policy, audit evidence, versioned contracts and automated verification.","Capability 271 passes when tenant/security boundaries, API/data behavior, audit/observability evidence, failure handling and mapped tests are verified.",v1.0.0,Implementation-ready
P24-REQ-272,Health & Readiness,Must,"GrounUp shall implement governed health & readiness platform capability 272 as a reusable core service with explicit tenant scope, security policy, audit evidence, versioned contracts and automated verification.","Capability 272 passes when tenant/security boundaries, API/data behavior, audit/observability evidence, failure handling and mapped tests are verified.",v1.0.0,Implementation-ready
P24-REQ-273,Security Controls,Must,"GrounUp shall implement governed security controls platform capability 273 as a reusable core service with explicit tenant scope, security policy, audit evidence, versioned contracts and automated verification.","Capability 273 passes when tenant/security boundaries, API/data behavior, audit/observability evidence, failure handling and mapped tests are verified.",v1.0.0,Implementation-ready
P24-REQ-274,Test Harness,Must,"GrounUp shall implement governed test harness platform capability 274 as a reusable core service with explicit tenant scope, security policy, audit evidence, versioned contracts and automated verification.","Capability 274 passes when tenant/security boundaries, API/data behavior, audit/observability evidence, failure handling and mapped tests are verified.",v1.0.0,Implementation-ready
P24-REQ-275,Traceability,Must,"GrounUp shall implement governed traceability platform capability 275 as a reusable core service with explicit tenant scope, security policy, audit evidence, versioned contracts and automated verification.","Capability 275 passes when tenant/security boundaries, API/data behavior, audit/observability evidence, failure handling and mapped tests are verified.",v1.0.0,Implementation-ready
P24-REQ-276,Identity & Authentication,Must,"GrounUp shall implement governed identity & authentication platform capability 276 as a reusable core service with explicit tenant scope, security policy, audit evidence, versioned contracts and automated verification.","Capability 276 passes when tenant/security boundaries, API/data behavior, audit/observability evidence, failure handling and mapped tests are verified.",v1.0.0,Implementation-ready
P24-REQ-277,Authorization & Policy,Must,"GrounUp shall implement governed authorization & policy platform capability 277 as a reusable core service with explicit tenant scope, security policy, audit evidence, versioned contracts and automated verification.","Capability 277 passes when tenant/security boundaries, API/data behavior, audit/observability evidence, failure handling and mapped tests are verified.",v1.0.0,Implementation-ready
P24-REQ-278,Tenant Provisioning,Must,"GrounUp shall implement governed tenant provisioning platform capability 278 as a reusable core service with explicit tenant scope, security policy, audit evidence, versioned contracts and automated verification.","Capability 278 passes when tenant/security boundaries, API/data behavior, audit/observability evidence, failure handling and mapped tests are verified.",v1.0.0,Implementation-ready
P24-REQ-279,Tenant Isolation,Must,"GrounUp shall implement governed tenant isolation platform capability 279 as a reusable core service with explicit tenant scope, security policy, audit evidence, versioned contracts and automated verification.","Capability 279 passes when tenant/security boundaries, API/data behavior, audit/observability evidence, failure handling and mapped tests are verified.",v1.0.0,Implementation-ready
P24-REQ-280,Plans & Entitlements,Must,"GrounUp shall implement governed plans & entitlements platform capability 280 as a reusable core service with explicit tenant scope, security policy, audit evidence, versioned contracts and automated verification.","Capability 280 passes when tenant/security boundaries, API/data behavior, audit/observability evidence, failure handling and mapped tests are verified.",v1.0.0,Implementation-ready
P24-REQ-281,White Label Configuration,Must,"GrounUp shall implement governed white label configuration platform capability 281 as a reusable core service with explicit tenant scope, security policy, audit evidence, versioned contracts and automated verification.","Capability 281 passes when tenant/security boundaries, API/data behavior, audit/observability evidence, failure handling and mapped tests are verified.",v1.0.0,Implementation-ready
P24-REQ-282,Canonical Record Metadata,Must,"GrounUp shall implement governed canonical record metadata platform capability 282 as a reusable core service with explicit tenant scope, security policy, audit evidence, versioned contracts and automated verification.","Capability 282 passes when tenant/security boundaries, API/data behavior, audit/observability evidence, failure handling and mapped tests are verified.",v1.0.0,Implementation-ready
P24-REQ-283,Database Migration Foundation,Must,"GrounUp shall implement governed database migration foundation platform capability 283 as a reusable core service with explicit tenant scope, security policy, audit evidence, versioned contracts and automated verification.","Capability 283 passes when tenant/security boundaries, API/data behavior, audit/observability evidence, failure handling and mapped tests are verified.",v1.0.0,Implementation-ready
P24-REQ-284,API Request Lifecycle,Must,"GrounUp shall implement governed api request lifecycle platform capability 284 as a reusable core service with explicit tenant scope, security policy, audit evidence, versioned contracts and automated verification.","Capability 284 passes when tenant/security boundaries, API/data behavior, audit/observability evidence, failure handling and mapped tests are verified.",v1.0.0,Implementation-ready
P24-REQ-285,API Error Contract,Must,"GrounUp shall implement governed api error contract platform capability 285 as a reusable core service with explicit tenant scope, security policy, audit evidence, versioned contracts and automated verification.","Capability 285 passes when tenant/security boundaries, API/data behavior, audit/observability evidence, failure handling and mapped tests are verified.",v1.0.0,Implementation-ready
P24-REQ-286,Idempotency,Must,"GrounUp shall implement governed idempotency platform capability 286 as a reusable core service with explicit tenant scope, security policy, audit evidence, versioned contracts and automated verification.","Capability 286 passes when tenant/security boundaries, API/data behavior, audit/observability evidence, failure handling and mapped tests are verified.",v1.0.0,Implementation-ready
P24-REQ-287,Domain Events,Must,"GrounUp shall implement governed domain events platform capability 287 as a reusable core service with explicit tenant scope, security policy, audit evidence, versioned contracts and automated verification.","Capability 287 passes when tenant/security boundaries, API/data behavior, audit/observability evidence, failure handling and mapped tests are verified.",v1.0.0,Implementation-ready
P24-REQ-288,Audit Evidence,Must,"GrounUp shall implement governed audit evidence platform capability 288 as a reusable core service with explicit tenant scope, security policy, audit evidence, versioned contracts and automated verification.","Capability 288 passes when tenant/security boundaries, API/data behavior, audit/observability evidence, failure handling and mapped tests are verified.",v1.0.0,Implementation-ready
P24-REQ-289,Workflow State Machine,Must,"GrounUp shall implement governed workflow state machine platform capability 289 as a reusable core service with explicit tenant scope, security policy, audit evidence, versioned contracts and automated verification.","Capability 289 passes when tenant/security boundaries, API/data behavior, audit/observability evidence, failure handling and mapped tests are verified.",v1.0.0,Implementation-ready
P24-REQ-290,Approval Policy,Must,"GrounUp shall implement governed approval policy platform capability 290 as a reusable core service with explicit tenant scope, security policy, audit evidence, versioned contracts and automated verification.","Capability 290 passes when tenant/security boundaries, API/data behavior, audit/observability evidence, failure handling and mapped tests are verified.",v1.0.0,Implementation-ready
P24-REQ-291,Notification Hooks,Must,"GrounUp shall implement governed notification hooks platform capability 291 as a reusable core service with explicit tenant scope, security policy, audit evidence, versioned contracts and automated verification.","Capability 291 passes when tenant/security boundaries, API/data behavior, audit/observability evidence, failure handling and mapped tests are verified.",v1.0.0,Implementation-ready
P24-REQ-292,Object/File Metadata,Must,"GrounUp shall implement governed object/file metadata platform capability 292 as a reusable core service with explicit tenant scope, security policy, audit evidence, versioned contracts and automated verification.","Capability 292 passes when tenant/security boundaries, API/data behavior, audit/observability evidence, failure handling and mapped tests are verified.",v1.0.0,Implementation-ready
P24-REQ-293,Search Permission Boundary,Must,"GrounUp shall implement governed search permission boundary platform capability 293 as a reusable core service with explicit tenant scope, security policy, audit evidence, versioned contracts and automated verification.","Capability 293 passes when tenant/security boundaries, API/data behavior, audit/observability evidence, failure handling and mapped tests are verified.",v1.0.0,Implementation-ready
P24-REQ-294,Feature Flags,Must,"GrounUp shall implement governed feature flags platform capability 294 as a reusable core service with explicit tenant scope, security policy, audit evidence, versioned contracts and automated verification.","Capability 294 passes when tenant/security boundaries, API/data behavior, audit/observability evidence, failure handling and mapped tests are verified.",v1.0.0,Implementation-ready
P24-REQ-295,Configuration,Must,"GrounUp shall implement governed configuration platform capability 295 as a reusable core service with explicit tenant scope, security policy, audit evidence, versioned contracts and automated verification.","Capability 295 passes when tenant/security boundaries, API/data behavior, audit/observability evidence, failure handling and mapped tests are verified.",v1.0.0,Implementation-ready
P24-REQ-296,Observability,Must,"GrounUp shall implement governed observability platform capability 296 as a reusable core service with explicit tenant scope, security policy, audit evidence, versioned contracts and automated verification.","Capability 296 passes when tenant/security boundaries, API/data behavior, audit/observability evidence, failure handling and mapped tests are verified.",v1.0.0,Implementation-ready
P24-REQ-297,Health & Readiness,Must,"GrounUp shall implement governed health & readiness platform capability 297 as a reusable core service with explicit tenant scope, security policy, audit evidence, versioned contracts and automated verification.","Capability 297 passes when tenant/security boundaries, API/data behavior, audit/observability evidence, failure handling and mapped tests are verified.",v1.0.0,Implementation-ready
P24-REQ-298,Security Controls,Must,"GrounUp shall implement governed security controls platform capability 298 as a reusable core service with explicit tenant scope, security policy, audit evidence, versioned contracts and automated verification.","Capability 298 passes when tenant/security boundaries, API/data behavior, audit/observability evidence, failure handling and mapped tests are verified.",v1.0.0,Implementation-ready
P24-REQ-299,Test Harness,Must,"GrounUp shall implement governed test harness platform capability 299 as a reusable core service with explicit tenant scope, security policy, audit evidence, versioned contracts and automated verification.","Capability 299 passes when tenant/security boundaries, API/data behavior, audit/observability evidence, failure handling and mapped tests are verified.",v1.0.0,Implementation-ready
P24-REQ-300,Traceability,Must,"GrounUp shall implement governed traceability platform capability 300 as a reusable core service with explicit tenant scope, security policy, audit evidence, versioned contracts and automated verification.","Capability 300 passes when tenant/security boundaries, API/data behavior, audit/observability evidence, failure handling and mapped tests are verified.",v1.0.0,Implementation-ready
P24-REQ-301,Identity & Authentication,Must,"GrounUp shall implement governed identity & authentication platform capability 301 as a reusable core service with explicit tenant scope, security policy, audit evidence, versioned contracts and automated verification.","Capability 301 passes when tenant/security boundaries, API/data behavior, audit/observability evidence, failure handling and mapped tests are verified.",v1.0.0,Implementation-ready
P24-REQ-302,Authorization & Policy,Must,"GrounUp shall implement governed authorization & policy platform capability 302 as a reusable core service with explicit tenant scope, security policy, audit evidence, versioned contracts and automated verification.","Capability 302 passes when tenant/security boundaries, API/data behavior, audit/observability evidence, failure handling and mapped tests are verified.",v1.0.0,Implementation-ready
P24-REQ-303,Tenant Provisioning,Must,"GrounUp shall implement governed tenant provisioning platform capability 303 as a reusable core service with explicit tenant scope, security policy, audit evidence, versioned contracts and automated verification.","Capability 303 passes when tenant/security boundaries, API/data behavior, audit/observability evidence, failure handling and mapped tests are verified.",v1.0.0,Implementation-ready
P24-REQ-304,Tenant Isolation,Must,"GrounUp shall implement governed tenant isolation platform capability 304 as a reusable core service with explicit tenant scope, security policy, audit evidence, versioned contracts and automated verification.","Capability 304 passes when tenant/security boundaries, API/data behavior, audit/observability evidence, failure handling and mapped tests are verified.",v1.0.0,Implementation-ready
P24-REQ-305,Plans & Entitlements,Must,"GrounUp shall implement governed plans & entitlements platform capability 305 as a reusable core service with explicit tenant scope, security policy, audit evidence, versioned contracts and automated verification.","Capability 305 passes when tenant/security boundaries, API/data behavior, audit/observability evidence, failure handling and mapped tests are verified.",v1.0.0,Implementation-ready
P24-REQ-306,White Label Configuration,Must,"GrounUp shall implement governed white label configuration platform capability 306 as a reusable core service with explicit tenant scope, security policy, audit evidence, versioned contracts and automated verification.","Capability 306 passes when tenant/security boundaries, API/data behavior, audit/observability evidence, failure handling and mapped tests are verified.",v1.0.0,Implementation-ready
P24-REQ-307,Canonical Record Metadata,Must,"GrounUp shall implement governed canonical record metadata platform capability 307 as a reusable core service with explicit tenant scope, security policy, audit evidence, versioned contracts and automated verification.","Capability 307 passes when tenant/security boundaries, API/data behavior, audit/observability evidence, failure handling and mapped tests are verified.",v1.0.0,Implementation-ready
P24-REQ-308,Database Migration Foundation,Must,"GrounUp shall implement governed database migration foundation platform capability 308 as a reusable core service with explicit tenant scope, security policy, audit evidence, versioned contracts and automated verification.","Capability 308 passes when tenant/security boundaries, API/data behavior, audit/observability evidence, failure handling and mapped tests are verified.",v1.0.0,Implementation-ready
P24-REQ-309,API Request Lifecycle,Must,"GrounUp shall implement governed api request lifecycle platform capability 309 as a reusable core service with explicit tenant scope, security policy, audit evidence, versioned contracts and automated verification.","Capability 309 passes when tenant/security boundaries, API/data behavior, audit/observability evidence, failure handling and mapped tests are verified.",v1.0.0,Implementation-ready
P24-REQ-310,API Error Contract,Must,"GrounUp shall implement governed api error contract platform capability 310 as a reusable core service with explicit tenant scope, security policy, audit evidence, versioned contracts and automated verification.","Capability 310 passes when tenant/security boundaries, API/data behavior, audit/observability evidence, failure handling and mapped tests are verified.",v1.0.0,Implementation-ready
P24-REQ-311,Idempotency,Must,"GrounUp shall implement governed idempotency platform capability 311 as a reusable core service with explicit tenant scope, security policy, audit evidence, versioned contracts and automated verification.","Capability 311 passes when tenant/security boundaries, API/data behavior, audit/observability evidence, failure handling and mapped tests are verified.",v1.0.0,Implementation-ready
P24-REQ-312,Domain Events,Must,"GrounUp shall implement governed domain events platform capability 312 as a reusable core service with explicit tenant scope, security policy, audit evidence, versioned contracts and automated verification.","Capability 312 passes when tenant/security boundaries, API/data behavior, audit/observability evidence, failure handling and mapped tests are verified.",v1.0.0,Implementation-ready
P24-REQ-313,Audit Evidence,Must,"GrounUp shall implement governed audit evidence platform capability 313 as a reusable core service with explicit tenant scope, security policy, audit evidence, versioned contracts and automated verification.","Capability 313 passes when tenant/security boundaries, API/data behavior, audit/observability evidence, failure handling and mapped tests are verified.",v1.0.0,Implementation-ready
P24-REQ-314,Workflow State Machine,Must,"GrounUp shall implement governed workflow state machine platform capability 314 as a reusable core service with explicit tenant scope, security policy, audit evidence, versioned contracts and automated verification.","Capability 314 passes when tenant/security boundaries, API/data behavior, audit/observability evidence, failure handling and mapped tests are verified.",v1.0.0,Implementation-ready
P24-REQ-315,Approval Policy,Must,"GrounUp shall implement governed approval policy platform capability 315 as a reusable core service with explicit tenant scope, security policy, audit evidence, versioned contracts and automated verification.","Capability 315 passes when tenant/security boundaries, API/data behavior, audit/observability evidence, failure handling and mapped tests are verified.",v1.0.0,Implementation-ready
P24-REQ-316,Notification Hooks,Must,"GrounUp shall implement governed notification hooks platform capability 316 as a reusable core service with explicit tenant scope, security policy, audit evidence, versioned contracts and automated verification.","Capability 316 passes when tenant/security boundaries, API/data behavior, audit/observability evidence, failure handling and mapped tests are verified.",v1.0.0,Implementation-ready
P24-REQ-317,Object/File Metadata,Must,"GrounUp shall implement governed object/file metadata platform capability 317 as a reusable core service with explicit tenant scope, security policy, audit evidence, versioned contracts and automated verification.","Capability 317 passes when tenant/security boundaries, API/data behavior, audit/observability evidence, failure handling and mapped tests are verified.",v1.0.0,Implementation-ready
P24-REQ-318,Search Permission Boundary,Must,"GrounUp shall implement governed search permission boundary platform capability 318 as a reusable core service with explicit tenant scope, security policy, audit evidence, versioned contracts and automated verification.","Capability 318 passes when tenant/security boundaries, API/data behavior, audit/observability evidence, failure handling and mapped tests are verified.",v1.0.0,Implementation-ready
P24-REQ-319,Feature Flags,Must,"GrounUp shall implement governed feature flags platform capability 319 as a reusable core service with explicit tenant scope, security policy, audit evidence, versioned contracts and automated verification.","Capability 319 passes when tenant/security boundaries, API/data behavior, audit/observability evidence, failure handling and mapped tests are verified.",v1.0.0,Implementation-ready
P24-REQ-320,Configuration,Must,"GrounUp shall implement governed configuration platform capability 320 as a reusable core service with explicit tenant scope, security policy, audit evidence, versioned contracts and automated verification.","Capability 320 passes when tenant/security boundaries, API/data behavior, audit/observability evidence, failure handling and mapped tests are verified.",v1.0.0,Implementation-ready
P24-REQ-321,Observability,Must,"GrounUp shall implement governed observability platform capability 321 as a reusable core service with explicit tenant scope, security policy, audit evidence, versioned contracts and automated verification.","Capability 321 passes when tenant/security boundaries, API/data behavior, audit/observability evidence, failure handling and mapped tests are verified.",v1.0.0,Implementation-ready
P24-REQ-322,Health & Readiness,Must,"GrounUp shall implement governed health & readiness platform capability 322 as a reusable core service with explicit tenant scope, security policy, audit evidence, versioned contracts and automated verification.","Capability 322 passes when tenant/security boundaries, API/data behavior, audit/observability evidence, failure handling and mapped tests are verified.",v1.0.0,Implementation-ready
P24-REQ-323,Security Controls,Must,"GrounUp shall implement governed security controls platform capability 323 as a reusable core service with explicit tenant scope, security policy, audit evidence, versioned contracts and automated verification.","Capability 323 passes when tenant/security boundaries, API/data behavior, audit/observability evidence, failure handling and mapped tests are verified.",v1.0.0,Implementation-ready
P24-REQ-324,Test Harness,Must,"GrounUp shall implement governed test harness platform capability 324 as a reusable core service with explicit tenant scope, security policy, audit evidence, versioned contracts and automated verification.","Capability 324 passes when tenant/security boundaries, API/data behavior, audit/observability evidence, failure handling and mapped tests are verified.",v1.0.0,Implementation-ready
P24-REQ-325,Traceability,Must,"GrounUp shall implement governed traceability platform capability 325 as a reusable core service with explicit tenant scope, security policy, audit evidence, versioned contracts and automated verification.","Capability 325 passes when tenant/security boundaries, API/data behavior, audit/observability evidence, failure handling and mapped tests are verified.",v1.0.0,Implementation-ready
P24-REQ-326,Identity & Authentication,Must,"GrounUp shall implement governed identity & authentication platform capability 326 as a reusable core service with explicit tenant scope, security policy, audit evidence, versioned contracts and automated verification.","Capability 326 passes when tenant/security boundaries, API/data behavior, audit/observability evidence, failure handling and mapped tests are verified.",v1.0.0,Implementation-ready
P24-REQ-327,Authorization & Policy,Must,"GrounUp shall implement governed authorization & policy platform capability 327 as a reusable core service with explicit tenant scope, security policy, audit evidence, versioned contracts and automated verification.","Capability 327 passes when tenant/security boundaries, API/data behavior, audit/observability evidence, failure handling and mapped tests are verified.",v1.0.0,Implementation-ready
P24-REQ-328,Tenant Provisioning,Must,"GrounUp shall implement governed tenant provisioning platform capability 328 as a reusable core service with explicit tenant scope, security policy, audit evidence, versioned contracts and automated verification.","Capability 328 passes when tenant/security boundaries, API/data behavior, audit/observability evidence, failure handling and mapped tests are verified.",v1.0.0,Implementation-ready
P24-REQ-329,Tenant Isolation,Must,"GrounUp shall implement governed tenant isolation platform capability 329 as a reusable core service with explicit tenant scope, security policy, audit evidence, versioned contracts and automated verification.","Capability 329 passes when tenant/security boundaries, API/data behavior, audit/observability evidence, failure handling and mapped tests are verified.",v1.0.0,Implementation-ready
P24-REQ-330,Plans & Entitlements,Must,"GrounUp shall implement governed plans & entitlements platform capability 330 as a reusable core service with explicit tenant scope, security policy, audit evidence, versioned contracts and automated verification.","Capability 330 passes when tenant/security boundaries, API/data behavior, audit/observability evidence, failure handling and mapped tests are verified.",v1.0.0,Implementation-ready
P24-REQ-331,White Label Configuration,Should,"GrounUp shall implement governed white label configuration platform capability 331 as a reusable core service with explicit tenant scope, security policy, audit evidence, versioned contracts and automated verification.","Capability 331 passes when tenant/security boundaries, API/data behavior, audit/observability evidence, failure handling and mapped tests are verified.",v1.0.0,Implementation-ready
P24-REQ-332,Canonical Record Metadata,Should,"GrounUp shall implement governed canonical record metadata platform capability 332 as a reusable core service with explicit tenant scope, security policy, audit evidence, versioned contracts and automated verification.","Capability 332 passes when tenant/security boundaries, API/data behavior, audit/observability evidence, failure handling and mapped tests are verified.",v1.0.0,Implementation-ready
P24-REQ-333,Database Migration Foundation,Should,"GrounUp shall implement governed database migration foundation platform capability 333 as a reusable core service with explicit tenant scope, security policy, audit evidence, versioned contracts and automated verification.","Capability 333 passes when tenant/security boundaries, API/data behavior, audit/observability evidence, failure handling and mapped tests are verified.",v1.0.0,Implementation-ready
P24-REQ-334,API Request Lifecycle,Should,"GrounUp shall implement governed api request lifecycle platform capability 334 as a reusable core service with explicit tenant scope, security policy, audit evidence, versioned contracts and automated verification.","Capability 334 passes when tenant/security boundaries, API/data behavior, audit/observability evidence, failure handling and mapped tests are verified.",v1.0.0,Implementation-ready
P24-REQ-335,API Error Contract,Should,"GrounUp shall implement governed api error contract platform capability 335 as a reusable core service with explicit tenant scope, security policy, audit evidence, versioned contracts and automated verification.","Capability 335 passes when tenant/security boundaries, API/data behavior, audit/observability evidence, failure handling and mapped tests are verified.",v1.0.0,Implementation-ready
P24-REQ-336,Idempotency,Should,"GrounUp shall implement governed idempotency platform capability 336 as a reusable core service with explicit tenant scope, security policy, audit evidence, versioned contracts and automated verification.","Capability 336 passes when tenant/security boundaries, API/data behavior, audit/observability evidence, failure handling and mapped tests are verified.",v1.0.0,Implementation-ready
P24-REQ-337,Domain Events,Should,"GrounUp shall implement governed domain events platform capability 337 as a reusable core service with explicit tenant scope, security policy, audit evidence, versioned contracts and automated verification.","Capability 337 passes when tenant/security boundaries, API/data behavior, audit/observability evidence, failure handling and mapped tests are verified.",v1.0.0,Implementation-ready
P24-REQ-338,Audit Evidence,Should,"GrounUp shall implement governed audit evidence platform capability 338 as a reusable core service with explicit tenant scope, security policy, audit evidence, versioned contracts and automated verification.","Capability 338 passes when tenant/security boundaries, API/data behavior, audit/observability evidence, failure handling and mapped tests are verified.",v1.0.0,Implementation-ready
P24-REQ-339,Workflow State Machine,Should,"GrounUp shall implement governed workflow state machine platform capability 339 as a reusable core service with explicit tenant scope, security policy, audit evidence, versioned contracts and automated verification.","Capability 339 passes when tenant/security boundaries, API/data behavior, audit/observability evidence, failure handling and mapped tests are verified.",v1.0.0,Implementation-ready
P24-REQ-340,Approval Policy,Should,"GrounUp shall implement governed approval policy platform capability 340 as a reusable core service with explicit tenant scope, security policy, audit evidence, versioned contracts and automated verification.","Capability 340 passes when tenant/security boundaries, API/data behavior, audit/observability evidence, failure handling and mapped tests are verified.",v1.0.0,Implementation-ready
P24-REQ-341,Notification Hooks,Should,"GrounUp shall implement governed notification hooks platform capability 341 as a reusable core service with explicit tenant scope, security policy, audit evidence, versioned contracts and automated verification.","Capability 341 passes when tenant/security boundaries, API/data behavior, audit/observability evidence, failure handling and mapped tests are verified.",v1.0.0,Implementation-ready
P24-REQ-342,Object/File Metadata,Should,"GrounUp shall implement governed object/file metadata platform capability 342 as a reusable core service with explicit tenant scope, security policy, audit evidence, versioned contracts and automated verification.","Capability 342 passes when tenant/security boundaries, API/data behavior, audit/observability evidence, failure handling and mapped tests are verified.",v1.0.0,Implementation-ready
P24-REQ-343,Search Permission Boundary,Should,"GrounUp shall implement governed search permission boundary platform capability 343 as a reusable core service with explicit tenant scope, security policy, audit evidence, versioned contracts and automated verification.","Capability 343 passes when tenant/security boundaries, API/data behavior, audit/observability evidence, failure handling and mapped tests are verified.",v1.0.0,Implementation-ready
P24-REQ-344,Feature Flags,Should,"GrounUp shall implement governed feature flags platform capability 344 as a reusable core service with explicit tenant scope, security policy, audit evidence, versioned contracts and automated verification.","Capability 344 passes when tenant/security boundaries, API/data behavior, audit/observability evidence, failure handling and mapped tests are verified.",v1.0.0,Implementation-ready
P24-REQ-345,Configuration,Should,"GrounUp shall implement governed configuration platform capability 345 as a reusable core service with explicit tenant scope, security policy, audit evidence, versioned contracts and automated verification.","Capability 345 passes when tenant/security boundaries, API/data behavior, audit/observability evidence, failure handling and mapped tests are verified.",v1.0.0,Implementation-ready
P24-REQ-346,Observability,Should,"GrounUp shall implement governed observability platform capability 346 as a reusable core service with explicit tenant scope, security policy, audit evidence, versioned contracts and automated verification.","Capability 346 passes when tenant/security boundaries, API/data behavior, audit/observability evidence, failure handling and mapped tests are verified.",v1.0.0,Implementation-ready
P24-REQ-347,Health & Readiness,Should,"GrounUp shall implement governed health & readiness platform capability 347 as a reusable core service with explicit tenant scope, security policy, audit evidence, versioned contracts and automated verification.","Capability 347 passes when tenant/security boundaries, API/data behavior, audit/observability evidence, failure handling and mapped tests are verified.",v1.0.0,Implementation-ready
P24-REQ-348,Security Controls,Should,"GrounUp shall implement governed security controls platform capability 348 as a reusable core service with explicit tenant scope, security policy, audit evidence, versioned contracts and automated verification.","Capability 348 passes when tenant/security boundaries, API/data behavior, audit/observability evidence, failure handling and mapped tests are verified.",v1.0.0,Implementation-ready
P24-REQ-349,Test Harness,Should,"GrounUp shall implement governed test harness platform capability 349 as a reusable core service with explicit tenant scope, security policy, audit evidence, versioned contracts and automated verification.","Capability 349 passes when tenant/security boundaries, API/data behavior, audit/observability evidence, failure handling and mapped tests are verified.",v1.0.0,Implementation-ready
P24-REQ-350,Traceability,Should,"GrounUp shall implement governed traceability platform capability 350 as a reusable core service with explicit tenant scope, security policy, audit evidence, versioned contracts and automated verification.","Capability 350 passes when tenant/security boundaries, API/data behavior, audit/observability evidence, failure handling and mapped tests are verified.",v1.0.0,Implementation-ready
P24-REQ-351,Identity & Authentication,Should,"GrounUp shall implement governed identity & authentication platform capability 351 as a reusable core service with explicit tenant scope, security policy, audit evidence, versioned contracts and automated verification.","Capability 351 passes when tenant/security boundaries, API/data behavior, audit/observability evidence, failure handling and mapped tests are verified.",v1.0.0,Implementation-ready
P24-REQ-352,Authorization & Policy,Should,"GrounUp shall implement governed authorization & policy platform capability 352 as a reusable core service with explicit tenant scope, security policy, audit evidence, versioned contracts and automated verification.","Capability 352 passes when tenant/security boundaries, API/data behavior, audit/observability evidence, failure handling and mapped tests are verified.",v1.0.0,Implementation-ready
P24-REQ-353,Tenant Provisioning,Should,"GrounUp shall implement governed tenant provisioning platform capability 353 as a reusable core service with explicit tenant scope, security policy, audit evidence, versioned contracts and automated verification.","Capability 353 passes when tenant/security boundaries, API/data behavior, audit/observability evidence, failure handling and mapped tests are verified.",v1.0.0,Implementation-ready
P24-REQ-354,Tenant Isolation,Should,"GrounUp shall implement governed tenant isolation platform capability 354 as a reusable core service with explicit tenant scope, security policy, audit evidence, versioned contracts and automated verification.","Capability 354 passes when tenant/security boundaries, API/data behavior, audit/observability evidence, failure handling and mapped tests are verified.",v1.0.0,Implementation-ready
P24-REQ-355,Plans & Entitlements,Should,"GrounUp shall implement governed plans & entitlements platform capability 355 as a reusable core service with explicit tenant scope, security policy, audit evidence, versioned contracts and automated verification.","Capability 355 passes when tenant/security boundaries, API/data behavior, audit/observability evidence, failure handling and mapped tests are verified.",v1.0.0,Implementation-ready
P24-REQ-356,White Label Configuration,Should,"GrounUp shall implement governed white label configuration platform capability 356 as a reusable core service with explicit tenant scope, security policy, audit evidence, versioned contracts and automated verification.","Capability 356 passes when tenant/security boundaries, API/data behavior, audit/observability evidence, failure handling and mapped tests are verified.",v1.0.0,Implementation-ready
P24-REQ-357,Canonical Record Metadata,Should,"GrounUp shall implement governed canonical record metadata platform capability 357 as a reusable core service with explicit tenant scope, security policy, audit evidence, versioned contracts and automated verification.","Capability 357 passes when tenant/security boundaries, API/data behavior, audit/observability evidence, failure handling and mapped tests are verified.",v1.0.0,Implementation-ready
P24-REQ-358,Database Migration Foundation,Should,"GrounUp shall implement governed database migration foundation platform capability 358 as a reusable core service with explicit tenant scope, security policy, audit evidence, versioned contracts and automated verification.","Capability 358 passes when tenant/security boundaries, API/data behavior, audit/observability evidence, failure handling and mapped tests are verified.",v1.0.0,Implementation-ready
P24-REQ-359,API Request Lifecycle,Should,"GrounUp shall implement governed api request lifecycle platform capability 359 as a reusable core service with explicit tenant scope, security policy, audit evidence, versioned contracts and automated verification.","Capability 359 passes when tenant/security boundaries, API/data behavior, audit/observability evidence, failure handling and mapped tests are verified.",v1.0.0,Implementation-ready
P24-REQ-360,API Error Contract,Should,"GrounUp shall implement governed api error contract platform capability 360 as a reusable core service with explicit tenant scope, security policy, audit evidence, versioned contracts and automated verification.","Capability 360 passes when tenant/security boundaries, API/data behavior, audit/observability evidence, failure handling and mapped tests are verified.",v1.0.0,Implementation-ready
