requirement_id,domain,aspect,verification,subject_exists,aspect_status,gap,evidence
GES-P10-REQ-001,Financial Core & Governance,tenant-scoped records,not_verified,partial,met,"Subject partial: Accounting periods now exist and are governed. A fiscal calendar beyond them, a chart of accounts, entities below the company, and currency handling beyond a column on a price do not.",
GES-P10-REQ-002,Financial Core & Governance,configurable approval thresholds and routing,not_verified,partial,not_met,"Approval tiers exist and, since migration 0033, configurable per-company signing thresholds govern change orders, contracts and claim settlements. Nothing of the kind exists for financial records: a pay application is approved by anyone holding finance.write regardless of its value, and there is no routing — no sequence of approvers, no delegation, no escalation. Subject partial: Accounting periods now exist and are governed. A fiscal calendar beyond them, a chart of accounts, entities below the company, and currency handling beyond a column on a price do not.",
GES-P10-REQ-003,Financial Core & Governance,immutable audit event for every action,not_verified,partial,not_met,"Create, update and delete are captured on every financial table by an append-only ledger recording prior and new state, and approve and post appear within it as updates. Export does not: nothing records that data left the platform, which is one of the seven actions this aspect names and the one an auditor asks about first. Reverse is not modeled as an action at all, because there is nothing to reverse. Subject partial: Accounting periods now exist and are governed. A fiscal calendar beyond them, a chart of accounts, entities below the company, and currency handling beyond a column on a price do not.",
GES-P10-REQ-004,Financial Core & Governance,role-based and attribute-based access control,not_verified,partial,met,"Subject partial: Accounting periods now exist and are governed. A fiscal calendar beyond them, a chart of accounts, entities below the company, and currency handling beyond a column on a price do not.",
GES-P10-REQ-005,Financial Core & Governance,"effective dating, versioning and historical reconstruction",not_verified,partial,not_met,"Library rates carry effective dating and row history, estimates carry versions with pinned library snapshots, and plans now carry versions. No financial record does: a pay application, a job cost and a payable each have one current state and no history beyond the audit ledger, so a prior period cannot be reconstructed as it stood. Subject partial: Accounting periods now exist and are governed. A fiscal calendar beyond them, a chart of accounts, entities below the company, and currency handling beyond a column on a price do not.",
GES-P10-REQ-006,Financial Core & Governance,source-to-ledger balance validation,not_verified,partial,not_met,"There is no ledger to balance to. Individual arithmetic is defended — a pay application cannot bill more than the contract sum plus approved changes, a work order's total is generated from its parts, an achieved production rate is a generated column — but no double entry exists and nothing can be unbalanced. Subject partial: Accounting periods now exist and are governed. A fiscal calendar beyond them, a chart of accounts, entities below the company, and currency handling beyond a column on a price do not.",
GES-P10-REQ-007,Financial Core & Governance,configurable statuses and state transitions,not_verified,partial,not_met,"Statuses are explicit and constrained, and transitions are enforced — a pay application cannot leave draft without a submission timestamp, a claim cannot advance past potential without a notice date, an executed change order cannot move back. None of it is configurable: the states and the transitions are in the schema, and a company cannot add a review step of its own. Subject partial: Accounting periods now exist and are governed. A fiscal calendar beyond them, a chart of accounts, entities below the company, and currency handling beyond a column on a price do not.",
GES-P10-REQ-008,Financial Core & Governance,governed APIs and event notifications,not_verified,partial,not_met,"Nine versioned endpoints sit behind a pure authorization function with one error shape, scoped API keys stored only as a hash, and an OpenAPI specification generated from the route table with drift failing the build — the API half is genuinely governed. The event half does not exist: there are no outbound webhooks and no event stream, so nothing outside the platform can be notified that a financial record changed. Subject partial: Accounting periods now exist and are governed. A fiscal calendar beyond them, a chart of accounts, entities below the company, and currency handling beyond a column on a price do not.",
GES-P10-REQ-009,Financial Core & Governance,"dashboards, drill-downs and exportable reports",not_verified,partial,not_met,"Dashboards and drill-downs exist as screens over five reporting views, each with security_invoker so a view can never become the way around row level security. Export does not exist anywhere in the platform: no export permission, no export path, and nothing that records an export having happened — the same absence P28 recorded. Subject partial: Accounting periods now exist and are governed. A fiscal calendar beyond them, a chart of accounts, entities below the company, and currency handling beyond a column on a price do not.",
GES-P10-REQ-010,Financial Core & Governance,"attachments, notes, evidence and source-document lineage",not_verified,partial,not_met,"Documents are versioned with supersession and a claim's citations are now integrity-checked against them. No financial record links to a document: an AP invoice cannot carry the invoice image it was entered from, and a pay application cannot carry the signed certificate. Lineage from a source document to a financial figure therefore stops at the operational record. Subject partial: Accounting periods now exist and are governed. A fiscal calendar beyond them, a chart of accounts, entities below the company, and currency handling beyond a column on a price do not.",
GES-P10-REQ-011,Financial Core & Governance,multi-company and intercompany processing,not_verified,partial,not_met,"Multi-company is the platform's foundation: companies, enterprise groups, corporate standard libraries with company overrides, and a plan limit on how many companies a subscription carries. Intercompany processing is absent — nothing records a transaction between two companies in a group, and there is no elimination or reconciliation between them. Subject partial: Accounting periods now exist and are governed. A fiscal calendar beyond them, a chart of accounts, entities below the company, and currency handling beyond a column on a price do not.",
GES-P10-REQ-012,Financial Core & Governance,configurable accounting dimensions,not_verified,partial,not_met,"The dimensions this aspect names mostly exist as columns: company, project, cost code, equipment, customer and vendor all appear on the records they belong to, and divisions and offices exist above the project. They are fixed columns rather than dimensions: a company cannot add one, and nothing lets a figure be sliced by a dimension the schema did not anticipate. Subject partial: Accounting periods now exist and are governed. A fiscal calendar beyond them, a chart of accounts, entities below the company, and currency handling beyond a column on a price do not.",
GES-P10-REQ-013,Financial Core & Governance,"duplicate, anomaly and policy-exception detection",not_verified,partial,not_met,"Three-way match compares an invoice against its purchase order and delivery and refuses a mismatch, which is one policy exception detected well. Nothing detects a duplicate invoice, an anomalous cost, a missing required field on an otherwise valid record, or a policy exception of any other kind. Subject partial: Accounting periods now exist and are governed. A fiscal calendar beyond them, a chart of accounts, entities below the company, and currency handling beyond a column on a price do not.",
GES-P10-REQ-014,Financial Core & Governance,"period controls, cutoff validation and posting-date governance",not_verified,partial,met,"Subject partial: Accounting periods now exist and are governed. A fiscal calendar beyond them, a chart of accounts, entities below the company, and currency handling beyond a column on a price do not.",
GES-P10-REQ-015,Financial Core & Governance,traceability from operational transaction to financial statement,not_verified,partial,not_met,"The operational half of this chain is strong and tested: measured field production ties to a task, the task to the estimate line it was budgeted from, the line to the library rows that priced it through a snapshot, and cost to the same task. The financial half does not exist — there is no financial statement for anything to have an impact on. Subject partial: Accounting periods now exist and are governed. A fiscal calendar beyond them, a chart of accounts, entities below the company, and currency handling beyond a column on a price do not.",
GES-P10-REQ-016,General Ledger,tenant-scoped records,not_verified,no,met,"Subject not built: No journal entry, no chart of accounts, no trial balance, no posting, no consolidation, no close beyond the period cutoff.",
GES-P10-REQ-017,General Ledger,configurable approval thresholds and routing,not_verified,no,not_met,"Approval tiers exist and, since migration 0033, configurable per-company signing thresholds govern change orders, contracts and claim settlements. Nothing of the kind exists for financial records: a pay application is approved by anyone holding finance.write regardless of its value, and there is no routing — no sequence of approvers, no delegation, no escalation. Subject not built: No journal entry, no chart of accounts, no trial balance, no posting, no consolidation, no close beyond the period cutoff.",
GES-P10-REQ-018,General Ledger,immutable audit event for every action,not_verified,no,not_met,"Create, update and delete are captured on every financial table by an append-only ledger recording prior and new state, and approve and post appear within it as updates. Export does not: nothing records that data left the platform, which is one of the seven actions this aspect names and the one an auditor asks about first. Reverse is not modeled as an action at all, because there is nothing to reverse. Subject not built: No journal entry, no chart of accounts, no trial balance, no posting, no consolidation, no close beyond the period cutoff.",
GES-P10-REQ-019,General Ledger,role-based and attribute-based access control,not_verified,no,met,"Subject not built: No journal entry, no chart of accounts, no trial balance, no posting, no consolidation, no close beyond the period cutoff.",
GES-P10-REQ-020,General Ledger,"effective dating, versioning and historical reconstruction",not_verified,no,not_met,"Library rates carry effective dating and row history, estimates carry versions with pinned library snapshots, and plans now carry versions. No financial record does: a pay application, a job cost and a payable each have one current state and no history beyond the audit ledger, so a prior period cannot be reconstructed as it stood. Subject not built: No journal entry, no chart of accounts, no trial balance, no posting, no consolidation, no close beyond the period cutoff.",
GES-P10-REQ-021,General Ledger,source-to-ledger balance validation,not_verified,no,not_met,"There is no ledger to balance to. Individual arithmetic is defended — a pay application cannot bill more than the contract sum plus approved changes, a work order's total is generated from its parts, an achieved production rate is a generated column — but no double entry exists and nothing can be unbalanced. Subject not built: No journal entry, no chart of accounts, no trial balance, no posting, no consolidation, no close beyond the period cutoff.",
GES-P10-REQ-022,General Ledger,configurable statuses and state transitions,not_verified,no,not_met,"Statuses are explicit and constrained, and transitions are enforced — a pay application cannot leave draft without a submission timestamp, a claim cannot advance past potential without a notice date, an executed change order cannot move back. None of it is configurable: the states and the transitions are in the schema, and a company cannot add a review step of its own. Subject not built: No journal entry, no chart of accounts, no trial balance, no posting, no consolidation, no close beyond the period cutoff.",
GES-P10-REQ-023,General Ledger,governed APIs and event notifications,not_verified,no,not_met,"Nine versioned endpoints sit behind a pure authorization function with one error shape, scoped API keys stored only as a hash, and an OpenAPI specification generated from the route table with drift failing the build — the API half is genuinely governed. The event half does not exist: there are no outbound webhooks and no event stream, so nothing outside the platform can be notified that a financial record changed. Subject not built: No journal entry, no chart of accounts, no trial balance, no posting, no consolidation, no close beyond the period cutoff.",
GES-P10-REQ-024,General Ledger,"dashboards, drill-downs and exportable reports",not_verified,no,not_met,"Dashboards and drill-downs exist as screens over five reporting views, each with security_invoker so a view can never become the way around row level security. Export does not exist anywhere in the platform: no export permission, no export path, and nothing that records an export having happened — the same absence P28 recorded. Subject not built: No journal entry, no chart of accounts, no trial balance, no posting, no consolidation, no close beyond the period cutoff.",
GES-P10-REQ-025,General Ledger,"attachments, notes, evidence and source-document lineage",not_verified,no,not_met,"Documents are versioned with supersession and a claim's citations are now integrity-checked against them. No financial record links to a document: an AP invoice cannot carry the invoice image it was entered from, and a pay application cannot carry the signed certificate. Lineage from a source document to a financial figure therefore stops at the operational record. Subject not built: No journal entry, no chart of accounts, no trial balance, no posting, no consolidation, no close beyond the period cutoff.",
GES-P10-REQ-026,General Ledger,multi-company and intercompany processing,not_verified,no,not_met,"Multi-company is the platform's foundation: companies, enterprise groups, corporate standard libraries with company overrides, and a plan limit on how many companies a subscription carries. Intercompany processing is absent — nothing records a transaction between two companies in a group, and there is no elimination or reconciliation between them. Subject not built: No journal entry, no chart of accounts, no trial balance, no posting, no consolidation, no close beyond the period cutoff.",
GES-P10-REQ-027,General Ledger,configurable accounting dimensions,not_verified,no,not_met,"The dimensions this aspect names mostly exist as columns: company, project, cost code, equipment, customer and vendor all appear on the records they belong to, and divisions and offices exist above the project. They are fixed columns rather than dimensions: a company cannot add one, and nothing lets a figure be sliced by a dimension the schema did not anticipate. Subject not built: No journal entry, no chart of accounts, no trial balance, no posting, no consolidation, no close beyond the period cutoff.",
GES-P10-REQ-028,General Ledger,"duplicate, anomaly and policy-exception detection",not_verified,no,not_met,"Three-way match compares an invoice against its purchase order and delivery and refuses a mismatch, which is one policy exception detected well. Nothing detects a duplicate invoice, an anomalous cost, a missing required field on an otherwise valid record, or a policy exception of any other kind. Subject not built: No journal entry, no chart of accounts, no trial balance, no posting, no consolidation, no close beyond the period cutoff.",
GES-P10-REQ-029,General Ledger,"period controls, cutoff validation and posting-date governance",not_verified,no,met,"Subject not built: No journal entry, no chart of accounts, no trial balance, no posting, no consolidation, no close beyond the period cutoff.",
GES-P10-REQ-030,General Ledger,traceability from operational transaction to financial statement,not_verified,no,not_met,"The operational half of this chain is strong and tested: measured field production ties to a task, the task to the estimate line it was budgeted from, the line to the library rows that priced it through a snapshot, and cost to the same task. The financial half does not exist — there is no financial statement for anything to have an impact on. Subject not built: No journal entry, no chart of accounts, no trial balance, no posting, no consolidation, no close beyond the period cutoff.",
GES-P10-REQ-031,Accounts Payable,tenant-scoped records,verified,yes,met,,"Every financial table carries company_id with row level security enabled and forced, policies generated by two audited helpers rather than written by hand, and app.enforce_tenant_parent refusing a child row attached to a parent owned by another company. 460 database tests run against real PostgreSQL with two provisioned companies. Subject: AP invoices with three-way match against purchase order and delivery, vendor records, and now a posting-date cutoff."
GES-P10-REQ-032,Accounts Payable,configurable approval thresholds and routing,not_verified,yes,not_met,"Approval tiers exist and, since migration 0033, configurable per-company signing thresholds govern change orders, contracts and claim settlements. Nothing of the kind exists for financial records: a pay application is approved by anyone holding finance.write regardless of its value, and there is no routing — no sequence of approvers, no delegation, no escalation.",
GES-P10-REQ-033,Accounts Payable,immutable audit event for every action,not_verified,yes,not_met,"Create, update and delete are captured on every financial table by an append-only ledger recording prior and new state, and approve and post appear within it as updates. Export does not: nothing records that data left the platform, which is one of the seven actions this aspect names and the one an auditor asks about first. Reverse is not modeled as an action at all, because there is nothing to reverse.",
GES-P10-REQ-034,Accounts Payable,role-based and attribute-based access control,verified,yes,met,,"Role-based: named roles carry explicit permission arrays and an approval tier, checked by app.has_permission with wildcards honored only as the whole grant. Attribute-based: a membership's project_scope narrows a user to named projects, every policy predicates on the row's own company_id, and contracts are readable under finance.read while written under estimates.approve, so a role can draft one without seeing the portfolio's financial position. Subject: AP invoices with three-way match against purchase order and delivery, vendor records, and now a posting-date cutoff."
GES-P10-REQ-035,Accounts Payable,"effective dating, versioning and historical reconstruction",not_verified,yes,not_met,"Library rates carry effective dating and row history, estimates carry versions with pinned library snapshots, and plans now carry versions. No financial record does: a pay application, a job cost and a payable each have one current state and no history beyond the audit ledger, so a prior period cannot be reconstructed as it stood.",
GES-P10-REQ-036,Accounts Payable,source-to-ledger balance validation,not_verified,yes,not_met,"There is no ledger to balance to. Individual arithmetic is defended — a pay application cannot bill more than the contract sum plus approved changes, a work order's total is generated from its parts, an achieved production rate is a generated column — but no double entry exists and nothing can be unbalanced.",
GES-P10-REQ-037,Accounts Payable,configurable statuses and state transitions,not_verified,yes,not_met,"Statuses are explicit and constrained, and transitions are enforced — a pay application cannot leave draft without a submission timestamp, a claim cannot advance past potential without a notice date, an executed change order cannot move back. None of it is configurable: the states and the transitions are in the schema, and a company cannot add a review step of its own.",
GES-P10-REQ-038,Accounts Payable,governed APIs and event notifications,not_verified,yes,not_met,"Nine versioned endpoints sit behind a pure authorization function with one error shape, scoped API keys stored only as a hash, and an OpenAPI specification generated from the route table with drift failing the build — the API half is genuinely governed. The event half does not exist: there are no outbound webhooks and no event stream, so nothing outside the platform can be notified that a financial record changed.",
GES-P10-REQ-039,Accounts Payable,"dashboards, drill-downs and exportable reports",not_verified,yes,not_met,"Dashboards and drill-downs exist as screens over five reporting views, each with security_invoker so a view can never become the way around row level security. Export does not exist anywhere in the platform: no export permission, no export path, and nothing that records an export having happened — the same absence P28 recorded.",
GES-P10-REQ-040,Accounts Payable,"attachments, notes, evidence and source-document lineage",not_verified,yes,not_met,"Documents are versioned with supersession and a claim's citations are now integrity-checked against them. No financial record links to a document: an AP invoice cannot carry the invoice image it was entered from, and a pay application cannot carry the signed certificate. Lineage from a source document to a financial figure therefore stops at the operational record.",
GES-P10-REQ-041,Accounts Payable,multi-company and intercompany processing,not_verified,yes,not_met,"Multi-company is the platform's foundation: companies, enterprise groups, corporate standard libraries with company overrides, and a plan limit on how many companies a subscription carries. Intercompany processing is absent — nothing records a transaction between two companies in a group, and there is no elimination or reconciliation between them.",
GES-P10-REQ-042,Accounts Payable,configurable accounting dimensions,not_verified,yes,not_met,"The dimensions this aspect names mostly exist as columns: company, project, cost code, equipment, customer and vendor all appear on the records they belong to, and divisions and offices exist above the project. They are fixed columns rather than dimensions: a company cannot add one, and nothing lets a figure be sliced by a dimension the schema did not anticipate.",
GES-P10-REQ-043,Accounts Payable,"duplicate, anomaly and policy-exception detection",not_verified,yes,not_met,"Three-way match compares an invoice against its purchase order and delivery and refuses a mismatch, which is one policy exception detected well. Nothing detects a duplicate invoice, an anomalous cost, a missing required field on an otherwise valid record, or a policy exception of any other kind.",
GES-P10-REQ-044,Accounts Payable,"period controls, cutoff validation and posting-date governance",verified,yes,met,,"Migration 0034: non-overlapping accounting periods per company, enforced by an exclusion constraint so the closed-or-open answer never depends on which row was read first. Closing refuses to run over a pay application still in draft or submitted, and records who closed it and when; reopening requires an attributed reason. Postings into a closed period are refused, and so is moving an existing posting out of one, because the period total would change after it was reported either way. A company that has defined no periods is left alone rather than having a close invented for it. 20 tests. Subject: AP invoices with three-way match against purchase order and delivery, vendor records, and now a posting-date cutoff."
GES-P10-REQ-045,Accounts Payable,traceability from operational transaction to financial statement,not_verified,yes,not_met,"The operational half of this chain is strong and tested: measured field production ties to a task, the task to the estimate line it was budgeted from, the line to the library rows that priced it through a snapshot, and cost to the same task. The financial half does not exist — there is no financial statement for anything to have an impact on.",
GES-P10-REQ-046,Accounts Receivable,tenant-scoped records,not_verified,partial,met,"Subject partial: Pay applications bill the owner and record what was paid against them. There is no receivable of its own: no customer invoice separate from the pay application, no aging, no receipt application, no collections.",
GES-P10-REQ-047,Accounts Receivable,configurable approval thresholds and routing,not_verified,partial,not_met,"Approval tiers exist and, since migration 0033, configurable per-company signing thresholds govern change orders, contracts and claim settlements. Nothing of the kind exists for financial records: a pay application is approved by anyone holding finance.write regardless of its value, and there is no routing — no sequence of approvers, no delegation, no escalation. Subject partial: Pay applications bill the owner and record what was paid against them. There is no receivable of its own: no customer invoice separate from the pay application, no aging, no receipt application, no collections.",
GES-P10-REQ-048,Accounts Receivable,immutable audit event for every action,not_verified,partial,not_met,"Create, update and delete are captured on every financial table by an append-only ledger recording prior and new state, and approve and post appear within it as updates. Export does not: nothing records that data left the platform, which is one of the seven actions this aspect names and the one an auditor asks about first. Reverse is not modeled as an action at all, because there is nothing to reverse. Subject partial: Pay applications bill the owner and record what was paid against them. There is no receivable of its own: no customer invoice separate from the pay application, no aging, no receipt application, no collections.",
GES-P10-REQ-049,Accounts Receivable,role-based and attribute-based access control,not_verified,partial,met,"Subject partial: Pay applications bill the owner and record what was paid against them. There is no receivable of its own: no customer invoice separate from the pay application, no aging, no receipt application, no collections.",
GES-P10-REQ-050,Accounts Receivable,"effective dating, versioning and historical reconstruction",not_verified,partial,not_met,"Library rates carry effective dating and row history, estimates carry versions with pinned library snapshots, and plans now carry versions. No financial record does: a pay application, a job cost and a payable each have one current state and no history beyond the audit ledger, so a prior period cannot be reconstructed as it stood. Subject partial: Pay applications bill the owner and record what was paid against them. There is no receivable of its own: no customer invoice separate from the pay application, no aging, no receipt application, no collections.",
GES-P10-REQ-051,Accounts Receivable,source-to-ledger balance validation,not_verified,partial,not_met,"There is no ledger to balance to. Individual arithmetic is defended — a pay application cannot bill more than the contract sum plus approved changes, a work order's total is generated from its parts, an achieved production rate is a generated column — but no double entry exists and nothing can be unbalanced. Subject partial: Pay applications bill the owner and record what was paid against them. There is no receivable of its own: no customer invoice separate from the pay application, no aging, no receipt application, no collections.",
GES-P10-REQ-052,Accounts Receivable,configurable statuses and state transitions,not_verified,partial,not_met,"Statuses are explicit and constrained, and transitions are enforced — a pay application cannot leave draft without a submission timestamp, a claim cannot advance past potential without a notice date, an executed change order cannot move back. None of it is configurable: the states and the transitions are in the schema, and a company cannot add a review step of its own. Subject partial: Pay applications bill the owner and record what was paid against them. There is no receivable of its own: no customer invoice separate from the pay application, no aging, no receipt application, no collections.",
GES-P10-REQ-053,Accounts Receivable,governed APIs and event notifications,not_verified,partial,not_met,"Nine versioned endpoints sit behind a pure authorization function with one error shape, scoped API keys stored only as a hash, and an OpenAPI specification generated from the route table with drift failing the build — the API half is genuinely governed. The event half does not exist: there are no outbound webhooks and no event stream, so nothing outside the platform can be notified that a financial record changed. Subject partial: Pay applications bill the owner and record what was paid against them. There is no receivable of its own: no customer invoice separate from the pay application, no aging, no receipt application, no collections.",
GES-P10-REQ-054,Accounts Receivable,"dashboards, drill-downs and exportable reports",not_verified,partial,not_met,"Dashboards and drill-downs exist as screens over five reporting views, each with security_invoker so a view can never become the way around row level security. Export does not exist anywhere in the platform: no export permission, no export path, and nothing that records an export having happened — the same absence P28 recorded. Subject partial: Pay applications bill the owner and record what was paid against them. There is no receivable of its own: no customer invoice separate from the pay application, no aging, no receipt application, no collections.",
GES-P10-REQ-055,Accounts Receivable,"attachments, notes, evidence and source-document lineage",not_verified,partial,not_met,"Documents are versioned with supersession and a claim's citations are now integrity-checked against them. No financial record links to a document: an AP invoice cannot carry the invoice image it was entered from, and a pay application cannot carry the signed certificate. Lineage from a source document to a financial figure therefore stops at the operational record. Subject partial: Pay applications bill the owner and record what was paid against them. There is no receivable of its own: no customer invoice separate from the pay application, no aging, no receipt application, no collections.",
GES-P10-REQ-056,Accounts Receivable,multi-company and intercompany processing,not_verified,partial,not_met,"Multi-company is the platform's foundation: companies, enterprise groups, corporate standard libraries with company overrides, and a plan limit on how many companies a subscription carries. Intercompany processing is absent — nothing records a transaction between two companies in a group, and there is no elimination or reconciliation between them. Subject partial: Pay applications bill the owner and record what was paid against them. There is no receivable of its own: no customer invoice separate from the pay application, no aging, no receipt application, no collections.",
GES-P10-REQ-057,Accounts Receivable,configurable accounting dimensions,not_verified,partial,not_met,"The dimensions this aspect names mostly exist as columns: company, project, cost code, equipment, customer and vendor all appear on the records they belong to, and divisions and offices exist above the project. They are fixed columns rather than dimensions: a company cannot add one, and nothing lets a figure be sliced by a dimension the schema did not anticipate. Subject partial: Pay applications bill the owner and record what was paid against them. There is no receivable of its own: no customer invoice separate from the pay application, no aging, no receipt application, no collections.",
GES-P10-REQ-058,Accounts Receivable,"duplicate, anomaly and policy-exception detection",not_verified,partial,not_met,"Three-way match compares an invoice against its purchase order and delivery and refuses a mismatch, which is one policy exception detected well. Nothing detects a duplicate invoice, an anomalous cost, a missing required field on an otherwise valid record, or a policy exception of any other kind. Subject partial: Pay applications bill the owner and record what was paid against them. There is no receivable of its own: no customer invoice separate from the pay application, no aging, no receipt application, no collections.",
GES-P10-REQ-059,Accounts Receivable,"period controls, cutoff validation and posting-date governance",not_verified,partial,met,"Subject partial: Pay applications bill the owner and record what was paid against them. There is no receivable of its own: no customer invoice separate from the pay application, no aging, no receipt application, no collections.",
GES-P10-REQ-060,Accounts Receivable,traceability from operational transaction to financial statement,not_verified,partial,not_met,"The operational half of this chain is strong and tested: measured field production ties to a task, the task to the estimate line it was budgeted from, the line to the library rows that priced it through a snapshot, and cost to the same task. The financial half does not exist — there is no financial statement for anything to have an impact on. Subject partial: Pay applications bill the owner and record what was paid against them. There is no receivable of its own: no customer invoice separate from the pay application, no aging, no receipt application, no collections.",
GES-P10-REQ-061,Job Cost & WIP,tenant-scoped records,verified,yes,met,,"Every financial table carries company_id with row level security enabled and forced, policies generated by two audited helpers rather than written by hand, and app.enforce_tenant_parent refusing a child row attached to a parent owned by another company. 460 database tests run against real PostgreSQL with two provisioned companies. Subject: Cost by type and cost code against a project and a task, committed cost from purchase orders, budget from the awarded estimate, and a work-in-progress reporting view."
GES-P10-REQ-062,Job Cost & WIP,configurable approval thresholds and routing,not_verified,yes,not_met,"Approval tiers exist and, since migration 0033, configurable per-company signing thresholds govern change orders, contracts and claim settlements. Nothing of the kind exists for financial records: a pay application is approved by anyone holding finance.write regardless of its value, and there is no routing — no sequence of approvers, no delegation, no escalation.",
GES-P10-REQ-063,Job Cost & WIP,immutable audit event for every action,not_verified,yes,not_met,"Create, update and delete are captured on every financial table by an append-only ledger recording prior and new state, and approve and post appear within it as updates. Export does not: nothing records that data left the platform, which is one of the seven actions this aspect names and the one an auditor asks about first. Reverse is not modeled as an action at all, because there is nothing to reverse.",
GES-P10-REQ-064,Job Cost & WIP,role-based and attribute-based access control,verified,yes,met,,"Role-based: named roles carry explicit permission arrays and an approval tier, checked by app.has_permission with wildcards honored only as the whole grant. Attribute-based: a membership's project_scope narrows a user to named projects, every policy predicates on the row's own company_id, and contracts are readable under finance.read while written under estimates.approve, so a role can draft one without seeing the portfolio's financial position. Subject: Cost by type and cost code against a project and a task, committed cost from purchase orders, budget from the awarded estimate, and a work-in-progress reporting view."
GES-P10-REQ-065,Job Cost & WIP,"effective dating, versioning and historical reconstruction",not_verified,yes,not_met,"Library rates carry effective dating and row history, estimates carry versions with pinned library snapshots, and plans now carry versions. No financial record does: a pay application, a job cost and a payable each have one current state and no history beyond the audit ledger, so a prior period cannot be reconstructed as it stood.",
GES-P10-REQ-066,Job Cost & WIP,source-to-ledger balance validation,not_verified,yes,not_met,"There is no ledger to balance to. Individual arithmetic is defended — a pay application cannot bill more than the contract sum plus approved changes, a work order's total is generated from its parts, an achieved production rate is a generated column — but no double entry exists and nothing can be unbalanced.",
GES-P10-REQ-067,Job Cost & WIP,configurable statuses and state transitions,not_verified,yes,not_met,"Statuses are explicit and constrained, and transitions are enforced — a pay application cannot leave draft without a submission timestamp, a claim cannot advance past potential without a notice date, an executed change order cannot move back. None of it is configurable: the states and the transitions are in the schema, and a company cannot add a review step of its own.",
GES-P10-REQ-068,Job Cost & WIP,governed APIs and event notifications,not_verified,yes,not_met,"Nine versioned endpoints sit behind a pure authorization function with one error shape, scoped API keys stored only as a hash, and an OpenAPI specification generated from the route table with drift failing the build — the API half is genuinely governed. The event half does not exist: there are no outbound webhooks and no event stream, so nothing outside the platform can be notified that a financial record changed.",
GES-P10-REQ-069,Job Cost & WIP,"dashboards, drill-downs and exportable reports",not_verified,yes,not_met,"Dashboards and drill-downs exist as screens over five reporting views, each with security_invoker so a view can never become the way around row level security. Export does not exist anywhere in the platform: no export permission, no export path, and nothing that records an export having happened — the same absence P28 recorded.",
GES-P10-REQ-070,Job Cost & WIP,"attachments, notes, evidence and source-document lineage",not_verified,yes,not_met,"Documents are versioned with supersession and a claim's citations are now integrity-checked against them. No financial record links to a document: an AP invoice cannot carry the invoice image it was entered from, and a pay application cannot carry the signed certificate. Lineage from a source document to a financial figure therefore stops at the operational record.",
GES-P10-REQ-071,Job Cost & WIP,multi-company and intercompany processing,not_verified,yes,not_met,"Multi-company is the platform's foundation: companies, enterprise groups, corporate standard libraries with company overrides, and a plan limit on how many companies a subscription carries. Intercompany processing is absent — nothing records a transaction between two companies in a group, and there is no elimination or reconciliation between them.",
GES-P10-REQ-072,Job Cost & WIP,configurable accounting dimensions,not_verified,yes,not_met,"The dimensions this aspect names mostly exist as columns: company, project, cost code, equipment, customer and vendor all appear on the records they belong to, and divisions and offices exist above the project. They are fixed columns rather than dimensions: a company cannot add one, and nothing lets a figure be sliced by a dimension the schema did not anticipate.",
GES-P10-REQ-073,Job Cost & WIP,"duplicate, anomaly and policy-exception detection",not_verified,yes,not_met,"Three-way match compares an invoice against its purchase order and delivery and refuses a mismatch, which is one policy exception detected well. Nothing detects a duplicate invoice, an anomalous cost, a missing required field on an otherwise valid record, or a policy exception of any other kind.",
GES-P10-REQ-074,Job Cost & WIP,"period controls, cutoff validation and posting-date governance",verified,yes,met,,"Migration 0034: non-overlapping accounting periods per company, enforced by an exclusion constraint so the closed-or-open answer never depends on which row was read first. Closing refuses to run over a pay application still in draft or submitted, and records who closed it and when; reopening requires an attributed reason. Postings into a closed period are refused, and so is moving an existing posting out of one, because the period total would change after it was reported either way. A company that has defined no periods is left alone rather than having a close invented for it. 20 tests. Subject: Cost by type and cost code against a project and a task, committed cost from purchase orders, budget from the awarded estimate, and a work-in-progress reporting view."
GES-P10-REQ-075,Job Cost & WIP,traceability from operational transaction to financial statement,not_verified,yes,not_met,"The operational half of this chain is strong and tested: measured field production ties to a task, the task to the estimate line it was budgeted from, the line to the library rows that priced it through a snapshot, and cost to the same task. The financial half does not exist — there is no financial statement for anything to have an impact on.",
GES-P10-REQ-076,Construction Billing,tenant-scoped records,verified,yes,met,,"Every financial table carries company_id with row level security enabled and forced, policies generated by two audited helpers rather than written by hand, and app.enforce_tenant_parent refusing a child row attached to a parent owned by another company. 460 database tests run against real PostgreSQL with two provisioned companies. Subject: Schedule of values, AIA G702 pay applications with cumulative-to-date arithmetic, retainage at the contract percentage, and a certified application that cannot be edited."
GES-P10-REQ-077,Construction Billing,configurable approval thresholds and routing,not_verified,yes,not_met,"Approval tiers exist and, since migration 0033, configurable per-company signing thresholds govern change orders, contracts and claim settlements. Nothing of the kind exists for financial records: a pay application is approved by anyone holding finance.write regardless of its value, and there is no routing — no sequence of approvers, no delegation, no escalation.",
GES-P10-REQ-078,Construction Billing,immutable audit event for every action,not_verified,yes,not_met,"Create, update and delete are captured on every financial table by an append-only ledger recording prior and new state, and approve and post appear within it as updates. Export does not: nothing records that data left the platform, which is one of the seven actions this aspect names and the one an auditor asks about first. Reverse is not modeled as an action at all, because there is nothing to reverse.",
GES-P10-REQ-079,Construction Billing,role-based and attribute-based access control,verified,yes,met,,"Role-based: named roles carry explicit permission arrays and an approval tier, checked by app.has_permission with wildcards honored only as the whole grant. Attribute-based: a membership's project_scope narrows a user to named projects, every policy predicates on the row's own company_id, and contracts are readable under finance.read while written under estimates.approve, so a role can draft one without seeing the portfolio's financial position. Subject: Schedule of values, AIA G702 pay applications with cumulative-to-date arithmetic, retainage at the contract percentage, and a certified application that cannot be edited."
GES-P10-REQ-080,Construction Billing,"effective dating, versioning and historical reconstruction",not_verified,yes,not_met,"Library rates carry effective dating and row history, estimates carry versions with pinned library snapshots, and plans now carry versions. No financial record does: a pay application, a job cost and a payable each have one current state and no history beyond the audit ledger, so a prior period cannot be reconstructed as it stood.",
GES-P10-REQ-081,Construction Billing,source-to-ledger balance validation,not_verified,yes,not_met,"There is no ledger to balance to. Individual arithmetic is defended — a pay application cannot bill more than the contract sum plus approved changes, a work order's total is generated from its parts, an achieved production rate is a generated column — but no double entry exists and nothing can be unbalanced.",
GES-P10-REQ-082,Construction Billing,configurable statuses and state transitions,not_verified,yes,not_met,"Statuses are explicit and constrained, and transitions are enforced — a pay application cannot leave draft without a submission timestamp, a claim cannot advance past potential without a notice date, an executed change order cannot move back. None of it is configurable: the states and the transitions are in the schema, and a company cannot add a review step of its own.",
GES-P10-REQ-083,Construction Billing,governed APIs and event notifications,not_verified,yes,not_met,"Nine versioned endpoints sit behind a pure authorization function with one error shape, scoped API keys stored only as a hash, and an OpenAPI specification generated from the route table with drift failing the build — the API half is genuinely governed. The event half does not exist: there are no outbound webhooks and no event stream, so nothing outside the platform can be notified that a financial record changed.",
GES-P10-REQ-084,Construction Billing,"dashboards, drill-downs and exportable reports",not_verified,yes,not_met,"Dashboards and drill-downs exist as screens over five reporting views, each with security_invoker so a view can never become the way around row level security. Export does not exist anywhere in the platform: no export permission, no export path, and nothing that records an export having happened — the same absence P28 recorded.",
GES-P10-REQ-085,Construction Billing,"attachments, notes, evidence and source-document lineage",not_verified,yes,not_met,"Documents are versioned with supersession and a claim's citations are now integrity-checked against them. No financial record links to a document: an AP invoice cannot carry the invoice image it was entered from, and a pay application cannot carry the signed certificate. Lineage from a source document to a financial figure therefore stops at the operational record.",
GES-P10-REQ-086,Construction Billing,multi-company and intercompany processing,not_verified,yes,not_met,"Multi-company is the platform's foundation: companies, enterprise groups, corporate standard libraries with company overrides, and a plan limit on how many companies a subscription carries. Intercompany processing is absent — nothing records a transaction between two companies in a group, and there is no elimination or reconciliation between them.",
GES-P10-REQ-087,Construction Billing,configurable accounting dimensions,not_verified,yes,not_met,"The dimensions this aspect names mostly exist as columns: company, project, cost code, equipment, customer and vendor all appear on the records they belong to, and divisions and offices exist above the project. They are fixed columns rather than dimensions: a company cannot add one, and nothing lets a figure be sliced by a dimension the schema did not anticipate.",
GES-P10-REQ-088,Construction Billing,"duplicate, anomaly and policy-exception detection",not_verified,yes,not_met,"Three-way match compares an invoice against its purchase order and delivery and refuses a mismatch, which is one policy exception detected well. Nothing detects a duplicate invoice, an anomalous cost, a missing required field on an otherwise valid record, or a policy exception of any other kind.",
GES-P10-REQ-089,Construction Billing,"period controls, cutoff validation and posting-date governance",verified,yes,met,,"Migration 0034: non-overlapping accounting periods per company, enforced by an exclusion constraint so the closed-or-open answer never depends on which row was read first. Closing refuses to run over a pay application still in draft or submitted, and records who closed it and when; reopening requires an attributed reason. Postings into a closed period are refused, and so is moving an existing posting out of one, because the period total would change after it was reported either way. A company that has defined no periods is left alone rather than having a close invented for it. 20 tests. Subject: Schedule of values, AIA G702 pay applications with cumulative-to-date arithmetic, retainage at the contract percentage, and a certified application that cannot be edited."
GES-P10-REQ-090,Construction Billing,traceability from operational transaction to financial statement,not_verified,yes,not_met,"The operational half of this chain is strong and tested: measured field production ties to a task, the task to the estimate line it was budgeted from, the line to the library rows that priced it through a snapshot, and cost to the same task. The financial half does not exist — there is no financial statement for anything to have an impact on.",
GES-P10-REQ-091,Payroll Accounting Integration,tenant-scoped records,not_verified,partial,met,"Subject partial: Time entries carry hours, cost code and project, are approved, and lock once exported to a named payroll batch. Nothing posts payroll to an accounting system or reconciles what came back.",
GES-P10-REQ-092,Payroll Accounting Integration,configurable approval thresholds and routing,not_verified,partial,not_met,"Approval tiers exist and, since migration 0033, configurable per-company signing thresholds govern change orders, contracts and claim settlements. Nothing of the kind exists for financial records: a pay application is approved by anyone holding finance.write regardless of its value, and there is no routing — no sequence of approvers, no delegation, no escalation. Subject partial: Time entries carry hours, cost code and project, are approved, and lock once exported to a named payroll batch. Nothing posts payroll to an accounting system or reconciles what came back.",
GES-P10-REQ-093,Payroll Accounting Integration,immutable audit event for every action,not_verified,partial,not_met,"Create, update and delete are captured on every financial table by an append-only ledger recording prior and new state, and approve and post appear within it as updates. Export does not: nothing records that data left the platform, which is one of the seven actions this aspect names and the one an auditor asks about first. Reverse is not modeled as an action at all, because there is nothing to reverse. Subject partial: Time entries carry hours, cost code and project, are approved, and lock once exported to a named payroll batch. Nothing posts payroll to an accounting system or reconciles what came back.",
GES-P10-REQ-094,Payroll Accounting Integration,role-based and attribute-based access control,not_verified,partial,met,"Subject partial: Time entries carry hours, cost code and project, are approved, and lock once exported to a named payroll batch. Nothing posts payroll to an accounting system or reconciles what came back.",
GES-P10-REQ-095,Payroll Accounting Integration,"effective dating, versioning and historical reconstruction",not_verified,partial,not_met,"Library rates carry effective dating and row history, estimates carry versions with pinned library snapshots, and plans now carry versions. No financial record does: a pay application, a job cost and a payable each have one current state and no history beyond the audit ledger, so a prior period cannot be reconstructed as it stood. Subject partial: Time entries carry hours, cost code and project, are approved, and lock once exported to a named payroll batch. Nothing posts payroll to an accounting system or reconciles what came back.",
GES-P10-REQ-096,Payroll Accounting Integration,source-to-ledger balance validation,not_verified,partial,not_met,"There is no ledger to balance to. Individual arithmetic is defended — a pay application cannot bill more than the contract sum plus approved changes, a work order's total is generated from its parts, an achieved production rate is a generated column — but no double entry exists and nothing can be unbalanced. Subject partial: Time entries carry hours, cost code and project, are approved, and lock once exported to a named payroll batch. Nothing posts payroll to an accounting system or reconciles what came back.",
GES-P10-REQ-097,Payroll Accounting Integration,configurable statuses and state transitions,not_verified,partial,not_met,"Statuses are explicit and constrained, and transitions are enforced — a pay application cannot leave draft without a submission timestamp, a claim cannot advance past potential without a notice date, an executed change order cannot move back. None of it is configurable: the states and the transitions are in the schema, and a company cannot add a review step of its own. Subject partial: Time entries carry hours, cost code and project, are approved, and lock once exported to a named payroll batch. Nothing posts payroll to an accounting system or reconciles what came back.",
GES-P10-REQ-098,Payroll Accounting Integration,governed APIs and event notifications,not_verified,partial,not_met,"Nine versioned endpoints sit behind a pure authorization function with one error shape, scoped API keys stored only as a hash, and an OpenAPI specification generated from the route table with drift failing the build — the API half is genuinely governed. The event half does not exist: there are no outbound webhooks and no event stream, so nothing outside the platform can be notified that a financial record changed. Subject partial: Time entries carry hours, cost code and project, are approved, and lock once exported to a named payroll batch. Nothing posts payroll to an accounting system or reconciles what came back.",
GES-P10-REQ-099,Payroll Accounting Integration,"dashboards, drill-downs and exportable reports",not_verified,partial,not_met,"Dashboards and drill-downs exist as screens over five reporting views, each with security_invoker so a view can never become the way around row level security. Export does not exist anywhere in the platform: no export permission, no export path, and nothing that records an export having happened — the same absence P28 recorded. Subject partial: Time entries carry hours, cost code and project, are approved, and lock once exported to a named payroll batch. Nothing posts payroll to an accounting system or reconciles what came back.",
GES-P10-REQ-100,Payroll Accounting Integration,"attachments, notes, evidence and source-document lineage",not_verified,partial,not_met,"Documents are versioned with supersession and a claim's citations are now integrity-checked against them. No financial record links to a document: an AP invoice cannot carry the invoice image it was entered from, and a pay application cannot carry the signed certificate. Lineage from a source document to a financial figure therefore stops at the operational record. Subject partial: Time entries carry hours, cost code and project, are approved, and lock once exported to a named payroll batch. Nothing posts payroll to an accounting system or reconciles what came back.",
GES-P10-REQ-101,Payroll Accounting Integration,multi-company and intercompany processing,not_verified,partial,not_met,"Multi-company is the platform's foundation: companies, enterprise groups, corporate standard libraries with company overrides, and a plan limit on how many companies a subscription carries. Intercompany processing is absent — nothing records a transaction between two companies in a group, and there is no elimination or reconciliation between them. Subject partial: Time entries carry hours, cost code and project, are approved, and lock once exported to a named payroll batch. Nothing posts payroll to an accounting system or reconciles what came back.",
GES-P10-REQ-102,Payroll Accounting Integration,configurable accounting dimensions,not_verified,partial,not_met,"The dimensions this aspect names mostly exist as columns: company, project, cost code, equipment, customer and vendor all appear on the records they belong to, and divisions and offices exist above the project. They are fixed columns rather than dimensions: a company cannot add one, and nothing lets a figure be sliced by a dimension the schema did not anticipate. Subject partial: Time entries carry hours, cost code and project, are approved, and lock once exported to a named payroll batch. Nothing posts payroll to an accounting system or reconciles what came back.",
GES-P10-REQ-103,Payroll Accounting Integration,"duplicate, anomaly and policy-exception detection",not_verified,partial,not_met,"Three-way match compares an invoice against its purchase order and delivery and refuses a mismatch, which is one policy exception detected well. Nothing detects a duplicate invoice, an anomalous cost, a missing required field on an otherwise valid record, or a policy exception of any other kind. Subject partial: Time entries carry hours, cost code and project, are approved, and lock once exported to a named payroll batch. Nothing posts payroll to an accounting system or reconciles what came back.",
GES-P10-REQ-104,Payroll Accounting Integration,"period controls, cutoff validation and posting-date governance",not_verified,partial,met,"Subject partial: Time entries carry hours, cost code and project, are approved, and lock once exported to a named payroll batch. Nothing posts payroll to an accounting system or reconciles what came back.",
GES-P10-REQ-105,Payroll Accounting Integration,traceability from operational transaction to financial statement,not_verified,partial,not_met,"The operational half of this chain is strong and tested: measured field production ties to a task, the task to the estimate line it was budgeted from, the line to the library rows that priced it through a snapshot, and cost to the same task. The financial half does not exist — there is no financial statement for anything to have an impact on. Subject partial: Time entries carry hours, cost code and project, are approved, and lock once exported to a named payroll batch. Nothing posts payroll to an accounting system or reconciles what came back.",
GES-P10-REQ-106,Cash & Treasury,tenant-scoped records,not_verified,no,met,"Subject not built: No bank account, no cash position, no forecast, no reconciliation, no payment run.",
GES-P10-REQ-107,Cash & Treasury,configurable approval thresholds and routing,not_verified,no,not_met,"Approval tiers exist and, since migration 0033, configurable per-company signing thresholds govern change orders, contracts and claim settlements. Nothing of the kind exists for financial records: a pay application is approved by anyone holding finance.write regardless of its value, and there is no routing — no sequence of approvers, no delegation, no escalation. Subject not built: No bank account, no cash position, no forecast, no reconciliation, no payment run.",
GES-P10-REQ-108,Cash & Treasury,immutable audit event for every action,not_verified,no,not_met,"Create, update and delete are captured on every financial table by an append-only ledger recording prior and new state, and approve and post appear within it as updates. Export does not: nothing records that data left the platform, which is one of the seven actions this aspect names and the one an auditor asks about first. Reverse is not modeled as an action at all, because there is nothing to reverse. Subject not built: No bank account, no cash position, no forecast, no reconciliation, no payment run.",
GES-P10-REQ-109,Cash & Treasury,role-based and attribute-based access control,not_verified,no,met,"Subject not built: No bank account, no cash position, no forecast, no reconciliation, no payment run.",
GES-P10-REQ-110,Cash & Treasury,"effective dating, versioning and historical reconstruction",not_verified,no,not_met,"Library rates carry effective dating and row history, estimates carry versions with pinned library snapshots, and plans now carry versions. No financial record does: a pay application, a job cost and a payable each have one current state and no history beyond the audit ledger, so a prior period cannot be reconstructed as it stood. Subject not built: No bank account, no cash position, no forecast, no reconciliation, no payment run.",
GES-P10-REQ-111,Cash & Treasury,source-to-ledger balance validation,not_verified,no,not_met,"There is no ledger to balance to. Individual arithmetic is defended — a pay application cannot bill more than the contract sum plus approved changes, a work order's total is generated from its parts, an achieved production rate is a generated column — but no double entry exists and nothing can be unbalanced. Subject not built: No bank account, no cash position, no forecast, no reconciliation, no payment run.",
GES-P10-REQ-112,Cash & Treasury,configurable statuses and state transitions,not_verified,no,not_met,"Statuses are explicit and constrained, and transitions are enforced — a pay application cannot leave draft without a submission timestamp, a claim cannot advance past potential without a notice date, an executed change order cannot move back. None of it is configurable: the states and the transitions are in the schema, and a company cannot add a review step of its own. Subject not built: No bank account, no cash position, no forecast, no reconciliation, no payment run.",
GES-P10-REQ-113,Cash & Treasury,governed APIs and event notifications,not_verified,no,not_met,"Nine versioned endpoints sit behind a pure authorization function with one error shape, scoped API keys stored only as a hash, and an OpenAPI specification generated from the route table with drift failing the build — the API half is genuinely governed. The event half does not exist: there are no outbound webhooks and no event stream, so nothing outside the platform can be notified that a financial record changed. Subject not built: No bank account, no cash position, no forecast, no reconciliation, no payment run.",
GES-P10-REQ-114,Cash & Treasury,"dashboards, drill-downs and exportable reports",not_verified,no,not_met,"Dashboards and drill-downs exist as screens over five reporting views, each with security_invoker so a view can never become the way around row level security. Export does not exist anywhere in the platform: no export permission, no export path, and nothing that records an export having happened — the same absence P28 recorded. Subject not built: No bank account, no cash position, no forecast, no reconciliation, no payment run.",
GES-P10-REQ-115,Cash & Treasury,"attachments, notes, evidence and source-document lineage",not_verified,no,not_met,"Documents are versioned with supersession and a claim's citations are now integrity-checked against them. No financial record links to a document: an AP invoice cannot carry the invoice image it was entered from, and a pay application cannot carry the signed certificate. Lineage from a source document to a financial figure therefore stops at the operational record. Subject not built: No bank account, no cash position, no forecast, no reconciliation, no payment run.",
GES-P10-REQ-116,Cash & Treasury,multi-company and intercompany processing,not_verified,no,not_met,"Multi-company is the platform's foundation: companies, enterprise groups, corporate standard libraries with company overrides, and a plan limit on how many companies a subscription carries. Intercompany processing is absent — nothing records a transaction between two companies in a group, and there is no elimination or reconciliation between them. Subject not built: No bank account, no cash position, no forecast, no reconciliation, no payment run.",
GES-P10-REQ-117,Cash & Treasury,configurable accounting dimensions,not_verified,no,not_met,"The dimensions this aspect names mostly exist as columns: company, project, cost code, equipment, customer and vendor all appear on the records they belong to, and divisions and offices exist above the project. They are fixed columns rather than dimensions: a company cannot add one, and nothing lets a figure be sliced by a dimension the schema did not anticipate. Subject not built: No bank account, no cash position, no forecast, no reconciliation, no payment run.",
GES-P10-REQ-118,Cash & Treasury,"duplicate, anomaly and policy-exception detection",not_verified,no,not_met,"Three-way match compares an invoice against its purchase order and delivery and refuses a mismatch, which is one policy exception detected well. Nothing detects a duplicate invoice, an anomalous cost, a missing required field on an otherwise valid record, or a policy exception of any other kind. Subject not built: No bank account, no cash position, no forecast, no reconciliation, no payment run.",
GES-P10-REQ-119,Cash & Treasury,"period controls, cutoff validation and posting-date governance",not_verified,no,met,"Subject not built: No bank account, no cash position, no forecast, no reconciliation, no payment run.",
GES-P10-REQ-120,Cash & Treasury,traceability from operational transaction to financial statement,not_verified,no,not_met,"The operational half of this chain is strong and tested: measured field production ties to a task, the task to the estimate line it was budgeted from, the line to the library rows that priced it through a snapshot, and cost to the same task. The financial half does not exist — there is no financial statement for anything to have an impact on. Subject not built: No bank account, no cash position, no forecast, no reconciliation, no payment run.",
GES-P10-REQ-121,Budgeting & Forecasting,tenant-scoped records,not_verified,partial,met,"Subject partial: A project carries an approved budget and job cost reports against it. There is no forecast: no cost to complete, no estimate at completion, no re-forecast cycle.",
GES-P10-REQ-122,Budgeting & Forecasting,configurable approval thresholds and routing,not_verified,partial,not_met,"Approval tiers exist and, since migration 0033, configurable per-company signing thresholds govern change orders, contracts and claim settlements. Nothing of the kind exists for financial records: a pay application is approved by anyone holding finance.write regardless of its value, and there is no routing — no sequence of approvers, no delegation, no escalation. Subject partial: A project carries an approved budget and job cost reports against it. There is no forecast: no cost to complete, no estimate at completion, no re-forecast cycle.",
GES-P10-REQ-123,Budgeting & Forecasting,immutable audit event for every action,not_verified,partial,not_met,"Create, update and delete are captured on every financial table by an append-only ledger recording prior and new state, and approve and post appear within it as updates. Export does not: nothing records that data left the platform, which is one of the seven actions this aspect names and the one an auditor asks about first. Reverse is not modeled as an action at all, because there is nothing to reverse. Subject partial: A project carries an approved budget and job cost reports against it. There is no forecast: no cost to complete, no estimate at completion, no re-forecast cycle.",
GES-P10-REQ-124,Budgeting & Forecasting,role-based and attribute-based access control,not_verified,partial,met,"Subject partial: A project carries an approved budget and job cost reports against it. There is no forecast: no cost to complete, no estimate at completion, no re-forecast cycle.",
GES-P10-REQ-125,Budgeting & Forecasting,"effective dating, versioning and historical reconstruction",not_verified,partial,not_met,"Library rates carry effective dating and row history, estimates carry versions with pinned library snapshots, and plans now carry versions. No financial record does: a pay application, a job cost and a payable each have one current state and no history beyond the audit ledger, so a prior period cannot be reconstructed as it stood. Subject partial: A project carries an approved budget and job cost reports against it. There is no forecast: no cost to complete, no estimate at completion, no re-forecast cycle.",
GES-P10-REQ-126,Budgeting & Forecasting,source-to-ledger balance validation,not_verified,partial,not_met,"There is no ledger to balance to. Individual arithmetic is defended — a pay application cannot bill more than the contract sum plus approved changes, a work order's total is generated from its parts, an achieved production rate is a generated column — but no double entry exists and nothing can be unbalanced. Subject partial: A project carries an approved budget and job cost reports against it. There is no forecast: no cost to complete, no estimate at completion, no re-forecast cycle.",
GES-P10-REQ-127,Budgeting & Forecasting,configurable statuses and state transitions,not_verified,partial,not_met,"Statuses are explicit and constrained, and transitions are enforced — a pay application cannot leave draft without a submission timestamp, a claim cannot advance past potential without a notice date, an executed change order cannot move back. None of it is configurable: the states and the transitions are in the schema, and a company cannot add a review step of its own. Subject partial: A project carries an approved budget and job cost reports against it. There is no forecast: no cost to complete, no estimate at completion, no re-forecast cycle.",
GES-P10-REQ-128,Budgeting & Forecasting,governed APIs and event notifications,not_verified,partial,not_met,"Nine versioned endpoints sit behind a pure authorization function with one error shape, scoped API keys stored only as a hash, and an OpenAPI specification generated from the route table with drift failing the build — the API half is genuinely governed. The event half does not exist: there are no outbound webhooks and no event stream, so nothing outside the platform can be notified that a financial record changed. Subject partial: A project carries an approved budget and job cost reports against it. There is no forecast: no cost to complete, no estimate at completion, no re-forecast cycle.",
GES-P10-REQ-129,Budgeting & Forecasting,"dashboards, drill-downs and exportable reports",not_verified,partial,not_met,"Dashboards and drill-downs exist as screens over five reporting views, each with security_invoker so a view can never become the way around row level security. Export does not exist anywhere in the platform: no export permission, no export path, and nothing that records an export having happened — the same absence P28 recorded. Subject partial: A project carries an approved budget and job cost reports against it. There is no forecast: no cost to complete, no estimate at completion, no re-forecast cycle.",
GES-P10-REQ-130,Budgeting & Forecasting,"attachments, notes, evidence and source-document lineage",not_verified,partial,not_met,"Documents are versioned with supersession and a claim's citations are now integrity-checked against them. No financial record links to a document: an AP invoice cannot carry the invoice image it was entered from, and a pay application cannot carry the signed certificate. Lineage from a source document to a financial figure therefore stops at the operational record. Subject partial: A project carries an approved budget and job cost reports against it. There is no forecast: no cost to complete, no estimate at completion, no re-forecast cycle.",
GES-P10-REQ-131,Budgeting & Forecasting,multi-company and intercompany processing,not_verified,partial,not_met,"Multi-company is the platform's foundation: companies, enterprise groups, corporate standard libraries with company overrides, and a plan limit on how many companies a subscription carries. Intercompany processing is absent — nothing records a transaction between two companies in a group, and there is no elimination or reconciliation between them. Subject partial: A project carries an approved budget and job cost reports against it. There is no forecast: no cost to complete, no estimate at completion, no re-forecast cycle.",
GES-P10-REQ-132,Budgeting & Forecasting,configurable accounting dimensions,not_verified,partial,not_met,"The dimensions this aspect names mostly exist as columns: company, project, cost code, equipment, customer and vendor all appear on the records they belong to, and divisions and offices exist above the project. They are fixed columns rather than dimensions: a company cannot add one, and nothing lets a figure be sliced by a dimension the schema did not anticipate. Subject partial: A project carries an approved budget and job cost reports against it. There is no forecast: no cost to complete, no estimate at completion, no re-forecast cycle.",
GES-P10-REQ-133,Budgeting & Forecasting,"duplicate, anomaly and policy-exception detection",not_verified,partial,not_met,"Three-way match compares an invoice against its purchase order and delivery and refuses a mismatch, which is one policy exception detected well. Nothing detects a duplicate invoice, an anomalous cost, a missing required field on an otherwise valid record, or a policy exception of any other kind. Subject partial: A project carries an approved budget and job cost reports against it. There is no forecast: no cost to complete, no estimate at completion, no re-forecast cycle.",
GES-P10-REQ-134,Budgeting & Forecasting,"period controls, cutoff validation and posting-date governance",not_verified,partial,met,"Subject partial: A project carries an approved budget and job cost reports against it. There is no forecast: no cost to complete, no estimate at completion, no re-forecast cycle.",
GES-P10-REQ-135,Budgeting & Forecasting,traceability from operational transaction to financial statement,not_verified,partial,not_met,"The operational half of this chain is strong and tested: measured field production ties to a task, the task to the estimate line it was budgeted from, the line to the library rows that priced it through a snapshot, and cost to the same task. The financial half does not exist — there is no financial statement for anything to have an impact on. Subject partial: A project carries an approved budget and job cost reports against it. There is no forecast: no cost to complete, no estimate at completion, no re-forecast cycle.",
GES-P10-REQ-136,Fixed Assets,tenant-scoped records,not_verified,partial,met,"Subject partial: Assets carry acquisition cost, ownership, meter readings and maintenance history, and equipment rates recover ownership cost in an estimate. There is no fixed asset accounting: no depreciation schedule, no book value, no disposal.",
GES-P10-REQ-137,Fixed Assets,configurable approval thresholds and routing,not_verified,partial,not_met,"Approval tiers exist and, since migration 0033, configurable per-company signing thresholds govern change orders, contracts and claim settlements. Nothing of the kind exists for financial records: a pay application is approved by anyone holding finance.write regardless of its value, and there is no routing — no sequence of approvers, no delegation, no escalation. Subject partial: Assets carry acquisition cost, ownership, meter readings and maintenance history, and equipment rates recover ownership cost in an estimate. There is no fixed asset accounting: no depreciation schedule, no book value, no disposal.",
GES-P10-REQ-138,Fixed Assets,immutable audit event for every action,not_verified,partial,not_met,"Create, update and delete are captured on every financial table by an append-only ledger recording prior and new state, and approve and post appear within it as updates. Export does not: nothing records that data left the platform, which is one of the seven actions this aspect names and the one an auditor asks about first. Reverse is not modeled as an action at all, because there is nothing to reverse. Subject partial: Assets carry acquisition cost, ownership, meter readings and maintenance history, and equipment rates recover ownership cost in an estimate. There is no fixed asset accounting: no depreciation schedule, no book value, no disposal.",
GES-P10-REQ-139,Fixed Assets,role-based and attribute-based access control,not_verified,partial,met,"Subject partial: Assets carry acquisition cost, ownership, meter readings and maintenance history, and equipment rates recover ownership cost in an estimate. There is no fixed asset accounting: no depreciation schedule, no book value, no disposal.",
GES-P10-REQ-140,Fixed Assets,"effective dating, versioning and historical reconstruction",not_verified,partial,not_met,"Library rates carry effective dating and row history, estimates carry versions with pinned library snapshots, and plans now carry versions. No financial record does: a pay application, a job cost and a payable each have one current state and no history beyond the audit ledger, so a prior period cannot be reconstructed as it stood. Subject partial: Assets carry acquisition cost, ownership, meter readings and maintenance history, and equipment rates recover ownership cost in an estimate. There is no fixed asset accounting: no depreciation schedule, no book value, no disposal.",
GES-P10-REQ-141,Fixed Assets,source-to-ledger balance validation,not_verified,partial,not_met,"There is no ledger to balance to. Individual arithmetic is defended — a pay application cannot bill more than the contract sum plus approved changes, a work order's total is generated from its parts, an achieved production rate is a generated column — but no double entry exists and nothing can be unbalanced. Subject partial: Assets carry acquisition cost, ownership, meter readings and maintenance history, and equipment rates recover ownership cost in an estimate. There is no fixed asset accounting: no depreciation schedule, no book value, no disposal.",
GES-P10-REQ-142,Fixed Assets,configurable statuses and state transitions,not_verified,partial,not_met,"Statuses are explicit and constrained, and transitions are enforced — a pay application cannot leave draft without a submission timestamp, a claim cannot advance past potential without a notice date, an executed change order cannot move back. None of it is configurable: the states and the transitions are in the schema, and a company cannot add a review step of its own. Subject partial: Assets carry acquisition cost, ownership, meter readings and maintenance history, and equipment rates recover ownership cost in an estimate. There is no fixed asset accounting: no depreciation schedule, no book value, no disposal.",
GES-P10-REQ-143,Fixed Assets,governed APIs and event notifications,not_verified,partial,not_met,"Nine versioned endpoints sit behind a pure authorization function with one error shape, scoped API keys stored only as a hash, and an OpenAPI specification generated from the route table with drift failing the build — the API half is genuinely governed. The event half does not exist: there are no outbound webhooks and no event stream, so nothing outside the platform can be notified that a financial record changed. Subject partial: Assets carry acquisition cost, ownership, meter readings and maintenance history, and equipment rates recover ownership cost in an estimate. There is no fixed asset accounting: no depreciation schedule, no book value, no disposal.",
GES-P10-REQ-144,Fixed Assets,"dashboards, drill-downs and exportable reports",not_verified,partial,not_met,"Dashboards and drill-downs exist as screens over five reporting views, each with security_invoker so a view can never become the way around row level security. Export does not exist anywhere in the platform: no export permission, no export path, and nothing that records an export having happened — the same absence P28 recorded. Subject partial: Assets carry acquisition cost, ownership, meter readings and maintenance history, and equipment rates recover ownership cost in an estimate. There is no fixed asset accounting: no depreciation schedule, no book value, no disposal.",
GES-P10-REQ-145,Fixed Assets,"attachments, notes, evidence and source-document lineage",not_verified,partial,not_met,"Documents are versioned with supersession and a claim's citations are now integrity-checked against them. No financial record links to a document: an AP invoice cannot carry the invoice image it was entered from, and a pay application cannot carry the signed certificate. Lineage from a source document to a financial figure therefore stops at the operational record. Subject partial: Assets carry acquisition cost, ownership, meter readings and maintenance history, and equipment rates recover ownership cost in an estimate. There is no fixed asset accounting: no depreciation schedule, no book value, no disposal.",
GES-P10-REQ-146,Fixed Assets,multi-company and intercompany processing,not_verified,partial,not_met,"Multi-company is the platform's foundation: companies, enterprise groups, corporate standard libraries with company overrides, and a plan limit on how many companies a subscription carries. Intercompany processing is absent — nothing records a transaction between two companies in a group, and there is no elimination or reconciliation between them. Subject partial: Assets carry acquisition cost, ownership, meter readings and maintenance history, and equipment rates recover ownership cost in an estimate. There is no fixed asset accounting: no depreciation schedule, no book value, no disposal.",
GES-P10-REQ-147,Fixed Assets,configurable accounting dimensions,not_verified,partial,not_met,"The dimensions this aspect names mostly exist as columns: company, project, cost code, equipment, customer and vendor all appear on the records they belong to, and divisions and offices exist above the project. They are fixed columns rather than dimensions: a company cannot add one, and nothing lets a figure be sliced by a dimension the schema did not anticipate. Subject partial: Assets carry acquisition cost, ownership, meter readings and maintenance history, and equipment rates recover ownership cost in an estimate. There is no fixed asset accounting: no depreciation schedule, no book value, no disposal.",
GES-P10-REQ-148,Fixed Assets,"duplicate, anomaly and policy-exception detection",not_verified,partial,not_met,"Three-way match compares an invoice against its purchase order and delivery and refuses a mismatch, which is one policy exception detected well. Nothing detects a duplicate invoice, an anomalous cost, a missing required field on an otherwise valid record, or a policy exception of any other kind. Subject partial: Assets carry acquisition cost, ownership, meter readings and maintenance history, and equipment rates recover ownership cost in an estimate. There is no fixed asset accounting: no depreciation schedule, no book value, no disposal.",
GES-P10-REQ-149,Fixed Assets,"period controls, cutoff validation and posting-date governance",not_verified,partial,met,"Subject partial: Assets carry acquisition cost, ownership, meter readings and maintenance history, and equipment rates recover ownership cost in an estimate. There is no fixed asset accounting: no depreciation schedule, no book value, no disposal.",
GES-P10-REQ-150,Fixed Assets,traceability from operational transaction to financial statement,not_verified,partial,not_met,"The operational half of this chain is strong and tested: measured field production ties to a task, the task to the estimate line it was budgeted from, the line to the library rows that priced it through a snapshot, and cost to the same task. The financial half does not exist — there is no financial statement for anything to have an impact on. Subject partial: Assets carry acquisition cost, ownership, meter readings and maintenance history, and equipment rates recover ownership cost in an estimate. There is no fixed asset accounting: no depreciation schedule, no book value, no disposal.",
GES-P10-REQ-151,Tax & Regulatory Finance,tenant-scoped records,not_verified,no,met,"Subject not built: Sales tax appears in material cost derivation for estimating. No tax jurisdiction, no filing, no exemption certificate, no regulatory report.",
GES-P10-REQ-152,Tax & Regulatory Finance,configurable approval thresholds and routing,not_verified,no,not_met,"Approval tiers exist and, since migration 0033, configurable per-company signing thresholds govern change orders, contracts and claim settlements. Nothing of the kind exists for financial records: a pay application is approved by anyone holding finance.write regardless of its value, and there is no routing — no sequence of approvers, no delegation, no escalation. Subject not built: Sales tax appears in material cost derivation for estimating. No tax jurisdiction, no filing, no exemption certificate, no regulatory report.",
GES-P10-REQ-153,Tax & Regulatory Finance,immutable audit event for every action,not_verified,no,not_met,"Create, update and delete are captured on every financial table by an append-only ledger recording prior and new state, and approve and post appear within it as updates. Export does not: nothing records that data left the platform, which is one of the seven actions this aspect names and the one an auditor asks about first. Reverse is not modeled as an action at all, because there is nothing to reverse. Subject not built: Sales tax appears in material cost derivation for estimating. No tax jurisdiction, no filing, no exemption certificate, no regulatory report.",
GES-P10-REQ-154,Tax & Regulatory Finance,role-based and attribute-based access control,not_verified,no,met,"Subject not built: Sales tax appears in material cost derivation for estimating. No tax jurisdiction, no filing, no exemption certificate, no regulatory report.",
GES-P10-REQ-155,Tax & Regulatory Finance,"effective dating, versioning and historical reconstruction",not_verified,no,not_met,"Library rates carry effective dating and row history, estimates carry versions with pinned library snapshots, and plans now carry versions. No financial record does: a pay application, a job cost and a payable each have one current state and no history beyond the audit ledger, so a prior period cannot be reconstructed as it stood. Subject not built: Sales tax appears in material cost derivation for estimating. No tax jurisdiction, no filing, no exemption certificate, no regulatory report.",
GES-P10-REQ-156,Tax & Regulatory Finance,source-to-ledger balance validation,not_verified,no,not_met,"There is no ledger to balance to. Individual arithmetic is defended — a pay application cannot bill more than the contract sum plus approved changes, a work order's total is generated from its parts, an achieved production rate is a generated column — but no double entry exists and nothing can be unbalanced. Subject not built: Sales tax appears in material cost derivation for estimating. No tax jurisdiction, no filing, no exemption certificate, no regulatory report.",
GES-P10-REQ-157,Tax & Regulatory Finance,configurable statuses and state transitions,not_verified,no,not_met,"Statuses are explicit and constrained, and transitions are enforced — a pay application cannot leave draft without a submission timestamp, a claim cannot advance past potential without a notice date, an executed change order cannot move back. None of it is configurable: the states and the transitions are in the schema, and a company cannot add a review step of its own. Subject not built: Sales tax appears in material cost derivation for estimating. No tax jurisdiction, no filing, no exemption certificate, no regulatory report.",
GES-P10-REQ-158,Tax & Regulatory Finance,governed APIs and event notifications,not_verified,no,not_met,"Nine versioned endpoints sit behind a pure authorization function with one error shape, scoped API keys stored only as a hash, and an OpenAPI specification generated from the route table with drift failing the build — the API half is genuinely governed. The event half does not exist: there are no outbound webhooks and no event stream, so nothing outside the platform can be notified that a financial record changed. Subject not built: Sales tax appears in material cost derivation for estimating. No tax jurisdiction, no filing, no exemption certificate, no regulatory report.",
GES-P10-REQ-159,Tax & Regulatory Finance,"dashboards, drill-downs and exportable reports",not_verified,no,not_met,"Dashboards and drill-downs exist as screens over five reporting views, each with security_invoker so a view can never become the way around row level security. Export does not exist anywhere in the platform: no export permission, no export path, and nothing that records an export having happened — the same absence P28 recorded. Subject not built: Sales tax appears in material cost derivation for estimating. No tax jurisdiction, no filing, no exemption certificate, no regulatory report.",
GES-P10-REQ-160,Tax & Regulatory Finance,"attachments, notes, evidence and source-document lineage",not_verified,no,not_met,"Documents are versioned with supersession and a claim's citations are now integrity-checked against them. No financial record links to a document: an AP invoice cannot carry the invoice image it was entered from, and a pay application cannot carry the signed certificate. Lineage from a source document to a financial figure therefore stops at the operational record. Subject not built: Sales tax appears in material cost derivation for estimating. No tax jurisdiction, no filing, no exemption certificate, no regulatory report.",
GES-P10-REQ-161,Tax & Regulatory Finance,multi-company and intercompany processing,not_verified,no,not_met,"Multi-company is the platform's foundation: companies, enterprise groups, corporate standard libraries with company overrides, and a plan limit on how many companies a subscription carries. Intercompany processing is absent — nothing records a transaction between two companies in a group, and there is no elimination or reconciliation between them. Subject not built: Sales tax appears in material cost derivation for estimating. No tax jurisdiction, no filing, no exemption certificate, no regulatory report.",
GES-P10-REQ-162,Tax & Regulatory Finance,configurable accounting dimensions,not_verified,no,not_met,"The dimensions this aspect names mostly exist as columns: company, project, cost code, equipment, customer and vendor all appear on the records they belong to, and divisions and offices exist above the project. They are fixed columns rather than dimensions: a company cannot add one, and nothing lets a figure be sliced by a dimension the schema did not anticipate. Subject not built: Sales tax appears in material cost derivation for estimating. No tax jurisdiction, no filing, no exemption certificate, no regulatory report.",
GES-P10-REQ-163,Tax & Regulatory Finance,"duplicate, anomaly and policy-exception detection",not_verified,no,not_met,"Three-way match compares an invoice against its purchase order and delivery and refuses a mismatch, which is one policy exception detected well. Nothing detects a duplicate invoice, an anomalous cost, a missing required field on an otherwise valid record, or a policy exception of any other kind. Subject not built: Sales tax appears in material cost derivation for estimating. No tax jurisdiction, no filing, no exemption certificate, no regulatory report.",
GES-P10-REQ-164,Tax & Regulatory Finance,"period controls, cutoff validation and posting-date governance",not_verified,no,met,"Subject not built: Sales tax appears in material cost derivation for estimating. No tax jurisdiction, no filing, no exemption certificate, no regulatory report.",
GES-P10-REQ-165,Tax & Regulatory Finance,traceability from operational transaction to financial statement,not_verified,no,not_met,"The operational half of this chain is strong and tested: measured field production ties to a task, the task to the estimate line it was budgeted from, the line to the library rows that priced it through a snapshot, and cost to the same task. The financial half does not exist — there is no financial statement for anything to have an impact on. Subject not built: Sales tax appears in material cost derivation for estimating. No tax jurisdiction, no filing, no exemption certificate, no regulatory report.",
GES-P10-REQ-166,Procurement Finance,tenant-scoped records,verified,yes,met,,"Every financial table carries company_id with row level security enabled and forced, policies generated by two audited helpers rather than written by hand, and app.enforce_tenant_parent refusing a child row attached to a parent owned by another company. 460 database tests run against real PostgreSQL with two provisioned companies. Subject: Purchase orders with committed cost, quote leveling, deliveries, inventory with a transaction ledger, and three-way match into payables."
GES-P10-REQ-167,Procurement Finance,configurable approval thresholds and routing,not_verified,yes,not_met,"Approval tiers exist and, since migration 0033, configurable per-company signing thresholds govern change orders, contracts and claim settlements. Nothing of the kind exists for financial records: a pay application is approved by anyone holding finance.write regardless of its value, and there is no routing — no sequence of approvers, no delegation, no escalation.",
GES-P10-REQ-168,Procurement Finance,immutable audit event for every action,not_verified,yes,not_met,"Create, update and delete are captured on every financial table by an append-only ledger recording prior and new state, and approve and post appear within it as updates. Export does not: nothing records that data left the platform, which is one of the seven actions this aspect names and the one an auditor asks about first. Reverse is not modeled as an action at all, because there is nothing to reverse.",
GES-P10-REQ-169,Procurement Finance,role-based and attribute-based access control,verified,yes,met,,"Role-based: named roles carry explicit permission arrays and an approval tier, checked by app.has_permission with wildcards honored only as the whole grant. Attribute-based: a membership's project_scope narrows a user to named projects, every policy predicates on the row's own company_id, and contracts are readable under finance.read while written under estimates.approve, so a role can draft one without seeing the portfolio's financial position. Subject: Purchase orders with committed cost, quote leveling, deliveries, inventory with a transaction ledger, and three-way match into payables."
GES-P10-REQ-170,Procurement Finance,"effective dating, versioning and historical reconstruction",not_verified,yes,not_met,"Library rates carry effective dating and row history, estimates carry versions with pinned library snapshots, and plans now carry versions. No financial record does: a pay application, a job cost and a payable each have one current state and no history beyond the audit ledger, so a prior period cannot be reconstructed as it stood.",
GES-P10-REQ-171,Procurement Finance,source-to-ledger balance validation,not_verified,yes,not_met,"There is no ledger to balance to. Individual arithmetic is defended — a pay application cannot bill more than the contract sum plus approved changes, a work order's total is generated from its parts, an achieved production rate is a generated column — but no double entry exists and nothing can be unbalanced.",
GES-P10-REQ-172,Procurement Finance,configurable statuses and state transitions,not_verified,yes,not_met,"Statuses are explicit and constrained, and transitions are enforced — a pay application cannot leave draft without a submission timestamp, a claim cannot advance past potential without a notice date, an executed change order cannot move back. None of it is configurable: the states and the transitions are in the schema, and a company cannot add a review step of its own.",
GES-P10-REQ-173,Procurement Finance,governed APIs and event notifications,not_verified,yes,not_met,"Nine versioned endpoints sit behind a pure authorization function with one error shape, scoped API keys stored only as a hash, and an OpenAPI specification generated from the route table with drift failing the build — the API half is genuinely governed. The event half does not exist: there are no outbound webhooks and no event stream, so nothing outside the platform can be notified that a financial record changed.",
GES-P10-REQ-174,Procurement Finance,"dashboards, drill-downs and exportable reports",not_verified,yes,not_met,"Dashboards and drill-downs exist as screens over five reporting views, each with security_invoker so a view can never become the way around row level security. Export does not exist anywhere in the platform: no export permission, no export path, and nothing that records an export having happened — the same absence P28 recorded.",
GES-P10-REQ-175,Procurement Finance,"attachments, notes, evidence and source-document lineage",not_verified,yes,not_met,"Documents are versioned with supersession and a claim's citations are now integrity-checked against them. No financial record links to a document: an AP invoice cannot carry the invoice image it was entered from, and a pay application cannot carry the signed certificate. Lineage from a source document to a financial figure therefore stops at the operational record.",
GES-P10-REQ-176,Procurement Finance,multi-company and intercompany processing,not_verified,yes,not_met,"Multi-company is the platform's foundation: companies, enterprise groups, corporate standard libraries with company overrides, and a plan limit on how many companies a subscription carries. Intercompany processing is absent — nothing records a transaction between two companies in a group, and there is no elimination or reconciliation between them.",
GES-P10-REQ-177,Procurement Finance,configurable accounting dimensions,not_verified,yes,not_met,"The dimensions this aspect names mostly exist as columns: company, project, cost code, equipment, customer and vendor all appear on the records they belong to, and divisions and offices exist above the project. They are fixed columns rather than dimensions: a company cannot add one, and nothing lets a figure be sliced by a dimension the schema did not anticipate.",
GES-P10-REQ-178,Procurement Finance,"duplicate, anomaly and policy-exception detection",not_verified,yes,not_met,"Three-way match compares an invoice against its purchase order and delivery and refuses a mismatch, which is one policy exception detected well. Nothing detects a duplicate invoice, an anomalous cost, a missing required field on an otherwise valid record, or a policy exception of any other kind.",
GES-P10-REQ-179,Procurement Finance,"period controls, cutoff validation and posting-date governance",verified,yes,met,,"Migration 0034: non-overlapping accounting periods per company, enforced by an exclusion constraint so the closed-or-open answer never depends on which row was read first. Closing refuses to run over a pay application still in draft or submitted, and records who closed it and when; reopening requires an attributed reason. Postings into a closed period are refused, and so is moving an existing posting out of one, because the period total would change after it was reported either way. A company that has defined no periods is left alone rather than having a close invented for it. 20 tests. Subject: Purchase orders with committed cost, quote leveling, deliveries, inventory with a transaction ledger, and three-way match into payables."
GES-P10-REQ-180,Procurement Finance,traceability from operational transaction to financial statement,not_verified,yes,not_met,"The operational half of this chain is strong and tested: measured field production ties to a task, the task to the estimate line it was budgeted from, the line to the library rows that priced it through a snapshot, and cost to the same task. The financial half does not exist — there is no financial statement for anything to have an impact on.",
GES-P10-REQ-181,Revenue Recognition,tenant-scoped records,not_verified,no,met,"Subject not built: No percentage of completion, no earned revenue, no over- or under-billing calculation, no contract asset or liability.",
GES-P10-REQ-182,Revenue Recognition,configurable approval thresholds and routing,not_verified,no,not_met,"Approval tiers exist and, since migration 0033, configurable per-company signing thresholds govern change orders, contracts and claim settlements. Nothing of the kind exists for financial records: a pay application is approved by anyone holding finance.write regardless of its value, and there is no routing — no sequence of approvers, no delegation, no escalation. Subject not built: No percentage of completion, no earned revenue, no over- or under-billing calculation, no contract asset or liability.",
GES-P10-REQ-183,Revenue Recognition,immutable audit event for every action,not_verified,no,not_met,"Create, update and delete are captured on every financial table by an append-only ledger recording prior and new state, and approve and post appear within it as updates. Export does not: nothing records that data left the platform, which is one of the seven actions this aspect names and the one an auditor asks about first. Reverse is not modeled as an action at all, because there is nothing to reverse. Subject not built: No percentage of completion, no earned revenue, no over- or under-billing calculation, no contract asset or liability.",
GES-P10-REQ-184,Revenue Recognition,role-based and attribute-based access control,not_verified,no,met,"Subject not built: No percentage of completion, no earned revenue, no over- or under-billing calculation, no contract asset or liability.",
GES-P10-REQ-185,Revenue Recognition,"effective dating, versioning and historical reconstruction",not_verified,no,not_met,"Library rates carry effective dating and row history, estimates carry versions with pinned library snapshots, and plans now carry versions. No financial record does: a pay application, a job cost and a payable each have one current state and no history beyond the audit ledger, so a prior period cannot be reconstructed as it stood. Subject not built: No percentage of completion, no earned revenue, no over- or under-billing calculation, no contract asset or liability.",
GES-P10-REQ-186,Revenue Recognition,source-to-ledger balance validation,not_verified,no,not_met,"There is no ledger to balance to. Individual arithmetic is defended — a pay application cannot bill more than the contract sum plus approved changes, a work order's total is generated from its parts, an achieved production rate is a generated column — but no double entry exists and nothing can be unbalanced. Subject not built: No percentage of completion, no earned revenue, no over- or under-billing calculation, no contract asset or liability.",
GES-P10-REQ-187,Revenue Recognition,configurable statuses and state transitions,not_verified,no,not_met,"Statuses are explicit and constrained, and transitions are enforced — a pay application cannot leave draft without a submission timestamp, a claim cannot advance past potential without a notice date, an executed change order cannot move back. None of it is configurable: the states and the transitions are in the schema, and a company cannot add a review step of its own. Subject not built: No percentage of completion, no earned revenue, no over- or under-billing calculation, no contract asset or liability.",
GES-P10-REQ-188,Revenue Recognition,governed APIs and event notifications,not_verified,no,not_met,"Nine versioned endpoints sit behind a pure authorization function with one error shape, scoped API keys stored only as a hash, and an OpenAPI specification generated from the route table with drift failing the build — the API half is genuinely governed. The event half does not exist: there are no outbound webhooks and no event stream, so nothing outside the platform can be notified that a financial record changed. Subject not built: No percentage of completion, no earned revenue, no over- or under-billing calculation, no contract asset or liability.",
GES-P10-REQ-189,Revenue Recognition,"dashboards, drill-downs and exportable reports",not_verified,no,not_met,"Dashboards and drill-downs exist as screens over five reporting views, each with security_invoker so a view can never become the way around row level security. Export does not exist anywhere in the platform: no export permission, no export path, and nothing that records an export having happened — the same absence P28 recorded. Subject not built: No percentage of completion, no earned revenue, no over- or under-billing calculation, no contract asset or liability.",
GES-P10-REQ-190,Revenue Recognition,"attachments, notes, evidence and source-document lineage",not_verified,no,not_met,"Documents are versioned with supersession and a claim's citations are now integrity-checked against them. No financial record links to a document: an AP invoice cannot carry the invoice image it was entered from, and a pay application cannot carry the signed certificate. Lineage from a source document to a financial figure therefore stops at the operational record. Subject not built: No percentage of completion, no earned revenue, no over- or under-billing calculation, no contract asset or liability.",
GES-P10-REQ-191,Revenue Recognition,multi-company and intercompany processing,not_verified,no,not_met,"Multi-company is the platform's foundation: companies, enterprise groups, corporate standard libraries with company overrides, and a plan limit on how many companies a subscription carries. Intercompany processing is absent — nothing records a transaction between two companies in a group, and there is no elimination or reconciliation between them. Subject not built: No percentage of completion, no earned revenue, no over- or under-billing calculation, no contract asset or liability.",
GES-P10-REQ-192,Revenue Recognition,configurable accounting dimensions,not_verified,no,not_met,"The dimensions this aspect names mostly exist as columns: company, project, cost code, equipment, customer and vendor all appear on the records they belong to, and divisions and offices exist above the project. They are fixed columns rather than dimensions: a company cannot add one, and nothing lets a figure be sliced by a dimension the schema did not anticipate. Subject not built: No percentage of completion, no earned revenue, no over- or under-billing calculation, no contract asset or liability.",
GES-P10-REQ-193,Revenue Recognition,"duplicate, anomaly and policy-exception detection",not_verified,no,not_met,"Three-way match compares an invoice against its purchase order and delivery and refuses a mismatch, which is one policy exception detected well. Nothing detects a duplicate invoice, an anomalous cost, a missing required field on an otherwise valid record, or a policy exception of any other kind. Subject not built: No percentage of completion, no earned revenue, no over- or under-billing calculation, no contract asset or liability.",
GES-P10-REQ-194,Revenue Recognition,"period controls, cutoff validation and posting-date governance",not_verified,no,met,"Subject not built: No percentage of completion, no earned revenue, no over- or under-billing calculation, no contract asset or liability.",
GES-P10-REQ-195,Revenue Recognition,traceability from operational transaction to financial statement,not_verified,no,not_met,"The operational half of this chain is strong and tested: measured field production ties to a task, the task to the estimate line it was budgeted from, the line to the library rows that priced it through a snapshot, and cost to the same task. The financial half does not exist — there is no financial statement for anything to have an impact on. Subject not built: No percentage of completion, no earned revenue, no over- or under-billing calculation, no contract asset or liability.",
GES-P10-REQ-196,Integrations & Data Exchange,tenant-scoped records,verified,yes,met,,"Every financial table carries company_id with row level security enabled and forced, policies generated by two audited helpers rather than written by hand, and app.enforce_tenant_parent refusing a child row attached to a parent owned by another company. 460 database tests run against real PostgreSQL with two provisioned companies. Subject: A versioned public API generated from its own route table, scoped API keys, governed connectors, and a payroll batch export."
GES-P10-REQ-197,Integrations & Data Exchange,configurable approval thresholds and routing,not_verified,yes,not_met,"Approval tiers exist and, since migration 0033, configurable per-company signing thresholds govern change orders, contracts and claim settlements. Nothing of the kind exists for financial records: a pay application is approved by anyone holding finance.write regardless of its value, and there is no routing — no sequence of approvers, no delegation, no escalation.",
GES-P10-REQ-198,Integrations & Data Exchange,immutable audit event for every action,not_verified,yes,not_met,"Create, update and delete are captured on every financial table by an append-only ledger recording prior and new state, and approve and post appear within it as updates. Export does not: nothing records that data left the platform, which is one of the seven actions this aspect names and the one an auditor asks about first. Reverse is not modeled as an action at all, because there is nothing to reverse.",
GES-P10-REQ-199,Integrations & Data Exchange,role-based and attribute-based access control,verified,yes,met,,"Role-based: named roles carry explicit permission arrays and an approval tier, checked by app.has_permission with wildcards honored only as the whole grant. Attribute-based: a membership's project_scope narrows a user to named projects, every policy predicates on the row's own company_id, and contracts are readable under finance.read while written under estimates.approve, so a role can draft one without seeing the portfolio's financial position. Subject: A versioned public API generated from its own route table, scoped API keys, governed connectors, and a payroll batch export."
GES-P10-REQ-200,Integrations & Data Exchange,"effective dating, versioning and historical reconstruction",not_verified,yes,not_met,"Library rates carry effective dating and row history, estimates carry versions with pinned library snapshots, and plans now carry versions. No financial record does: a pay application, a job cost and a payable each have one current state and no history beyond the audit ledger, so a prior period cannot be reconstructed as it stood.",
GES-P10-REQ-201,Integrations & Data Exchange,source-to-ledger balance validation,not_verified,yes,not_met,"There is no ledger to balance to. Individual arithmetic is defended — a pay application cannot bill more than the contract sum plus approved changes, a work order's total is generated from its parts, an achieved production rate is a generated column — but no double entry exists and nothing can be unbalanced.",
GES-P10-REQ-202,Integrations & Data Exchange,configurable statuses and state transitions,not_verified,yes,not_met,"Statuses are explicit and constrained, and transitions are enforced — a pay application cannot leave draft without a submission timestamp, a claim cannot advance past potential without a notice date, an executed change order cannot move back. None of it is configurable: the states and the transitions are in the schema, and a company cannot add a review step of its own.",
GES-P10-REQ-203,Integrations & Data Exchange,governed APIs and event notifications,not_verified,yes,not_met,"Nine versioned endpoints sit behind a pure authorization function with one error shape, scoped API keys stored only as a hash, and an OpenAPI specification generated from the route table with drift failing the build — the API half is genuinely governed. The event half does not exist: there are no outbound webhooks and no event stream, so nothing outside the platform can be notified that a financial record changed.",
GES-P10-REQ-204,Integrations & Data Exchange,"dashboards, drill-downs and exportable reports",not_verified,yes,not_met,"Dashboards and drill-downs exist as screens over five reporting views, each with security_invoker so a view can never become the way around row level security. Export does not exist anywhere in the platform: no export permission, no export path, and nothing that records an export having happened — the same absence P28 recorded.",
GES-P10-REQ-205,Integrations & Data Exchange,"attachments, notes, evidence and source-document lineage",not_verified,yes,not_met,"Documents are versioned with supersession and a claim's citations are now integrity-checked against them. No financial record links to a document: an AP invoice cannot carry the invoice image it was entered from, and a pay application cannot carry the signed certificate. Lineage from a source document to a financial figure therefore stops at the operational record.",
GES-P10-REQ-206,Integrations & Data Exchange,multi-company and intercompany processing,not_verified,yes,not_met,"Multi-company is the platform's foundation: companies, enterprise groups, corporate standard libraries with company overrides, and a plan limit on how many companies a subscription carries. Intercompany processing is absent — nothing records a transaction between two companies in a group, and there is no elimination or reconciliation between them.",
GES-P10-REQ-207,Integrations & Data Exchange,configurable accounting dimensions,not_verified,yes,not_met,"The dimensions this aspect names mostly exist as columns: company, project, cost code, equipment, customer and vendor all appear on the records they belong to, and divisions and offices exist above the project. They are fixed columns rather than dimensions: a company cannot add one, and nothing lets a figure be sliced by a dimension the schema did not anticipate.",
GES-P10-REQ-208,Integrations & Data Exchange,"duplicate, anomaly and policy-exception detection",not_verified,yes,not_met,"Three-way match compares an invoice against its purchase order and delivery and refuses a mismatch, which is one policy exception detected well. Nothing detects a duplicate invoice, an anomalous cost, a missing required field on an otherwise valid record, or a policy exception of any other kind.",
GES-P10-REQ-209,Integrations & Data Exchange,"period controls, cutoff validation and posting-date governance",not_verified,yes,not_met,not_met — an integration has no posting-dated record of its own for a period to govern.,
GES-P10-REQ-210,Integrations & Data Exchange,traceability from operational transaction to financial statement,not_verified,yes,not_met,"The operational half of this chain is strong and tested: measured field production ties to a task, the task to the estimate line it was budgeted from, the line to the library rows that priced it through a snapshot, and cost to the same task. The financial half does not exist — there is no financial statement for anything to have an impact on.",
GES-P10-REQ-211,AI Financial Intelligence,tenant-scoped records,not_verified,no,met,"Subject not built: The one governed agent reads documents. Nothing applies it to financial data, and under RULE-008 anything that did would propose rather than post.",
GES-P10-REQ-212,AI Financial Intelligence,configurable approval thresholds and routing,not_verified,no,not_met,"Approval tiers exist and, since migration 0033, configurable per-company signing thresholds govern change orders, contracts and claim settlements. Nothing of the kind exists for financial records: a pay application is approved by anyone holding finance.write regardless of its value, and there is no routing — no sequence of approvers, no delegation, no escalation. Subject not built: The one governed agent reads documents. Nothing applies it to financial data, and under RULE-008 anything that did would propose rather than post.",
GES-P10-REQ-213,AI Financial Intelligence,immutable audit event for every action,not_verified,no,not_met,"Create, update and delete are captured on every financial table by an append-only ledger recording prior and new state, and approve and post appear within it as updates. Export does not: nothing records that data left the platform, which is one of the seven actions this aspect names and the one an auditor asks about first. Reverse is not modeled as an action at all, because there is nothing to reverse. Subject not built: The one governed agent reads documents. Nothing applies it to financial data, and under RULE-008 anything that did would propose rather than post.",
GES-P10-REQ-214,AI Financial Intelligence,role-based and attribute-based access control,not_verified,no,met,"Subject not built: The one governed agent reads documents. Nothing applies it to financial data, and under RULE-008 anything that did would propose rather than post.",
GES-P10-REQ-215,AI Financial Intelligence,"effective dating, versioning and historical reconstruction",not_verified,no,not_met,"Library rates carry effective dating and row history, estimates carry versions with pinned library snapshots, and plans now carry versions. No financial record does: a pay application, a job cost and a payable each have one current state and no history beyond the audit ledger, so a prior period cannot be reconstructed as it stood. Subject not built: The one governed agent reads documents. Nothing applies it to financial data, and under RULE-008 anything that did would propose rather than post.",
GES-P10-REQ-216,AI Financial Intelligence,source-to-ledger balance validation,not_verified,no,not_met,"There is no ledger to balance to. Individual arithmetic is defended — a pay application cannot bill more than the contract sum plus approved changes, a work order's total is generated from its parts, an achieved production rate is a generated column — but no double entry exists and nothing can be unbalanced. Subject not built: The one governed agent reads documents. Nothing applies it to financial data, and under RULE-008 anything that did would propose rather than post.",
GES-P10-REQ-217,AI Financial Intelligence,configurable statuses and state transitions,not_verified,no,not_met,"Statuses are explicit and constrained, and transitions are enforced — a pay application cannot leave draft without a submission timestamp, a claim cannot advance past potential without a notice date, an executed change order cannot move back. None of it is configurable: the states and the transitions are in the schema, and a company cannot add a review step of its own. Subject not built: The one governed agent reads documents. Nothing applies it to financial data, and under RULE-008 anything that did would propose rather than post.",
GES-P10-REQ-218,AI Financial Intelligence,governed APIs and event notifications,not_verified,no,not_met,"Nine versioned endpoints sit behind a pure authorization function with one error shape, scoped API keys stored only as a hash, and an OpenAPI specification generated from the route table with drift failing the build — the API half is genuinely governed. The event half does not exist: there are no outbound webhooks and no event stream, so nothing outside the platform can be notified that a financial record changed. Subject not built: The one governed agent reads documents. Nothing applies it to financial data, and under RULE-008 anything that did would propose rather than post.",
GES-P10-REQ-219,AI Financial Intelligence,"dashboards, drill-downs and exportable reports",not_verified,no,not_met,"Dashboards and drill-downs exist as screens over five reporting views, each with security_invoker so a view can never become the way around row level security. Export does not exist anywhere in the platform: no export permission, no export path, and nothing that records an export having happened — the same absence P28 recorded. Subject not built: The one governed agent reads documents. Nothing applies it to financial data, and under RULE-008 anything that did would propose rather than post.",
GES-P10-REQ-220,AI Financial Intelligence,"attachments, notes, evidence and source-document lineage",not_verified,no,not_met,"Documents are versioned with supersession and a claim's citations are now integrity-checked against them. No financial record links to a document: an AP invoice cannot carry the invoice image it was entered from, and a pay application cannot carry the signed certificate. Lineage from a source document to a financial figure therefore stops at the operational record. Subject not built: The one governed agent reads documents. Nothing applies it to financial data, and under RULE-008 anything that did would propose rather than post.",
GES-P10-REQ-221,AI Financial Intelligence,multi-company and intercompany processing,not_verified,no,not_met,"Multi-company is the platform's foundation: companies, enterprise groups, corporate standard libraries with company overrides, and a plan limit on how many companies a subscription carries. Intercompany processing is absent — nothing records a transaction between two companies in a group, and there is no elimination or reconciliation between them. Subject not built: The one governed agent reads documents. Nothing applies it to financial data, and under RULE-008 anything that did would propose rather than post.",
GES-P10-REQ-222,AI Financial Intelligence,configurable accounting dimensions,not_verified,no,not_met,"The dimensions this aspect names mostly exist as columns: company, project, cost code, equipment, customer and vendor all appear on the records they belong to, and divisions and offices exist above the project. They are fixed columns rather than dimensions: a company cannot add one, and nothing lets a figure be sliced by a dimension the schema did not anticipate. Subject not built: The one governed agent reads documents. Nothing applies it to financial data, and under RULE-008 anything that did would propose rather than post.",
GES-P10-REQ-223,AI Financial Intelligence,"duplicate, anomaly and policy-exception detection",not_verified,no,not_met,"Three-way match compares an invoice against its purchase order and delivery and refuses a mismatch, which is one policy exception detected well. Nothing detects a duplicate invoice, an anomalous cost, a missing required field on an otherwise valid record, or a policy exception of any other kind. Subject not built: The one governed agent reads documents. Nothing applies it to financial data, and under RULE-008 anything that did would propose rather than post.",
GES-P10-REQ-224,AI Financial Intelligence,"period controls, cutoff validation and posting-date governance",not_verified,no,met,"Subject not built: The one governed agent reads documents. Nothing applies it to financial data, and under RULE-008 anything that did would propose rather than post.",
GES-P10-REQ-225,AI Financial Intelligence,traceability from operational transaction to financial statement,not_verified,no,not_met,"The operational half of this chain is strong and tested: measured field production ties to a task, the task to the estimate line it was budgeted from, the line to the library rows that priced it through a snapshot, and cost to the same task. The financial half does not exist — there is no financial statement for anything to have an impact on. Subject not built: The one governed agent reads documents. Nothing applies it to financial data, and under RULE-008 anything that did would propose rather than post.",
GES-P10-REQ-226,"Security, Audit & Compliance",tenant-scoped records,verified,yes,met,,"Every financial table carries company_id with row level security enabled and forced, policies generated by two audited helpers rather than written by hand, and app.enforce_tenant_parent refusing a child row attached to a parent owned by another company. 460 database tests run against real PostgreSQL with two provisioned companies. Subject: Row level security forced on every financial table, an append-only audit ledger no privilege level can edit, certified pay applications frozen, and the security gates that fail a migration leaving a table open."
GES-P10-REQ-227,"Security, Audit & Compliance",configurable approval thresholds and routing,not_verified,yes,not_met,"Approval tiers exist and, since migration 0033, configurable per-company signing thresholds govern change orders, contracts and claim settlements. Nothing of the kind exists for financial records: a pay application is approved by anyone holding finance.write regardless of its value, and there is no routing — no sequence of approvers, no delegation, no escalation.",
GES-P10-REQ-228,"Security, Audit & Compliance",immutable audit event for every action,not_verified,yes,not_met,"Create, update and delete are captured on every financial table by an append-only ledger recording prior and new state, and approve and post appear within it as updates. Export does not: nothing records that data left the platform, which is one of the seven actions this aspect names and the one an auditor asks about first. Reverse is not modeled as an action at all, because there is nothing to reverse.",
GES-P10-REQ-229,"Security, Audit & Compliance",role-based and attribute-based access control,verified,yes,met,,"Role-based: named roles carry explicit permission arrays and an approval tier, checked by app.has_permission with wildcards honored only as the whole grant. Attribute-based: a membership's project_scope narrows a user to named projects, every policy predicates on the row's own company_id, and contracts are readable under finance.read while written under estimates.approve, so a role can draft one without seeing the portfolio's financial position. Subject: Row level security forced on every financial table, an append-only audit ledger no privilege level can edit, certified pay applications frozen, and the security gates that fail a migration leaving a table open."
GES-P10-REQ-230,"Security, Audit & Compliance","effective dating, versioning and historical reconstruction",not_verified,yes,not_met,"Library rates carry effective dating and row history, estimates carry versions with pinned library snapshots, and plans now carry versions. No financial record does: a pay application, a job cost and a payable each have one current state and no history beyond the audit ledger, so a prior period cannot be reconstructed as it stood.",
GES-P10-REQ-231,"Security, Audit & Compliance",source-to-ledger balance validation,not_verified,yes,not_met,"There is no ledger to balance to. Individual arithmetic is defended — a pay application cannot bill more than the contract sum plus approved changes, a work order's total is generated from its parts, an achieved production rate is a generated column — but no double entry exists and nothing can be unbalanced.",
GES-P10-REQ-232,"Security, Audit & Compliance",configurable statuses and state transitions,not_verified,yes,not_met,"Statuses are explicit and constrained, and transitions are enforced — a pay application cannot leave draft without a submission timestamp, a claim cannot advance past potential without a notice date, an executed change order cannot move back. None of it is configurable: the states and the transitions are in the schema, and a company cannot add a review step of its own.",
GES-P10-REQ-233,"Security, Audit & Compliance",governed APIs and event notifications,not_verified,yes,not_met,"Nine versioned endpoints sit behind a pure authorization function with one error shape, scoped API keys stored only as a hash, and an OpenAPI specification generated from the route table with drift failing the build — the API half is genuinely governed. The event half does not exist: there are no outbound webhooks and no event stream, so nothing outside the platform can be notified that a financial record changed.",
GES-P10-REQ-234,"Security, Audit & Compliance","dashboards, drill-downs and exportable reports",not_verified,yes,not_met,"Dashboards and drill-downs exist as screens over five reporting views, each with security_invoker so a view can never become the way around row level security. Export does not exist anywhere in the platform: no export permission, no export path, and nothing that records an export having happened — the same absence P28 recorded.",
GES-P10-REQ-235,"Security, Audit & Compliance","attachments, notes, evidence and source-document lineage",not_verified,yes,not_met,"Documents are versioned with supersession and a claim's citations are now integrity-checked against them. No financial record links to a document: an AP invoice cannot carry the invoice image it was entered from, and a pay application cannot carry the signed certificate. Lineage from a source document to a financial figure therefore stops at the operational record.",
GES-P10-REQ-236,"Security, Audit & Compliance",multi-company and intercompany processing,not_verified,yes,not_met,"Multi-company is the platform's foundation: companies, enterprise groups, corporate standard libraries with company overrides, and a plan limit on how many companies a subscription carries. Intercompany processing is absent — nothing records a transaction between two companies in a group, and there is no elimination or reconciliation between them.",
GES-P10-REQ-237,"Security, Audit & Compliance",configurable accounting dimensions,not_verified,yes,not_met,"The dimensions this aspect names mostly exist as columns: company, project, cost code, equipment, customer and vendor all appear on the records they belong to, and divisions and offices exist above the project. They are fixed columns rather than dimensions: a company cannot add one, and nothing lets a figure be sliced by a dimension the schema did not anticipate.",
GES-P10-REQ-238,"Security, Audit & Compliance","duplicate, anomaly and policy-exception detection",not_verified,yes,not_met,"Three-way match compares an invoice against its purchase order and delivery and refuses a mismatch, which is one policy exception detected well. Nothing detects a duplicate invoice, an anomalous cost, a missing required field on an otherwise valid record, or a policy exception of any other kind.",
GES-P10-REQ-239,"Security, Audit & Compliance","period controls, cutoff validation and posting-date governance",not_verified,yes,not_met,not_met — audit and access control are not posting-dated.,
GES-P10-REQ-240,"Security, Audit & Compliance",traceability from operational transaction to financial statement,not_verified,yes,not_met,"The operational half of this chain is strong and tested: measured field production ties to a task, the task to the estimate line it was budgeted from, the line to the library rows that priced it through a snapshot, and cost to the same task. The financial half does not exist — there is no financial statement for anything to have an impact on.",
