requirement_id,domain,verification,domain_status,unmet_conditions,met_conditions,gap
P16-REQ-001,GIS Core,not_verified,not_built,applicable QA checks; mapped test evidence,controlled spatial data; coordinate/reference metadata; source evidence; authorization boundaries,"No geometry column, no spatial index, no PostGIS, no layer, no feature. The platform stores coordinates as numerics and grids as JSON. Blocked platform-wide by: applicable QA checks (not_met), mapped test evidence (not_met)."
P16-REQ-002,Coordinate Reference Systems,not_verified,partial,applicable QA checks; mapped test evidence,controlled spatial data; coordinate/reference metadata; source evidence; authorization boundaries,"Every survey records its horizontal datum, vertical datum, coordinate system and units, and since 0047 all four are enforced before a quantity is computed. Nothing transforms between them — recorded as F4. Blocked platform-wide by: applicable QA checks (not_met), mapped test evidence (not_met)."
P16-REQ-003,Survey Control,not_verified,not_built,applicable QA checks; mapped test evidence,controlled spatial data; coordinate/reference metadata; source evidence; authorization boundaries,"No control point, no monument, no network, no adjustment, no residual — the absence that makes the QA condition fail. Blocked platform-wide by: applicable QA checks (not_met), mapped test evidence (not_met)."
P16-REQ-004,GNSS Survey,not_verified,not_built,applicable QA checks; mapped test evidence,controlled spatial data; coordinate/reference metadata; source evidence; authorization boundaries,"No receiver, no correction source, no RTK session, no fix quality, no observation. Blocked platform-wide by: applicable QA checks (not_met), mapped test evidence (not_met)."
P16-REQ-005,Total Station Survey,not_verified,not_built,applicable QA checks; mapped test evidence,controlled spatial data; coordinate/reference metadata; source evidence; authorization boundaries,"No instrument, no setup, no backsight, no traverse, no raw observation. Blocked platform-wide by: applicable QA checks (not_met), mapped test evidence (not_met)."
P16-REQ-006,Digital Levels,not_verified,not_built,applicable QA checks; mapped test evidence,controlled spatial data; coordinate/reference metadata; source evidence; authorization boundaries,"No level run, no benchmark, no closure, no adjustment. Blocked platform-wide by: applicable QA checks (not_met), mapped test evidence (not_met)."
P16-REQ-007,Construction Layout,not_verified,not_built,applicable QA checks; mapped test evidence,controlled spatial data; coordinate/reference metadata; source evidence; authorization boundaries,"No stakeout point, no layout report, no as-staked record, no offset. Blocked platform-wide by: applicable QA checks (not_met), mapped test evidence (not_met)."
P16-REQ-008,Topographic Survey,not_verified,partial,applicable QA checks; mapped test evidence,controlled spatial data; coordinate/reference metadata; source evidence; authorization boundaries,"A topographic capture becomes a gridded surface with a cell size, coverage and elevation range. There are no points, no breaklines, no contours and no triangulated model — the grid is the only representation. Blocked platform-wide by: applicable QA checks (not_met), mapped test evidence (not_met)."
P16-REQ-009,Existing Conditions,not_verified,partial,applicable QA checks; mapped test evidence,controlled spatial data; coordinate/reference metadata; source evidence; authorization boundaries,"An existing-ground surface is a first-class role, captured by any of six methods, differenced against design with full provenance. There is no feature capture: no breaklines, no boundaries, no utilities, no existing structures. Blocked platform-wide by: applicable QA checks (not_met), mapped test evidence (not_met)."
P16-REQ-010,Drone Operations,not_verified,not_built,applicable QA checks; mapped test evidence,controlled spatial data; coordinate/reference metadata; source evidence; authorization boundaries,"No flight, no plan, no mission, no pilot, no log. Blocked platform-wide by: applicable QA checks (not_met), mapped test evidence (not_met)."
P16-REQ-011,Photogrammetry,not_verified,not_built,applicable QA checks; mapped test evidence,controlled spatial data; coordinate/reference metadata; source evidence; authorization boundaries,"No image, no camera model, no tie point, no bundle adjustment, no processing run. Blocked platform-wide by: applicable QA checks (not_met), mapped test evidence (not_met)."
P16-REQ-012,LiDAR Reality Capture,not_verified,not_built,applicable QA checks; mapped test evidence,controlled spatial data; coordinate/reference metadata; source evidence; authorization boundaries,"A capture method can be named 'lidar' and nothing else exists: no point cloud, no classification, no intensity, no return. Blocked platform-wide by: applicable QA checks (not_met), mapped test evidence (not_met)."
P16-REQ-013,Point Cloud Management,not_verified,not_built,applicable QA checks; mapped test evidence,controlled spatial data; coordinate/reference metadata; source evidence; authorization boundaries,"No storage, no tiling, no level of detail, no viewer, no clipping. Blocked platform-wide by: applicable QA checks (not_met), mapped test evidence (not_met)."
P16-REQ-014,Orthomosaic Management,not_verified,not_built,applicable QA checks; mapped test evidence,controlled spatial data; coordinate/reference metadata; source evidence; authorization boundaries,"No orthomosaic, no tile service, no resolution, no vintage. Blocked platform-wide by: applicable QA checks (not_met), mapped test evidence (not_met)."
P16-REQ-015,Surface & Terrain Models,not_verified,built,applicable QA checks; mapped test evidence,controlled spatial data; coordinate/reference metadata; source evidence; authorization boundaries,"Blocked platform-wide by: applicable QA checks (not_met), mapped test evidence (not_met)."
P16-REQ-016,Volumes & Earthwork,not_verified,built,applicable QA checks; mapped test evidence,controlled spatial data; coordinate/reference metadata; source evidence; authorization boundaries,"Blocked platform-wide by: applicable QA checks (not_met), mapped test evidence (not_met)."
P16-REQ-017,Progress & Change Detection,not_verified,partial,applicable QA checks; mapped test evidence,controlled spatial data; coordinate/reference metadata; source evidence; authorization boundaries,"The engine computes progress against design and can difference an as-built surface against either. Nothing schedules it, trends it over time, or detects change without being asked. Blocked platform-wide by: applicable QA checks (not_met), mapped test evidence (not_met)."
P16-REQ-018,Corridor & Linear Infrastructure,not_verified,not_built,applicable QA checks; mapped test evidence,controlled spatial data; coordinate/reference metadata; source evidence; authorization boundaries,"No alignment, no station, no cross section stored, no corridor model. The engine computes average end area volumes from cross sections a caller supplies and the platform stores none. Blocked platform-wide by: applicable QA checks (not_met), mapped test evidence (not_met)."
P16-REQ-019,Utility Mapping,not_verified,not_built,applicable QA checks; mapped test evidence,controlled spatial data; coordinate/reference metadata; source evidence; authorization boundaries,"No utility, no depth of cover, no subsurface utility engineering quality level, no conflict. Blocked platform-wide by: applicable QA checks (not_met), mapped test evidence (not_met)."
P16-REQ-020,GIS Field Collection,not_verified,not_built,applicable QA checks; mapped test evidence,controlled spatial data; coordinate/reference metadata; source evidence; authorization boundaries,"No field collection application, no form, no offline capture, no attribute schema. Blocked platform-wide by: applicable QA checks (not_met), mapped test evidence (not_met)."
P16-REQ-021,Reality Capture QA/QC,not_verified,not_built,applicable QA checks; mapped test evidence,controlled spatial data; coordinate/reference metadata; source evidence; authorization boundaries,"No accuracy assessment, no ground truth comparison, no density check, no acceptance threshold. Blocked platform-wide by: applicable QA checks (not_met), mapped test evidence (not_met)."
P16-REQ-022,Geofencing & Location Intelligence,not_verified,not_built,applicable QA checks; mapped test evidence,controlled spatial data; coordinate/reference metadata; source evidence; authorization boundaries,"No geofence, no location event, no dwell, no alert. Assets carry a last telemetry timestamp and no position history. Blocked platform-wide by: applicable QA checks (not_met), mapped test evidence (not_met)."
P16-REQ-023,Drone Media & Inspection,not_verified,not_built,applicable QA checks; mapped test evidence,controlled spatial data; coordinate/reference metadata; source evidence; authorization boundaries,"No image catalog, no inspection, no annotation, no defect located on an asset. Blocked platform-wide by: applicable QA checks (not_met), mapped test evidence (not_met)."
P16-REQ-024,Regulatory & Flight Compliance,not_verified,not_built,applicable QA checks; mapped test evidence,controlled spatial data; coordinate/reference metadata; source evidence; authorization boundaries,"No airspace, no authorization, no waiver, no currency, no incident report. Blocked platform-wide by: applicable QA checks (not_met), mapped test evidence (not_met)."
P16-REQ-025,Survey Deliverables,not_verified,partial,applicable QA checks; mapped test evidence,controlled spatial data; coordinate/reference metadata; source evidence; authorization boundaries,"A comparison is a deliverable and carries its own provenance, and the PDF engine renders reports deterministically. There is no drawing, no plan set, no stakeout report and no signed and sealed output. Blocked platform-wide by: applicable QA checks (not_met), mapped test evidence (not_met)."
P16-REQ-026,Machine Control Handoff,not_verified,partial,applicable QA checks; mapped test evidence,controlled spatial data; coordinate/reference metadata; source evidence; authorization boundaries,"The strongest of the partial domains: files are versioned, typed by format and vendor, checksummed, published with an actor and a moment, superseded rather than replaced, and tied to the surface they were generated from. What is missing is the generation itself — no file is produced by the platform, only recorded. Blocked platform-wide by: applicable QA checks (not_met), mapped test evidence (not_met)."
P16-REQ-027,Spatial Analytics,not_verified,partial,applicable QA checks; mapped test evidence,controlled spatial data; coordinate/reference metadata; source evidence; authorization boundaries,"Volumes, areas, depths and coverage are computed and reported. There is no spatial query of any kind — no intersection, no buffer, no proximity, and no geometry type in the database at all. Blocked platform-wide by: applicable QA checks (not_met), mapped test evidence (not_met)."
P16-REQ-028,AI Geospatial Intelligence,not_verified,not_built,applicable QA checks; mapped test evidence,controlled spatial data; coordinate/reference metadata; source evidence; authorization boundaries,"No feature extraction, no classification, no automated takeoff from imagery. The one governed agent reads documents. Blocked platform-wide by: applicable QA checks (not_met), mapped test evidence (not_met)."
P16-REQ-029,Geospatial Digital Twin,not_verified,not_built,applicable QA checks; mapped test evidence,controlled spatial data; coordinate/reference metadata; source evidence; authorization boundaries,"Not built and not planned. A digital twin is in the class of capability the traceability rules exclude globally. Blocked platform-wide by: applicable QA checks (not_met), mapped test evidence (not_met)."
P16-REQ-030,GIS Core,not_verified,not_built,applicable QA checks; mapped test evidence,controlled spatial data; coordinate/reference metadata; source evidence; authorization boundaries,"No geometry column, no spatial index, no PostGIS, no layer, no feature. The platform stores coordinates as numerics and grids as JSON. Blocked platform-wide by: applicable QA checks (not_met), mapped test evidence (not_met)."
P16-REQ-031,Coordinate Reference Systems,not_verified,partial,applicable QA checks; mapped test evidence,controlled spatial data; coordinate/reference metadata; source evidence; authorization boundaries,"Every survey records its horizontal datum, vertical datum, coordinate system and units, and since 0047 all four are enforced before a quantity is computed. Nothing transforms between them — recorded as F4. Blocked platform-wide by: applicable QA checks (not_met), mapped test evidence (not_met)."
P16-REQ-032,Survey Control,not_verified,not_built,applicable QA checks; mapped test evidence,controlled spatial data; coordinate/reference metadata; source evidence; authorization boundaries,"No control point, no monument, no network, no adjustment, no residual — the absence that makes the QA condition fail. Blocked platform-wide by: applicable QA checks (not_met), mapped test evidence (not_met)."
P16-REQ-033,GNSS Survey,not_verified,not_built,applicable QA checks; mapped test evidence,controlled spatial data; coordinate/reference metadata; source evidence; authorization boundaries,"No receiver, no correction source, no RTK session, no fix quality, no observation. Blocked platform-wide by: applicable QA checks (not_met), mapped test evidence (not_met)."
P16-REQ-034,Total Station Survey,not_verified,not_built,applicable QA checks; mapped test evidence,controlled spatial data; coordinate/reference metadata; source evidence; authorization boundaries,"No instrument, no setup, no backsight, no traverse, no raw observation. Blocked platform-wide by: applicable QA checks (not_met), mapped test evidence (not_met)."
P16-REQ-035,Digital Levels,not_verified,not_built,applicable QA checks; mapped test evidence,controlled spatial data; coordinate/reference metadata; source evidence; authorization boundaries,"No level run, no benchmark, no closure, no adjustment. Blocked platform-wide by: applicable QA checks (not_met), mapped test evidence (not_met)."
P16-REQ-036,Construction Layout,not_verified,not_built,applicable QA checks; mapped test evidence,controlled spatial data; coordinate/reference metadata; source evidence; authorization boundaries,"No stakeout point, no layout report, no as-staked record, no offset. Blocked platform-wide by: applicable QA checks (not_met), mapped test evidence (not_met)."
P16-REQ-037,Topographic Survey,not_verified,partial,applicable QA checks; mapped test evidence,controlled spatial data; coordinate/reference metadata; source evidence; authorization boundaries,"A topographic capture becomes a gridded surface with a cell size, coverage and elevation range. There are no points, no breaklines, no contours and no triangulated model — the grid is the only representation. Blocked platform-wide by: applicable QA checks (not_met), mapped test evidence (not_met)."
P16-REQ-038,Existing Conditions,not_verified,partial,applicable QA checks; mapped test evidence,controlled spatial data; coordinate/reference metadata; source evidence; authorization boundaries,"An existing-ground surface is a first-class role, captured by any of six methods, differenced against design with full provenance. There is no feature capture: no breaklines, no boundaries, no utilities, no existing structures. Blocked platform-wide by: applicable QA checks (not_met), mapped test evidence (not_met)."
P16-REQ-039,Drone Operations,not_verified,not_built,applicable QA checks; mapped test evidence,controlled spatial data; coordinate/reference metadata; source evidence; authorization boundaries,"No flight, no plan, no mission, no pilot, no log. Blocked platform-wide by: applicable QA checks (not_met), mapped test evidence (not_met)."
P16-REQ-040,Photogrammetry,not_verified,not_built,applicable QA checks; mapped test evidence,controlled spatial data; coordinate/reference metadata; source evidence; authorization boundaries,"No image, no camera model, no tie point, no bundle adjustment, no processing run. Blocked platform-wide by: applicable QA checks (not_met), mapped test evidence (not_met)."
P16-REQ-041,LiDAR Reality Capture,not_verified,not_built,applicable QA checks; mapped test evidence,controlled spatial data; coordinate/reference metadata; source evidence; authorization boundaries,"A capture method can be named 'lidar' and nothing else exists: no point cloud, no classification, no intensity, no return. Blocked platform-wide by: applicable QA checks (not_met), mapped test evidence (not_met)."
P16-REQ-042,Point Cloud Management,not_verified,not_built,applicable QA checks; mapped test evidence,controlled spatial data; coordinate/reference metadata; source evidence; authorization boundaries,"No storage, no tiling, no level of detail, no viewer, no clipping. Blocked platform-wide by: applicable QA checks (not_met), mapped test evidence (not_met)."
P16-REQ-043,Orthomosaic Management,not_verified,not_built,applicable QA checks; mapped test evidence,controlled spatial data; coordinate/reference metadata; source evidence; authorization boundaries,"No orthomosaic, no tile service, no resolution, no vintage. Blocked platform-wide by: applicable QA checks (not_met), mapped test evidence (not_met)."
P16-REQ-044,Surface & Terrain Models,not_verified,built,applicable QA checks; mapped test evidence,controlled spatial data; coordinate/reference metadata; source evidence; authorization boundaries,"Blocked platform-wide by: applicable QA checks (not_met), mapped test evidence (not_met)."
P16-REQ-045,Volumes & Earthwork,not_verified,built,applicable QA checks; mapped test evidence,controlled spatial data; coordinate/reference metadata; source evidence; authorization boundaries,"Blocked platform-wide by: applicable QA checks (not_met), mapped test evidence (not_met)."
P16-REQ-046,Progress & Change Detection,not_verified,partial,applicable QA checks; mapped test evidence,controlled spatial data; coordinate/reference metadata; source evidence; authorization boundaries,"The engine computes progress against design and can difference an as-built surface against either. Nothing schedules it, trends it over time, or detects change without being asked. Blocked platform-wide by: applicable QA checks (not_met), mapped test evidence (not_met)."
P16-REQ-047,Corridor & Linear Infrastructure,not_verified,not_built,applicable QA checks; mapped test evidence,controlled spatial data; coordinate/reference metadata; source evidence; authorization boundaries,"No alignment, no station, no cross section stored, no corridor model. The engine computes average end area volumes from cross sections a caller supplies and the platform stores none. Blocked platform-wide by: applicable QA checks (not_met), mapped test evidence (not_met)."
P16-REQ-048,Utility Mapping,not_verified,not_built,applicable QA checks; mapped test evidence,controlled spatial data; coordinate/reference metadata; source evidence; authorization boundaries,"No utility, no depth of cover, no subsurface utility engineering quality level, no conflict. Blocked platform-wide by: applicable QA checks (not_met), mapped test evidence (not_met)."
P16-REQ-049,GIS Field Collection,not_verified,not_built,applicable QA checks; mapped test evidence,controlled spatial data; coordinate/reference metadata; source evidence; authorization boundaries,"No field collection application, no form, no offline capture, no attribute schema. Blocked platform-wide by: applicable QA checks (not_met), mapped test evidence (not_met)."
P16-REQ-050,Reality Capture QA/QC,not_verified,not_built,applicable QA checks; mapped test evidence,controlled spatial data; coordinate/reference metadata; source evidence; authorization boundaries,"No accuracy assessment, no ground truth comparison, no density check, no acceptance threshold. Blocked platform-wide by: applicable QA checks (not_met), mapped test evidence (not_met)."
P16-REQ-051,Geofencing & Location Intelligence,not_verified,not_built,applicable QA checks; mapped test evidence,controlled spatial data; coordinate/reference metadata; source evidence; authorization boundaries,"No geofence, no location event, no dwell, no alert. Assets carry a last telemetry timestamp and no position history. Blocked platform-wide by: applicable QA checks (not_met), mapped test evidence (not_met)."
P16-REQ-052,Drone Media & Inspection,not_verified,not_built,applicable QA checks; mapped test evidence,controlled spatial data; coordinate/reference metadata; source evidence; authorization boundaries,"No image catalog, no inspection, no annotation, no defect located on an asset. Blocked platform-wide by: applicable QA checks (not_met), mapped test evidence (not_met)."
P16-REQ-053,Regulatory & Flight Compliance,not_verified,not_built,applicable QA checks; mapped test evidence,controlled spatial data; coordinate/reference metadata; source evidence; authorization boundaries,"No airspace, no authorization, no waiver, no currency, no incident report. Blocked platform-wide by: applicable QA checks (not_met), mapped test evidence (not_met)."
P16-REQ-054,Survey Deliverables,not_verified,partial,applicable QA checks; mapped test evidence,controlled spatial data; coordinate/reference metadata; source evidence; authorization boundaries,"A comparison is a deliverable and carries its own provenance, and the PDF engine renders reports deterministically. There is no drawing, no plan set, no stakeout report and no signed and sealed output. Blocked platform-wide by: applicable QA checks (not_met), mapped test evidence (not_met)."
P16-REQ-055,Machine Control Handoff,not_verified,partial,applicable QA checks; mapped test evidence,controlled spatial data; coordinate/reference metadata; source evidence; authorization boundaries,"The strongest of the partial domains: files are versioned, typed by format and vendor, checksummed, published with an actor and a moment, superseded rather than replaced, and tied to the surface they were generated from. What is missing is the generation itself — no file is produced by the platform, only recorded. Blocked platform-wide by: applicable QA checks (not_met), mapped test evidence (not_met)."
P16-REQ-056,Spatial Analytics,not_verified,partial,applicable QA checks; mapped test evidence,controlled spatial data; coordinate/reference metadata; source evidence; authorization boundaries,"Volumes, areas, depths and coverage are computed and reported. There is no spatial query of any kind — no intersection, no buffer, no proximity, and no geometry type in the database at all. Blocked platform-wide by: applicable QA checks (not_met), mapped test evidence (not_met)."
P16-REQ-057,AI Geospatial Intelligence,not_verified,not_built,applicable QA checks; mapped test evidence,controlled spatial data; coordinate/reference metadata; source evidence; authorization boundaries,"No feature extraction, no classification, no automated takeoff from imagery. The one governed agent reads documents. Blocked platform-wide by: applicable QA checks (not_met), mapped test evidence (not_met)."
P16-REQ-058,Geospatial Digital Twin,not_verified,not_built,applicable QA checks; mapped test evidence,controlled spatial data; coordinate/reference metadata; source evidence; authorization boundaries,"Not built and not planned. A digital twin is in the class of capability the traceability rules exclude globally. Blocked platform-wide by: applicable QA checks (not_met), mapped test evidence (not_met)."
P16-REQ-059,GIS Core,not_verified,not_built,applicable QA checks; mapped test evidence,controlled spatial data; coordinate/reference metadata; source evidence; authorization boundaries,"No geometry column, no spatial index, no PostGIS, no layer, no feature. The platform stores coordinates as numerics and grids as JSON. Blocked platform-wide by: applicable QA checks (not_met), mapped test evidence (not_met)."
P16-REQ-060,Coordinate Reference Systems,not_verified,partial,applicable QA checks; mapped test evidence,controlled spatial data; coordinate/reference metadata; source evidence; authorization boundaries,"Every survey records its horizontal datum, vertical datum, coordinate system and units, and since 0047 all four are enforced before a quantity is computed. Nothing transforms between them — recorded as F4. Blocked platform-wide by: applicable QA checks (not_met), mapped test evidence (not_met)."
P16-REQ-061,Survey Control,not_verified,not_built,applicable QA checks; mapped test evidence,controlled spatial data; coordinate/reference metadata; source evidence; authorization boundaries,"No control point, no monument, no network, no adjustment, no residual — the absence that makes the QA condition fail. Blocked platform-wide by: applicable QA checks (not_met), mapped test evidence (not_met)."
P16-REQ-062,GNSS Survey,not_verified,not_built,applicable QA checks; mapped test evidence,controlled spatial data; coordinate/reference metadata; source evidence; authorization boundaries,"No receiver, no correction source, no RTK session, no fix quality, no observation. Blocked platform-wide by: applicable QA checks (not_met), mapped test evidence (not_met)."
P16-REQ-063,Total Station Survey,not_verified,not_built,applicable QA checks; mapped test evidence,controlled spatial data; coordinate/reference metadata; source evidence; authorization boundaries,"No instrument, no setup, no backsight, no traverse, no raw observation. Blocked platform-wide by: applicable QA checks (not_met), mapped test evidence (not_met)."
P16-REQ-064,Digital Levels,not_verified,not_built,applicable QA checks; mapped test evidence,controlled spatial data; coordinate/reference metadata; source evidence; authorization boundaries,"No level run, no benchmark, no closure, no adjustment. Blocked platform-wide by: applicable QA checks (not_met), mapped test evidence (not_met)."
P16-REQ-065,Construction Layout,not_verified,not_built,applicable QA checks; mapped test evidence,controlled spatial data; coordinate/reference metadata; source evidence; authorization boundaries,"No stakeout point, no layout report, no as-staked record, no offset. Blocked platform-wide by: applicable QA checks (not_met), mapped test evidence (not_met)."
P16-REQ-066,Topographic Survey,not_verified,partial,applicable QA checks; mapped test evidence,controlled spatial data; coordinate/reference metadata; source evidence; authorization boundaries,"A topographic capture becomes a gridded surface with a cell size, coverage and elevation range. There are no points, no breaklines, no contours and no triangulated model — the grid is the only representation. Blocked platform-wide by: applicable QA checks (not_met), mapped test evidence (not_met)."
P16-REQ-067,Existing Conditions,not_verified,partial,applicable QA checks; mapped test evidence,controlled spatial data; coordinate/reference metadata; source evidence; authorization boundaries,"An existing-ground surface is a first-class role, captured by any of six methods, differenced against design with full provenance. There is no feature capture: no breaklines, no boundaries, no utilities, no existing structures. Blocked platform-wide by: applicable QA checks (not_met), mapped test evidence (not_met)."
P16-REQ-068,Drone Operations,not_verified,not_built,applicable QA checks; mapped test evidence,controlled spatial data; coordinate/reference metadata; source evidence; authorization boundaries,"No flight, no plan, no mission, no pilot, no log. Blocked platform-wide by: applicable QA checks (not_met), mapped test evidence (not_met)."
P16-REQ-069,Photogrammetry,not_verified,not_built,applicable QA checks; mapped test evidence,controlled spatial data; coordinate/reference metadata; source evidence; authorization boundaries,"No image, no camera model, no tie point, no bundle adjustment, no processing run. Blocked platform-wide by: applicable QA checks (not_met), mapped test evidence (not_met)."
P16-REQ-070,LiDAR Reality Capture,not_verified,not_built,applicable QA checks; mapped test evidence,controlled spatial data; coordinate/reference metadata; source evidence; authorization boundaries,"A capture method can be named 'lidar' and nothing else exists: no point cloud, no classification, no intensity, no return. Blocked platform-wide by: applicable QA checks (not_met), mapped test evidence (not_met)."
P16-REQ-071,Point Cloud Management,not_verified,not_built,applicable QA checks; mapped test evidence,controlled spatial data; coordinate/reference metadata; source evidence; authorization boundaries,"No storage, no tiling, no level of detail, no viewer, no clipping. Blocked platform-wide by: applicable QA checks (not_met), mapped test evidence (not_met)."
P16-REQ-072,Orthomosaic Management,not_verified,not_built,applicable QA checks; mapped test evidence,controlled spatial data; coordinate/reference metadata; source evidence; authorization boundaries,"No orthomosaic, no tile service, no resolution, no vintage. Blocked platform-wide by: applicable QA checks (not_met), mapped test evidence (not_met)."
P16-REQ-073,Surface & Terrain Models,not_verified,built,applicable QA checks; mapped test evidence,controlled spatial data; coordinate/reference metadata; source evidence; authorization boundaries,"Blocked platform-wide by: applicable QA checks (not_met), mapped test evidence (not_met)."
P16-REQ-074,Volumes & Earthwork,not_verified,built,applicable QA checks; mapped test evidence,controlled spatial data; coordinate/reference metadata; source evidence; authorization boundaries,"Blocked platform-wide by: applicable QA checks (not_met), mapped test evidence (not_met)."
P16-REQ-075,Progress & Change Detection,not_verified,partial,applicable QA checks; mapped test evidence,controlled spatial data; coordinate/reference metadata; source evidence; authorization boundaries,"The engine computes progress against design and can difference an as-built surface against either. Nothing schedules it, trends it over time, or detects change without being asked. Blocked platform-wide by: applicable QA checks (not_met), mapped test evidence (not_met)."
P16-REQ-076,Corridor & Linear Infrastructure,not_verified,not_built,applicable QA checks; mapped test evidence,controlled spatial data; coordinate/reference metadata; source evidence; authorization boundaries,"No alignment, no station, no cross section stored, no corridor model. The engine computes average end area volumes from cross sections a caller supplies and the platform stores none. Blocked platform-wide by: applicable QA checks (not_met), mapped test evidence (not_met)."
P16-REQ-077,Utility Mapping,not_verified,not_built,applicable QA checks; mapped test evidence,controlled spatial data; coordinate/reference metadata; source evidence; authorization boundaries,"No utility, no depth of cover, no subsurface utility engineering quality level, no conflict. Blocked platform-wide by: applicable QA checks (not_met), mapped test evidence (not_met)."
P16-REQ-078,GIS Field Collection,not_verified,not_built,applicable QA checks; mapped test evidence,controlled spatial data; coordinate/reference metadata; source evidence; authorization boundaries,"No field collection application, no form, no offline capture, no attribute schema. Blocked platform-wide by: applicable QA checks (not_met), mapped test evidence (not_met)."
P16-REQ-079,Reality Capture QA/QC,not_verified,not_built,applicable QA checks; mapped test evidence,controlled spatial data; coordinate/reference metadata; source evidence; authorization boundaries,"No accuracy assessment, no ground truth comparison, no density check, no acceptance threshold. Blocked platform-wide by: applicable QA checks (not_met), mapped test evidence (not_met)."
P16-REQ-080,Geofencing & Location Intelligence,not_verified,not_built,applicable QA checks; mapped test evidence,controlled spatial data; coordinate/reference metadata; source evidence; authorization boundaries,"No geofence, no location event, no dwell, no alert. Assets carry a last telemetry timestamp and no position history. Blocked platform-wide by: applicable QA checks (not_met), mapped test evidence (not_met)."
P16-REQ-081,Drone Media & Inspection,not_verified,not_built,applicable QA checks; mapped test evidence,controlled spatial data; coordinate/reference metadata; source evidence; authorization boundaries,"No image catalog, no inspection, no annotation, no defect located on an asset. Blocked platform-wide by: applicable QA checks (not_met), mapped test evidence (not_met)."
P16-REQ-082,Regulatory & Flight Compliance,not_verified,not_built,applicable QA checks; mapped test evidence,controlled spatial data; coordinate/reference metadata; source evidence; authorization boundaries,"No airspace, no authorization, no waiver, no currency, no incident report. Blocked platform-wide by: applicable QA checks (not_met), mapped test evidence (not_met)."
P16-REQ-083,Survey Deliverables,not_verified,partial,applicable QA checks; mapped test evidence,controlled spatial data; coordinate/reference metadata; source evidence; authorization boundaries,"A comparison is a deliverable and carries its own provenance, and the PDF engine renders reports deterministically. There is no drawing, no plan set, no stakeout report and no signed and sealed output. Blocked platform-wide by: applicable QA checks (not_met), mapped test evidence (not_met)."
P16-REQ-084,Machine Control Handoff,not_verified,partial,applicable QA checks; mapped test evidence,controlled spatial data; coordinate/reference metadata; source evidence; authorization boundaries,"The strongest of the partial domains: files are versioned, typed by format and vendor, checksummed, published with an actor and a moment, superseded rather than replaced, and tied to the surface they were generated from. What is missing is the generation itself — no file is produced by the platform, only recorded. Blocked platform-wide by: applicable QA checks (not_met), mapped test evidence (not_met)."
P16-REQ-085,Spatial Analytics,not_verified,partial,applicable QA checks; mapped test evidence,controlled spatial data; coordinate/reference metadata; source evidence; authorization boundaries,"Volumes, areas, depths and coverage are computed and reported. There is no spatial query of any kind — no intersection, no buffer, no proximity, and no geometry type in the database at all. Blocked platform-wide by: applicable QA checks (not_met), mapped test evidence (not_met)."
P16-REQ-086,AI Geospatial Intelligence,not_verified,not_built,applicable QA checks; mapped test evidence,controlled spatial data; coordinate/reference metadata; source evidence; authorization boundaries,"No feature extraction, no classification, no automated takeoff from imagery. The one governed agent reads documents. Blocked platform-wide by: applicable QA checks (not_met), mapped test evidence (not_met)."
P16-REQ-087,Geospatial Digital Twin,not_verified,not_built,applicable QA checks; mapped test evidence,controlled spatial data; coordinate/reference metadata; source evidence; authorization boundaries,"Not built and not planned. A digital twin is in the class of capability the traceability rules exclude globally. Blocked platform-wide by: applicable QA checks (not_met), mapped test evidence (not_met)."
P16-REQ-088,GIS Core,not_verified,not_built,applicable QA checks; mapped test evidence,controlled spatial data; coordinate/reference metadata; source evidence; authorization boundaries,"No geometry column, no spatial index, no PostGIS, no layer, no feature. The platform stores coordinates as numerics and grids as JSON. Blocked platform-wide by: applicable QA checks (not_met), mapped test evidence (not_met)."
P16-REQ-089,Coordinate Reference Systems,not_verified,partial,applicable QA checks; mapped test evidence,controlled spatial data; coordinate/reference metadata; source evidence; authorization boundaries,"Every survey records its horizontal datum, vertical datum, coordinate system and units, and since 0047 all four are enforced before a quantity is computed. Nothing transforms between them — recorded as F4. Blocked platform-wide by: applicable QA checks (not_met), mapped test evidence (not_met)."
P16-REQ-090,Survey Control,not_verified,not_built,applicable QA checks; mapped test evidence,controlled spatial data; coordinate/reference metadata; source evidence; authorization boundaries,"No control point, no monument, no network, no adjustment, no residual — the absence that makes the QA condition fail. Blocked platform-wide by: applicable QA checks (not_met), mapped test evidence (not_met)."
P16-REQ-091,GNSS Survey,not_verified,not_built,applicable QA checks; mapped test evidence,controlled spatial data; coordinate/reference metadata; source evidence; authorization boundaries,"No receiver, no correction source, no RTK session, no fix quality, no observation. Blocked platform-wide by: applicable QA checks (not_met), mapped test evidence (not_met)."
P16-REQ-092,Total Station Survey,not_verified,not_built,applicable QA checks; mapped test evidence,controlled spatial data; coordinate/reference metadata; source evidence; authorization boundaries,"No instrument, no setup, no backsight, no traverse, no raw observation. Blocked platform-wide by: applicable QA checks (not_met), mapped test evidence (not_met)."
P16-REQ-093,Digital Levels,not_verified,not_built,applicable QA checks; mapped test evidence,controlled spatial data; coordinate/reference metadata; source evidence; authorization boundaries,"No level run, no benchmark, no closure, no adjustment. Blocked platform-wide by: applicable QA checks (not_met), mapped test evidence (not_met)."
P16-REQ-094,Construction Layout,not_verified,not_built,applicable QA checks; mapped test evidence,controlled spatial data; coordinate/reference metadata; source evidence; authorization boundaries,"No stakeout point, no layout report, no as-staked record, no offset. Blocked platform-wide by: applicable QA checks (not_met), mapped test evidence (not_met)."
P16-REQ-095,Topographic Survey,not_verified,partial,applicable QA checks; mapped test evidence,controlled spatial data; coordinate/reference metadata; source evidence; authorization boundaries,"A topographic capture becomes a gridded surface with a cell size, coverage and elevation range. There are no points, no breaklines, no contours and no triangulated model — the grid is the only representation. Blocked platform-wide by: applicable QA checks (not_met), mapped test evidence (not_met)."
P16-REQ-096,Existing Conditions,not_verified,partial,applicable QA checks; mapped test evidence,controlled spatial data; coordinate/reference metadata; source evidence; authorization boundaries,"An existing-ground surface is a first-class role, captured by any of six methods, differenced against design with full provenance. There is no feature capture: no breaklines, no boundaries, no utilities, no existing structures. Blocked platform-wide by: applicable QA checks (not_met), mapped test evidence (not_met)."
P16-REQ-097,Drone Operations,not_verified,not_built,applicable QA checks; mapped test evidence,controlled spatial data; coordinate/reference metadata; source evidence; authorization boundaries,"No flight, no plan, no mission, no pilot, no log. Blocked platform-wide by: applicable QA checks (not_met), mapped test evidence (not_met)."
P16-REQ-098,Photogrammetry,not_verified,not_built,applicable QA checks; mapped test evidence,controlled spatial data; coordinate/reference metadata; source evidence; authorization boundaries,"No image, no camera model, no tie point, no bundle adjustment, no processing run. Blocked platform-wide by: applicable QA checks (not_met), mapped test evidence (not_met)."
P16-REQ-099,LiDAR Reality Capture,not_verified,not_built,applicable QA checks; mapped test evidence,controlled spatial data; coordinate/reference metadata; source evidence; authorization boundaries,"A capture method can be named 'lidar' and nothing else exists: no point cloud, no classification, no intensity, no return. Blocked platform-wide by: applicable QA checks (not_met), mapped test evidence (not_met)."
P16-REQ-100,Point Cloud Management,not_verified,not_built,applicable QA checks; mapped test evidence,controlled spatial data; coordinate/reference metadata; source evidence; authorization boundaries,"No storage, no tiling, no level of detail, no viewer, no clipping. Blocked platform-wide by: applicable QA checks (not_met), mapped test evidence (not_met)."
P16-REQ-101,Orthomosaic Management,not_verified,not_built,applicable QA checks; mapped test evidence,controlled spatial data; coordinate/reference metadata; source evidence; authorization boundaries,"No orthomosaic, no tile service, no resolution, no vintage. Blocked platform-wide by: applicable QA checks (not_met), mapped test evidence (not_met)."
P16-REQ-102,Surface & Terrain Models,not_verified,built,applicable QA checks; mapped test evidence,controlled spatial data; coordinate/reference metadata; source evidence; authorization boundaries,"Blocked platform-wide by: applicable QA checks (not_met), mapped test evidence (not_met)."
P16-REQ-103,Volumes & Earthwork,not_verified,built,applicable QA checks; mapped test evidence,controlled spatial data; coordinate/reference metadata; source evidence; authorization boundaries,"Blocked platform-wide by: applicable QA checks (not_met), mapped test evidence (not_met)."
P16-REQ-104,Progress & Change Detection,not_verified,partial,applicable QA checks; mapped test evidence,controlled spatial data; coordinate/reference metadata; source evidence; authorization boundaries,"The engine computes progress against design and can difference an as-built surface against either. Nothing schedules it, trends it over time, or detects change without being asked. Blocked platform-wide by: applicable QA checks (not_met), mapped test evidence (not_met)."
P16-REQ-105,Corridor & Linear Infrastructure,not_verified,not_built,applicable QA checks; mapped test evidence,controlled spatial data; coordinate/reference metadata; source evidence; authorization boundaries,"No alignment, no station, no cross section stored, no corridor model. The engine computes average end area volumes from cross sections a caller supplies and the platform stores none. Blocked platform-wide by: applicable QA checks (not_met), mapped test evidence (not_met)."
P16-REQ-106,Utility Mapping,not_verified,not_built,applicable QA checks; mapped test evidence,controlled spatial data; coordinate/reference metadata; source evidence; authorization boundaries,"No utility, no depth of cover, no subsurface utility engineering quality level, no conflict. Blocked platform-wide by: applicable QA checks (not_met), mapped test evidence (not_met)."
P16-REQ-107,GIS Field Collection,not_verified,not_built,applicable QA checks; mapped test evidence,controlled spatial data; coordinate/reference metadata; source evidence; authorization boundaries,"No field collection application, no form, no offline capture, no attribute schema. Blocked platform-wide by: applicable QA checks (not_met), mapped test evidence (not_met)."
P16-REQ-108,Reality Capture QA/QC,not_verified,not_built,applicable QA checks; mapped test evidence,controlled spatial data; coordinate/reference metadata; source evidence; authorization boundaries,"No accuracy assessment, no ground truth comparison, no density check, no acceptance threshold. Blocked platform-wide by: applicable QA checks (not_met), mapped test evidence (not_met)."
P16-REQ-109,Geofencing & Location Intelligence,not_verified,not_built,applicable QA checks; mapped test evidence,controlled spatial data; coordinate/reference metadata; source evidence; authorization boundaries,"No geofence, no location event, no dwell, no alert. Assets carry a last telemetry timestamp and no position history. Blocked platform-wide by: applicable QA checks (not_met), mapped test evidence (not_met)."
P16-REQ-110,Drone Media & Inspection,not_verified,not_built,applicable QA checks; mapped test evidence,controlled spatial data; coordinate/reference metadata; source evidence; authorization boundaries,"No image catalog, no inspection, no annotation, no defect located on an asset. Blocked platform-wide by: applicable QA checks (not_met), mapped test evidence (not_met)."
P16-REQ-111,Regulatory & Flight Compliance,not_verified,not_built,applicable QA checks; mapped test evidence,controlled spatial data; coordinate/reference metadata; source evidence; authorization boundaries,"No airspace, no authorization, no waiver, no currency, no incident report. Blocked platform-wide by: applicable QA checks (not_met), mapped test evidence (not_met)."
P16-REQ-112,Survey Deliverables,not_verified,partial,applicable QA checks; mapped test evidence,controlled spatial data; coordinate/reference metadata; source evidence; authorization boundaries,"A comparison is a deliverable and carries its own provenance, and the PDF engine renders reports deterministically. There is no drawing, no plan set, no stakeout report and no signed and sealed output. Blocked platform-wide by: applicable QA checks (not_met), mapped test evidence (not_met)."
P16-REQ-113,Machine Control Handoff,not_verified,partial,applicable QA checks; mapped test evidence,controlled spatial data; coordinate/reference metadata; source evidence; authorization boundaries,"The strongest of the partial domains: files are versioned, typed by format and vendor, checksummed, published with an actor and a moment, superseded rather than replaced, and tied to the surface they were generated from. What is missing is the generation itself — no file is produced by the platform, only recorded. Blocked platform-wide by: applicable QA checks (not_met), mapped test evidence (not_met)."
P16-REQ-114,Spatial Analytics,not_verified,partial,applicable QA checks; mapped test evidence,controlled spatial data; coordinate/reference metadata; source evidence; authorization boundaries,"Volumes, areas, depths and coverage are computed and reported. There is no spatial query of any kind — no intersection, no buffer, no proximity, and no geometry type in the database at all. Blocked platform-wide by: applicable QA checks (not_met), mapped test evidence (not_met)."
P16-REQ-115,AI Geospatial Intelligence,not_verified,not_built,applicable QA checks; mapped test evidence,controlled spatial data; coordinate/reference metadata; source evidence; authorization boundaries,"No feature extraction, no classification, no automated takeoff from imagery. The one governed agent reads documents. Blocked platform-wide by: applicable QA checks (not_met), mapped test evidence (not_met)."
P16-REQ-116,Geospatial Digital Twin,not_verified,not_built,applicable QA checks; mapped test evidence,controlled spatial data; coordinate/reference metadata; source evidence; authorization boundaries,"Not built and not planned. A digital twin is in the class of capability the traceability rules exclude globally. Blocked platform-wide by: applicable QA checks (not_met), mapped test evidence (not_met)."
P16-REQ-117,GIS Core,not_verified,not_built,applicable QA checks; mapped test evidence,controlled spatial data; coordinate/reference metadata; source evidence; authorization boundaries,"No geometry column, no spatial index, no PostGIS, no layer, no feature. The platform stores coordinates as numerics and grids as JSON. Blocked platform-wide by: applicable QA checks (not_met), mapped test evidence (not_met)."
P16-REQ-118,Coordinate Reference Systems,not_verified,partial,applicable QA checks; mapped test evidence,controlled spatial data; coordinate/reference metadata; source evidence; authorization boundaries,"Every survey records its horizontal datum, vertical datum, coordinate system and units, and since 0047 all four are enforced before a quantity is computed. Nothing transforms between them — recorded as F4. Blocked platform-wide by: applicable QA checks (not_met), mapped test evidence (not_met)."
P16-REQ-119,Survey Control,not_verified,not_built,applicable QA checks; mapped test evidence,controlled spatial data; coordinate/reference metadata; source evidence; authorization boundaries,"No control point, no monument, no network, no adjustment, no residual — the absence that makes the QA condition fail. Blocked platform-wide by: applicable QA checks (not_met), mapped test evidence (not_met)."
P16-REQ-120,GNSS Survey,not_verified,not_built,applicable QA checks; mapped test evidence,controlled spatial data; coordinate/reference metadata; source evidence; authorization boundaries,"No receiver, no correction source, no RTK session, no fix quality, no observation. Blocked platform-wide by: applicable QA checks (not_met), mapped test evidence (not_met)."
P16-REQ-121,Total Station Survey,not_verified,not_built,applicable QA checks; mapped test evidence,controlled spatial data; coordinate/reference metadata; source evidence; authorization boundaries,"No instrument, no setup, no backsight, no traverse, no raw observation. Blocked platform-wide by: applicable QA checks (not_met), mapped test evidence (not_met)."
P16-REQ-122,Digital Levels,not_verified,not_built,applicable QA checks; mapped test evidence,controlled spatial data; coordinate/reference metadata; source evidence; authorization boundaries,"No level run, no benchmark, no closure, no adjustment. Blocked platform-wide by: applicable QA checks (not_met), mapped test evidence (not_met)."
P16-REQ-123,Construction Layout,not_verified,not_built,applicable QA checks; mapped test evidence,controlled spatial data; coordinate/reference metadata; source evidence; authorization boundaries,"No stakeout point, no layout report, no as-staked record, no offset. Blocked platform-wide by: applicable QA checks (not_met), mapped test evidence (not_met)."
P16-REQ-124,Topographic Survey,not_verified,partial,applicable QA checks; mapped test evidence,controlled spatial data; coordinate/reference metadata; source evidence; authorization boundaries,"A topographic capture becomes a gridded surface with a cell size, coverage and elevation range. There are no points, no breaklines, no contours and no triangulated model — the grid is the only representation. Blocked platform-wide by: applicable QA checks (not_met), mapped test evidence (not_met)."
P16-REQ-125,Existing Conditions,not_verified,partial,applicable QA checks; mapped test evidence,controlled spatial data; coordinate/reference metadata; source evidence; authorization boundaries,"An existing-ground surface is a first-class role, captured by any of six methods, differenced against design with full provenance. There is no feature capture: no breaklines, no boundaries, no utilities, no existing structures. Blocked platform-wide by: applicable QA checks (not_met), mapped test evidence (not_met)."
P16-REQ-126,Drone Operations,not_verified,not_built,applicable QA checks; mapped test evidence,controlled spatial data; coordinate/reference metadata; source evidence; authorization boundaries,"No flight, no plan, no mission, no pilot, no log. Blocked platform-wide by: applicable QA checks (not_met), mapped test evidence (not_met)."
P16-REQ-127,Photogrammetry,not_verified,not_built,applicable QA checks; mapped test evidence,controlled spatial data; coordinate/reference metadata; source evidence; authorization boundaries,"No image, no camera model, no tie point, no bundle adjustment, no processing run. Blocked platform-wide by: applicable QA checks (not_met), mapped test evidence (not_met)."
P16-REQ-128,LiDAR Reality Capture,not_verified,not_built,applicable QA checks; mapped test evidence,controlled spatial data; coordinate/reference metadata; source evidence; authorization boundaries,"A capture method can be named 'lidar' and nothing else exists: no point cloud, no classification, no intensity, no return. Blocked platform-wide by: applicable QA checks (not_met), mapped test evidence (not_met)."
P16-REQ-129,Point Cloud Management,not_verified,not_built,applicable QA checks; mapped test evidence,controlled spatial data; coordinate/reference metadata; source evidence; authorization boundaries,"No storage, no tiling, no level of detail, no viewer, no clipping. Blocked platform-wide by: applicable QA checks (not_met), mapped test evidence (not_met)."
P16-REQ-130,Orthomosaic Management,not_verified,not_built,applicable QA checks; mapped test evidence,controlled spatial data; coordinate/reference metadata; source evidence; authorization boundaries,"No orthomosaic, no tile service, no resolution, no vintage. Blocked platform-wide by: applicable QA checks (not_met), mapped test evidence (not_met)."
P16-REQ-131,Surface & Terrain Models,not_verified,built,applicable QA checks; mapped test evidence,controlled spatial data; coordinate/reference metadata; source evidence; authorization boundaries,"Blocked platform-wide by: applicable QA checks (not_met), mapped test evidence (not_met)."
P16-REQ-132,Volumes & Earthwork,not_verified,built,applicable QA checks; mapped test evidence,controlled spatial data; coordinate/reference metadata; source evidence; authorization boundaries,"Blocked platform-wide by: applicable QA checks (not_met), mapped test evidence (not_met)."
P16-REQ-133,Progress & Change Detection,not_verified,partial,applicable QA checks; mapped test evidence,controlled spatial data; coordinate/reference metadata; source evidence; authorization boundaries,"The engine computes progress against design and can difference an as-built surface against either. Nothing schedules it, trends it over time, or detects change without being asked. Blocked platform-wide by: applicable QA checks (not_met), mapped test evidence (not_met)."
P16-REQ-134,Corridor & Linear Infrastructure,not_verified,not_built,applicable QA checks; mapped test evidence,controlled spatial data; coordinate/reference metadata; source evidence; authorization boundaries,"No alignment, no station, no cross section stored, no corridor model. The engine computes average end area volumes from cross sections a caller supplies and the platform stores none. Blocked platform-wide by: applicable QA checks (not_met), mapped test evidence (not_met)."
P16-REQ-135,Utility Mapping,not_verified,not_built,applicable QA checks; mapped test evidence,controlled spatial data; coordinate/reference metadata; source evidence; authorization boundaries,"No utility, no depth of cover, no subsurface utility engineering quality level, no conflict. Blocked platform-wide by: applicable QA checks (not_met), mapped test evidence (not_met)."
P16-REQ-136,GIS Field Collection,not_verified,not_built,applicable QA checks; mapped test evidence,controlled spatial data; coordinate/reference metadata; source evidence; authorization boundaries,"No field collection application, no form, no offline capture, no attribute schema. Blocked platform-wide by: applicable QA checks (not_met), mapped test evidence (not_met)."
P16-REQ-137,Reality Capture QA/QC,not_verified,not_built,applicable QA checks; mapped test evidence,controlled spatial data; coordinate/reference metadata; source evidence; authorization boundaries,"No accuracy assessment, no ground truth comparison, no density check, no acceptance threshold. Blocked platform-wide by: applicable QA checks (not_met), mapped test evidence (not_met)."
P16-REQ-138,Geofencing & Location Intelligence,not_verified,not_built,applicable QA checks; mapped test evidence,controlled spatial data; coordinate/reference metadata; source evidence; authorization boundaries,"No geofence, no location event, no dwell, no alert. Assets carry a last telemetry timestamp and no position history. Blocked platform-wide by: applicable QA checks (not_met), mapped test evidence (not_met)."
P16-REQ-139,Drone Media & Inspection,not_verified,not_built,applicable QA checks; mapped test evidence,controlled spatial data; coordinate/reference metadata; source evidence; authorization boundaries,"No image catalog, no inspection, no annotation, no defect located on an asset. Blocked platform-wide by: applicable QA checks (not_met), mapped test evidence (not_met)."
P16-REQ-140,Regulatory & Flight Compliance,not_verified,not_built,applicable QA checks; mapped test evidence,controlled spatial data; coordinate/reference metadata; source evidence; authorization boundaries,"No airspace, no authorization, no waiver, no currency, no incident report. Blocked platform-wide by: applicable QA checks (not_met), mapped test evidence (not_met)."
P16-REQ-141,Survey Deliverables,not_verified,partial,applicable QA checks; mapped test evidence,controlled spatial data; coordinate/reference metadata; source evidence; authorization boundaries,"A comparison is a deliverable and carries its own provenance, and the PDF engine renders reports deterministically. There is no drawing, no plan set, no stakeout report and no signed and sealed output. Blocked platform-wide by: applicable QA checks (not_met), mapped test evidence (not_met)."
P16-REQ-142,Machine Control Handoff,not_verified,partial,applicable QA checks; mapped test evidence,controlled spatial data; coordinate/reference metadata; source evidence; authorization boundaries,"The strongest of the partial domains: files are versioned, typed by format and vendor, checksummed, published with an actor and a moment, superseded rather than replaced, and tied to the surface they were generated from. What is missing is the generation itself — no file is produced by the platform, only recorded. Blocked platform-wide by: applicable QA checks (not_met), mapped test evidence (not_met)."
P16-REQ-143,Spatial Analytics,not_verified,partial,applicable QA checks; mapped test evidence,controlled spatial data; coordinate/reference metadata; source evidence; authorization boundaries,"Volumes, areas, depths and coverage are computed and reported. There is no spatial query of any kind — no intersection, no buffer, no proximity, and no geometry type in the database at all. Blocked platform-wide by: applicable QA checks (not_met), mapped test evidence (not_met)."
P16-REQ-144,AI Geospatial Intelligence,not_verified,not_built,applicable QA checks; mapped test evidence,controlled spatial data; coordinate/reference metadata; source evidence; authorization boundaries,"No feature extraction, no classification, no automated takeoff from imagery. The one governed agent reads documents. Blocked platform-wide by: applicable QA checks (not_met), mapped test evidence (not_met)."
P16-REQ-145,Geospatial Digital Twin,not_verified,not_built,applicable QA checks; mapped test evidence,controlled spatial data; coordinate/reference metadata; source evidence; authorization boundaries,"Not built and not planned. A digital twin is in the class of capability the traceability rules exclude globally. Blocked platform-wide by: applicable QA checks (not_met), mapped test evidence (not_met)."
P16-REQ-146,GIS Core,not_verified,not_built,applicable QA checks; mapped test evidence,controlled spatial data; coordinate/reference metadata; source evidence; authorization boundaries,"No geometry column, no spatial index, no PostGIS, no layer, no feature. The platform stores coordinates as numerics and grids as JSON. Blocked platform-wide by: applicable QA checks (not_met), mapped test evidence (not_met)."
P16-REQ-147,Coordinate Reference Systems,not_verified,partial,applicable QA checks; mapped test evidence,controlled spatial data; coordinate/reference metadata; source evidence; authorization boundaries,"Every survey records its horizontal datum, vertical datum, coordinate system and units, and since 0047 all four are enforced before a quantity is computed. Nothing transforms between them — recorded as F4. Blocked platform-wide by: applicable QA checks (not_met), mapped test evidence (not_met)."
P16-REQ-148,Survey Control,not_verified,not_built,applicable QA checks; mapped test evidence,controlled spatial data; coordinate/reference metadata; source evidence; authorization boundaries,"No control point, no monument, no network, no adjustment, no residual — the absence that makes the QA condition fail. Blocked platform-wide by: applicable QA checks (not_met), mapped test evidence (not_met)."
P16-REQ-149,GNSS Survey,not_verified,not_built,applicable QA checks; mapped test evidence,controlled spatial data; coordinate/reference metadata; source evidence; authorization boundaries,"No receiver, no correction source, no RTK session, no fix quality, no observation. Blocked platform-wide by: applicable QA checks (not_met), mapped test evidence (not_met)."
P16-REQ-150,Total Station Survey,not_verified,not_built,applicable QA checks; mapped test evidence,controlled spatial data; coordinate/reference metadata; source evidence; authorization boundaries,"No instrument, no setup, no backsight, no traverse, no raw observation. Blocked platform-wide by: applicable QA checks (not_met), mapped test evidence (not_met)."
P16-REQ-151,Digital Levels,not_verified,not_built,applicable QA checks; mapped test evidence,controlled spatial data; coordinate/reference metadata; source evidence; authorization boundaries,"No level run, no benchmark, no closure, no adjustment. Blocked platform-wide by: applicable QA checks (not_met), mapped test evidence (not_met)."
P16-REQ-152,Construction Layout,not_verified,not_built,applicable QA checks; mapped test evidence,controlled spatial data; coordinate/reference metadata; source evidence; authorization boundaries,"No stakeout point, no layout report, no as-staked record, no offset. Blocked platform-wide by: applicable QA checks (not_met), mapped test evidence (not_met)."
P16-REQ-153,Topographic Survey,not_verified,partial,applicable QA checks; mapped test evidence,controlled spatial data; coordinate/reference metadata; source evidence; authorization boundaries,"A topographic capture becomes a gridded surface with a cell size, coverage and elevation range. There are no points, no breaklines, no contours and no triangulated model — the grid is the only representation. Blocked platform-wide by: applicable QA checks (not_met), mapped test evidence (not_met)."
P16-REQ-154,Existing Conditions,not_verified,partial,applicable QA checks; mapped test evidence,controlled spatial data; coordinate/reference metadata; source evidence; authorization boundaries,"An existing-ground surface is a first-class role, captured by any of six methods, differenced against design with full provenance. There is no feature capture: no breaklines, no boundaries, no utilities, no existing structures. Blocked platform-wide by: applicable QA checks (not_met), mapped test evidence (not_met)."
P16-REQ-155,Drone Operations,not_verified,not_built,applicable QA checks; mapped test evidence,controlled spatial data; coordinate/reference metadata; source evidence; authorization boundaries,"No flight, no plan, no mission, no pilot, no log. Blocked platform-wide by: applicable QA checks (not_met), mapped test evidence (not_met)."
P16-REQ-156,Photogrammetry,not_verified,not_built,applicable QA checks; mapped test evidence,controlled spatial data; coordinate/reference metadata; source evidence; authorization boundaries,"No image, no camera model, no tie point, no bundle adjustment, no processing run. Blocked platform-wide by: applicable QA checks (not_met), mapped test evidence (not_met)."
P16-REQ-157,LiDAR Reality Capture,not_verified,not_built,applicable QA checks; mapped test evidence,controlled spatial data; coordinate/reference metadata; source evidence; authorization boundaries,"A capture method can be named 'lidar' and nothing else exists: no point cloud, no classification, no intensity, no return. Blocked platform-wide by: applicable QA checks (not_met), mapped test evidence (not_met)."
P16-REQ-158,Point Cloud Management,not_verified,not_built,applicable QA checks; mapped test evidence,controlled spatial data; coordinate/reference metadata; source evidence; authorization boundaries,"No storage, no tiling, no level of detail, no viewer, no clipping. Blocked platform-wide by: applicable QA checks (not_met), mapped test evidence (not_met)."
P16-REQ-159,Orthomosaic Management,not_verified,not_built,applicable QA checks; mapped test evidence,controlled spatial data; coordinate/reference metadata; source evidence; authorization boundaries,"No orthomosaic, no tile service, no resolution, no vintage. Blocked platform-wide by: applicable QA checks (not_met), mapped test evidence (not_met)."
P16-REQ-160,Surface & Terrain Models,not_verified,built,applicable QA checks; mapped test evidence,controlled spatial data; coordinate/reference metadata; source evidence; authorization boundaries,"Blocked platform-wide by: applicable QA checks (not_met), mapped test evidence (not_met)."
P16-REQ-161,Volumes & Earthwork,not_verified,built,applicable QA checks; mapped test evidence,controlled spatial data; coordinate/reference metadata; source evidence; authorization boundaries,"Blocked platform-wide by: applicable QA checks (not_met), mapped test evidence (not_met)."
P16-REQ-162,Progress & Change Detection,not_verified,partial,applicable QA checks; mapped test evidence,controlled spatial data; coordinate/reference metadata; source evidence; authorization boundaries,"The engine computes progress against design and can difference an as-built surface against either. Nothing schedules it, trends it over time, or detects change without being asked. Blocked platform-wide by: applicable QA checks (not_met), mapped test evidence (not_met)."
P16-REQ-163,Corridor & Linear Infrastructure,not_verified,not_built,applicable QA checks; mapped test evidence,controlled spatial data; coordinate/reference metadata; source evidence; authorization boundaries,"No alignment, no station, no cross section stored, no corridor model. The engine computes average end area volumes from cross sections a caller supplies and the platform stores none. Blocked platform-wide by: applicable QA checks (not_met), mapped test evidence (not_met)."
P16-REQ-164,Utility Mapping,not_verified,not_built,applicable QA checks; mapped test evidence,controlled spatial data; coordinate/reference metadata; source evidence; authorization boundaries,"No utility, no depth of cover, no subsurface utility engineering quality level, no conflict. Blocked platform-wide by: applicable QA checks (not_met), mapped test evidence (not_met)."
P16-REQ-165,GIS Field Collection,not_verified,not_built,applicable QA checks; mapped test evidence,controlled spatial data; coordinate/reference metadata; source evidence; authorization boundaries,"No field collection application, no form, no offline capture, no attribute schema. Blocked platform-wide by: applicable QA checks (not_met), mapped test evidence (not_met)."
P16-REQ-166,Reality Capture QA/QC,not_verified,not_built,applicable QA checks; mapped test evidence,controlled spatial data; coordinate/reference metadata; source evidence; authorization boundaries,"No accuracy assessment, no ground truth comparison, no density check, no acceptance threshold. Blocked platform-wide by: applicable QA checks (not_met), mapped test evidence (not_met)."
P16-REQ-167,Geofencing & Location Intelligence,not_verified,not_built,applicable QA checks; mapped test evidence,controlled spatial data; coordinate/reference metadata; source evidence; authorization boundaries,"No geofence, no location event, no dwell, no alert. Assets carry a last telemetry timestamp and no position history. Blocked platform-wide by: applicable QA checks (not_met), mapped test evidence (not_met)."
P16-REQ-168,Drone Media & Inspection,not_verified,not_built,applicable QA checks; mapped test evidence,controlled spatial data; coordinate/reference metadata; source evidence; authorization boundaries,"No image catalog, no inspection, no annotation, no defect located on an asset. Blocked platform-wide by: applicable QA checks (not_met), mapped test evidence (not_met)."
P16-REQ-169,Regulatory & Flight Compliance,not_verified,not_built,applicable QA checks; mapped test evidence,controlled spatial data; coordinate/reference metadata; source evidence; authorization boundaries,"No airspace, no authorization, no waiver, no currency, no incident report. Blocked platform-wide by: applicable QA checks (not_met), mapped test evidence (not_met)."
P16-REQ-170,Survey Deliverables,not_verified,partial,applicable QA checks; mapped test evidence,controlled spatial data; coordinate/reference metadata; source evidence; authorization boundaries,"A comparison is a deliverable and carries its own provenance, and the PDF engine renders reports deterministically. There is no drawing, no plan set, no stakeout report and no signed and sealed output. Blocked platform-wide by: applicable QA checks (not_met), mapped test evidence (not_met)."
P16-REQ-171,Machine Control Handoff,not_verified,partial,applicable QA checks; mapped test evidence,controlled spatial data; coordinate/reference metadata; source evidence; authorization boundaries,"The strongest of the partial domains: files are versioned, typed by format and vendor, checksummed, published with an actor and a moment, superseded rather than replaced, and tied to the surface they were generated from. What is missing is the generation itself — no file is produced by the platform, only recorded. Blocked platform-wide by: applicable QA checks (not_met), mapped test evidence (not_met)."
P16-REQ-172,Spatial Analytics,not_verified,partial,applicable QA checks; mapped test evidence,controlled spatial data; coordinate/reference metadata; source evidence; authorization boundaries,"Volumes, areas, depths and coverage are computed and reported. There is no spatial query of any kind — no intersection, no buffer, no proximity, and no geometry type in the database at all. Blocked platform-wide by: applicable QA checks (not_met), mapped test evidence (not_met)."
P16-REQ-173,AI Geospatial Intelligence,not_verified,not_built,applicable QA checks; mapped test evidence,controlled spatial data; coordinate/reference metadata; source evidence; authorization boundaries,"No feature extraction, no classification, no automated takeoff from imagery. The one governed agent reads documents. Blocked platform-wide by: applicable QA checks (not_met), mapped test evidence (not_met)."
P16-REQ-174,Geospatial Digital Twin,not_verified,not_built,applicable QA checks; mapped test evidence,controlled spatial data; coordinate/reference metadata; source evidence; authorization boundaries,"Not built and not planned. A digital twin is in the class of capability the traceability rules exclude globally. Blocked platform-wide by: applicable QA checks (not_met), mapped test evidence (not_met)."
P16-REQ-175,GIS Core,not_verified,not_built,applicable QA checks; mapped test evidence,controlled spatial data; coordinate/reference metadata; source evidence; authorization boundaries,"No geometry column, no spatial index, no PostGIS, no layer, no feature. The platform stores coordinates as numerics and grids as JSON. Blocked platform-wide by: applicable QA checks (not_met), mapped test evidence (not_met)."
P16-REQ-176,Coordinate Reference Systems,not_verified,partial,applicable QA checks; mapped test evidence,controlled spatial data; coordinate/reference metadata; source evidence; authorization boundaries,"Every survey records its horizontal datum, vertical datum, coordinate system and units, and since 0047 all four are enforced before a quantity is computed. Nothing transforms between them — recorded as F4. Blocked platform-wide by: applicable QA checks (not_met), mapped test evidence (not_met)."
P16-REQ-177,Survey Control,not_verified,not_built,applicable QA checks; mapped test evidence,controlled spatial data; coordinate/reference metadata; source evidence; authorization boundaries,"No control point, no monument, no network, no adjustment, no residual — the absence that makes the QA condition fail. Blocked platform-wide by: applicable QA checks (not_met), mapped test evidence (not_met)."
P16-REQ-178,GNSS Survey,not_verified,not_built,applicable QA checks; mapped test evidence,controlled spatial data; coordinate/reference metadata; source evidence; authorization boundaries,"No receiver, no correction source, no RTK session, no fix quality, no observation. Blocked platform-wide by: applicable QA checks (not_met), mapped test evidence (not_met)."
P16-REQ-179,Total Station Survey,not_verified,not_built,applicable QA checks; mapped test evidence,controlled spatial data; coordinate/reference metadata; source evidence; authorization boundaries,"No instrument, no setup, no backsight, no traverse, no raw observation. Blocked platform-wide by: applicable QA checks (not_met), mapped test evidence (not_met)."
P16-REQ-180,Digital Levels,not_verified,not_built,applicable QA checks; mapped test evidence,controlled spatial data; coordinate/reference metadata; source evidence; authorization boundaries,"No level run, no benchmark, no closure, no adjustment. Blocked platform-wide by: applicable QA checks (not_met), mapped test evidence (not_met)."
P16-REQ-181,Construction Layout,not_verified,not_built,applicable QA checks; mapped test evidence,controlled spatial data; coordinate/reference metadata; source evidence; authorization boundaries,"No stakeout point, no layout report, no as-staked record, no offset. Blocked platform-wide by: applicable QA checks (not_met), mapped test evidence (not_met)."
P16-REQ-182,Topographic Survey,not_verified,partial,applicable QA checks; mapped test evidence,controlled spatial data; coordinate/reference metadata; source evidence; authorization boundaries,"A topographic capture becomes a gridded surface with a cell size, coverage and elevation range. There are no points, no breaklines, no contours and no triangulated model — the grid is the only representation. Blocked platform-wide by: applicable QA checks (not_met), mapped test evidence (not_met)."
P16-REQ-183,Existing Conditions,not_verified,partial,applicable QA checks; mapped test evidence,controlled spatial data; coordinate/reference metadata; source evidence; authorization boundaries,"An existing-ground surface is a first-class role, captured by any of six methods, differenced against design with full provenance. There is no feature capture: no breaklines, no boundaries, no utilities, no existing structures. Blocked platform-wide by: applicable QA checks (not_met), mapped test evidence (not_met)."
P16-REQ-184,Drone Operations,not_verified,not_built,applicable QA checks; mapped test evidence,controlled spatial data; coordinate/reference metadata; source evidence; authorization boundaries,"No flight, no plan, no mission, no pilot, no log. Blocked platform-wide by: applicable QA checks (not_met), mapped test evidence (not_met)."
P16-REQ-185,Photogrammetry,not_verified,not_built,applicable QA checks; mapped test evidence,controlled spatial data; coordinate/reference metadata; source evidence; authorization boundaries,"No image, no camera model, no tie point, no bundle adjustment, no processing run. Blocked platform-wide by: applicable QA checks (not_met), mapped test evidence (not_met)."
P16-REQ-186,LiDAR Reality Capture,not_verified,not_built,applicable QA checks; mapped test evidence,controlled spatial data; coordinate/reference metadata; source evidence; authorization boundaries,"A capture method can be named 'lidar' and nothing else exists: no point cloud, no classification, no intensity, no return. Blocked platform-wide by: applicable QA checks (not_met), mapped test evidence (not_met)."
P16-REQ-187,Point Cloud Management,not_verified,not_built,applicable QA checks; mapped test evidence,controlled spatial data; coordinate/reference metadata; source evidence; authorization boundaries,"No storage, no tiling, no level of detail, no viewer, no clipping. Blocked platform-wide by: applicable QA checks (not_met), mapped test evidence (not_met)."
P16-REQ-188,Orthomosaic Management,not_verified,not_built,applicable QA checks; mapped test evidence,controlled spatial data; coordinate/reference metadata; source evidence; authorization boundaries,"No orthomosaic, no tile service, no resolution, no vintage. Blocked platform-wide by: applicable QA checks (not_met), mapped test evidence (not_met)."
P16-REQ-189,Surface & Terrain Models,not_verified,built,applicable QA checks; mapped test evidence,controlled spatial data; coordinate/reference metadata; source evidence; authorization boundaries,"Blocked platform-wide by: applicable QA checks (not_met), mapped test evidence (not_met)."
P16-REQ-190,Volumes & Earthwork,not_verified,built,applicable QA checks; mapped test evidence,controlled spatial data; coordinate/reference metadata; source evidence; authorization boundaries,"Blocked platform-wide by: applicable QA checks (not_met), mapped test evidence (not_met)."
P16-REQ-191,Progress & Change Detection,not_verified,partial,applicable QA checks; mapped test evidence,controlled spatial data; coordinate/reference metadata; source evidence; authorization boundaries,"The engine computes progress against design and can difference an as-built surface against either. Nothing schedules it, trends it over time, or detects change without being asked. Blocked platform-wide by: applicable QA checks (not_met), mapped test evidence (not_met)."
P16-REQ-192,Corridor & Linear Infrastructure,not_verified,not_built,applicable QA checks; mapped test evidence,controlled spatial data; coordinate/reference metadata; source evidence; authorization boundaries,"No alignment, no station, no cross section stored, no corridor model. The engine computes average end area volumes from cross sections a caller supplies and the platform stores none. Blocked platform-wide by: applicable QA checks (not_met), mapped test evidence (not_met)."
P16-REQ-193,Utility Mapping,not_verified,not_built,applicable QA checks; mapped test evidence,controlled spatial data; coordinate/reference metadata; source evidence; authorization boundaries,"No utility, no depth of cover, no subsurface utility engineering quality level, no conflict. Blocked platform-wide by: applicable QA checks (not_met), mapped test evidence (not_met)."
P16-REQ-194,GIS Field Collection,not_verified,not_built,applicable QA checks; mapped test evidence,controlled spatial data; coordinate/reference metadata; source evidence; authorization boundaries,"No field collection application, no form, no offline capture, no attribute schema. Blocked platform-wide by: applicable QA checks (not_met), mapped test evidence (not_met)."
P16-REQ-195,Reality Capture QA/QC,not_verified,not_built,applicable QA checks; mapped test evidence,controlled spatial data; coordinate/reference metadata; source evidence; authorization boundaries,"No accuracy assessment, no ground truth comparison, no density check, no acceptance threshold. Blocked platform-wide by: applicable QA checks (not_met), mapped test evidence (not_met)."
P16-REQ-196,Geofencing & Location Intelligence,not_verified,not_built,applicable QA checks; mapped test evidence,controlled spatial data; coordinate/reference metadata; source evidence; authorization boundaries,"No geofence, no location event, no dwell, no alert. Assets carry a last telemetry timestamp and no position history. Blocked platform-wide by: applicable QA checks (not_met), mapped test evidence (not_met)."
P16-REQ-197,Drone Media & Inspection,not_verified,not_built,applicable QA checks; mapped test evidence,controlled spatial data; coordinate/reference metadata; source evidence; authorization boundaries,"No image catalog, no inspection, no annotation, no defect located on an asset. Blocked platform-wide by: applicable QA checks (not_met), mapped test evidence (not_met)."
P16-REQ-198,Regulatory & Flight Compliance,not_verified,not_built,applicable QA checks; mapped test evidence,controlled spatial data; coordinate/reference metadata; source evidence; authorization boundaries,"No airspace, no authorization, no waiver, no currency, no incident report. Blocked platform-wide by: applicable QA checks (not_met), mapped test evidence (not_met)."
P16-REQ-199,Survey Deliverables,not_verified,partial,applicable QA checks; mapped test evidence,controlled spatial data; coordinate/reference metadata; source evidence; authorization boundaries,"A comparison is a deliverable and carries its own provenance, and the PDF engine renders reports deterministically. There is no drawing, no plan set, no stakeout report and no signed and sealed output. Blocked platform-wide by: applicable QA checks (not_met), mapped test evidence (not_met)."
P16-REQ-200,Machine Control Handoff,not_verified,partial,applicable QA checks; mapped test evidence,controlled spatial data; coordinate/reference metadata; source evidence; authorization boundaries,"The strongest of the partial domains: files are versioned, typed by format and vendor, checksummed, published with an actor and a moment, superseded rather than replaced, and tied to the surface they were generated from. What is missing is the generation itself — no file is produced by the platform, only recorded. Blocked platform-wide by: applicable QA checks (not_met), mapped test evidence (not_met)."
P16-REQ-201,Spatial Analytics,not_verified,partial,applicable QA checks; mapped test evidence,controlled spatial data; coordinate/reference metadata; source evidence; authorization boundaries,"Volumes, areas, depths and coverage are computed and reported. There is no spatial query of any kind — no intersection, no buffer, no proximity, and no geometry type in the database at all. Blocked platform-wide by: applicable QA checks (not_met), mapped test evidence (not_met)."
P16-REQ-202,AI Geospatial Intelligence,not_verified,not_built,applicable QA checks; mapped test evidence,controlled spatial data; coordinate/reference metadata; source evidence; authorization boundaries,"No feature extraction, no classification, no automated takeoff from imagery. The one governed agent reads documents. Blocked platform-wide by: applicable QA checks (not_met), mapped test evidence (not_met)."
P16-REQ-203,Geospatial Digital Twin,not_verified,not_built,applicable QA checks; mapped test evidence,controlled spatial data; coordinate/reference metadata; source evidence; authorization boundaries,"Not built and not planned. A digital twin is in the class of capability the traceability rules exclude globally. Blocked platform-wide by: applicable QA checks (not_met), mapped test evidence (not_met)."
P16-REQ-204,GIS Core,not_verified,not_built,applicable QA checks; mapped test evidence,controlled spatial data; coordinate/reference metadata; source evidence; authorization boundaries,"No geometry column, no spatial index, no PostGIS, no layer, no feature. The platform stores coordinates as numerics and grids as JSON. Blocked platform-wide by: applicable QA checks (not_met), mapped test evidence (not_met)."
P16-REQ-205,Coordinate Reference Systems,not_verified,partial,applicable QA checks; mapped test evidence,controlled spatial data; coordinate/reference metadata; source evidence; authorization boundaries,"Every survey records its horizontal datum, vertical datum, coordinate system and units, and since 0047 all four are enforced before a quantity is computed. Nothing transforms between them — recorded as F4. Blocked platform-wide by: applicable QA checks (not_met), mapped test evidence (not_met)."
P16-REQ-206,Survey Control,not_verified,not_built,applicable QA checks; mapped test evidence,controlled spatial data; coordinate/reference metadata; source evidence; authorization boundaries,"No control point, no monument, no network, no adjustment, no residual — the absence that makes the QA condition fail. Blocked platform-wide by: applicable QA checks (not_met), mapped test evidence (not_met)."
P16-REQ-207,GNSS Survey,not_verified,not_built,applicable QA checks; mapped test evidence,controlled spatial data; coordinate/reference metadata; source evidence; authorization boundaries,"No receiver, no correction source, no RTK session, no fix quality, no observation. Blocked platform-wide by: applicable QA checks (not_met), mapped test evidence (not_met)."
P16-REQ-208,Total Station Survey,not_verified,not_built,applicable QA checks; mapped test evidence,controlled spatial data; coordinate/reference metadata; source evidence; authorization boundaries,"No instrument, no setup, no backsight, no traverse, no raw observation. Blocked platform-wide by: applicable QA checks (not_met), mapped test evidence (not_met)."
P16-REQ-209,Digital Levels,not_verified,not_built,applicable QA checks; mapped test evidence,controlled spatial data; coordinate/reference metadata; source evidence; authorization boundaries,"No level run, no benchmark, no closure, no adjustment. Blocked platform-wide by: applicable QA checks (not_met), mapped test evidence (not_met)."
P16-REQ-210,Construction Layout,not_verified,not_built,applicable QA checks; mapped test evidence,controlled spatial data; coordinate/reference metadata; source evidence; authorization boundaries,"No stakeout point, no layout report, no as-staked record, no offset. Blocked platform-wide by: applicable QA checks (not_met), mapped test evidence (not_met)."
P16-REQ-211,Topographic Survey,not_verified,partial,applicable QA checks; mapped test evidence,controlled spatial data; coordinate/reference metadata; source evidence; authorization boundaries,"A topographic capture becomes a gridded surface with a cell size, coverage and elevation range. There are no points, no breaklines, no contours and no triangulated model — the grid is the only representation. Blocked platform-wide by: applicable QA checks (not_met), mapped test evidence (not_met)."
P16-REQ-212,Existing Conditions,not_verified,partial,applicable QA checks; mapped test evidence,controlled spatial data; coordinate/reference metadata; source evidence; authorization boundaries,"An existing-ground surface is a first-class role, captured by any of six methods, differenced against design with full provenance. There is no feature capture: no breaklines, no boundaries, no utilities, no existing structures. Blocked platform-wide by: applicable QA checks (not_met), mapped test evidence (not_met)."
P16-REQ-213,Drone Operations,not_verified,not_built,applicable QA checks; mapped test evidence,controlled spatial data; coordinate/reference metadata; source evidence; authorization boundaries,"No flight, no plan, no mission, no pilot, no log. Blocked platform-wide by: applicable QA checks (not_met), mapped test evidence (not_met)."
P16-REQ-214,Photogrammetry,not_verified,not_built,applicable QA checks; mapped test evidence,controlled spatial data; coordinate/reference metadata; source evidence; authorization boundaries,"No image, no camera model, no tie point, no bundle adjustment, no processing run. Blocked platform-wide by: applicable QA checks (not_met), mapped test evidence (not_met)."
P16-REQ-215,LiDAR Reality Capture,not_verified,not_built,applicable QA checks; mapped test evidence,controlled spatial data; coordinate/reference metadata; source evidence; authorization boundaries,"A capture method can be named 'lidar' and nothing else exists: no point cloud, no classification, no intensity, no return. Blocked platform-wide by: applicable QA checks (not_met), mapped test evidence (not_met)."
P16-REQ-216,Point Cloud Management,not_verified,not_built,applicable QA checks; mapped test evidence,controlled spatial data; coordinate/reference metadata; source evidence; authorization boundaries,"No storage, no tiling, no level of detail, no viewer, no clipping. Blocked platform-wide by: applicable QA checks (not_met), mapped test evidence (not_met)."
P16-REQ-217,Orthomosaic Management,not_verified,not_built,applicable QA checks; mapped test evidence,controlled spatial data; coordinate/reference metadata; source evidence; authorization boundaries,"No orthomosaic, no tile service, no resolution, no vintage. Blocked platform-wide by: applicable QA checks (not_met), mapped test evidence (not_met)."
P16-REQ-218,Surface & Terrain Models,not_verified,built,applicable QA checks; mapped test evidence,controlled spatial data; coordinate/reference metadata; source evidence; authorization boundaries,"Blocked platform-wide by: applicable QA checks (not_met), mapped test evidence (not_met)."
P16-REQ-219,Volumes & Earthwork,not_verified,built,applicable QA checks; mapped test evidence,controlled spatial data; coordinate/reference metadata; source evidence; authorization boundaries,"Blocked platform-wide by: applicable QA checks (not_met), mapped test evidence (not_met)."
P16-REQ-220,Progress & Change Detection,not_verified,partial,applicable QA checks; mapped test evidence,controlled spatial data; coordinate/reference metadata; source evidence; authorization boundaries,"The engine computes progress against design and can difference an as-built surface against either. Nothing schedules it, trends it over time, or detects change without being asked. Blocked platform-wide by: applicable QA checks (not_met), mapped test evidence (not_met)."
P16-REQ-221,Corridor & Linear Infrastructure,not_verified,not_built,applicable QA checks; mapped test evidence,controlled spatial data; coordinate/reference metadata; source evidence; authorization boundaries,"No alignment, no station, no cross section stored, no corridor model. The engine computes average end area volumes from cross sections a caller supplies and the platform stores none. Blocked platform-wide by: applicable QA checks (not_met), mapped test evidence (not_met)."
P16-REQ-222,Utility Mapping,not_verified,not_built,applicable QA checks; mapped test evidence,controlled spatial data; coordinate/reference metadata; source evidence; authorization boundaries,"No utility, no depth of cover, no subsurface utility engineering quality level, no conflict. Blocked platform-wide by: applicable QA checks (not_met), mapped test evidence (not_met)."
P16-REQ-223,GIS Field Collection,not_verified,not_built,applicable QA checks; mapped test evidence,controlled spatial data; coordinate/reference metadata; source evidence; authorization boundaries,"No field collection application, no form, no offline capture, no attribute schema. Blocked platform-wide by: applicable QA checks (not_met), mapped test evidence (not_met)."
P16-REQ-224,Reality Capture QA/QC,not_verified,not_built,applicable QA checks; mapped test evidence,controlled spatial data; coordinate/reference metadata; source evidence; authorization boundaries,"No accuracy assessment, no ground truth comparison, no density check, no acceptance threshold. Blocked platform-wide by: applicable QA checks (not_met), mapped test evidence (not_met)."
P16-REQ-225,Geofencing & Location Intelligence,not_verified,not_built,applicable QA checks; mapped test evidence,controlled spatial data; coordinate/reference metadata; source evidence; authorization boundaries,"No geofence, no location event, no dwell, no alert. Assets carry a last telemetry timestamp and no position history. Blocked platform-wide by: applicable QA checks (not_met), mapped test evidence (not_met)."
P16-REQ-226,Drone Media & Inspection,not_verified,not_built,applicable QA checks; mapped test evidence,controlled spatial data; coordinate/reference metadata; source evidence; authorization boundaries,"No image catalog, no inspection, no annotation, no defect located on an asset. Blocked platform-wide by: applicable QA checks (not_met), mapped test evidence (not_met)."
P16-REQ-227,Regulatory & Flight Compliance,not_verified,not_built,applicable QA checks; mapped test evidence,controlled spatial data; coordinate/reference metadata; source evidence; authorization boundaries,"No airspace, no authorization, no waiver, no currency, no incident report. Blocked platform-wide by: applicable QA checks (not_met), mapped test evidence (not_met)."
P16-REQ-228,Survey Deliverables,not_verified,partial,applicable QA checks; mapped test evidence,controlled spatial data; coordinate/reference metadata; source evidence; authorization boundaries,"A comparison is a deliverable and carries its own provenance, and the PDF engine renders reports deterministically. There is no drawing, no plan set, no stakeout report and no signed and sealed output. Blocked platform-wide by: applicable QA checks (not_met), mapped test evidence (not_met)."
P16-REQ-229,Machine Control Handoff,not_verified,partial,applicable QA checks; mapped test evidence,controlled spatial data; coordinate/reference metadata; source evidence; authorization boundaries,"The strongest of the partial domains: files are versioned, typed by format and vendor, checksummed, published with an actor and a moment, superseded rather than replaced, and tied to the surface they were generated from. What is missing is the generation itself — no file is produced by the platform, only recorded. Blocked platform-wide by: applicable QA checks (not_met), mapped test evidence (not_met)."
P16-REQ-230,Spatial Analytics,not_verified,partial,applicable QA checks; mapped test evidence,controlled spatial data; coordinate/reference metadata; source evidence; authorization boundaries,"Volumes, areas, depths and coverage are computed and reported. There is no spatial query of any kind — no intersection, no buffer, no proximity, and no geometry type in the database at all. Blocked platform-wide by: applicable QA checks (not_met), mapped test evidence (not_met)."
P16-REQ-231,AI Geospatial Intelligence,not_verified,not_built,applicable QA checks; mapped test evidence,controlled spatial data; coordinate/reference metadata; source evidence; authorization boundaries,"No feature extraction, no classification, no automated takeoff from imagery. The one governed agent reads documents. Blocked platform-wide by: applicable QA checks (not_met), mapped test evidence (not_met)."
P16-REQ-232,Geospatial Digital Twin,not_verified,not_built,applicable QA checks; mapped test evidence,controlled spatial data; coordinate/reference metadata; source evidence; authorization boundaries,"Not built and not planned. A digital twin is in the class of capability the traceability rules exclude globally. Blocked platform-wide by: applicable QA checks (not_met), mapped test evidence (not_met)."
P16-REQ-233,GIS Core,not_verified,not_built,applicable QA checks; mapped test evidence,controlled spatial data; coordinate/reference metadata; source evidence; authorization boundaries,"No geometry column, no spatial index, no PostGIS, no layer, no feature. The platform stores coordinates as numerics and grids as JSON. Blocked platform-wide by: applicable QA checks (not_met), mapped test evidence (not_met)."
P16-REQ-234,Coordinate Reference Systems,not_verified,partial,applicable QA checks; mapped test evidence,controlled spatial data; coordinate/reference metadata; source evidence; authorization boundaries,"Every survey records its horizontal datum, vertical datum, coordinate system and units, and since 0047 all four are enforced before a quantity is computed. Nothing transforms between them — recorded as F4. Blocked platform-wide by: applicable QA checks (not_met), mapped test evidence (not_met)."
P16-REQ-235,Survey Control,not_verified,not_built,applicable QA checks; mapped test evidence,controlled spatial data; coordinate/reference metadata; source evidence; authorization boundaries,"No control point, no monument, no network, no adjustment, no residual — the absence that makes the QA condition fail. Blocked platform-wide by: applicable QA checks (not_met), mapped test evidence (not_met)."
P16-REQ-236,GNSS Survey,not_verified,not_built,applicable QA checks; mapped test evidence,controlled spatial data; coordinate/reference metadata; source evidence; authorization boundaries,"No receiver, no correction source, no RTK session, no fix quality, no observation. Blocked platform-wide by: applicable QA checks (not_met), mapped test evidence (not_met)."
P16-REQ-237,Total Station Survey,not_verified,not_built,applicable QA checks; mapped test evidence,controlled spatial data; coordinate/reference metadata; source evidence; authorization boundaries,"No instrument, no setup, no backsight, no traverse, no raw observation. Blocked platform-wide by: applicable QA checks (not_met), mapped test evidence (not_met)."
P16-REQ-238,Digital Levels,not_verified,not_built,applicable QA checks; mapped test evidence,controlled spatial data; coordinate/reference metadata; source evidence; authorization boundaries,"No level run, no benchmark, no closure, no adjustment. Blocked platform-wide by: applicable QA checks (not_met), mapped test evidence (not_met)."
P16-REQ-239,Construction Layout,not_verified,not_built,applicable QA checks; mapped test evidence,controlled spatial data; coordinate/reference metadata; source evidence; authorization boundaries,"No stakeout point, no layout report, no as-staked record, no offset. Blocked platform-wide by: applicable QA checks (not_met), mapped test evidence (not_met)."
P16-REQ-240,Topographic Survey,not_verified,partial,applicable QA checks; mapped test evidence,controlled spatial data; coordinate/reference metadata; source evidence; authorization boundaries,"A topographic capture becomes a gridded surface with a cell size, coverage and elevation range. There are no points, no breaklines, no contours and no triangulated model — the grid is the only representation. Blocked platform-wide by: applicable QA checks (not_met), mapped test evidence (not_met)."
P16-REQ-241,Existing Conditions,not_verified,partial,applicable QA checks; mapped test evidence,controlled spatial data; coordinate/reference metadata; source evidence; authorization boundaries,"An existing-ground surface is a first-class role, captured by any of six methods, differenced against design with full provenance. There is no feature capture: no breaklines, no boundaries, no utilities, no existing structures. Blocked platform-wide by: applicable QA checks (not_met), mapped test evidence (not_met)."
P16-REQ-242,Drone Operations,not_verified,not_built,applicable QA checks; mapped test evidence,controlled spatial data; coordinate/reference metadata; source evidence; authorization boundaries,"No flight, no plan, no mission, no pilot, no log. Blocked platform-wide by: applicable QA checks (not_met), mapped test evidence (not_met)."
P16-REQ-243,Photogrammetry,not_verified,not_built,applicable QA checks; mapped test evidence,controlled spatial data; coordinate/reference metadata; source evidence; authorization boundaries,"No image, no camera model, no tie point, no bundle adjustment, no processing run. Blocked platform-wide by: applicable QA checks (not_met), mapped test evidence (not_met)."
P16-REQ-244,LiDAR Reality Capture,not_verified,not_built,applicable QA checks; mapped test evidence,controlled spatial data; coordinate/reference metadata; source evidence; authorization boundaries,"A capture method can be named 'lidar' and nothing else exists: no point cloud, no classification, no intensity, no return. Blocked platform-wide by: applicable QA checks (not_met), mapped test evidence (not_met)."
P16-REQ-245,Point Cloud Management,not_verified,not_built,applicable QA checks; mapped test evidence,controlled spatial data; coordinate/reference metadata; source evidence; authorization boundaries,"No storage, no tiling, no level of detail, no viewer, no clipping. Blocked platform-wide by: applicable QA checks (not_met), mapped test evidence (not_met)."
P16-REQ-246,Orthomosaic Management,not_verified,not_built,applicable QA checks; mapped test evidence,controlled spatial data; coordinate/reference metadata; source evidence; authorization boundaries,"No orthomosaic, no tile service, no resolution, no vintage. Blocked platform-wide by: applicable QA checks (not_met), mapped test evidence (not_met)."
P16-REQ-247,Surface & Terrain Models,not_verified,built,applicable QA checks; mapped test evidence,controlled spatial data; coordinate/reference metadata; source evidence; authorization boundaries,"Blocked platform-wide by: applicable QA checks (not_met), mapped test evidence (not_met)."
P16-REQ-248,Volumes & Earthwork,not_verified,built,applicable QA checks; mapped test evidence,controlled spatial data; coordinate/reference metadata; source evidence; authorization boundaries,"Blocked platform-wide by: applicable QA checks (not_met), mapped test evidence (not_met)."
P16-REQ-249,Progress & Change Detection,not_verified,partial,applicable QA checks; mapped test evidence,controlled spatial data; coordinate/reference metadata; source evidence; authorization boundaries,"The engine computes progress against design and can difference an as-built surface against either. Nothing schedules it, trends it over time, or detects change without being asked. Blocked platform-wide by: applicable QA checks (not_met), mapped test evidence (not_met)."
P16-REQ-250,Corridor & Linear Infrastructure,not_verified,not_built,applicable QA checks; mapped test evidence,controlled spatial data; coordinate/reference metadata; source evidence; authorization boundaries,"No alignment, no station, no cross section stored, no corridor model. The engine computes average end area volumes from cross sections a caller supplies and the platform stores none. Blocked platform-wide by: applicable QA checks (not_met), mapped test evidence (not_met)."
P16-REQ-251,Utility Mapping,not_verified,not_built,applicable QA checks; mapped test evidence,controlled spatial data; coordinate/reference metadata; source evidence; authorization boundaries,"No utility, no depth of cover, no subsurface utility engineering quality level, no conflict. Blocked platform-wide by: applicable QA checks (not_met), mapped test evidence (not_met)."
P16-REQ-252,GIS Field Collection,not_verified,not_built,applicable QA checks; mapped test evidence,controlled spatial data; coordinate/reference metadata; source evidence; authorization boundaries,"No field collection application, no form, no offline capture, no attribute schema. Blocked platform-wide by: applicable QA checks (not_met), mapped test evidence (not_met)."
P16-REQ-253,Reality Capture QA/QC,not_verified,not_built,applicable QA checks; mapped test evidence,controlled spatial data; coordinate/reference metadata; source evidence; authorization boundaries,"No accuracy assessment, no ground truth comparison, no density check, no acceptance threshold. Blocked platform-wide by: applicable QA checks (not_met), mapped test evidence (not_met)."
P16-REQ-254,Geofencing & Location Intelligence,not_verified,not_built,applicable QA checks; mapped test evidence,controlled spatial data; coordinate/reference metadata; source evidence; authorization boundaries,"No geofence, no location event, no dwell, no alert. Assets carry a last telemetry timestamp and no position history. Blocked platform-wide by: applicable QA checks (not_met), mapped test evidence (not_met)."
P16-REQ-255,Drone Media & Inspection,not_verified,not_built,applicable QA checks; mapped test evidence,controlled spatial data; coordinate/reference metadata; source evidence; authorization boundaries,"No image catalog, no inspection, no annotation, no defect located on an asset. Blocked platform-wide by: applicable QA checks (not_met), mapped test evidence (not_met)."
P16-REQ-256,Regulatory & Flight Compliance,not_verified,not_built,applicable QA checks; mapped test evidence,controlled spatial data; coordinate/reference metadata; source evidence; authorization boundaries,"No airspace, no authorization, no waiver, no currency, no incident report. Blocked platform-wide by: applicable QA checks (not_met), mapped test evidence (not_met)."
P16-REQ-257,Survey Deliverables,not_verified,partial,applicable QA checks; mapped test evidence,controlled spatial data; coordinate/reference metadata; source evidence; authorization boundaries,"A comparison is a deliverable and carries its own provenance, and the PDF engine renders reports deterministically. There is no drawing, no plan set, no stakeout report and no signed and sealed output. Blocked platform-wide by: applicable QA checks (not_met), mapped test evidence (not_met)."
P16-REQ-258,Machine Control Handoff,not_verified,partial,applicable QA checks; mapped test evidence,controlled spatial data; coordinate/reference metadata; source evidence; authorization boundaries,"The strongest of the partial domains: files are versioned, typed by format and vendor, checksummed, published with an actor and a moment, superseded rather than replaced, and tied to the surface they were generated from. What is missing is the generation itself — no file is produced by the platform, only recorded. Blocked platform-wide by: applicable QA checks (not_met), mapped test evidence (not_met)."
P16-REQ-259,Spatial Analytics,not_verified,partial,applicable QA checks; mapped test evidence,controlled spatial data; coordinate/reference metadata; source evidence; authorization boundaries,"Volumes, areas, depths and coverage are computed and reported. There is no spatial query of any kind — no intersection, no buffer, no proximity, and no geometry type in the database at all. Blocked platform-wide by: applicable QA checks (not_met), mapped test evidence (not_met)."
P16-REQ-260,AI Geospatial Intelligence,not_verified,not_built,applicable QA checks; mapped test evidence,controlled spatial data; coordinate/reference metadata; source evidence; authorization boundaries,"No feature extraction, no classification, no automated takeoff from imagery. The one governed agent reads documents. Blocked platform-wide by: applicable QA checks (not_met), mapped test evidence (not_met)."
P16-REQ-261,Geospatial Digital Twin,not_verified,not_built,applicable QA checks; mapped test evidence,controlled spatial data; coordinate/reference metadata; source evidence; authorization boundaries,"Not built and not planned. A digital twin is in the class of capability the traceability rules exclude globally. Blocked platform-wide by: applicable QA checks (not_met), mapped test evidence (not_met)."
P16-REQ-262,GIS Core,not_verified,not_built,applicable QA checks; mapped test evidence,controlled spatial data; coordinate/reference metadata; source evidence; authorization boundaries,"No geometry column, no spatial index, no PostGIS, no layer, no feature. The platform stores coordinates as numerics and grids as JSON. Blocked platform-wide by: applicable QA checks (not_met), mapped test evidence (not_met)."
P16-REQ-263,Coordinate Reference Systems,not_verified,partial,applicable QA checks; mapped test evidence,controlled spatial data; coordinate/reference metadata; source evidence; authorization boundaries,"Every survey records its horizontal datum, vertical datum, coordinate system and units, and since 0047 all four are enforced before a quantity is computed. Nothing transforms between them — recorded as F4. Blocked platform-wide by: applicable QA checks (not_met), mapped test evidence (not_met)."
P16-REQ-264,Survey Control,not_verified,not_built,applicable QA checks; mapped test evidence,controlled spatial data; coordinate/reference metadata; source evidence; authorization boundaries,"No control point, no monument, no network, no adjustment, no residual — the absence that makes the QA condition fail. Blocked platform-wide by: applicable QA checks (not_met), mapped test evidence (not_met)."
P16-REQ-265,GNSS Survey,not_verified,not_built,applicable QA checks; mapped test evidence,controlled spatial data; coordinate/reference metadata; source evidence; authorization boundaries,"No receiver, no correction source, no RTK session, no fix quality, no observation. Blocked platform-wide by: applicable QA checks (not_met), mapped test evidence (not_met)."
P16-REQ-266,Total Station Survey,not_verified,not_built,applicable QA checks; mapped test evidence,controlled spatial data; coordinate/reference metadata; source evidence; authorization boundaries,"No instrument, no setup, no backsight, no traverse, no raw observation. Blocked platform-wide by: applicable QA checks (not_met), mapped test evidence (not_met)."
P16-REQ-267,Digital Levels,not_verified,not_built,applicable QA checks; mapped test evidence,controlled spatial data; coordinate/reference metadata; source evidence; authorization boundaries,"No level run, no benchmark, no closure, no adjustment. Blocked platform-wide by: applicable QA checks (not_met), mapped test evidence (not_met)."
P16-REQ-268,Construction Layout,not_verified,not_built,applicable QA checks; mapped test evidence,controlled spatial data; coordinate/reference metadata; source evidence; authorization boundaries,"No stakeout point, no layout report, no as-staked record, no offset. Blocked platform-wide by: applicable QA checks (not_met), mapped test evidence (not_met)."
P16-REQ-269,Topographic Survey,not_verified,partial,applicable QA checks; mapped test evidence,controlled spatial data; coordinate/reference metadata; source evidence; authorization boundaries,"A topographic capture becomes a gridded surface with a cell size, coverage and elevation range. There are no points, no breaklines, no contours and no triangulated model — the grid is the only representation. Blocked platform-wide by: applicable QA checks (not_met), mapped test evidence (not_met)."
P16-REQ-270,Existing Conditions,not_verified,partial,applicable QA checks; mapped test evidence,controlled spatial data; coordinate/reference metadata; source evidence; authorization boundaries,"An existing-ground surface is a first-class role, captured by any of six methods, differenced against design with full provenance. There is no feature capture: no breaklines, no boundaries, no utilities, no existing structures. Blocked platform-wide by: applicable QA checks (not_met), mapped test evidence (not_met)."
P16-REQ-271,Drone Operations,not_verified,not_built,applicable QA checks; mapped test evidence,controlled spatial data; coordinate/reference metadata; source evidence; authorization boundaries,"No flight, no plan, no mission, no pilot, no log. Blocked platform-wide by: applicable QA checks (not_met), mapped test evidence (not_met)."
P16-REQ-272,Photogrammetry,not_verified,not_built,applicable QA checks; mapped test evidence,controlled spatial data; coordinate/reference metadata; source evidence; authorization boundaries,"No image, no camera model, no tie point, no bundle adjustment, no processing run. Blocked platform-wide by: applicable QA checks (not_met), mapped test evidence (not_met)."
P16-REQ-273,LiDAR Reality Capture,not_verified,not_built,applicable QA checks; mapped test evidence,controlled spatial data; coordinate/reference metadata; source evidence; authorization boundaries,"A capture method can be named 'lidar' and nothing else exists: no point cloud, no classification, no intensity, no return. Blocked platform-wide by: applicable QA checks (not_met), mapped test evidence (not_met)."
P16-REQ-274,Point Cloud Management,not_verified,not_built,applicable QA checks; mapped test evidence,controlled spatial data; coordinate/reference metadata; source evidence; authorization boundaries,"No storage, no tiling, no level of detail, no viewer, no clipping. Blocked platform-wide by: applicable QA checks (not_met), mapped test evidence (not_met)."
P16-REQ-275,Orthomosaic Management,not_verified,not_built,applicable QA checks; mapped test evidence,controlled spatial data; coordinate/reference metadata; source evidence; authorization boundaries,"No orthomosaic, no tile service, no resolution, no vintage. Blocked platform-wide by: applicable QA checks (not_met), mapped test evidence (not_met)."
P16-REQ-276,Surface & Terrain Models,not_verified,built,applicable QA checks; mapped test evidence,controlled spatial data; coordinate/reference metadata; source evidence; authorization boundaries,"Blocked platform-wide by: applicable QA checks (not_met), mapped test evidence (not_met)."
P16-REQ-277,Volumes & Earthwork,not_verified,built,applicable QA checks; mapped test evidence,controlled spatial data; coordinate/reference metadata; source evidence; authorization boundaries,"Blocked platform-wide by: applicable QA checks (not_met), mapped test evidence (not_met)."
P16-REQ-278,Progress & Change Detection,not_verified,partial,applicable QA checks; mapped test evidence,controlled spatial data; coordinate/reference metadata; source evidence; authorization boundaries,"The engine computes progress against design and can difference an as-built surface against either. Nothing schedules it, trends it over time, or detects change without being asked. Blocked platform-wide by: applicable QA checks (not_met), mapped test evidence (not_met)."
P16-REQ-279,Corridor & Linear Infrastructure,not_verified,not_built,applicable QA checks; mapped test evidence,controlled spatial data; coordinate/reference metadata; source evidence; authorization boundaries,"No alignment, no station, no cross section stored, no corridor model. The engine computes average end area volumes from cross sections a caller supplies and the platform stores none. Blocked platform-wide by: applicable QA checks (not_met), mapped test evidence (not_met)."
P16-REQ-280,Utility Mapping,not_verified,not_built,applicable QA checks; mapped test evidence,controlled spatial data; coordinate/reference metadata; source evidence; authorization boundaries,"No utility, no depth of cover, no subsurface utility engineering quality level, no conflict. Blocked platform-wide by: applicable QA checks (not_met), mapped test evidence (not_met)."
P16-REQ-281,GIS Field Collection,not_verified,not_built,applicable QA checks; mapped test evidence,controlled spatial data; coordinate/reference metadata; source evidence; authorization boundaries,"No field collection application, no form, no offline capture, no attribute schema. Blocked platform-wide by: applicable QA checks (not_met), mapped test evidence (not_met)."
P16-REQ-282,Reality Capture QA/QC,not_verified,not_built,applicable QA checks; mapped test evidence,controlled spatial data; coordinate/reference metadata; source evidence; authorization boundaries,"No accuracy assessment, no ground truth comparison, no density check, no acceptance threshold. Blocked platform-wide by: applicable QA checks (not_met), mapped test evidence (not_met)."
P16-REQ-283,Geofencing & Location Intelligence,not_verified,not_built,applicable QA checks; mapped test evidence,controlled spatial data; coordinate/reference metadata; source evidence; authorization boundaries,"No geofence, no location event, no dwell, no alert. Assets carry a last telemetry timestamp and no position history. Blocked platform-wide by: applicable QA checks (not_met), mapped test evidence (not_met)."
P16-REQ-284,Drone Media & Inspection,not_verified,not_built,applicable QA checks; mapped test evidence,controlled spatial data; coordinate/reference metadata; source evidence; authorization boundaries,"No image catalog, no inspection, no annotation, no defect located on an asset. Blocked platform-wide by: applicable QA checks (not_met), mapped test evidence (not_met)."
P16-REQ-285,Regulatory & Flight Compliance,not_verified,not_built,applicable QA checks; mapped test evidence,controlled spatial data; coordinate/reference metadata; source evidence; authorization boundaries,"No airspace, no authorization, no waiver, no currency, no incident report. Blocked platform-wide by: applicable QA checks (not_met), mapped test evidence (not_met)."
P16-REQ-286,Survey Deliverables,not_verified,partial,applicable QA checks; mapped test evidence,controlled spatial data; coordinate/reference metadata; source evidence; authorization boundaries,"A comparison is a deliverable and carries its own provenance, and the PDF engine renders reports deterministically. There is no drawing, no plan set, no stakeout report and no signed and sealed output. Blocked platform-wide by: applicable QA checks (not_met), mapped test evidence (not_met)."
P16-REQ-287,Machine Control Handoff,not_verified,partial,applicable QA checks; mapped test evidence,controlled spatial data; coordinate/reference metadata; source evidence; authorization boundaries,"The strongest of the partial domains: files are versioned, typed by format and vendor, checksummed, published with an actor and a moment, superseded rather than replaced, and tied to the surface they were generated from. What is missing is the generation itself — no file is produced by the platform, only recorded. Blocked platform-wide by: applicable QA checks (not_met), mapped test evidence (not_met)."
P16-REQ-288,Spatial Analytics,not_verified,partial,applicable QA checks; mapped test evidence,controlled spatial data; coordinate/reference metadata; source evidence; authorization boundaries,"Volumes, areas, depths and coverage are computed and reported. There is no spatial query of any kind — no intersection, no buffer, no proximity, and no geometry type in the database at all. Blocked platform-wide by: applicable QA checks (not_met), mapped test evidence (not_met)."
P16-REQ-289,AI Geospatial Intelligence,not_verified,not_built,applicable QA checks; mapped test evidence,controlled spatial data; coordinate/reference metadata; source evidence; authorization boundaries,"No feature extraction, no classification, no automated takeoff from imagery. The one governed agent reads documents. Blocked platform-wide by: applicable QA checks (not_met), mapped test evidence (not_met)."
P16-REQ-290,Geospatial Digital Twin,not_verified,not_built,applicable QA checks; mapped test evidence,controlled spatial data; coordinate/reference metadata; source evidence; authorization boundaries,"Not built and not planned. A digital twin is in the class of capability the traceability rules exclude globally. Blocked platform-wide by: applicable QA checks (not_met), mapped test evidence (not_met)."
P16-REQ-291,GIS Core,not_verified,not_built,applicable QA checks; mapped test evidence,controlled spatial data; coordinate/reference metadata; source evidence; authorization boundaries,"No geometry column, no spatial index, no PostGIS, no layer, no feature. The platform stores coordinates as numerics and grids as JSON. Blocked platform-wide by: applicable QA checks (not_met), mapped test evidence (not_met)."
P16-REQ-292,Coordinate Reference Systems,not_verified,partial,applicable QA checks; mapped test evidence,controlled spatial data; coordinate/reference metadata; source evidence; authorization boundaries,"Every survey records its horizontal datum, vertical datum, coordinate system and units, and since 0047 all four are enforced before a quantity is computed. Nothing transforms between them — recorded as F4. Blocked platform-wide by: applicable QA checks (not_met), mapped test evidence (not_met)."
P16-REQ-293,Survey Control,not_verified,not_built,applicable QA checks; mapped test evidence,controlled spatial data; coordinate/reference metadata; source evidence; authorization boundaries,"No control point, no monument, no network, no adjustment, no residual — the absence that makes the QA condition fail. Blocked platform-wide by: applicable QA checks (not_met), mapped test evidence (not_met)."
P16-REQ-294,GNSS Survey,not_verified,not_built,applicable QA checks; mapped test evidence,controlled spatial data; coordinate/reference metadata; source evidence; authorization boundaries,"No receiver, no correction source, no RTK session, no fix quality, no observation. Blocked platform-wide by: applicable QA checks (not_met), mapped test evidence (not_met)."
P16-REQ-295,Total Station Survey,not_verified,not_built,applicable QA checks; mapped test evidence,controlled spatial data; coordinate/reference metadata; source evidence; authorization boundaries,"No instrument, no setup, no backsight, no traverse, no raw observation. Blocked platform-wide by: applicable QA checks (not_met), mapped test evidence (not_met)."
P16-REQ-296,Digital Levels,not_verified,not_built,applicable QA checks; mapped test evidence,controlled spatial data; coordinate/reference metadata; source evidence; authorization boundaries,"No level run, no benchmark, no closure, no adjustment. Blocked platform-wide by: applicable QA checks (not_met), mapped test evidence (not_met)."
P16-REQ-297,Construction Layout,not_verified,not_built,applicable QA checks; mapped test evidence,controlled spatial data; coordinate/reference metadata; source evidence; authorization boundaries,"No stakeout point, no layout report, no as-staked record, no offset. Blocked platform-wide by: applicable QA checks (not_met), mapped test evidence (not_met)."
P16-REQ-298,Topographic Survey,not_verified,partial,applicable QA checks; mapped test evidence,controlled spatial data; coordinate/reference metadata; source evidence; authorization boundaries,"A topographic capture becomes a gridded surface with a cell size, coverage and elevation range. There are no points, no breaklines, no contours and no triangulated model — the grid is the only representation. Blocked platform-wide by: applicable QA checks (not_met), mapped test evidence (not_met)."
P16-REQ-299,Existing Conditions,not_verified,partial,applicable QA checks; mapped test evidence,controlled spatial data; coordinate/reference metadata; source evidence; authorization boundaries,"An existing-ground surface is a first-class role, captured by any of six methods, differenced against design with full provenance. There is no feature capture: no breaklines, no boundaries, no utilities, no existing structures. Blocked platform-wide by: applicable QA checks (not_met), mapped test evidence (not_met)."
P16-REQ-300,Drone Operations,not_verified,not_built,applicable QA checks; mapped test evidence,controlled spatial data; coordinate/reference metadata; source evidence; authorization boundaries,"No flight, no plan, no mission, no pilot, no log. Blocked platform-wide by: applicable QA checks (not_met), mapped test evidence (not_met)."
P16-REQ-301,Photogrammetry,not_verified,not_built,applicable QA checks; mapped test evidence,controlled spatial data; coordinate/reference metadata; source evidence; authorization boundaries,"No image, no camera model, no tie point, no bundle adjustment, no processing run. Blocked platform-wide by: applicable QA checks (not_met), mapped test evidence (not_met)."
P16-REQ-302,LiDAR Reality Capture,not_verified,not_built,applicable QA checks; mapped test evidence,controlled spatial data; coordinate/reference metadata; source evidence; authorization boundaries,"A capture method can be named 'lidar' and nothing else exists: no point cloud, no classification, no intensity, no return. Blocked platform-wide by: applicable QA checks (not_met), mapped test evidence (not_met)."
P16-REQ-303,Point Cloud Management,not_verified,not_built,applicable QA checks; mapped test evidence,controlled spatial data; coordinate/reference metadata; source evidence; authorization boundaries,"No storage, no tiling, no level of detail, no viewer, no clipping. Blocked platform-wide by: applicable QA checks (not_met), mapped test evidence (not_met)."
P16-REQ-304,Orthomosaic Management,not_verified,not_built,applicable QA checks; mapped test evidence,controlled spatial data; coordinate/reference metadata; source evidence; authorization boundaries,"No orthomosaic, no tile service, no resolution, no vintage. Blocked platform-wide by: applicable QA checks (not_met), mapped test evidence (not_met)."
P16-REQ-305,Surface & Terrain Models,not_verified,built,applicable QA checks; mapped test evidence,controlled spatial data; coordinate/reference metadata; source evidence; authorization boundaries,"Blocked platform-wide by: applicable QA checks (not_met), mapped test evidence (not_met)."
P16-REQ-306,Volumes & Earthwork,not_verified,built,applicable QA checks; mapped test evidence,controlled spatial data; coordinate/reference metadata; source evidence; authorization boundaries,"Blocked platform-wide by: applicable QA checks (not_met), mapped test evidence (not_met)."
P16-REQ-307,Progress & Change Detection,not_verified,partial,applicable QA checks; mapped test evidence,controlled spatial data; coordinate/reference metadata; source evidence; authorization boundaries,"The engine computes progress against design and can difference an as-built surface against either. Nothing schedules it, trends it over time, or detects change without being asked. Blocked platform-wide by: applicable QA checks (not_met), mapped test evidence (not_met)."
P16-REQ-308,Corridor & Linear Infrastructure,not_verified,not_built,applicable QA checks; mapped test evidence,controlled spatial data; coordinate/reference metadata; source evidence; authorization boundaries,"No alignment, no station, no cross section stored, no corridor model. The engine computes average end area volumes from cross sections a caller supplies and the platform stores none. Blocked platform-wide by: applicable QA checks (not_met), mapped test evidence (not_met)."
P16-REQ-309,Utility Mapping,not_verified,not_built,applicable QA checks; mapped test evidence,controlled spatial data; coordinate/reference metadata; source evidence; authorization boundaries,"No utility, no depth of cover, no subsurface utility engineering quality level, no conflict. Blocked platform-wide by: applicable QA checks (not_met), mapped test evidence (not_met)."
P16-REQ-310,GIS Field Collection,not_verified,not_built,applicable QA checks; mapped test evidence,controlled spatial data; coordinate/reference metadata; source evidence; authorization boundaries,"No field collection application, no form, no offline capture, no attribute schema. Blocked platform-wide by: applicable QA checks (not_met), mapped test evidence (not_met)."
P16-REQ-311,Reality Capture QA/QC,not_verified,not_built,applicable QA checks; mapped test evidence,controlled spatial data; coordinate/reference metadata; source evidence; authorization boundaries,"No accuracy assessment, no ground truth comparison, no density check, no acceptance threshold. Blocked platform-wide by: applicable QA checks (not_met), mapped test evidence (not_met)."
P16-REQ-312,Geofencing & Location Intelligence,not_verified,not_built,applicable QA checks; mapped test evidence,controlled spatial data; coordinate/reference metadata; source evidence; authorization boundaries,"No geofence, no location event, no dwell, no alert. Assets carry a last telemetry timestamp and no position history. Blocked platform-wide by: applicable QA checks (not_met), mapped test evidence (not_met)."
P16-REQ-313,Drone Media & Inspection,not_verified,not_built,applicable QA checks; mapped test evidence,controlled spatial data; coordinate/reference metadata; source evidence; authorization boundaries,"No image catalog, no inspection, no annotation, no defect located on an asset. Blocked platform-wide by: applicable QA checks (not_met), mapped test evidence (not_met)."
P16-REQ-314,Regulatory & Flight Compliance,not_verified,not_built,applicable QA checks; mapped test evidence,controlled spatial data; coordinate/reference metadata; source evidence; authorization boundaries,"No airspace, no authorization, no waiver, no currency, no incident report. Blocked platform-wide by: applicable QA checks (not_met), mapped test evidence (not_met)."
P16-REQ-315,Survey Deliverables,not_verified,partial,applicable QA checks; mapped test evidence,controlled spatial data; coordinate/reference metadata; source evidence; authorization boundaries,"A comparison is a deliverable and carries its own provenance, and the PDF engine renders reports deterministically. There is no drawing, no plan set, no stakeout report and no signed and sealed output. Blocked platform-wide by: applicable QA checks (not_met), mapped test evidence (not_met)."
P16-REQ-316,Machine Control Handoff,not_verified,partial,applicable QA checks; mapped test evidence,controlled spatial data; coordinate/reference metadata; source evidence; authorization boundaries,"The strongest of the partial domains: files are versioned, typed by format and vendor, checksummed, published with an actor and a moment, superseded rather than replaced, and tied to the surface they were generated from. What is missing is the generation itself — no file is produced by the platform, only recorded. Blocked platform-wide by: applicable QA checks (not_met), mapped test evidence (not_met)."
P16-REQ-317,Spatial Analytics,not_verified,partial,applicable QA checks; mapped test evidence,controlled spatial data; coordinate/reference metadata; source evidence; authorization boundaries,"Volumes, areas, depths and coverage are computed and reported. There is no spatial query of any kind — no intersection, no buffer, no proximity, and no geometry type in the database at all. Blocked platform-wide by: applicable QA checks (not_met), mapped test evidence (not_met)."
P16-REQ-318,AI Geospatial Intelligence,not_verified,not_built,applicable QA checks; mapped test evidence,controlled spatial data; coordinate/reference metadata; source evidence; authorization boundaries,"No feature extraction, no classification, no automated takeoff from imagery. The one governed agent reads documents. Blocked platform-wide by: applicable QA checks (not_met), mapped test evidence (not_met)."
P16-REQ-319,Geospatial Digital Twin,not_verified,not_built,applicable QA checks; mapped test evidence,controlled spatial data; coordinate/reference metadata; source evidence; authorization boundaries,"Not built and not planned. A digital twin is in the class of capability the traceability rules exclude globally. Blocked platform-wide by: applicable QA checks (not_met), mapped test evidence (not_met)."
P16-REQ-320,GIS Core,not_verified,not_built,applicable QA checks; mapped test evidence,controlled spatial data; coordinate/reference metadata; source evidence; authorization boundaries,"No geometry column, no spatial index, no PostGIS, no layer, no feature. The platform stores coordinates as numerics and grids as JSON. Blocked platform-wide by: applicable QA checks (not_met), mapped test evidence (not_met)."
P16-REQ-321,Coordinate Reference Systems,not_verified,partial,applicable QA checks; mapped test evidence,controlled spatial data; coordinate/reference metadata; source evidence; authorization boundaries,"Every survey records its horizontal datum, vertical datum, coordinate system and units, and since 0047 all four are enforced before a quantity is computed. Nothing transforms between them — recorded as F4. Blocked platform-wide by: applicable QA checks (not_met), mapped test evidence (not_met)."
P16-REQ-322,Survey Control,not_verified,not_built,applicable QA checks; mapped test evidence,controlled spatial data; coordinate/reference metadata; source evidence; authorization boundaries,"No control point, no monument, no network, no adjustment, no residual — the absence that makes the QA condition fail. Blocked platform-wide by: applicable QA checks (not_met), mapped test evidence (not_met)."
P16-REQ-323,GNSS Survey,not_verified,not_built,applicable QA checks; mapped test evidence,controlled spatial data; coordinate/reference metadata; source evidence; authorization boundaries,"No receiver, no correction source, no RTK session, no fix quality, no observation. Blocked platform-wide by: applicable QA checks (not_met), mapped test evidence (not_met)."
P16-REQ-324,Total Station Survey,not_verified,not_built,applicable QA checks; mapped test evidence,controlled spatial data; coordinate/reference metadata; source evidence; authorization boundaries,"No instrument, no setup, no backsight, no traverse, no raw observation. Blocked platform-wide by: applicable QA checks (not_met), mapped test evidence (not_met)."
P16-REQ-325,Digital Levels,not_verified,not_built,applicable QA checks; mapped test evidence,controlled spatial data; coordinate/reference metadata; source evidence; authorization boundaries,"No level run, no benchmark, no closure, no adjustment. Blocked platform-wide by: applicable QA checks (not_met), mapped test evidence (not_met)."
P16-REQ-326,Construction Layout,not_verified,not_built,applicable QA checks; mapped test evidence,controlled spatial data; coordinate/reference metadata; source evidence; authorization boundaries,"No stakeout point, no layout report, no as-staked record, no offset. Blocked platform-wide by: applicable QA checks (not_met), mapped test evidence (not_met)."
P16-REQ-327,Topographic Survey,not_verified,partial,applicable QA checks; mapped test evidence,controlled spatial data; coordinate/reference metadata; source evidence; authorization boundaries,"A topographic capture becomes a gridded surface with a cell size, coverage and elevation range. There are no points, no breaklines, no contours and no triangulated model — the grid is the only representation. Blocked platform-wide by: applicable QA checks (not_met), mapped test evidence (not_met)."
P16-REQ-328,Existing Conditions,not_verified,partial,applicable QA checks; mapped test evidence,controlled spatial data; coordinate/reference metadata; source evidence; authorization boundaries,"An existing-ground surface is a first-class role, captured by any of six methods, differenced against design with full provenance. There is no feature capture: no breaklines, no boundaries, no utilities, no existing structures. Blocked platform-wide by: applicable QA checks (not_met), mapped test evidence (not_met)."
P16-REQ-329,Drone Operations,not_verified,not_built,applicable QA checks; mapped test evidence,controlled spatial data; coordinate/reference metadata; source evidence; authorization boundaries,"No flight, no plan, no mission, no pilot, no log. Blocked platform-wide by: applicable QA checks (not_met), mapped test evidence (not_met)."
P16-REQ-330,Photogrammetry,not_verified,not_built,applicable QA checks; mapped test evidence,controlled spatial data; coordinate/reference metadata; source evidence; authorization boundaries,"No image, no camera model, no tie point, no bundle adjustment, no processing run. Blocked platform-wide by: applicable QA checks (not_met), mapped test evidence (not_met)."
P16-REQ-331,LiDAR Reality Capture,not_verified,not_built,applicable QA checks; mapped test evidence,controlled spatial data; coordinate/reference metadata; source evidence; authorization boundaries,"A capture method can be named 'lidar' and nothing else exists: no point cloud, no classification, no intensity, no return. Blocked platform-wide by: applicable QA checks (not_met), mapped test evidence (not_met)."
P16-REQ-332,Point Cloud Management,not_verified,not_built,applicable QA checks; mapped test evidence,controlled spatial data; coordinate/reference metadata; source evidence; authorization boundaries,"No storage, no tiling, no level of detail, no viewer, no clipping. Blocked platform-wide by: applicable QA checks (not_met), mapped test evidence (not_met)."
P16-REQ-333,Orthomosaic Management,not_verified,not_built,applicable QA checks; mapped test evidence,controlled spatial data; coordinate/reference metadata; source evidence; authorization boundaries,"No orthomosaic, no tile service, no resolution, no vintage. Blocked platform-wide by: applicable QA checks (not_met), mapped test evidence (not_met)."
P16-REQ-334,Surface & Terrain Models,not_verified,built,applicable QA checks; mapped test evidence,controlled spatial data; coordinate/reference metadata; source evidence; authorization boundaries,"Blocked platform-wide by: applicable QA checks (not_met), mapped test evidence (not_met)."
P16-REQ-335,Volumes & Earthwork,not_verified,built,applicable QA checks; mapped test evidence,controlled spatial data; coordinate/reference metadata; source evidence; authorization boundaries,"Blocked platform-wide by: applicable QA checks (not_met), mapped test evidence (not_met)."
P16-REQ-336,Progress & Change Detection,not_verified,partial,applicable QA checks; mapped test evidence,controlled spatial data; coordinate/reference metadata; source evidence; authorization boundaries,"The engine computes progress against design and can difference an as-built surface against either. Nothing schedules it, trends it over time, or detects change without being asked. Blocked platform-wide by: applicable QA checks (not_met), mapped test evidence (not_met)."
P16-REQ-337,Corridor & Linear Infrastructure,not_verified,not_built,applicable QA checks; mapped test evidence,controlled spatial data; coordinate/reference metadata; source evidence; authorization boundaries,"No alignment, no station, no cross section stored, no corridor model. The engine computes average end area volumes from cross sections a caller supplies and the platform stores none. Blocked platform-wide by: applicable QA checks (not_met), mapped test evidence (not_met)."
P16-REQ-338,Utility Mapping,not_verified,not_built,applicable QA checks; mapped test evidence,controlled spatial data; coordinate/reference metadata; source evidence; authorization boundaries,"No utility, no depth of cover, no subsurface utility engineering quality level, no conflict. Blocked platform-wide by: applicable QA checks (not_met), mapped test evidence (not_met)."
P16-REQ-339,GIS Field Collection,not_verified,not_built,applicable QA checks; mapped test evidence,controlled spatial data; coordinate/reference metadata; source evidence; authorization boundaries,"No field collection application, no form, no offline capture, no attribute schema. Blocked platform-wide by: applicable QA checks (not_met), mapped test evidence (not_met)."
P16-REQ-340,Reality Capture QA/QC,not_verified,not_built,applicable QA checks; mapped test evidence,controlled spatial data; coordinate/reference metadata; source evidence; authorization boundaries,"No accuracy assessment, no ground truth comparison, no density check, no acceptance threshold. Blocked platform-wide by: applicable QA checks (not_met), mapped test evidence (not_met)."
P16-REQ-341,Geofencing & Location Intelligence,not_verified,not_built,applicable QA checks; mapped test evidence,controlled spatial data; coordinate/reference metadata; source evidence; authorization boundaries,"No geofence, no location event, no dwell, no alert. Assets carry a last telemetry timestamp and no position history. Blocked platform-wide by: applicable QA checks (not_met), mapped test evidence (not_met)."
P16-REQ-342,Drone Media & Inspection,not_verified,not_built,applicable QA checks; mapped test evidence,controlled spatial data; coordinate/reference metadata; source evidence; authorization boundaries,"No image catalog, no inspection, no annotation, no defect located on an asset. Blocked platform-wide by: applicable QA checks (not_met), mapped test evidence (not_met)."
P16-REQ-343,Regulatory & Flight Compliance,not_verified,not_built,applicable QA checks; mapped test evidence,controlled spatial data; coordinate/reference metadata; source evidence; authorization boundaries,"No airspace, no authorization, no waiver, no currency, no incident report. Blocked platform-wide by: applicable QA checks (not_met), mapped test evidence (not_met)."
P16-REQ-344,Survey Deliverables,not_verified,partial,applicable QA checks; mapped test evidence,controlled spatial data; coordinate/reference metadata; source evidence; authorization boundaries,"A comparison is a deliverable and carries its own provenance, and the PDF engine renders reports deterministically. There is no drawing, no plan set, no stakeout report and no signed and sealed output. Blocked platform-wide by: applicable QA checks (not_met), mapped test evidence (not_met)."
P16-REQ-345,Machine Control Handoff,not_verified,partial,applicable QA checks; mapped test evidence,controlled spatial data; coordinate/reference metadata; source evidence; authorization boundaries,"The strongest of the partial domains: files are versioned, typed by format and vendor, checksummed, published with an actor and a moment, superseded rather than replaced, and tied to the surface they were generated from. What is missing is the generation itself — no file is produced by the platform, only recorded. Blocked platform-wide by: applicable QA checks (not_met), mapped test evidence (not_met)."
P16-REQ-346,Spatial Analytics,not_verified,partial,applicable QA checks; mapped test evidence,controlled spatial data; coordinate/reference metadata; source evidence; authorization boundaries,"Volumes, areas, depths and coverage are computed and reported. There is no spatial query of any kind — no intersection, no buffer, no proximity, and no geometry type in the database at all. Blocked platform-wide by: applicable QA checks (not_met), mapped test evidence (not_met)."
P16-REQ-347,AI Geospatial Intelligence,not_verified,not_built,applicable QA checks; mapped test evidence,controlled spatial data; coordinate/reference metadata; source evidence; authorization boundaries,"No feature extraction, no classification, no automated takeoff from imagery. The one governed agent reads documents. Blocked platform-wide by: applicable QA checks (not_met), mapped test evidence (not_met)."
P16-REQ-348,Geospatial Digital Twin,not_verified,not_built,applicable QA checks; mapped test evidence,controlled spatial data; coordinate/reference metadata; source evidence; authorization boundaries,"Not built and not planned. A digital twin is in the class of capability the traceability rules exclude globally. Blocked platform-wide by: applicable QA checks (not_met), mapped test evidence (not_met)."
P16-REQ-349,GIS Core,not_verified,not_built,applicable QA checks; mapped test evidence,controlled spatial data; coordinate/reference metadata; source evidence; authorization boundaries,"No geometry column, no spatial index, no PostGIS, no layer, no feature. The platform stores coordinates as numerics and grids as JSON. Blocked platform-wide by: applicable QA checks (not_met), mapped test evidence (not_met)."
P16-REQ-350,Coordinate Reference Systems,not_verified,partial,applicable QA checks; mapped test evidence,controlled spatial data; coordinate/reference metadata; source evidence; authorization boundaries,"Every survey records its horizontal datum, vertical datum, coordinate system and units, and since 0047 all four are enforced before a quantity is computed. Nothing transforms between them — recorded as F4. Blocked platform-wide by: applicable QA checks (not_met), mapped test evidence (not_met)."
P16-REQ-351,Survey Control,not_verified,not_built,applicable QA checks; mapped test evidence,controlled spatial data; coordinate/reference metadata; source evidence; authorization boundaries,"No control point, no monument, no network, no adjustment, no residual — the absence that makes the QA condition fail. Blocked platform-wide by: applicable QA checks (not_met), mapped test evidence (not_met)."
P16-REQ-352,GNSS Survey,not_verified,not_built,applicable QA checks; mapped test evidence,controlled spatial data; coordinate/reference metadata; source evidence; authorization boundaries,"No receiver, no correction source, no RTK session, no fix quality, no observation. Blocked platform-wide by: applicable QA checks (not_met), mapped test evidence (not_met)."
P16-REQ-353,Total Station Survey,not_verified,not_built,applicable QA checks; mapped test evidence,controlled spatial data; coordinate/reference metadata; source evidence; authorization boundaries,"No instrument, no setup, no backsight, no traverse, no raw observation. Blocked platform-wide by: applicable QA checks (not_met), mapped test evidence (not_met)."
P16-REQ-354,Digital Levels,not_verified,not_built,applicable QA checks; mapped test evidence,controlled spatial data; coordinate/reference metadata; source evidence; authorization boundaries,"No level run, no benchmark, no closure, no adjustment. Blocked platform-wide by: applicable QA checks (not_met), mapped test evidence (not_met)."
P16-REQ-355,Construction Layout,not_verified,not_built,applicable QA checks; mapped test evidence,controlled spatial data; coordinate/reference metadata; source evidence; authorization boundaries,"No stakeout point, no layout report, no as-staked record, no offset. Blocked platform-wide by: applicable QA checks (not_met), mapped test evidence (not_met)."
P16-REQ-356,Topographic Survey,not_verified,partial,applicable QA checks; mapped test evidence,controlled spatial data; coordinate/reference metadata; source evidence; authorization boundaries,"A topographic capture becomes a gridded surface with a cell size, coverage and elevation range. There are no points, no breaklines, no contours and no triangulated model — the grid is the only representation. Blocked platform-wide by: applicable QA checks (not_met), mapped test evidence (not_met)."
P16-REQ-357,Existing Conditions,not_verified,partial,applicable QA checks; mapped test evidence,controlled spatial data; coordinate/reference metadata; source evidence; authorization boundaries,"An existing-ground surface is a first-class role, captured by any of six methods, differenced against design with full provenance. There is no feature capture: no breaklines, no boundaries, no utilities, no existing structures. Blocked platform-wide by: applicable QA checks (not_met), mapped test evidence (not_met)."
P16-REQ-358,Drone Operations,not_verified,not_built,applicable QA checks; mapped test evidence,controlled spatial data; coordinate/reference metadata; source evidence; authorization boundaries,"No flight, no plan, no mission, no pilot, no log. Blocked platform-wide by: applicable QA checks (not_met), mapped test evidence (not_met)."
P16-REQ-359,Photogrammetry,not_verified,not_built,applicable QA checks; mapped test evidence,controlled spatial data; coordinate/reference metadata; source evidence; authorization boundaries,"No image, no camera model, no tie point, no bundle adjustment, no processing run. Blocked platform-wide by: applicable QA checks (not_met), mapped test evidence (not_met)."
P16-REQ-360,LiDAR Reality Capture,not_verified,not_built,applicable QA checks; mapped test evidence,controlled spatial data; coordinate/reference metadata; source evidence; authorization boundaries,"A capture method can be named 'lidar' and nothing else exists: no point cloud, no classification, no intensity, no return. Blocked platform-wide by: applicable QA checks (not_met), mapped test evidence (not_met)."
