requirement_id,domain,verification,domain_status,unmet_conditions,met_conditions,gap
P18-REQ-001,Enterprise Scheduling Core,verified,built,,schedule calculation; resource/calendar context; baseline/update governance; permission boundaries; linked operational evidence; mapped test results,
P18-REQ-002,CPM Scheduling,verified,built,,schedule calculation; resource/calendar context; baseline/update governance; permission boundaries; linked operational evidence; mapped test results,
P18-REQ-003,Work Breakdown Structure,not_verified,partial,,schedule calculation; resource/calendar context; baseline/update governance; permission boundaries; linked operational evidence; mapped test results,"A WBS code is a text column on activities and tasks, and project tasks nest through parent_task_id. Schedule activities do not roll up: there are no summary activities, so a WBS level has no dates, duration or float of its own."
P18-REQ-004,Calendars & Shifts,not_verified,partial,,schedule calculation; resource/calendar context; baseline/update governance; permission boundaries; linked operational evidence; mapped test results,"Calendars are built, with holidays, exception working days and hours per day. A shift is a scalar; there is no second shift, no night differential, and no shift pattern an activity can be scheduled onto."
P18-REQ-005,Resource Planning,verified,built,,schedule calculation; resource/calendar context; baseline/update governance; permission boundaries; linked operational evidence; mapped test results,
P18-REQ-006,Resource Loading,not_verified,partial,,schedule calculation; resource/calendar context; baseline/update governance; permission boundaries; linked operational evidence; mapped test results,"Assignments carry an allocation fraction and dates, so demand is recorded and a machine cannot be double-booked. Nothing aggregates demand into a period-by-period load, and no resource declares a capacity to be loaded against, so there is no over-allocation to see."
P18-REQ-007,Resource Leveling,not_verified,not_built,,schedule calculation; resource/calendar context; baseline/update governance; permission boundaries; linked operational evidence; mapped test results,Nothing shifts activities within their float to smooth resource demand. Bid leveling exists in procurement and is a different thing entirely.
P18-REQ-008,Crew Planning,verified,built,,schedule calculation; resource/calendar context; baseline/update governance; permission boundaries; linked operational evidence; mapped test results,
P18-REQ-009,Equipment Planning,verified,built,,schedule calculation; resource/calendar context; baseline/update governance; permission boundaries; linked operational evidence; mapped test results,
P18-REQ-010,Truck & Haul Planning,not_verified,partial,,schedule calculation; resource/calendar context; baseline/update governance; permission boundaries; linked operational evidence; mapped test results,"The trucking engine computes cycle times, truck counts and haul cost for estimating. Nothing schedules hauls against the calendar or assigns trucks to days, so a haul plan is a cost figure rather than a plan."
P18-REQ-011,Material Planning,not_verified,partial,,schedule calculation; resource/calendar context; baseline/update governance; permission boundaries; linked operational evidence; mapped test results,"Procurement carries quotes, purchase orders, deliveries with dates and inventory with reorder points. No delivery is tied to the schedule activity that needs it, so a late delivery does not appear as a schedule constraint."
P18-REQ-012,Subcontractor Planning,not_verified,partial,,schedule calculation; resource/calendar context; baseline/update governance; permission boundaries; linked operational evidence; mapped test results,"resource_assignments carries a subcontractor kind against a vendor, and procurement carries subcontract quotes and commitments. A subcontract is not tied to the activities it covers, and a subcontractor has no schedule of their own to coordinate."
P18-REQ-013,Look-Ahead Planning,not_verified,not_built,,schedule calculation; resource/calendar context; baseline/update governance; permission boundaries; linked operational evidence; mapped test results,"There is a Look-ahead button on the schedule screen and nothing behind it. No three or six week window, no constraint screening, no make-ready."
P18-REQ-014,Last Planner & Commitments,not_verified,not_built,,schedule calculation; resource/calendar context; baseline/update governance; permission boundaries; linked operational evidence; mapped test results,"No weekly work plan, no commitments made by the people doing the work, no percent plan complete, no reasons for variance."
P18-REQ-015,Pull Planning,not_verified,not_built,,schedule calculation; resource/calendar context; baseline/update governance; permission boundaries; linked operational evidence; mapped test results,"No pull session, no sticky-note plan captured as logic, no milestone worked backwards from."
P18-REQ-016,Milestones & Contract Dates,verified,built,,schedule calculation; resource/calendar context; baseline/update governance; permission boundaries; linked operational evidence; mapped test results,
P18-REQ-017,Baseline Management,verified,built,,schedule calculation; resource/calendar context; baseline/update governance; permission boundaries; linked operational evidence; mapped test results,
P18-REQ-018,Schedule Update Cycle,not_verified,partial,,schedule calculation; resource/calendar context; baseline/update governance; permission boundaries; linked operational evidence; mapped test results,"Every calculation records its data date and calculations are append-only, so the sequence of updates is preserved and each is comparable to the baseline. There is no period object: nothing closes an update, locks the dates it reported, or refuses progress recorded against a closed period."
P18-REQ-019,Progress Measurement,not_verified,partial,,schedule calculation; resource/calendar context; baseline/update governance; permission boundaries; linked operational evidence; mapped test results,"Installed quantity is recorded against budget, daily reports carry measured production, and the achieved rate is a generated column that cannot disagree with its inputs. percent_complete is a separate stored column that can disagree with installed divided by budgeted; nothing derives one from the other, which is the same shape of defect this phase's finding was about."
P18-REQ-020,Cost & Schedule Integration,not_verified,partial,,schedule calculation; resource/calendar context; baseline/update governance; permission boundaries; linked operational evidence; mapped test results,"Activities carry the estimate line they were budgeted from and the task holding budgeted and actual cost and hours, so cost and schedule share a spine. There is no earned value: nothing computes budgeted cost of work performed, schedule variance in money, or a performance index."
P18-REQ-021,Constraint Management,not_verified,partial,,schedule calculation; resource/calendar context; baseline/update governance; permission boundaries; linked operational evidence; mapped test results,"Date constraints are built and honored, with a warning when one contradicts the logic. Field constraints are not: nothing models an open RFI, a missing permit or an undelivered material as a constraint with an owner and a need-by date, so the blockers a look-ahead meeting is actually about are invisible."
P18-REQ-022,Weather & Calendar Impacts,not_verified,partial,,schedule calculation; resource/calendar context; baseline/update governance; permission boundaries; linked operational evidence; mapped test results,"A NOAA connector rolls hourly observations into the site's calendar day, daily reports carry weather, and calendar efficiency de-rates production for weather in estimating. Nothing turns a weather day into a non-working day on the schedule calendar or into a time-extension entitlement."
P18-REQ-023,Schedule Risk Analysis,not_verified,not_built,,schedule calculation; resource/calendar context; baseline/update governance; permission boundaries; linked operational evidence; mapped test results,"Scenario pricing exists for estimates. Nothing applies three-point durations or simulation to the schedule, so there is no probabilistic completion date."
P18-REQ-024,Recovery & Acceleration,not_verified,not_built,,schedule calculation; resource/calendar context; baseline/update governance; permission boundaries; linked operational evidence; mapped test results,"A baseline can be taken with a recovery reason, which records that it happened. Nothing models crashing an activity, the cost of acceleration, or the trade-off between them."
P18-REQ-025,Delay & Impact Analysis,not_verified,partial,,schedule calculation; resource/calendar context; baseline/update governance; permission boundaries; linked operational evidence; mapped test results,"Contracts carry notice clauses and claims carry database-derived deadlines, and baselines now make variance measurable per activity and for the project finish. There is no time impact analysis: no fragnet inserted into the logic, no windows analysis, no separation of excusable from compensable delay."
P18-REQ-026,Portfolio Capacity Planning,not_verified,not_built,,schedule calculation; resource/calendar context; baseline/update governance; permission boundaries; linked operational evidence; mapped test results,Everything is per project. Nothing aggregates resource demand across projects or compares it with what the company can crew.
P18-REQ-027,What-If & Scenario Planning,not_verified,not_built,,schedule calculation; resource/calendar context; baseline/update governance; permission boundaries; linked operational evidence; mapped test results,"The engine is pure and could be run twice, but nothing stores, names or compares two schedule scenarios, so a what-if leaves no record anyone can review."
P18-REQ-028,AI Schedule Intelligence,not_verified,not_built,,schedule calculation; resource/calendar context; baseline/update governance; permission boundaries; linked operational evidence; mapped test results,"The one AI agent analyzes documents. Nothing assists with a schedule, and under RULE-008 anything that did would propose rather than apply."
P18-REQ-029,Scheduling Digital Twin,not_verified,not_built,,schedule calculation; resource/calendar context; baseline/update governance; permission boundaries; linked operational evidence; mapped test results,"Not built and not planned. A digital twin is in the class of capability the traceability rules exclude globally, because nothing here implements it."
P18-REQ-030,Enterprise Scheduling Core,verified,built,,schedule calculation; resource/calendar context; baseline/update governance; permission boundaries; linked operational evidence; mapped test results,
P18-REQ-031,CPM Scheduling,verified,built,,schedule calculation; resource/calendar context; baseline/update governance; permission boundaries; linked operational evidence; mapped test results,
P18-REQ-032,Work Breakdown Structure,not_verified,partial,,schedule calculation; resource/calendar context; baseline/update governance; permission boundaries; linked operational evidence; mapped test results,"A WBS code is a text column on activities and tasks, and project tasks nest through parent_task_id. Schedule activities do not roll up: there are no summary activities, so a WBS level has no dates, duration or float of its own."
P18-REQ-033,Calendars & Shifts,not_verified,partial,,schedule calculation; resource/calendar context; baseline/update governance; permission boundaries; linked operational evidence; mapped test results,"Calendars are built, with holidays, exception working days and hours per day. A shift is a scalar; there is no second shift, no night differential, and no shift pattern an activity can be scheduled onto."
P18-REQ-034,Resource Planning,verified,built,,schedule calculation; resource/calendar context; baseline/update governance; permission boundaries; linked operational evidence; mapped test results,
P18-REQ-035,Resource Loading,not_verified,partial,,schedule calculation; resource/calendar context; baseline/update governance; permission boundaries; linked operational evidence; mapped test results,"Assignments carry an allocation fraction and dates, so demand is recorded and a machine cannot be double-booked. Nothing aggregates demand into a period-by-period load, and no resource declares a capacity to be loaded against, so there is no over-allocation to see."
P18-REQ-036,Resource Leveling,not_verified,not_built,,schedule calculation; resource/calendar context; baseline/update governance; permission boundaries; linked operational evidence; mapped test results,Nothing shifts activities within their float to smooth resource demand. Bid leveling exists in procurement and is a different thing entirely.
P18-REQ-037,Crew Planning,verified,built,,schedule calculation; resource/calendar context; baseline/update governance; permission boundaries; linked operational evidence; mapped test results,
P18-REQ-038,Equipment Planning,verified,built,,schedule calculation; resource/calendar context; baseline/update governance; permission boundaries; linked operational evidence; mapped test results,
P18-REQ-039,Truck & Haul Planning,not_verified,partial,,schedule calculation; resource/calendar context; baseline/update governance; permission boundaries; linked operational evidence; mapped test results,"The trucking engine computes cycle times, truck counts and haul cost for estimating. Nothing schedules hauls against the calendar or assigns trucks to days, so a haul plan is a cost figure rather than a plan."
P18-REQ-040,Material Planning,not_verified,partial,,schedule calculation; resource/calendar context; baseline/update governance; permission boundaries; linked operational evidence; mapped test results,"Procurement carries quotes, purchase orders, deliveries with dates and inventory with reorder points. No delivery is tied to the schedule activity that needs it, so a late delivery does not appear as a schedule constraint."
P18-REQ-041,Subcontractor Planning,not_verified,partial,,schedule calculation; resource/calendar context; baseline/update governance; permission boundaries; linked operational evidence; mapped test results,"resource_assignments carries a subcontractor kind against a vendor, and procurement carries subcontract quotes and commitments. A subcontract is not tied to the activities it covers, and a subcontractor has no schedule of their own to coordinate."
P18-REQ-042,Look-Ahead Planning,not_verified,not_built,,schedule calculation; resource/calendar context; baseline/update governance; permission boundaries; linked operational evidence; mapped test results,"There is a Look-ahead button on the schedule screen and nothing behind it. No three or six week window, no constraint screening, no make-ready."
P18-REQ-043,Last Planner & Commitments,not_verified,not_built,,schedule calculation; resource/calendar context; baseline/update governance; permission boundaries; linked operational evidence; mapped test results,"No weekly work plan, no commitments made by the people doing the work, no percent plan complete, no reasons for variance."
P18-REQ-044,Pull Planning,not_verified,not_built,,schedule calculation; resource/calendar context; baseline/update governance; permission boundaries; linked operational evidence; mapped test results,"No pull session, no sticky-note plan captured as logic, no milestone worked backwards from."
P18-REQ-045,Milestones & Contract Dates,verified,built,,schedule calculation; resource/calendar context; baseline/update governance; permission boundaries; linked operational evidence; mapped test results,
P18-REQ-046,Baseline Management,verified,built,,schedule calculation; resource/calendar context; baseline/update governance; permission boundaries; linked operational evidence; mapped test results,
P18-REQ-047,Schedule Update Cycle,not_verified,partial,,schedule calculation; resource/calendar context; baseline/update governance; permission boundaries; linked operational evidence; mapped test results,"Every calculation records its data date and calculations are append-only, so the sequence of updates is preserved and each is comparable to the baseline. There is no period object: nothing closes an update, locks the dates it reported, or refuses progress recorded against a closed period."
P18-REQ-048,Progress Measurement,not_verified,partial,,schedule calculation; resource/calendar context; baseline/update governance; permission boundaries; linked operational evidence; mapped test results,"Installed quantity is recorded against budget, daily reports carry measured production, and the achieved rate is a generated column that cannot disagree with its inputs. percent_complete is a separate stored column that can disagree with installed divided by budgeted; nothing derives one from the other, which is the same shape of defect this phase's finding was about."
P18-REQ-049,Cost & Schedule Integration,not_verified,partial,,schedule calculation; resource/calendar context; baseline/update governance; permission boundaries; linked operational evidence; mapped test results,"Activities carry the estimate line they were budgeted from and the task holding budgeted and actual cost and hours, so cost and schedule share a spine. There is no earned value: nothing computes budgeted cost of work performed, schedule variance in money, or a performance index."
P18-REQ-050,Constraint Management,not_verified,partial,,schedule calculation; resource/calendar context; baseline/update governance; permission boundaries; linked operational evidence; mapped test results,"Date constraints are built and honored, with a warning when one contradicts the logic. Field constraints are not: nothing models an open RFI, a missing permit or an undelivered material as a constraint with an owner and a need-by date, so the blockers a look-ahead meeting is actually about are invisible."
P18-REQ-051,Weather & Calendar Impacts,not_verified,partial,,schedule calculation; resource/calendar context; baseline/update governance; permission boundaries; linked operational evidence; mapped test results,"A NOAA connector rolls hourly observations into the site's calendar day, daily reports carry weather, and calendar efficiency de-rates production for weather in estimating. Nothing turns a weather day into a non-working day on the schedule calendar or into a time-extension entitlement."
P18-REQ-052,Schedule Risk Analysis,not_verified,not_built,,schedule calculation; resource/calendar context; baseline/update governance; permission boundaries; linked operational evidence; mapped test results,"Scenario pricing exists for estimates. Nothing applies three-point durations or simulation to the schedule, so there is no probabilistic completion date."
P18-REQ-053,Recovery & Acceleration,not_verified,not_built,,schedule calculation; resource/calendar context; baseline/update governance; permission boundaries; linked operational evidence; mapped test results,"A baseline can be taken with a recovery reason, which records that it happened. Nothing models crashing an activity, the cost of acceleration, or the trade-off between them."
P18-REQ-054,Delay & Impact Analysis,not_verified,partial,,schedule calculation; resource/calendar context; baseline/update governance; permission boundaries; linked operational evidence; mapped test results,"Contracts carry notice clauses and claims carry database-derived deadlines, and baselines now make variance measurable per activity and for the project finish. There is no time impact analysis: no fragnet inserted into the logic, no windows analysis, no separation of excusable from compensable delay."
P18-REQ-055,Portfolio Capacity Planning,not_verified,not_built,,schedule calculation; resource/calendar context; baseline/update governance; permission boundaries; linked operational evidence; mapped test results,Everything is per project. Nothing aggregates resource demand across projects or compares it with what the company can crew.
P18-REQ-056,What-If & Scenario Planning,not_verified,not_built,,schedule calculation; resource/calendar context; baseline/update governance; permission boundaries; linked operational evidence; mapped test results,"The engine is pure and could be run twice, but nothing stores, names or compares two schedule scenarios, so a what-if leaves no record anyone can review."
P18-REQ-057,AI Schedule Intelligence,not_verified,not_built,,schedule calculation; resource/calendar context; baseline/update governance; permission boundaries; linked operational evidence; mapped test results,"The one AI agent analyzes documents. Nothing assists with a schedule, and under RULE-008 anything that did would propose rather than apply."
P18-REQ-058,Scheduling Digital Twin,not_verified,not_built,,schedule calculation; resource/calendar context; baseline/update governance; permission boundaries; linked operational evidence; mapped test results,"Not built and not planned. A digital twin is in the class of capability the traceability rules exclude globally, because nothing here implements it."
P18-REQ-059,Enterprise Scheduling Core,verified,built,,schedule calculation; resource/calendar context; baseline/update governance; permission boundaries; linked operational evidence; mapped test results,
P18-REQ-060,CPM Scheduling,verified,built,,schedule calculation; resource/calendar context; baseline/update governance; permission boundaries; linked operational evidence; mapped test results,
P18-REQ-061,Work Breakdown Structure,not_verified,partial,,schedule calculation; resource/calendar context; baseline/update governance; permission boundaries; linked operational evidence; mapped test results,"A WBS code is a text column on activities and tasks, and project tasks nest through parent_task_id. Schedule activities do not roll up: there are no summary activities, so a WBS level has no dates, duration or float of its own."
P18-REQ-062,Calendars & Shifts,not_verified,partial,,schedule calculation; resource/calendar context; baseline/update governance; permission boundaries; linked operational evidence; mapped test results,"Calendars are built, with holidays, exception working days and hours per day. A shift is a scalar; there is no second shift, no night differential, and no shift pattern an activity can be scheduled onto."
P18-REQ-063,Resource Planning,verified,built,,schedule calculation; resource/calendar context; baseline/update governance; permission boundaries; linked operational evidence; mapped test results,
P18-REQ-064,Resource Loading,not_verified,partial,,schedule calculation; resource/calendar context; baseline/update governance; permission boundaries; linked operational evidence; mapped test results,"Assignments carry an allocation fraction and dates, so demand is recorded and a machine cannot be double-booked. Nothing aggregates demand into a period-by-period load, and no resource declares a capacity to be loaded against, so there is no over-allocation to see."
P18-REQ-065,Resource Leveling,not_verified,not_built,,schedule calculation; resource/calendar context; baseline/update governance; permission boundaries; linked operational evidence; mapped test results,Nothing shifts activities within their float to smooth resource demand. Bid leveling exists in procurement and is a different thing entirely.
P18-REQ-066,Crew Planning,verified,built,,schedule calculation; resource/calendar context; baseline/update governance; permission boundaries; linked operational evidence; mapped test results,
P18-REQ-067,Equipment Planning,verified,built,,schedule calculation; resource/calendar context; baseline/update governance; permission boundaries; linked operational evidence; mapped test results,
P18-REQ-068,Truck & Haul Planning,not_verified,partial,,schedule calculation; resource/calendar context; baseline/update governance; permission boundaries; linked operational evidence; mapped test results,"The trucking engine computes cycle times, truck counts and haul cost for estimating. Nothing schedules hauls against the calendar or assigns trucks to days, so a haul plan is a cost figure rather than a plan."
P18-REQ-069,Material Planning,not_verified,partial,,schedule calculation; resource/calendar context; baseline/update governance; permission boundaries; linked operational evidence; mapped test results,"Procurement carries quotes, purchase orders, deliveries with dates and inventory with reorder points. No delivery is tied to the schedule activity that needs it, so a late delivery does not appear as a schedule constraint."
P18-REQ-070,Subcontractor Planning,not_verified,partial,,schedule calculation; resource/calendar context; baseline/update governance; permission boundaries; linked operational evidence; mapped test results,"resource_assignments carries a subcontractor kind against a vendor, and procurement carries subcontract quotes and commitments. A subcontract is not tied to the activities it covers, and a subcontractor has no schedule of their own to coordinate."
P18-REQ-071,Look-Ahead Planning,not_verified,not_built,,schedule calculation; resource/calendar context; baseline/update governance; permission boundaries; linked operational evidence; mapped test results,"There is a Look-ahead button on the schedule screen and nothing behind it. No three or six week window, no constraint screening, no make-ready."
P18-REQ-072,Last Planner & Commitments,not_verified,not_built,,schedule calculation; resource/calendar context; baseline/update governance; permission boundaries; linked operational evidence; mapped test results,"No weekly work plan, no commitments made by the people doing the work, no percent plan complete, no reasons for variance."
P18-REQ-073,Pull Planning,not_verified,not_built,,schedule calculation; resource/calendar context; baseline/update governance; permission boundaries; linked operational evidence; mapped test results,"No pull session, no sticky-note plan captured as logic, no milestone worked backwards from."
P18-REQ-074,Milestones & Contract Dates,verified,built,,schedule calculation; resource/calendar context; baseline/update governance; permission boundaries; linked operational evidence; mapped test results,
P18-REQ-075,Baseline Management,verified,built,,schedule calculation; resource/calendar context; baseline/update governance; permission boundaries; linked operational evidence; mapped test results,
P18-REQ-076,Schedule Update Cycle,not_verified,partial,,schedule calculation; resource/calendar context; baseline/update governance; permission boundaries; linked operational evidence; mapped test results,"Every calculation records its data date and calculations are append-only, so the sequence of updates is preserved and each is comparable to the baseline. There is no period object: nothing closes an update, locks the dates it reported, or refuses progress recorded against a closed period."
P18-REQ-077,Progress Measurement,not_verified,partial,,schedule calculation; resource/calendar context; baseline/update governance; permission boundaries; linked operational evidence; mapped test results,"Installed quantity is recorded against budget, daily reports carry measured production, and the achieved rate is a generated column that cannot disagree with its inputs. percent_complete is a separate stored column that can disagree with installed divided by budgeted; nothing derives one from the other, which is the same shape of defect this phase's finding was about."
P18-REQ-078,Cost & Schedule Integration,not_verified,partial,,schedule calculation; resource/calendar context; baseline/update governance; permission boundaries; linked operational evidence; mapped test results,"Activities carry the estimate line they were budgeted from and the task holding budgeted and actual cost and hours, so cost and schedule share a spine. There is no earned value: nothing computes budgeted cost of work performed, schedule variance in money, or a performance index."
P18-REQ-079,Constraint Management,not_verified,partial,,schedule calculation; resource/calendar context; baseline/update governance; permission boundaries; linked operational evidence; mapped test results,"Date constraints are built and honored, with a warning when one contradicts the logic. Field constraints are not: nothing models an open RFI, a missing permit or an undelivered material as a constraint with an owner and a need-by date, so the blockers a look-ahead meeting is actually about are invisible."
P18-REQ-080,Weather & Calendar Impacts,not_verified,partial,,schedule calculation; resource/calendar context; baseline/update governance; permission boundaries; linked operational evidence; mapped test results,"A NOAA connector rolls hourly observations into the site's calendar day, daily reports carry weather, and calendar efficiency de-rates production for weather in estimating. Nothing turns a weather day into a non-working day on the schedule calendar or into a time-extension entitlement."
P18-REQ-081,Schedule Risk Analysis,not_verified,not_built,,schedule calculation; resource/calendar context; baseline/update governance; permission boundaries; linked operational evidence; mapped test results,"Scenario pricing exists for estimates. Nothing applies three-point durations or simulation to the schedule, so there is no probabilistic completion date."
P18-REQ-082,Recovery & Acceleration,not_verified,not_built,,schedule calculation; resource/calendar context; baseline/update governance; permission boundaries; linked operational evidence; mapped test results,"A baseline can be taken with a recovery reason, which records that it happened. Nothing models crashing an activity, the cost of acceleration, or the trade-off between them."
P18-REQ-083,Delay & Impact Analysis,not_verified,partial,,schedule calculation; resource/calendar context; baseline/update governance; permission boundaries; linked operational evidence; mapped test results,"Contracts carry notice clauses and claims carry database-derived deadlines, and baselines now make variance measurable per activity and for the project finish. There is no time impact analysis: no fragnet inserted into the logic, no windows analysis, no separation of excusable from compensable delay."
P18-REQ-084,Portfolio Capacity Planning,not_verified,not_built,,schedule calculation; resource/calendar context; baseline/update governance; permission boundaries; linked operational evidence; mapped test results,Everything is per project. Nothing aggregates resource demand across projects or compares it with what the company can crew.
P18-REQ-085,What-If & Scenario Planning,not_verified,not_built,,schedule calculation; resource/calendar context; baseline/update governance; permission boundaries; linked operational evidence; mapped test results,"The engine is pure and could be run twice, but nothing stores, names or compares two schedule scenarios, so a what-if leaves no record anyone can review."
P18-REQ-086,AI Schedule Intelligence,not_verified,not_built,,schedule calculation; resource/calendar context; baseline/update governance; permission boundaries; linked operational evidence; mapped test results,"The one AI agent analyzes documents. Nothing assists with a schedule, and under RULE-008 anything that did would propose rather than apply."
P18-REQ-087,Scheduling Digital Twin,not_verified,not_built,,schedule calculation; resource/calendar context; baseline/update governance; permission boundaries; linked operational evidence; mapped test results,"Not built and not planned. A digital twin is in the class of capability the traceability rules exclude globally, because nothing here implements it."
P18-REQ-088,Enterprise Scheduling Core,verified,built,,schedule calculation; resource/calendar context; baseline/update governance; permission boundaries; linked operational evidence; mapped test results,
P18-REQ-089,CPM Scheduling,verified,built,,schedule calculation; resource/calendar context; baseline/update governance; permission boundaries; linked operational evidence; mapped test results,
P18-REQ-090,Work Breakdown Structure,not_verified,partial,,schedule calculation; resource/calendar context; baseline/update governance; permission boundaries; linked operational evidence; mapped test results,"A WBS code is a text column on activities and tasks, and project tasks nest through parent_task_id. Schedule activities do not roll up: there are no summary activities, so a WBS level has no dates, duration or float of its own."
P18-REQ-091,Calendars & Shifts,not_verified,partial,,schedule calculation; resource/calendar context; baseline/update governance; permission boundaries; linked operational evidence; mapped test results,"Calendars are built, with holidays, exception working days and hours per day. A shift is a scalar; there is no second shift, no night differential, and no shift pattern an activity can be scheduled onto."
P18-REQ-092,Resource Planning,verified,built,,schedule calculation; resource/calendar context; baseline/update governance; permission boundaries; linked operational evidence; mapped test results,
P18-REQ-093,Resource Loading,not_verified,partial,,schedule calculation; resource/calendar context; baseline/update governance; permission boundaries; linked operational evidence; mapped test results,"Assignments carry an allocation fraction and dates, so demand is recorded and a machine cannot be double-booked. Nothing aggregates demand into a period-by-period load, and no resource declares a capacity to be loaded against, so there is no over-allocation to see."
P18-REQ-094,Resource Leveling,not_verified,not_built,,schedule calculation; resource/calendar context; baseline/update governance; permission boundaries; linked operational evidence; mapped test results,Nothing shifts activities within their float to smooth resource demand. Bid leveling exists in procurement and is a different thing entirely.
P18-REQ-095,Crew Planning,verified,built,,schedule calculation; resource/calendar context; baseline/update governance; permission boundaries; linked operational evidence; mapped test results,
P18-REQ-096,Equipment Planning,verified,built,,schedule calculation; resource/calendar context; baseline/update governance; permission boundaries; linked operational evidence; mapped test results,
P18-REQ-097,Truck & Haul Planning,not_verified,partial,,schedule calculation; resource/calendar context; baseline/update governance; permission boundaries; linked operational evidence; mapped test results,"The trucking engine computes cycle times, truck counts and haul cost for estimating. Nothing schedules hauls against the calendar or assigns trucks to days, so a haul plan is a cost figure rather than a plan."
P18-REQ-098,Material Planning,not_verified,partial,,schedule calculation; resource/calendar context; baseline/update governance; permission boundaries; linked operational evidence; mapped test results,"Procurement carries quotes, purchase orders, deliveries with dates and inventory with reorder points. No delivery is tied to the schedule activity that needs it, so a late delivery does not appear as a schedule constraint."
P18-REQ-099,Subcontractor Planning,not_verified,partial,,schedule calculation; resource/calendar context; baseline/update governance; permission boundaries; linked operational evidence; mapped test results,"resource_assignments carries a subcontractor kind against a vendor, and procurement carries subcontract quotes and commitments. A subcontract is not tied to the activities it covers, and a subcontractor has no schedule of their own to coordinate."
P18-REQ-100,Look-Ahead Planning,not_verified,not_built,,schedule calculation; resource/calendar context; baseline/update governance; permission boundaries; linked operational evidence; mapped test results,"There is a Look-ahead button on the schedule screen and nothing behind it. No three or six week window, no constraint screening, no make-ready."
P18-REQ-101,Last Planner & Commitments,not_verified,not_built,,schedule calculation; resource/calendar context; baseline/update governance; permission boundaries; linked operational evidence; mapped test results,"No weekly work plan, no commitments made by the people doing the work, no percent plan complete, no reasons for variance."
P18-REQ-102,Pull Planning,not_verified,not_built,,schedule calculation; resource/calendar context; baseline/update governance; permission boundaries; linked operational evidence; mapped test results,"No pull session, no sticky-note plan captured as logic, no milestone worked backwards from."
P18-REQ-103,Milestones & Contract Dates,verified,built,,schedule calculation; resource/calendar context; baseline/update governance; permission boundaries; linked operational evidence; mapped test results,
P18-REQ-104,Baseline Management,verified,built,,schedule calculation; resource/calendar context; baseline/update governance; permission boundaries; linked operational evidence; mapped test results,
P18-REQ-105,Schedule Update Cycle,not_verified,partial,,schedule calculation; resource/calendar context; baseline/update governance; permission boundaries; linked operational evidence; mapped test results,"Every calculation records its data date and calculations are append-only, so the sequence of updates is preserved and each is comparable to the baseline. There is no period object: nothing closes an update, locks the dates it reported, or refuses progress recorded against a closed period."
P18-REQ-106,Progress Measurement,not_verified,partial,,schedule calculation; resource/calendar context; baseline/update governance; permission boundaries; linked operational evidence; mapped test results,"Installed quantity is recorded against budget, daily reports carry measured production, and the achieved rate is a generated column that cannot disagree with its inputs. percent_complete is a separate stored column that can disagree with installed divided by budgeted; nothing derives one from the other, which is the same shape of defect this phase's finding was about."
P18-REQ-107,Cost & Schedule Integration,not_verified,partial,,schedule calculation; resource/calendar context; baseline/update governance; permission boundaries; linked operational evidence; mapped test results,"Activities carry the estimate line they were budgeted from and the task holding budgeted and actual cost and hours, so cost and schedule share a spine. There is no earned value: nothing computes budgeted cost of work performed, schedule variance in money, or a performance index."
P18-REQ-108,Constraint Management,not_verified,partial,,schedule calculation; resource/calendar context; baseline/update governance; permission boundaries; linked operational evidence; mapped test results,"Date constraints are built and honored, with a warning when one contradicts the logic. Field constraints are not: nothing models an open RFI, a missing permit or an undelivered material as a constraint with an owner and a need-by date, so the blockers a look-ahead meeting is actually about are invisible."
P18-REQ-109,Weather & Calendar Impacts,not_verified,partial,,schedule calculation; resource/calendar context; baseline/update governance; permission boundaries; linked operational evidence; mapped test results,"A NOAA connector rolls hourly observations into the site's calendar day, daily reports carry weather, and calendar efficiency de-rates production for weather in estimating. Nothing turns a weather day into a non-working day on the schedule calendar or into a time-extension entitlement."
P18-REQ-110,Schedule Risk Analysis,not_verified,not_built,,schedule calculation; resource/calendar context; baseline/update governance; permission boundaries; linked operational evidence; mapped test results,"Scenario pricing exists for estimates. Nothing applies three-point durations or simulation to the schedule, so there is no probabilistic completion date."
P18-REQ-111,Recovery & Acceleration,not_verified,not_built,,schedule calculation; resource/calendar context; baseline/update governance; permission boundaries; linked operational evidence; mapped test results,"A baseline can be taken with a recovery reason, which records that it happened. Nothing models crashing an activity, the cost of acceleration, or the trade-off between them."
P18-REQ-112,Delay & Impact Analysis,not_verified,partial,,schedule calculation; resource/calendar context; baseline/update governance; permission boundaries; linked operational evidence; mapped test results,"Contracts carry notice clauses and claims carry database-derived deadlines, and baselines now make variance measurable per activity and for the project finish. There is no time impact analysis: no fragnet inserted into the logic, no windows analysis, no separation of excusable from compensable delay."
P18-REQ-113,Portfolio Capacity Planning,not_verified,not_built,,schedule calculation; resource/calendar context; baseline/update governance; permission boundaries; linked operational evidence; mapped test results,Everything is per project. Nothing aggregates resource demand across projects or compares it with what the company can crew.
P18-REQ-114,What-If & Scenario Planning,not_verified,not_built,,schedule calculation; resource/calendar context; baseline/update governance; permission boundaries; linked operational evidence; mapped test results,"The engine is pure and could be run twice, but nothing stores, names or compares two schedule scenarios, so a what-if leaves no record anyone can review."
P18-REQ-115,AI Schedule Intelligence,not_verified,not_built,,schedule calculation; resource/calendar context; baseline/update governance; permission boundaries; linked operational evidence; mapped test results,"The one AI agent analyzes documents. Nothing assists with a schedule, and under RULE-008 anything that did would propose rather than apply."
P18-REQ-116,Scheduling Digital Twin,not_verified,not_built,,schedule calculation; resource/calendar context; baseline/update governance; permission boundaries; linked operational evidence; mapped test results,"Not built and not planned. A digital twin is in the class of capability the traceability rules exclude globally, because nothing here implements it."
P18-REQ-117,Enterprise Scheduling Core,verified,built,,schedule calculation; resource/calendar context; baseline/update governance; permission boundaries; linked operational evidence; mapped test results,
P18-REQ-118,CPM Scheduling,verified,built,,schedule calculation; resource/calendar context; baseline/update governance; permission boundaries; linked operational evidence; mapped test results,
P18-REQ-119,Work Breakdown Structure,not_verified,partial,,schedule calculation; resource/calendar context; baseline/update governance; permission boundaries; linked operational evidence; mapped test results,"A WBS code is a text column on activities and tasks, and project tasks nest through parent_task_id. Schedule activities do not roll up: there are no summary activities, so a WBS level has no dates, duration or float of its own."
P18-REQ-120,Calendars & Shifts,not_verified,partial,,schedule calculation; resource/calendar context; baseline/update governance; permission boundaries; linked operational evidence; mapped test results,"Calendars are built, with holidays, exception working days and hours per day. A shift is a scalar; there is no second shift, no night differential, and no shift pattern an activity can be scheduled onto."
P18-REQ-121,Resource Planning,verified,built,,schedule calculation; resource/calendar context; baseline/update governance; permission boundaries; linked operational evidence; mapped test results,
P18-REQ-122,Resource Loading,not_verified,partial,,schedule calculation; resource/calendar context; baseline/update governance; permission boundaries; linked operational evidence; mapped test results,"Assignments carry an allocation fraction and dates, so demand is recorded and a machine cannot be double-booked. Nothing aggregates demand into a period-by-period load, and no resource declares a capacity to be loaded against, so there is no over-allocation to see."
P18-REQ-123,Resource Leveling,not_verified,not_built,,schedule calculation; resource/calendar context; baseline/update governance; permission boundaries; linked operational evidence; mapped test results,Nothing shifts activities within their float to smooth resource demand. Bid leveling exists in procurement and is a different thing entirely.
P18-REQ-124,Crew Planning,verified,built,,schedule calculation; resource/calendar context; baseline/update governance; permission boundaries; linked operational evidence; mapped test results,
P18-REQ-125,Equipment Planning,verified,built,,schedule calculation; resource/calendar context; baseline/update governance; permission boundaries; linked operational evidence; mapped test results,
P18-REQ-126,Truck & Haul Planning,not_verified,partial,,schedule calculation; resource/calendar context; baseline/update governance; permission boundaries; linked operational evidence; mapped test results,"The trucking engine computes cycle times, truck counts and haul cost for estimating. Nothing schedules hauls against the calendar or assigns trucks to days, so a haul plan is a cost figure rather than a plan."
P18-REQ-127,Material Planning,not_verified,partial,,schedule calculation; resource/calendar context; baseline/update governance; permission boundaries; linked operational evidence; mapped test results,"Procurement carries quotes, purchase orders, deliveries with dates and inventory with reorder points. No delivery is tied to the schedule activity that needs it, so a late delivery does not appear as a schedule constraint."
P18-REQ-128,Subcontractor Planning,not_verified,partial,,schedule calculation; resource/calendar context; baseline/update governance; permission boundaries; linked operational evidence; mapped test results,"resource_assignments carries a subcontractor kind against a vendor, and procurement carries subcontract quotes and commitments. A subcontract is not tied to the activities it covers, and a subcontractor has no schedule of their own to coordinate."
P18-REQ-129,Look-Ahead Planning,not_verified,not_built,,schedule calculation; resource/calendar context; baseline/update governance; permission boundaries; linked operational evidence; mapped test results,"There is a Look-ahead button on the schedule screen and nothing behind it. No three or six week window, no constraint screening, no make-ready."
P18-REQ-130,Last Planner & Commitments,not_verified,not_built,,schedule calculation; resource/calendar context; baseline/update governance; permission boundaries; linked operational evidence; mapped test results,"No weekly work plan, no commitments made by the people doing the work, no percent plan complete, no reasons for variance."
P18-REQ-131,Pull Planning,not_verified,not_built,,schedule calculation; resource/calendar context; baseline/update governance; permission boundaries; linked operational evidence; mapped test results,"No pull session, no sticky-note plan captured as logic, no milestone worked backwards from."
P18-REQ-132,Milestones & Contract Dates,verified,built,,schedule calculation; resource/calendar context; baseline/update governance; permission boundaries; linked operational evidence; mapped test results,
P18-REQ-133,Baseline Management,verified,built,,schedule calculation; resource/calendar context; baseline/update governance; permission boundaries; linked operational evidence; mapped test results,
P18-REQ-134,Schedule Update Cycle,not_verified,partial,,schedule calculation; resource/calendar context; baseline/update governance; permission boundaries; linked operational evidence; mapped test results,"Every calculation records its data date and calculations are append-only, so the sequence of updates is preserved and each is comparable to the baseline. There is no period object: nothing closes an update, locks the dates it reported, or refuses progress recorded against a closed period."
P18-REQ-135,Progress Measurement,not_verified,partial,,schedule calculation; resource/calendar context; baseline/update governance; permission boundaries; linked operational evidence; mapped test results,"Installed quantity is recorded against budget, daily reports carry measured production, and the achieved rate is a generated column that cannot disagree with its inputs. percent_complete is a separate stored column that can disagree with installed divided by budgeted; nothing derives one from the other, which is the same shape of defect this phase's finding was about."
P18-REQ-136,Cost & Schedule Integration,not_verified,partial,,schedule calculation; resource/calendar context; baseline/update governance; permission boundaries; linked operational evidence; mapped test results,"Activities carry the estimate line they were budgeted from and the task holding budgeted and actual cost and hours, so cost and schedule share a spine. There is no earned value: nothing computes budgeted cost of work performed, schedule variance in money, or a performance index."
P18-REQ-137,Constraint Management,not_verified,partial,,schedule calculation; resource/calendar context; baseline/update governance; permission boundaries; linked operational evidence; mapped test results,"Date constraints are built and honored, with a warning when one contradicts the logic. Field constraints are not: nothing models an open RFI, a missing permit or an undelivered material as a constraint with an owner and a need-by date, so the blockers a look-ahead meeting is actually about are invisible."
P18-REQ-138,Weather & Calendar Impacts,not_verified,partial,,schedule calculation; resource/calendar context; baseline/update governance; permission boundaries; linked operational evidence; mapped test results,"A NOAA connector rolls hourly observations into the site's calendar day, daily reports carry weather, and calendar efficiency de-rates production for weather in estimating. Nothing turns a weather day into a non-working day on the schedule calendar or into a time-extension entitlement."
P18-REQ-139,Schedule Risk Analysis,not_verified,not_built,,schedule calculation; resource/calendar context; baseline/update governance; permission boundaries; linked operational evidence; mapped test results,"Scenario pricing exists for estimates. Nothing applies three-point durations or simulation to the schedule, so there is no probabilistic completion date."
P18-REQ-140,Recovery & Acceleration,not_verified,not_built,,schedule calculation; resource/calendar context; baseline/update governance; permission boundaries; linked operational evidence; mapped test results,"A baseline can be taken with a recovery reason, which records that it happened. Nothing models crashing an activity, the cost of acceleration, or the trade-off between them."
P18-REQ-141,Delay & Impact Analysis,not_verified,partial,,schedule calculation; resource/calendar context; baseline/update governance; permission boundaries; linked operational evidence; mapped test results,"Contracts carry notice clauses and claims carry database-derived deadlines, and baselines now make variance measurable per activity and for the project finish. There is no time impact analysis: no fragnet inserted into the logic, no windows analysis, no separation of excusable from compensable delay."
P18-REQ-142,Portfolio Capacity Planning,not_verified,not_built,,schedule calculation; resource/calendar context; baseline/update governance; permission boundaries; linked operational evidence; mapped test results,Everything is per project. Nothing aggregates resource demand across projects or compares it with what the company can crew.
P18-REQ-143,What-If & Scenario Planning,not_verified,not_built,,schedule calculation; resource/calendar context; baseline/update governance; permission boundaries; linked operational evidence; mapped test results,"The engine is pure and could be run twice, but nothing stores, names or compares two schedule scenarios, so a what-if leaves no record anyone can review."
P18-REQ-144,AI Schedule Intelligence,not_verified,not_built,,schedule calculation; resource/calendar context; baseline/update governance; permission boundaries; linked operational evidence; mapped test results,"The one AI agent analyzes documents. Nothing assists with a schedule, and under RULE-008 anything that did would propose rather than apply."
P18-REQ-145,Scheduling Digital Twin,not_verified,not_built,,schedule calculation; resource/calendar context; baseline/update governance; permission boundaries; linked operational evidence; mapped test results,"Not built and not planned. A digital twin is in the class of capability the traceability rules exclude globally, because nothing here implements it."
P18-REQ-146,Enterprise Scheduling Core,verified,built,,schedule calculation; resource/calendar context; baseline/update governance; permission boundaries; linked operational evidence; mapped test results,
P18-REQ-147,CPM Scheduling,verified,built,,schedule calculation; resource/calendar context; baseline/update governance; permission boundaries; linked operational evidence; mapped test results,
P18-REQ-148,Work Breakdown Structure,not_verified,partial,,schedule calculation; resource/calendar context; baseline/update governance; permission boundaries; linked operational evidence; mapped test results,"A WBS code is a text column on activities and tasks, and project tasks nest through parent_task_id. Schedule activities do not roll up: there are no summary activities, so a WBS level has no dates, duration or float of its own."
P18-REQ-149,Calendars & Shifts,not_verified,partial,,schedule calculation; resource/calendar context; baseline/update governance; permission boundaries; linked operational evidence; mapped test results,"Calendars are built, with holidays, exception working days and hours per day. A shift is a scalar; there is no second shift, no night differential, and no shift pattern an activity can be scheduled onto."
P18-REQ-150,Resource Planning,verified,built,,schedule calculation; resource/calendar context; baseline/update governance; permission boundaries; linked operational evidence; mapped test results,
P18-REQ-151,Resource Loading,not_verified,partial,,schedule calculation; resource/calendar context; baseline/update governance; permission boundaries; linked operational evidence; mapped test results,"Assignments carry an allocation fraction and dates, so demand is recorded and a machine cannot be double-booked. Nothing aggregates demand into a period-by-period load, and no resource declares a capacity to be loaded against, so there is no over-allocation to see."
P18-REQ-152,Resource Leveling,not_verified,not_built,,schedule calculation; resource/calendar context; baseline/update governance; permission boundaries; linked operational evidence; mapped test results,Nothing shifts activities within their float to smooth resource demand. Bid leveling exists in procurement and is a different thing entirely.
P18-REQ-153,Crew Planning,verified,built,,schedule calculation; resource/calendar context; baseline/update governance; permission boundaries; linked operational evidence; mapped test results,
P18-REQ-154,Equipment Planning,verified,built,,schedule calculation; resource/calendar context; baseline/update governance; permission boundaries; linked operational evidence; mapped test results,
P18-REQ-155,Truck & Haul Planning,not_verified,partial,,schedule calculation; resource/calendar context; baseline/update governance; permission boundaries; linked operational evidence; mapped test results,"The trucking engine computes cycle times, truck counts and haul cost for estimating. Nothing schedules hauls against the calendar or assigns trucks to days, so a haul plan is a cost figure rather than a plan."
P18-REQ-156,Material Planning,not_verified,partial,,schedule calculation; resource/calendar context; baseline/update governance; permission boundaries; linked operational evidence; mapped test results,"Procurement carries quotes, purchase orders, deliveries with dates and inventory with reorder points. No delivery is tied to the schedule activity that needs it, so a late delivery does not appear as a schedule constraint."
P18-REQ-157,Subcontractor Planning,not_verified,partial,,schedule calculation; resource/calendar context; baseline/update governance; permission boundaries; linked operational evidence; mapped test results,"resource_assignments carries a subcontractor kind against a vendor, and procurement carries subcontract quotes and commitments. A subcontract is not tied to the activities it covers, and a subcontractor has no schedule of their own to coordinate."
P18-REQ-158,Look-Ahead Planning,not_verified,not_built,,schedule calculation; resource/calendar context; baseline/update governance; permission boundaries; linked operational evidence; mapped test results,"There is a Look-ahead button on the schedule screen and nothing behind it. No three or six week window, no constraint screening, no make-ready."
P18-REQ-159,Last Planner & Commitments,not_verified,not_built,,schedule calculation; resource/calendar context; baseline/update governance; permission boundaries; linked operational evidence; mapped test results,"No weekly work plan, no commitments made by the people doing the work, no percent plan complete, no reasons for variance."
P18-REQ-160,Pull Planning,not_verified,not_built,,schedule calculation; resource/calendar context; baseline/update governance; permission boundaries; linked operational evidence; mapped test results,"No pull session, no sticky-note plan captured as logic, no milestone worked backwards from."
P18-REQ-161,Milestones & Contract Dates,verified,built,,schedule calculation; resource/calendar context; baseline/update governance; permission boundaries; linked operational evidence; mapped test results,
P18-REQ-162,Baseline Management,verified,built,,schedule calculation; resource/calendar context; baseline/update governance; permission boundaries; linked operational evidence; mapped test results,
P18-REQ-163,Schedule Update Cycle,not_verified,partial,,schedule calculation; resource/calendar context; baseline/update governance; permission boundaries; linked operational evidence; mapped test results,"Every calculation records its data date and calculations are append-only, so the sequence of updates is preserved and each is comparable to the baseline. There is no period object: nothing closes an update, locks the dates it reported, or refuses progress recorded against a closed period."
P18-REQ-164,Progress Measurement,not_verified,partial,,schedule calculation; resource/calendar context; baseline/update governance; permission boundaries; linked operational evidence; mapped test results,"Installed quantity is recorded against budget, daily reports carry measured production, and the achieved rate is a generated column that cannot disagree with its inputs. percent_complete is a separate stored column that can disagree with installed divided by budgeted; nothing derives one from the other, which is the same shape of defect this phase's finding was about."
P18-REQ-165,Cost & Schedule Integration,not_verified,partial,,schedule calculation; resource/calendar context; baseline/update governance; permission boundaries; linked operational evidence; mapped test results,"Activities carry the estimate line they were budgeted from and the task holding budgeted and actual cost and hours, so cost and schedule share a spine. There is no earned value: nothing computes budgeted cost of work performed, schedule variance in money, or a performance index."
P18-REQ-166,Constraint Management,not_verified,partial,,schedule calculation; resource/calendar context; baseline/update governance; permission boundaries; linked operational evidence; mapped test results,"Date constraints are built and honored, with a warning when one contradicts the logic. Field constraints are not: nothing models an open RFI, a missing permit or an undelivered material as a constraint with an owner and a need-by date, so the blockers a look-ahead meeting is actually about are invisible."
P18-REQ-167,Weather & Calendar Impacts,not_verified,partial,,schedule calculation; resource/calendar context; baseline/update governance; permission boundaries; linked operational evidence; mapped test results,"A NOAA connector rolls hourly observations into the site's calendar day, daily reports carry weather, and calendar efficiency de-rates production for weather in estimating. Nothing turns a weather day into a non-working day on the schedule calendar or into a time-extension entitlement."
P18-REQ-168,Schedule Risk Analysis,not_verified,not_built,,schedule calculation; resource/calendar context; baseline/update governance; permission boundaries; linked operational evidence; mapped test results,"Scenario pricing exists for estimates. Nothing applies three-point durations or simulation to the schedule, so there is no probabilistic completion date."
P18-REQ-169,Recovery & Acceleration,not_verified,not_built,,schedule calculation; resource/calendar context; baseline/update governance; permission boundaries; linked operational evidence; mapped test results,"A baseline can be taken with a recovery reason, which records that it happened. Nothing models crashing an activity, the cost of acceleration, or the trade-off between them."
P18-REQ-170,Delay & Impact Analysis,not_verified,partial,,schedule calculation; resource/calendar context; baseline/update governance; permission boundaries; linked operational evidence; mapped test results,"Contracts carry notice clauses and claims carry database-derived deadlines, and baselines now make variance measurable per activity and for the project finish. There is no time impact analysis: no fragnet inserted into the logic, no windows analysis, no separation of excusable from compensable delay."
P18-REQ-171,Portfolio Capacity Planning,not_verified,not_built,,schedule calculation; resource/calendar context; baseline/update governance; permission boundaries; linked operational evidence; mapped test results,Everything is per project. Nothing aggregates resource demand across projects or compares it with what the company can crew.
P18-REQ-172,What-If & Scenario Planning,not_verified,not_built,,schedule calculation; resource/calendar context; baseline/update governance; permission boundaries; linked operational evidence; mapped test results,"The engine is pure and could be run twice, but nothing stores, names or compares two schedule scenarios, so a what-if leaves no record anyone can review."
P18-REQ-173,AI Schedule Intelligence,not_verified,not_built,,schedule calculation; resource/calendar context; baseline/update governance; permission boundaries; linked operational evidence; mapped test results,"The one AI agent analyzes documents. Nothing assists with a schedule, and under RULE-008 anything that did would propose rather than apply."
P18-REQ-174,Scheduling Digital Twin,not_verified,not_built,,schedule calculation; resource/calendar context; baseline/update governance; permission boundaries; linked operational evidence; mapped test results,"Not built and not planned. A digital twin is in the class of capability the traceability rules exclude globally, because nothing here implements it."
P18-REQ-175,Enterprise Scheduling Core,verified,built,,schedule calculation; resource/calendar context; baseline/update governance; permission boundaries; linked operational evidence; mapped test results,
P18-REQ-176,CPM Scheduling,verified,built,,schedule calculation; resource/calendar context; baseline/update governance; permission boundaries; linked operational evidence; mapped test results,
P18-REQ-177,Work Breakdown Structure,not_verified,partial,,schedule calculation; resource/calendar context; baseline/update governance; permission boundaries; linked operational evidence; mapped test results,"A WBS code is a text column on activities and tasks, and project tasks nest through parent_task_id. Schedule activities do not roll up: there are no summary activities, so a WBS level has no dates, duration or float of its own."
P18-REQ-178,Calendars & Shifts,not_verified,partial,,schedule calculation; resource/calendar context; baseline/update governance; permission boundaries; linked operational evidence; mapped test results,"Calendars are built, with holidays, exception working days and hours per day. A shift is a scalar; there is no second shift, no night differential, and no shift pattern an activity can be scheduled onto."
P18-REQ-179,Resource Planning,verified,built,,schedule calculation; resource/calendar context; baseline/update governance; permission boundaries; linked operational evidence; mapped test results,
P18-REQ-180,Resource Loading,not_verified,partial,,schedule calculation; resource/calendar context; baseline/update governance; permission boundaries; linked operational evidence; mapped test results,"Assignments carry an allocation fraction and dates, so demand is recorded and a machine cannot be double-booked. Nothing aggregates demand into a period-by-period load, and no resource declares a capacity to be loaded against, so there is no over-allocation to see."
P18-REQ-181,Resource Leveling,not_verified,not_built,,schedule calculation; resource/calendar context; baseline/update governance; permission boundaries; linked operational evidence; mapped test results,Nothing shifts activities within their float to smooth resource demand. Bid leveling exists in procurement and is a different thing entirely.
P18-REQ-182,Crew Planning,verified,built,,schedule calculation; resource/calendar context; baseline/update governance; permission boundaries; linked operational evidence; mapped test results,
P18-REQ-183,Equipment Planning,verified,built,,schedule calculation; resource/calendar context; baseline/update governance; permission boundaries; linked operational evidence; mapped test results,
P18-REQ-184,Truck & Haul Planning,not_verified,partial,,schedule calculation; resource/calendar context; baseline/update governance; permission boundaries; linked operational evidence; mapped test results,"The trucking engine computes cycle times, truck counts and haul cost for estimating. Nothing schedules hauls against the calendar or assigns trucks to days, so a haul plan is a cost figure rather than a plan."
P18-REQ-185,Material Planning,not_verified,partial,,schedule calculation; resource/calendar context; baseline/update governance; permission boundaries; linked operational evidence; mapped test results,"Procurement carries quotes, purchase orders, deliveries with dates and inventory with reorder points. No delivery is tied to the schedule activity that needs it, so a late delivery does not appear as a schedule constraint."
P18-REQ-186,Subcontractor Planning,not_verified,partial,,schedule calculation; resource/calendar context; baseline/update governance; permission boundaries; linked operational evidence; mapped test results,"resource_assignments carries a subcontractor kind against a vendor, and procurement carries subcontract quotes and commitments. A subcontract is not tied to the activities it covers, and a subcontractor has no schedule of their own to coordinate."
P18-REQ-187,Look-Ahead Planning,not_verified,not_built,,schedule calculation; resource/calendar context; baseline/update governance; permission boundaries; linked operational evidence; mapped test results,"There is a Look-ahead button on the schedule screen and nothing behind it. No three or six week window, no constraint screening, no make-ready."
P18-REQ-188,Last Planner & Commitments,not_verified,not_built,,schedule calculation; resource/calendar context; baseline/update governance; permission boundaries; linked operational evidence; mapped test results,"No weekly work plan, no commitments made by the people doing the work, no percent plan complete, no reasons for variance."
P18-REQ-189,Pull Planning,not_verified,not_built,,schedule calculation; resource/calendar context; baseline/update governance; permission boundaries; linked operational evidence; mapped test results,"No pull session, no sticky-note plan captured as logic, no milestone worked backwards from."
P18-REQ-190,Milestones & Contract Dates,verified,built,,schedule calculation; resource/calendar context; baseline/update governance; permission boundaries; linked operational evidence; mapped test results,
P18-REQ-191,Baseline Management,verified,built,,schedule calculation; resource/calendar context; baseline/update governance; permission boundaries; linked operational evidence; mapped test results,
P18-REQ-192,Schedule Update Cycle,not_verified,partial,,schedule calculation; resource/calendar context; baseline/update governance; permission boundaries; linked operational evidence; mapped test results,"Every calculation records its data date and calculations are append-only, so the sequence of updates is preserved and each is comparable to the baseline. There is no period object: nothing closes an update, locks the dates it reported, or refuses progress recorded against a closed period."
P18-REQ-193,Progress Measurement,not_verified,partial,,schedule calculation; resource/calendar context; baseline/update governance; permission boundaries; linked operational evidence; mapped test results,"Installed quantity is recorded against budget, daily reports carry measured production, and the achieved rate is a generated column that cannot disagree with its inputs. percent_complete is a separate stored column that can disagree with installed divided by budgeted; nothing derives one from the other, which is the same shape of defect this phase's finding was about."
P18-REQ-194,Cost & Schedule Integration,not_verified,partial,,schedule calculation; resource/calendar context; baseline/update governance; permission boundaries; linked operational evidence; mapped test results,"Activities carry the estimate line they were budgeted from and the task holding budgeted and actual cost and hours, so cost and schedule share a spine. There is no earned value: nothing computes budgeted cost of work performed, schedule variance in money, or a performance index."
P18-REQ-195,Constraint Management,not_verified,partial,,schedule calculation; resource/calendar context; baseline/update governance; permission boundaries; linked operational evidence; mapped test results,"Date constraints are built and honored, with a warning when one contradicts the logic. Field constraints are not: nothing models an open RFI, a missing permit or an undelivered material as a constraint with an owner and a need-by date, so the blockers a look-ahead meeting is actually about are invisible."
P18-REQ-196,Weather & Calendar Impacts,not_verified,partial,,schedule calculation; resource/calendar context; baseline/update governance; permission boundaries; linked operational evidence; mapped test results,"A NOAA connector rolls hourly observations into the site's calendar day, daily reports carry weather, and calendar efficiency de-rates production for weather in estimating. Nothing turns a weather day into a non-working day on the schedule calendar or into a time-extension entitlement."
P18-REQ-197,Schedule Risk Analysis,not_verified,not_built,,schedule calculation; resource/calendar context; baseline/update governance; permission boundaries; linked operational evidence; mapped test results,"Scenario pricing exists for estimates. Nothing applies three-point durations or simulation to the schedule, so there is no probabilistic completion date."
P18-REQ-198,Recovery & Acceleration,not_verified,not_built,,schedule calculation; resource/calendar context; baseline/update governance; permission boundaries; linked operational evidence; mapped test results,"A baseline can be taken with a recovery reason, which records that it happened. Nothing models crashing an activity, the cost of acceleration, or the trade-off between them."
P18-REQ-199,Delay & Impact Analysis,not_verified,partial,,schedule calculation; resource/calendar context; baseline/update governance; permission boundaries; linked operational evidence; mapped test results,"Contracts carry notice clauses and claims carry database-derived deadlines, and baselines now make variance measurable per activity and for the project finish. There is no time impact analysis: no fragnet inserted into the logic, no windows analysis, no separation of excusable from compensable delay."
P18-REQ-200,Portfolio Capacity Planning,not_verified,not_built,,schedule calculation; resource/calendar context; baseline/update governance; permission boundaries; linked operational evidence; mapped test results,Everything is per project. Nothing aggregates resource demand across projects or compares it with what the company can crew.
P18-REQ-201,What-If & Scenario Planning,not_verified,not_built,,schedule calculation; resource/calendar context; baseline/update governance; permission boundaries; linked operational evidence; mapped test results,"The engine is pure and could be run twice, but nothing stores, names or compares two schedule scenarios, so a what-if leaves no record anyone can review."
P18-REQ-202,AI Schedule Intelligence,not_verified,not_built,,schedule calculation; resource/calendar context; baseline/update governance; permission boundaries; linked operational evidence; mapped test results,"The one AI agent analyzes documents. Nothing assists with a schedule, and under RULE-008 anything that did would propose rather than apply."
P18-REQ-203,Scheduling Digital Twin,not_verified,not_built,,schedule calculation; resource/calendar context; baseline/update governance; permission boundaries; linked operational evidence; mapped test results,"Not built and not planned. A digital twin is in the class of capability the traceability rules exclude globally, because nothing here implements it."
P18-REQ-204,Enterprise Scheduling Core,verified,built,,schedule calculation; resource/calendar context; baseline/update governance; permission boundaries; linked operational evidence; mapped test results,
P18-REQ-205,CPM Scheduling,verified,built,,schedule calculation; resource/calendar context; baseline/update governance; permission boundaries; linked operational evidence; mapped test results,
P18-REQ-206,Work Breakdown Structure,not_verified,partial,,schedule calculation; resource/calendar context; baseline/update governance; permission boundaries; linked operational evidence; mapped test results,"A WBS code is a text column on activities and tasks, and project tasks nest through parent_task_id. Schedule activities do not roll up: there are no summary activities, so a WBS level has no dates, duration or float of its own."
P18-REQ-207,Calendars & Shifts,not_verified,partial,,schedule calculation; resource/calendar context; baseline/update governance; permission boundaries; linked operational evidence; mapped test results,"Calendars are built, with holidays, exception working days and hours per day. A shift is a scalar; there is no second shift, no night differential, and no shift pattern an activity can be scheduled onto."
P18-REQ-208,Resource Planning,verified,built,,schedule calculation; resource/calendar context; baseline/update governance; permission boundaries; linked operational evidence; mapped test results,
P18-REQ-209,Resource Loading,not_verified,partial,,schedule calculation; resource/calendar context; baseline/update governance; permission boundaries; linked operational evidence; mapped test results,"Assignments carry an allocation fraction and dates, so demand is recorded and a machine cannot be double-booked. Nothing aggregates demand into a period-by-period load, and no resource declares a capacity to be loaded against, so there is no over-allocation to see."
P18-REQ-210,Resource Leveling,not_verified,not_built,,schedule calculation; resource/calendar context; baseline/update governance; permission boundaries; linked operational evidence; mapped test results,Nothing shifts activities within their float to smooth resource demand. Bid leveling exists in procurement and is a different thing entirely.
P18-REQ-211,Crew Planning,verified,built,,schedule calculation; resource/calendar context; baseline/update governance; permission boundaries; linked operational evidence; mapped test results,
P18-REQ-212,Equipment Planning,verified,built,,schedule calculation; resource/calendar context; baseline/update governance; permission boundaries; linked operational evidence; mapped test results,
P18-REQ-213,Truck & Haul Planning,not_verified,partial,,schedule calculation; resource/calendar context; baseline/update governance; permission boundaries; linked operational evidence; mapped test results,"The trucking engine computes cycle times, truck counts and haul cost for estimating. Nothing schedules hauls against the calendar or assigns trucks to days, so a haul plan is a cost figure rather than a plan."
P18-REQ-214,Material Planning,not_verified,partial,,schedule calculation; resource/calendar context; baseline/update governance; permission boundaries; linked operational evidence; mapped test results,"Procurement carries quotes, purchase orders, deliveries with dates and inventory with reorder points. No delivery is tied to the schedule activity that needs it, so a late delivery does not appear as a schedule constraint."
P18-REQ-215,Subcontractor Planning,not_verified,partial,,schedule calculation; resource/calendar context; baseline/update governance; permission boundaries; linked operational evidence; mapped test results,"resource_assignments carries a subcontractor kind against a vendor, and procurement carries subcontract quotes and commitments. A subcontract is not tied to the activities it covers, and a subcontractor has no schedule of their own to coordinate."
P18-REQ-216,Look-Ahead Planning,not_verified,not_built,,schedule calculation; resource/calendar context; baseline/update governance; permission boundaries; linked operational evidence; mapped test results,"There is a Look-ahead button on the schedule screen and nothing behind it. No three or six week window, no constraint screening, no make-ready."
P18-REQ-217,Last Planner & Commitments,not_verified,not_built,,schedule calculation; resource/calendar context; baseline/update governance; permission boundaries; linked operational evidence; mapped test results,"No weekly work plan, no commitments made by the people doing the work, no percent plan complete, no reasons for variance."
P18-REQ-218,Pull Planning,not_verified,not_built,,schedule calculation; resource/calendar context; baseline/update governance; permission boundaries; linked operational evidence; mapped test results,"No pull session, no sticky-note plan captured as logic, no milestone worked backwards from."
P18-REQ-219,Milestones & Contract Dates,verified,built,,schedule calculation; resource/calendar context; baseline/update governance; permission boundaries; linked operational evidence; mapped test results,
P18-REQ-220,Baseline Management,verified,built,,schedule calculation; resource/calendar context; baseline/update governance; permission boundaries; linked operational evidence; mapped test results,
P18-REQ-221,Schedule Update Cycle,not_verified,partial,,schedule calculation; resource/calendar context; baseline/update governance; permission boundaries; linked operational evidence; mapped test results,"Every calculation records its data date and calculations are append-only, so the sequence of updates is preserved and each is comparable to the baseline. There is no period object: nothing closes an update, locks the dates it reported, or refuses progress recorded against a closed period."
P18-REQ-222,Progress Measurement,not_verified,partial,,schedule calculation; resource/calendar context; baseline/update governance; permission boundaries; linked operational evidence; mapped test results,"Installed quantity is recorded against budget, daily reports carry measured production, and the achieved rate is a generated column that cannot disagree with its inputs. percent_complete is a separate stored column that can disagree with installed divided by budgeted; nothing derives one from the other, which is the same shape of defect this phase's finding was about."
P18-REQ-223,Cost & Schedule Integration,not_verified,partial,,schedule calculation; resource/calendar context; baseline/update governance; permission boundaries; linked operational evidence; mapped test results,"Activities carry the estimate line they were budgeted from and the task holding budgeted and actual cost and hours, so cost and schedule share a spine. There is no earned value: nothing computes budgeted cost of work performed, schedule variance in money, or a performance index."
P18-REQ-224,Constraint Management,not_verified,partial,,schedule calculation; resource/calendar context; baseline/update governance; permission boundaries; linked operational evidence; mapped test results,"Date constraints are built and honored, with a warning when one contradicts the logic. Field constraints are not: nothing models an open RFI, a missing permit or an undelivered material as a constraint with an owner and a need-by date, so the blockers a look-ahead meeting is actually about are invisible."
P18-REQ-225,Weather & Calendar Impacts,not_verified,partial,,schedule calculation; resource/calendar context; baseline/update governance; permission boundaries; linked operational evidence; mapped test results,"A NOAA connector rolls hourly observations into the site's calendar day, daily reports carry weather, and calendar efficiency de-rates production for weather in estimating. Nothing turns a weather day into a non-working day on the schedule calendar or into a time-extension entitlement."
P18-REQ-226,Schedule Risk Analysis,not_verified,not_built,,schedule calculation; resource/calendar context; baseline/update governance; permission boundaries; linked operational evidence; mapped test results,"Scenario pricing exists for estimates. Nothing applies three-point durations or simulation to the schedule, so there is no probabilistic completion date."
P18-REQ-227,Recovery & Acceleration,not_verified,not_built,,schedule calculation; resource/calendar context; baseline/update governance; permission boundaries; linked operational evidence; mapped test results,"A baseline can be taken with a recovery reason, which records that it happened. Nothing models crashing an activity, the cost of acceleration, or the trade-off between them."
P18-REQ-228,Delay & Impact Analysis,not_verified,partial,,schedule calculation; resource/calendar context; baseline/update governance; permission boundaries; linked operational evidence; mapped test results,"Contracts carry notice clauses and claims carry database-derived deadlines, and baselines now make variance measurable per activity and for the project finish. There is no time impact analysis: no fragnet inserted into the logic, no windows analysis, no separation of excusable from compensable delay."
P18-REQ-229,Portfolio Capacity Planning,not_verified,not_built,,schedule calculation; resource/calendar context; baseline/update governance; permission boundaries; linked operational evidence; mapped test results,Everything is per project. Nothing aggregates resource demand across projects or compares it with what the company can crew.
P18-REQ-230,What-If & Scenario Planning,not_verified,not_built,,schedule calculation; resource/calendar context; baseline/update governance; permission boundaries; linked operational evidence; mapped test results,"The engine is pure and could be run twice, but nothing stores, names or compares two schedule scenarios, so a what-if leaves no record anyone can review."
P18-REQ-231,AI Schedule Intelligence,not_verified,not_built,,schedule calculation; resource/calendar context; baseline/update governance; permission boundaries; linked operational evidence; mapped test results,"The one AI agent analyzes documents. Nothing assists with a schedule, and under RULE-008 anything that did would propose rather than apply."
P18-REQ-232,Scheduling Digital Twin,not_verified,not_built,,schedule calculation; resource/calendar context; baseline/update governance; permission boundaries; linked operational evidence; mapped test results,"Not built and not planned. A digital twin is in the class of capability the traceability rules exclude globally, because nothing here implements it."
P18-REQ-233,Enterprise Scheduling Core,verified,built,,schedule calculation; resource/calendar context; baseline/update governance; permission boundaries; linked operational evidence; mapped test results,
P18-REQ-234,CPM Scheduling,verified,built,,schedule calculation; resource/calendar context; baseline/update governance; permission boundaries; linked operational evidence; mapped test results,
P18-REQ-235,Work Breakdown Structure,not_verified,partial,,schedule calculation; resource/calendar context; baseline/update governance; permission boundaries; linked operational evidence; mapped test results,"A WBS code is a text column on activities and tasks, and project tasks nest through parent_task_id. Schedule activities do not roll up: there are no summary activities, so a WBS level has no dates, duration or float of its own."
P18-REQ-236,Calendars & Shifts,not_verified,partial,,schedule calculation; resource/calendar context; baseline/update governance; permission boundaries; linked operational evidence; mapped test results,"Calendars are built, with holidays, exception working days and hours per day. A shift is a scalar; there is no second shift, no night differential, and no shift pattern an activity can be scheduled onto."
P18-REQ-237,Resource Planning,verified,built,,schedule calculation; resource/calendar context; baseline/update governance; permission boundaries; linked operational evidence; mapped test results,
P18-REQ-238,Resource Loading,not_verified,partial,,schedule calculation; resource/calendar context; baseline/update governance; permission boundaries; linked operational evidence; mapped test results,"Assignments carry an allocation fraction and dates, so demand is recorded and a machine cannot be double-booked. Nothing aggregates demand into a period-by-period load, and no resource declares a capacity to be loaded against, so there is no over-allocation to see."
P18-REQ-239,Resource Leveling,not_verified,not_built,,schedule calculation; resource/calendar context; baseline/update governance; permission boundaries; linked operational evidence; mapped test results,Nothing shifts activities within their float to smooth resource demand. Bid leveling exists in procurement and is a different thing entirely.
P18-REQ-240,Crew Planning,verified,built,,schedule calculation; resource/calendar context; baseline/update governance; permission boundaries; linked operational evidence; mapped test results,
P18-REQ-241,Equipment Planning,verified,built,,schedule calculation; resource/calendar context; baseline/update governance; permission boundaries; linked operational evidence; mapped test results,
P18-REQ-242,Truck & Haul Planning,not_verified,partial,,schedule calculation; resource/calendar context; baseline/update governance; permission boundaries; linked operational evidence; mapped test results,"The trucking engine computes cycle times, truck counts and haul cost for estimating. Nothing schedules hauls against the calendar or assigns trucks to days, so a haul plan is a cost figure rather than a plan."
P18-REQ-243,Material Planning,not_verified,partial,,schedule calculation; resource/calendar context; baseline/update governance; permission boundaries; linked operational evidence; mapped test results,"Procurement carries quotes, purchase orders, deliveries with dates and inventory with reorder points. No delivery is tied to the schedule activity that needs it, so a late delivery does not appear as a schedule constraint."
P18-REQ-244,Subcontractor Planning,not_verified,partial,,schedule calculation; resource/calendar context; baseline/update governance; permission boundaries; linked operational evidence; mapped test results,"resource_assignments carries a subcontractor kind against a vendor, and procurement carries subcontract quotes and commitments. A subcontract is not tied to the activities it covers, and a subcontractor has no schedule of their own to coordinate."
P18-REQ-245,Look-Ahead Planning,not_verified,not_built,,schedule calculation; resource/calendar context; baseline/update governance; permission boundaries; linked operational evidence; mapped test results,"There is a Look-ahead button on the schedule screen and nothing behind it. No three or six week window, no constraint screening, no make-ready."
P18-REQ-246,Last Planner & Commitments,not_verified,not_built,,schedule calculation; resource/calendar context; baseline/update governance; permission boundaries; linked operational evidence; mapped test results,"No weekly work plan, no commitments made by the people doing the work, no percent plan complete, no reasons for variance."
P18-REQ-247,Pull Planning,not_verified,not_built,,schedule calculation; resource/calendar context; baseline/update governance; permission boundaries; linked operational evidence; mapped test results,"No pull session, no sticky-note plan captured as logic, no milestone worked backwards from."
P18-REQ-248,Milestones & Contract Dates,verified,built,,schedule calculation; resource/calendar context; baseline/update governance; permission boundaries; linked operational evidence; mapped test results,
P18-REQ-249,Baseline Management,verified,built,,schedule calculation; resource/calendar context; baseline/update governance; permission boundaries; linked operational evidence; mapped test results,
P18-REQ-250,Schedule Update Cycle,not_verified,partial,,schedule calculation; resource/calendar context; baseline/update governance; permission boundaries; linked operational evidence; mapped test results,"Every calculation records its data date and calculations are append-only, so the sequence of updates is preserved and each is comparable to the baseline. There is no period object: nothing closes an update, locks the dates it reported, or refuses progress recorded against a closed period."
P18-REQ-251,Progress Measurement,not_verified,partial,,schedule calculation; resource/calendar context; baseline/update governance; permission boundaries; linked operational evidence; mapped test results,"Installed quantity is recorded against budget, daily reports carry measured production, and the achieved rate is a generated column that cannot disagree with its inputs. percent_complete is a separate stored column that can disagree with installed divided by budgeted; nothing derives one from the other, which is the same shape of defect this phase's finding was about."
P18-REQ-252,Cost & Schedule Integration,not_verified,partial,,schedule calculation; resource/calendar context; baseline/update governance; permission boundaries; linked operational evidence; mapped test results,"Activities carry the estimate line they were budgeted from and the task holding budgeted and actual cost and hours, so cost and schedule share a spine. There is no earned value: nothing computes budgeted cost of work performed, schedule variance in money, or a performance index."
P18-REQ-253,Constraint Management,not_verified,partial,,schedule calculation; resource/calendar context; baseline/update governance; permission boundaries; linked operational evidence; mapped test results,"Date constraints are built and honored, with a warning when one contradicts the logic. Field constraints are not: nothing models an open RFI, a missing permit or an undelivered material as a constraint with an owner and a need-by date, so the blockers a look-ahead meeting is actually about are invisible."
P18-REQ-254,Weather & Calendar Impacts,not_verified,partial,,schedule calculation; resource/calendar context; baseline/update governance; permission boundaries; linked operational evidence; mapped test results,"A NOAA connector rolls hourly observations into the site's calendar day, daily reports carry weather, and calendar efficiency de-rates production for weather in estimating. Nothing turns a weather day into a non-working day on the schedule calendar or into a time-extension entitlement."
P18-REQ-255,Schedule Risk Analysis,not_verified,not_built,,schedule calculation; resource/calendar context; baseline/update governance; permission boundaries; linked operational evidence; mapped test results,"Scenario pricing exists for estimates. Nothing applies three-point durations or simulation to the schedule, so there is no probabilistic completion date."
P18-REQ-256,Recovery & Acceleration,not_verified,not_built,,schedule calculation; resource/calendar context; baseline/update governance; permission boundaries; linked operational evidence; mapped test results,"A baseline can be taken with a recovery reason, which records that it happened. Nothing models crashing an activity, the cost of acceleration, or the trade-off between them."
P18-REQ-257,Delay & Impact Analysis,not_verified,partial,,schedule calculation; resource/calendar context; baseline/update governance; permission boundaries; linked operational evidence; mapped test results,"Contracts carry notice clauses and claims carry database-derived deadlines, and baselines now make variance measurable per activity and for the project finish. There is no time impact analysis: no fragnet inserted into the logic, no windows analysis, no separation of excusable from compensable delay."
P18-REQ-258,Portfolio Capacity Planning,not_verified,not_built,,schedule calculation; resource/calendar context; baseline/update governance; permission boundaries; linked operational evidence; mapped test results,Everything is per project. Nothing aggregates resource demand across projects or compares it with what the company can crew.
P18-REQ-259,What-If & Scenario Planning,not_verified,not_built,,schedule calculation; resource/calendar context; baseline/update governance; permission boundaries; linked operational evidence; mapped test results,"The engine is pure and could be run twice, but nothing stores, names or compares two schedule scenarios, so a what-if leaves no record anyone can review."
P18-REQ-260,AI Schedule Intelligence,not_verified,not_built,,schedule calculation; resource/calendar context; baseline/update governance; permission boundaries; linked operational evidence; mapped test results,"The one AI agent analyzes documents. Nothing assists with a schedule, and under RULE-008 anything that did would propose rather than apply."
P18-REQ-261,Scheduling Digital Twin,not_verified,not_built,,schedule calculation; resource/calendar context; baseline/update governance; permission boundaries; linked operational evidence; mapped test results,"Not built and not planned. A digital twin is in the class of capability the traceability rules exclude globally, because nothing here implements it."
P18-REQ-262,Enterprise Scheduling Core,verified,built,,schedule calculation; resource/calendar context; baseline/update governance; permission boundaries; linked operational evidence; mapped test results,
P18-REQ-263,CPM Scheduling,verified,built,,schedule calculation; resource/calendar context; baseline/update governance; permission boundaries; linked operational evidence; mapped test results,
P18-REQ-264,Work Breakdown Structure,not_verified,partial,,schedule calculation; resource/calendar context; baseline/update governance; permission boundaries; linked operational evidence; mapped test results,"A WBS code is a text column on activities and tasks, and project tasks nest through parent_task_id. Schedule activities do not roll up: there are no summary activities, so a WBS level has no dates, duration or float of its own."
P18-REQ-265,Calendars & Shifts,not_verified,partial,,schedule calculation; resource/calendar context; baseline/update governance; permission boundaries; linked operational evidence; mapped test results,"Calendars are built, with holidays, exception working days and hours per day. A shift is a scalar; there is no second shift, no night differential, and no shift pattern an activity can be scheduled onto."
P18-REQ-266,Resource Planning,verified,built,,schedule calculation; resource/calendar context; baseline/update governance; permission boundaries; linked operational evidence; mapped test results,
P18-REQ-267,Resource Loading,not_verified,partial,,schedule calculation; resource/calendar context; baseline/update governance; permission boundaries; linked operational evidence; mapped test results,"Assignments carry an allocation fraction and dates, so demand is recorded and a machine cannot be double-booked. Nothing aggregates demand into a period-by-period load, and no resource declares a capacity to be loaded against, so there is no over-allocation to see."
P18-REQ-268,Resource Leveling,not_verified,not_built,,schedule calculation; resource/calendar context; baseline/update governance; permission boundaries; linked operational evidence; mapped test results,Nothing shifts activities within their float to smooth resource demand. Bid leveling exists in procurement and is a different thing entirely.
P18-REQ-269,Crew Planning,verified,built,,schedule calculation; resource/calendar context; baseline/update governance; permission boundaries; linked operational evidence; mapped test results,
P18-REQ-270,Equipment Planning,verified,built,,schedule calculation; resource/calendar context; baseline/update governance; permission boundaries; linked operational evidence; mapped test results,
P18-REQ-271,Truck & Haul Planning,not_verified,partial,,schedule calculation; resource/calendar context; baseline/update governance; permission boundaries; linked operational evidence; mapped test results,"The trucking engine computes cycle times, truck counts and haul cost for estimating. Nothing schedules hauls against the calendar or assigns trucks to days, so a haul plan is a cost figure rather than a plan."
P18-REQ-272,Material Planning,not_verified,partial,,schedule calculation; resource/calendar context; baseline/update governance; permission boundaries; linked operational evidence; mapped test results,"Procurement carries quotes, purchase orders, deliveries with dates and inventory with reorder points. No delivery is tied to the schedule activity that needs it, so a late delivery does not appear as a schedule constraint."
P18-REQ-273,Subcontractor Planning,not_verified,partial,,schedule calculation; resource/calendar context; baseline/update governance; permission boundaries; linked operational evidence; mapped test results,"resource_assignments carries a subcontractor kind against a vendor, and procurement carries subcontract quotes and commitments. A subcontract is not tied to the activities it covers, and a subcontractor has no schedule of their own to coordinate."
P18-REQ-274,Look-Ahead Planning,not_verified,not_built,,schedule calculation; resource/calendar context; baseline/update governance; permission boundaries; linked operational evidence; mapped test results,"There is a Look-ahead button on the schedule screen and nothing behind it. No three or six week window, no constraint screening, no make-ready."
P18-REQ-275,Last Planner & Commitments,not_verified,not_built,,schedule calculation; resource/calendar context; baseline/update governance; permission boundaries; linked operational evidence; mapped test results,"No weekly work plan, no commitments made by the people doing the work, no percent plan complete, no reasons for variance."
P18-REQ-276,Pull Planning,not_verified,not_built,,schedule calculation; resource/calendar context; baseline/update governance; permission boundaries; linked operational evidence; mapped test results,"No pull session, no sticky-note plan captured as logic, no milestone worked backwards from."
P18-REQ-277,Milestones & Contract Dates,verified,built,,schedule calculation; resource/calendar context; baseline/update governance; permission boundaries; linked operational evidence; mapped test results,
P18-REQ-278,Baseline Management,verified,built,,schedule calculation; resource/calendar context; baseline/update governance; permission boundaries; linked operational evidence; mapped test results,
P18-REQ-279,Schedule Update Cycle,not_verified,partial,,schedule calculation; resource/calendar context; baseline/update governance; permission boundaries; linked operational evidence; mapped test results,"Every calculation records its data date and calculations are append-only, so the sequence of updates is preserved and each is comparable to the baseline. There is no period object: nothing closes an update, locks the dates it reported, or refuses progress recorded against a closed period."
P18-REQ-280,Progress Measurement,not_verified,partial,,schedule calculation; resource/calendar context; baseline/update governance; permission boundaries; linked operational evidence; mapped test results,"Installed quantity is recorded against budget, daily reports carry measured production, and the achieved rate is a generated column that cannot disagree with its inputs. percent_complete is a separate stored column that can disagree with installed divided by budgeted; nothing derives one from the other, which is the same shape of defect this phase's finding was about."
P18-REQ-281,Cost & Schedule Integration,not_verified,partial,,schedule calculation; resource/calendar context; baseline/update governance; permission boundaries; linked operational evidence; mapped test results,"Activities carry the estimate line they were budgeted from and the task holding budgeted and actual cost and hours, so cost and schedule share a spine. There is no earned value: nothing computes budgeted cost of work performed, schedule variance in money, or a performance index."
P18-REQ-282,Constraint Management,not_verified,partial,,schedule calculation; resource/calendar context; baseline/update governance; permission boundaries; linked operational evidence; mapped test results,"Date constraints are built and honored, with a warning when one contradicts the logic. Field constraints are not: nothing models an open RFI, a missing permit or an undelivered material as a constraint with an owner and a need-by date, so the blockers a look-ahead meeting is actually about are invisible."
P18-REQ-283,Weather & Calendar Impacts,not_verified,partial,,schedule calculation; resource/calendar context; baseline/update governance; permission boundaries; linked operational evidence; mapped test results,"A NOAA connector rolls hourly observations into the site's calendar day, daily reports carry weather, and calendar efficiency de-rates production for weather in estimating. Nothing turns a weather day into a non-working day on the schedule calendar or into a time-extension entitlement."
P18-REQ-284,Schedule Risk Analysis,not_verified,not_built,,schedule calculation; resource/calendar context; baseline/update governance; permission boundaries; linked operational evidence; mapped test results,"Scenario pricing exists for estimates. Nothing applies three-point durations or simulation to the schedule, so there is no probabilistic completion date."
P18-REQ-285,Recovery & Acceleration,not_verified,not_built,,schedule calculation; resource/calendar context; baseline/update governance; permission boundaries; linked operational evidence; mapped test results,"A baseline can be taken with a recovery reason, which records that it happened. Nothing models crashing an activity, the cost of acceleration, or the trade-off between them."
P18-REQ-286,Delay & Impact Analysis,not_verified,partial,,schedule calculation; resource/calendar context; baseline/update governance; permission boundaries; linked operational evidence; mapped test results,"Contracts carry notice clauses and claims carry database-derived deadlines, and baselines now make variance measurable per activity and for the project finish. There is no time impact analysis: no fragnet inserted into the logic, no windows analysis, no separation of excusable from compensable delay."
P18-REQ-287,Portfolio Capacity Planning,not_verified,not_built,,schedule calculation; resource/calendar context; baseline/update governance; permission boundaries; linked operational evidence; mapped test results,Everything is per project. Nothing aggregates resource demand across projects or compares it with what the company can crew.
P18-REQ-288,What-If & Scenario Planning,not_verified,not_built,,schedule calculation; resource/calendar context; baseline/update governance; permission boundaries; linked operational evidence; mapped test results,"The engine is pure and could be run twice, but nothing stores, names or compares two schedule scenarios, so a what-if leaves no record anyone can review."
P18-REQ-289,AI Schedule Intelligence,not_verified,not_built,,schedule calculation; resource/calendar context; baseline/update governance; permission boundaries; linked operational evidence; mapped test results,"The one AI agent analyzes documents. Nothing assists with a schedule, and under RULE-008 anything that did would propose rather than apply."
P18-REQ-290,Scheduling Digital Twin,not_verified,not_built,,schedule calculation; resource/calendar context; baseline/update governance; permission boundaries; linked operational evidence; mapped test results,"Not built and not planned. A digital twin is in the class of capability the traceability rules exclude globally, because nothing here implements it."
P18-REQ-291,Enterprise Scheduling Core,verified,built,,schedule calculation; resource/calendar context; baseline/update governance; permission boundaries; linked operational evidence; mapped test results,
P18-REQ-292,CPM Scheduling,verified,built,,schedule calculation; resource/calendar context; baseline/update governance; permission boundaries; linked operational evidence; mapped test results,
P18-REQ-293,Work Breakdown Structure,not_verified,partial,,schedule calculation; resource/calendar context; baseline/update governance; permission boundaries; linked operational evidence; mapped test results,"A WBS code is a text column on activities and tasks, and project tasks nest through parent_task_id. Schedule activities do not roll up: there are no summary activities, so a WBS level has no dates, duration or float of its own."
P18-REQ-294,Calendars & Shifts,not_verified,partial,,schedule calculation; resource/calendar context; baseline/update governance; permission boundaries; linked operational evidence; mapped test results,"Calendars are built, with holidays, exception working days and hours per day. A shift is a scalar; there is no second shift, no night differential, and no shift pattern an activity can be scheduled onto."
P18-REQ-295,Resource Planning,verified,built,,schedule calculation; resource/calendar context; baseline/update governance; permission boundaries; linked operational evidence; mapped test results,
P18-REQ-296,Resource Loading,not_verified,partial,,schedule calculation; resource/calendar context; baseline/update governance; permission boundaries; linked operational evidence; mapped test results,"Assignments carry an allocation fraction and dates, so demand is recorded and a machine cannot be double-booked. Nothing aggregates demand into a period-by-period load, and no resource declares a capacity to be loaded against, so there is no over-allocation to see."
P18-REQ-297,Resource Leveling,not_verified,not_built,,schedule calculation; resource/calendar context; baseline/update governance; permission boundaries; linked operational evidence; mapped test results,Nothing shifts activities within their float to smooth resource demand. Bid leveling exists in procurement and is a different thing entirely.
P18-REQ-298,Crew Planning,verified,built,,schedule calculation; resource/calendar context; baseline/update governance; permission boundaries; linked operational evidence; mapped test results,
P18-REQ-299,Equipment Planning,verified,built,,schedule calculation; resource/calendar context; baseline/update governance; permission boundaries; linked operational evidence; mapped test results,
P18-REQ-300,Truck & Haul Planning,not_verified,partial,,schedule calculation; resource/calendar context; baseline/update governance; permission boundaries; linked operational evidence; mapped test results,"The trucking engine computes cycle times, truck counts and haul cost for estimating. Nothing schedules hauls against the calendar or assigns trucks to days, so a haul plan is a cost figure rather than a plan."
P18-REQ-301,Material Planning,not_verified,partial,,schedule calculation; resource/calendar context; baseline/update governance; permission boundaries; linked operational evidence; mapped test results,"Procurement carries quotes, purchase orders, deliveries with dates and inventory with reorder points. No delivery is tied to the schedule activity that needs it, so a late delivery does not appear as a schedule constraint."
P18-REQ-302,Subcontractor Planning,not_verified,partial,,schedule calculation; resource/calendar context; baseline/update governance; permission boundaries; linked operational evidence; mapped test results,"resource_assignments carries a subcontractor kind against a vendor, and procurement carries subcontract quotes and commitments. A subcontract is not tied to the activities it covers, and a subcontractor has no schedule of their own to coordinate."
P18-REQ-303,Look-Ahead Planning,not_verified,not_built,,schedule calculation; resource/calendar context; baseline/update governance; permission boundaries; linked operational evidence; mapped test results,"There is a Look-ahead button on the schedule screen and nothing behind it. No three or six week window, no constraint screening, no make-ready."
P18-REQ-304,Last Planner & Commitments,not_verified,not_built,,schedule calculation; resource/calendar context; baseline/update governance; permission boundaries; linked operational evidence; mapped test results,"No weekly work plan, no commitments made by the people doing the work, no percent plan complete, no reasons for variance."
P18-REQ-305,Pull Planning,not_verified,not_built,,schedule calculation; resource/calendar context; baseline/update governance; permission boundaries; linked operational evidence; mapped test results,"No pull session, no sticky-note plan captured as logic, no milestone worked backwards from."
P18-REQ-306,Milestones & Contract Dates,verified,built,,schedule calculation; resource/calendar context; baseline/update governance; permission boundaries; linked operational evidence; mapped test results,
P18-REQ-307,Baseline Management,verified,built,,schedule calculation; resource/calendar context; baseline/update governance; permission boundaries; linked operational evidence; mapped test results,
P18-REQ-308,Schedule Update Cycle,not_verified,partial,,schedule calculation; resource/calendar context; baseline/update governance; permission boundaries; linked operational evidence; mapped test results,"Every calculation records its data date and calculations are append-only, so the sequence of updates is preserved and each is comparable to the baseline. There is no period object: nothing closes an update, locks the dates it reported, or refuses progress recorded against a closed period."
P18-REQ-309,Progress Measurement,not_verified,partial,,schedule calculation; resource/calendar context; baseline/update governance; permission boundaries; linked operational evidence; mapped test results,"Installed quantity is recorded against budget, daily reports carry measured production, and the achieved rate is a generated column that cannot disagree with its inputs. percent_complete is a separate stored column that can disagree with installed divided by budgeted; nothing derives one from the other, which is the same shape of defect this phase's finding was about."
P18-REQ-310,Cost & Schedule Integration,not_verified,partial,,schedule calculation; resource/calendar context; baseline/update governance; permission boundaries; linked operational evidence; mapped test results,"Activities carry the estimate line they were budgeted from and the task holding budgeted and actual cost and hours, so cost and schedule share a spine. There is no earned value: nothing computes budgeted cost of work performed, schedule variance in money, or a performance index."
P18-REQ-311,Constraint Management,not_verified,partial,,schedule calculation; resource/calendar context; baseline/update governance; permission boundaries; linked operational evidence; mapped test results,"Date constraints are built and honored, with a warning when one contradicts the logic. Field constraints are not: nothing models an open RFI, a missing permit or an undelivered material as a constraint with an owner and a need-by date, so the blockers a look-ahead meeting is actually about are invisible."
P18-REQ-312,Weather & Calendar Impacts,not_verified,partial,,schedule calculation; resource/calendar context; baseline/update governance; permission boundaries; linked operational evidence; mapped test results,"A NOAA connector rolls hourly observations into the site's calendar day, daily reports carry weather, and calendar efficiency de-rates production for weather in estimating. Nothing turns a weather day into a non-working day on the schedule calendar or into a time-extension entitlement."
P18-REQ-313,Schedule Risk Analysis,not_verified,not_built,,schedule calculation; resource/calendar context; baseline/update governance; permission boundaries; linked operational evidence; mapped test results,"Scenario pricing exists for estimates. Nothing applies three-point durations or simulation to the schedule, so there is no probabilistic completion date."
P18-REQ-314,Recovery & Acceleration,not_verified,not_built,,schedule calculation; resource/calendar context; baseline/update governance; permission boundaries; linked operational evidence; mapped test results,"A baseline can be taken with a recovery reason, which records that it happened. Nothing models crashing an activity, the cost of acceleration, or the trade-off between them."
P18-REQ-315,Delay & Impact Analysis,not_verified,partial,,schedule calculation; resource/calendar context; baseline/update governance; permission boundaries; linked operational evidence; mapped test results,"Contracts carry notice clauses and claims carry database-derived deadlines, and baselines now make variance measurable per activity and for the project finish. There is no time impact analysis: no fragnet inserted into the logic, no windows analysis, no separation of excusable from compensable delay."
P18-REQ-316,Portfolio Capacity Planning,not_verified,not_built,,schedule calculation; resource/calendar context; baseline/update governance; permission boundaries; linked operational evidence; mapped test results,Everything is per project. Nothing aggregates resource demand across projects or compares it with what the company can crew.
P18-REQ-317,What-If & Scenario Planning,not_verified,not_built,,schedule calculation; resource/calendar context; baseline/update governance; permission boundaries; linked operational evidence; mapped test results,"The engine is pure and could be run twice, but nothing stores, names or compares two schedule scenarios, so a what-if leaves no record anyone can review."
P18-REQ-318,AI Schedule Intelligence,not_verified,not_built,,schedule calculation; resource/calendar context; baseline/update governance; permission boundaries; linked operational evidence; mapped test results,"The one AI agent analyzes documents. Nothing assists with a schedule, and under RULE-008 anything that did would propose rather than apply."
P18-REQ-319,Scheduling Digital Twin,not_verified,not_built,,schedule calculation; resource/calendar context; baseline/update governance; permission boundaries; linked operational evidence; mapped test results,"Not built and not planned. A digital twin is in the class of capability the traceability rules exclude globally, because nothing here implements it."
P18-REQ-320,Enterprise Scheduling Core,verified,built,,schedule calculation; resource/calendar context; baseline/update governance; permission boundaries; linked operational evidence; mapped test results,
P18-REQ-321,CPM Scheduling,verified,built,,schedule calculation; resource/calendar context; baseline/update governance; permission boundaries; linked operational evidence; mapped test results,
P18-REQ-322,Work Breakdown Structure,not_verified,partial,,schedule calculation; resource/calendar context; baseline/update governance; permission boundaries; linked operational evidence; mapped test results,"A WBS code is a text column on activities and tasks, and project tasks nest through parent_task_id. Schedule activities do not roll up: there are no summary activities, so a WBS level has no dates, duration or float of its own."
P18-REQ-323,Calendars & Shifts,not_verified,partial,,schedule calculation; resource/calendar context; baseline/update governance; permission boundaries; linked operational evidence; mapped test results,"Calendars are built, with holidays, exception working days and hours per day. A shift is a scalar; there is no second shift, no night differential, and no shift pattern an activity can be scheduled onto."
P18-REQ-324,Resource Planning,verified,built,,schedule calculation; resource/calendar context; baseline/update governance; permission boundaries; linked operational evidence; mapped test results,
P18-REQ-325,Resource Loading,not_verified,partial,,schedule calculation; resource/calendar context; baseline/update governance; permission boundaries; linked operational evidence; mapped test results,"Assignments carry an allocation fraction and dates, so demand is recorded and a machine cannot be double-booked. Nothing aggregates demand into a period-by-period load, and no resource declares a capacity to be loaded against, so there is no over-allocation to see."
P18-REQ-326,Resource Leveling,not_verified,not_built,,schedule calculation; resource/calendar context; baseline/update governance; permission boundaries; linked operational evidence; mapped test results,Nothing shifts activities within their float to smooth resource demand. Bid leveling exists in procurement and is a different thing entirely.
P18-REQ-327,Crew Planning,verified,built,,schedule calculation; resource/calendar context; baseline/update governance; permission boundaries; linked operational evidence; mapped test results,
P18-REQ-328,Equipment Planning,verified,built,,schedule calculation; resource/calendar context; baseline/update governance; permission boundaries; linked operational evidence; mapped test results,
P18-REQ-329,Truck & Haul Planning,not_verified,partial,,schedule calculation; resource/calendar context; baseline/update governance; permission boundaries; linked operational evidence; mapped test results,"The trucking engine computes cycle times, truck counts and haul cost for estimating. Nothing schedules hauls against the calendar or assigns trucks to days, so a haul plan is a cost figure rather than a plan."
P18-REQ-330,Material Planning,not_verified,partial,,schedule calculation; resource/calendar context; baseline/update governance; permission boundaries; linked operational evidence; mapped test results,"Procurement carries quotes, purchase orders, deliveries with dates and inventory with reorder points. No delivery is tied to the schedule activity that needs it, so a late delivery does not appear as a schedule constraint."
P18-REQ-331,Subcontractor Planning,not_verified,partial,,schedule calculation; resource/calendar context; baseline/update governance; permission boundaries; linked operational evidence; mapped test results,"resource_assignments carries a subcontractor kind against a vendor, and procurement carries subcontract quotes and commitments. A subcontract is not tied to the activities it covers, and a subcontractor has no schedule of their own to coordinate."
P18-REQ-332,Look-Ahead Planning,not_verified,not_built,,schedule calculation; resource/calendar context; baseline/update governance; permission boundaries; linked operational evidence; mapped test results,"There is a Look-ahead button on the schedule screen and nothing behind it. No three or six week window, no constraint screening, no make-ready."
P18-REQ-333,Last Planner & Commitments,not_verified,not_built,,schedule calculation; resource/calendar context; baseline/update governance; permission boundaries; linked operational evidence; mapped test results,"No weekly work plan, no commitments made by the people doing the work, no percent plan complete, no reasons for variance."
P18-REQ-334,Pull Planning,not_verified,not_built,,schedule calculation; resource/calendar context; baseline/update governance; permission boundaries; linked operational evidence; mapped test results,"No pull session, no sticky-note plan captured as logic, no milestone worked backwards from."
P18-REQ-335,Milestones & Contract Dates,verified,built,,schedule calculation; resource/calendar context; baseline/update governance; permission boundaries; linked operational evidence; mapped test results,
P18-REQ-336,Baseline Management,verified,built,,schedule calculation; resource/calendar context; baseline/update governance; permission boundaries; linked operational evidence; mapped test results,
P18-REQ-337,Schedule Update Cycle,not_verified,partial,,schedule calculation; resource/calendar context; baseline/update governance; permission boundaries; linked operational evidence; mapped test results,"Every calculation records its data date and calculations are append-only, so the sequence of updates is preserved and each is comparable to the baseline. There is no period object: nothing closes an update, locks the dates it reported, or refuses progress recorded against a closed period."
P18-REQ-338,Progress Measurement,not_verified,partial,,schedule calculation; resource/calendar context; baseline/update governance; permission boundaries; linked operational evidence; mapped test results,"Installed quantity is recorded against budget, daily reports carry measured production, and the achieved rate is a generated column that cannot disagree with its inputs. percent_complete is a separate stored column that can disagree with installed divided by budgeted; nothing derives one from the other, which is the same shape of defect this phase's finding was about."
P18-REQ-339,Cost & Schedule Integration,not_verified,partial,,schedule calculation; resource/calendar context; baseline/update governance; permission boundaries; linked operational evidence; mapped test results,"Activities carry the estimate line they were budgeted from and the task holding budgeted and actual cost and hours, so cost and schedule share a spine. There is no earned value: nothing computes budgeted cost of work performed, schedule variance in money, or a performance index."
P18-REQ-340,Constraint Management,not_verified,partial,,schedule calculation; resource/calendar context; baseline/update governance; permission boundaries; linked operational evidence; mapped test results,"Date constraints are built and honored, with a warning when one contradicts the logic. Field constraints are not: nothing models an open RFI, a missing permit or an undelivered material as a constraint with an owner and a need-by date, so the blockers a look-ahead meeting is actually about are invisible."
P18-REQ-341,Weather & Calendar Impacts,not_verified,partial,,schedule calculation; resource/calendar context; baseline/update governance; permission boundaries; linked operational evidence; mapped test results,"A NOAA connector rolls hourly observations into the site's calendar day, daily reports carry weather, and calendar efficiency de-rates production for weather in estimating. Nothing turns a weather day into a non-working day on the schedule calendar or into a time-extension entitlement."
P18-REQ-342,Schedule Risk Analysis,not_verified,not_built,,schedule calculation; resource/calendar context; baseline/update governance; permission boundaries; linked operational evidence; mapped test results,"Scenario pricing exists for estimates. Nothing applies three-point durations or simulation to the schedule, so there is no probabilistic completion date."
P18-REQ-343,Recovery & Acceleration,not_verified,not_built,,schedule calculation; resource/calendar context; baseline/update governance; permission boundaries; linked operational evidence; mapped test results,"A baseline can be taken with a recovery reason, which records that it happened. Nothing models crashing an activity, the cost of acceleration, or the trade-off between them."
P18-REQ-344,Delay & Impact Analysis,not_verified,partial,,schedule calculation; resource/calendar context; baseline/update governance; permission boundaries; linked operational evidence; mapped test results,"Contracts carry notice clauses and claims carry database-derived deadlines, and baselines now make variance measurable per activity and for the project finish. There is no time impact analysis: no fragnet inserted into the logic, no windows analysis, no separation of excusable from compensable delay."
P18-REQ-345,Portfolio Capacity Planning,not_verified,not_built,,schedule calculation; resource/calendar context; baseline/update governance; permission boundaries; linked operational evidence; mapped test results,Everything is per project. Nothing aggregates resource demand across projects or compares it with what the company can crew.
P18-REQ-346,What-If & Scenario Planning,not_verified,not_built,,schedule calculation; resource/calendar context; baseline/update governance; permission boundaries; linked operational evidence; mapped test results,"The engine is pure and could be run twice, but nothing stores, names or compares two schedule scenarios, so a what-if leaves no record anyone can review."
P18-REQ-347,AI Schedule Intelligence,not_verified,not_built,,schedule calculation; resource/calendar context; baseline/update governance; permission boundaries; linked operational evidence; mapped test results,"The one AI agent analyzes documents. Nothing assists with a schedule, and under RULE-008 anything that did would propose rather than apply."
P18-REQ-348,Scheduling Digital Twin,not_verified,not_built,,schedule calculation; resource/calendar context; baseline/update governance; permission boundaries; linked operational evidence; mapped test results,"Not built and not planned. A digital twin is in the class of capability the traceability rules exclude globally, because nothing here implements it."
P18-REQ-349,Enterprise Scheduling Core,verified,built,,schedule calculation; resource/calendar context; baseline/update governance; permission boundaries; linked operational evidence; mapped test results,
P18-REQ-350,CPM Scheduling,verified,built,,schedule calculation; resource/calendar context; baseline/update governance; permission boundaries; linked operational evidence; mapped test results,
P18-REQ-351,Work Breakdown Structure,not_verified,partial,,schedule calculation; resource/calendar context; baseline/update governance; permission boundaries; linked operational evidence; mapped test results,"A WBS code is a text column on activities and tasks, and project tasks nest through parent_task_id. Schedule activities do not roll up: there are no summary activities, so a WBS level has no dates, duration or float of its own."
P18-REQ-352,Calendars & Shifts,not_verified,partial,,schedule calculation; resource/calendar context; baseline/update governance; permission boundaries; linked operational evidence; mapped test results,"Calendars are built, with holidays, exception working days and hours per day. A shift is a scalar; there is no second shift, no night differential, and no shift pattern an activity can be scheduled onto."
P18-REQ-353,Resource Planning,verified,built,,schedule calculation; resource/calendar context; baseline/update governance; permission boundaries; linked operational evidence; mapped test results,
P18-REQ-354,Resource Loading,not_verified,partial,,schedule calculation; resource/calendar context; baseline/update governance; permission boundaries; linked operational evidence; mapped test results,"Assignments carry an allocation fraction and dates, so demand is recorded and a machine cannot be double-booked. Nothing aggregates demand into a period-by-period load, and no resource declares a capacity to be loaded against, so there is no over-allocation to see."
P18-REQ-355,Resource Leveling,not_verified,not_built,,schedule calculation; resource/calendar context; baseline/update governance; permission boundaries; linked operational evidence; mapped test results,Nothing shifts activities within their float to smooth resource demand. Bid leveling exists in procurement and is a different thing entirely.
P18-REQ-356,Crew Planning,verified,built,,schedule calculation; resource/calendar context; baseline/update governance; permission boundaries; linked operational evidence; mapped test results,
P18-REQ-357,Equipment Planning,verified,built,,schedule calculation; resource/calendar context; baseline/update governance; permission boundaries; linked operational evidence; mapped test results,
P18-REQ-358,Truck & Haul Planning,not_verified,partial,,schedule calculation; resource/calendar context; baseline/update governance; permission boundaries; linked operational evidence; mapped test results,"The trucking engine computes cycle times, truck counts and haul cost for estimating. Nothing schedules hauls against the calendar or assigns trucks to days, so a haul plan is a cost figure rather than a plan."
P18-REQ-359,Material Planning,not_verified,partial,,schedule calculation; resource/calendar context; baseline/update governance; permission boundaries; linked operational evidence; mapped test results,"Procurement carries quotes, purchase orders, deliveries with dates and inventory with reorder points. No delivery is tied to the schedule activity that needs it, so a late delivery does not appear as a schedule constraint."
P18-REQ-360,Subcontractor Planning,not_verified,partial,,schedule calculation; resource/calendar context; baseline/update governance; permission boundaries; linked operational evidence; mapped test results,"resource_assignments carries a subcontractor kind against a vendor, and procurement carries subcontract quotes and commitments. A subcontract is not tied to the activities it covers, and a subcontractor has no schedule of their own to coordinate."
P18-REQ-361,Look-Ahead Planning,not_verified,not_built,,schedule calculation; resource/calendar context; baseline/update governance; permission boundaries; linked operational evidence; mapped test results,"There is a Look-ahead button on the schedule screen and nothing behind it. No three or six week window, no constraint screening, no make-ready."
P18-REQ-362,Last Planner & Commitments,not_verified,not_built,,schedule calculation; resource/calendar context; baseline/update governance; permission boundaries; linked operational evidence; mapped test results,"No weekly work plan, no commitments made by the people doing the work, no percent plan complete, no reasons for variance."
P18-REQ-363,Pull Planning,not_verified,not_built,,schedule calculation; resource/calendar context; baseline/update governance; permission boundaries; linked operational evidence; mapped test results,"No pull session, no sticky-note plan captured as logic, no milestone worked backwards from."
P18-REQ-364,Milestones & Contract Dates,verified,built,,schedule calculation; resource/calendar context; baseline/update governance; permission boundaries; linked operational evidence; mapped test results,
P18-REQ-365,Baseline Management,verified,built,,schedule calculation; resource/calendar context; baseline/update governance; permission boundaries; linked operational evidence; mapped test results,
P18-REQ-366,Schedule Update Cycle,not_verified,partial,,schedule calculation; resource/calendar context; baseline/update governance; permission boundaries; linked operational evidence; mapped test results,"Every calculation records its data date and calculations are append-only, so the sequence of updates is preserved and each is comparable to the baseline. There is no period object: nothing closes an update, locks the dates it reported, or refuses progress recorded against a closed period."
P18-REQ-367,Progress Measurement,not_verified,partial,,schedule calculation; resource/calendar context; baseline/update governance; permission boundaries; linked operational evidence; mapped test results,"Installed quantity is recorded against budget, daily reports carry measured production, and the achieved rate is a generated column that cannot disagree with its inputs. percent_complete is a separate stored column that can disagree with installed divided by budgeted; nothing derives one from the other, which is the same shape of defect this phase's finding was about."
P18-REQ-368,Cost & Schedule Integration,not_verified,partial,,schedule calculation; resource/calendar context; baseline/update governance; permission boundaries; linked operational evidence; mapped test results,"Activities carry the estimate line they were budgeted from and the task holding budgeted and actual cost and hours, so cost and schedule share a spine. There is no earned value: nothing computes budgeted cost of work performed, schedule variance in money, or a performance index."
P18-REQ-369,Constraint Management,not_verified,partial,,schedule calculation; resource/calendar context; baseline/update governance; permission boundaries; linked operational evidence; mapped test results,"Date constraints are built and honored, with a warning when one contradicts the logic. Field constraints are not: nothing models an open RFI, a missing permit or an undelivered material as a constraint with an owner and a need-by date, so the blockers a look-ahead meeting is actually about are invisible."
P18-REQ-370,Weather & Calendar Impacts,not_verified,partial,,schedule calculation; resource/calendar context; baseline/update governance; permission boundaries; linked operational evidence; mapped test results,"A NOAA connector rolls hourly observations into the site's calendar day, daily reports carry weather, and calendar efficiency de-rates production for weather in estimating. Nothing turns a weather day into a non-working day on the schedule calendar or into a time-extension entitlement."
P18-REQ-371,Schedule Risk Analysis,not_verified,not_built,,schedule calculation; resource/calendar context; baseline/update governance; permission boundaries; linked operational evidence; mapped test results,"Scenario pricing exists for estimates. Nothing applies three-point durations or simulation to the schedule, so there is no probabilistic completion date."
P18-REQ-372,Recovery & Acceleration,not_verified,not_built,,schedule calculation; resource/calendar context; baseline/update governance; permission boundaries; linked operational evidence; mapped test results,"A baseline can be taken with a recovery reason, which records that it happened. Nothing models crashing an activity, the cost of acceleration, or the trade-off between them."
P18-REQ-373,Delay & Impact Analysis,not_verified,partial,,schedule calculation; resource/calendar context; baseline/update governance; permission boundaries; linked operational evidence; mapped test results,"Contracts carry notice clauses and claims carry database-derived deadlines, and baselines now make variance measurable per activity and for the project finish. There is no time impact analysis: no fragnet inserted into the logic, no windows analysis, no separation of excusable from compensable delay."
P18-REQ-374,Portfolio Capacity Planning,not_verified,not_built,,schedule calculation; resource/calendar context; baseline/update governance; permission boundaries; linked operational evidence; mapped test results,Everything is per project. Nothing aggregates resource demand across projects or compares it with what the company can crew.
P18-REQ-375,What-If & Scenario Planning,not_verified,not_built,,schedule calculation; resource/calendar context; baseline/update governance; permission boundaries; linked operational evidence; mapped test results,"The engine is pure and could be run twice, but nothing stores, names or compares two schedule scenarios, so a what-if leaves no record anyone can review."
P18-REQ-376,AI Schedule Intelligence,not_verified,not_built,,schedule calculation; resource/calendar context; baseline/update governance; permission boundaries; linked operational evidence; mapped test results,"The one AI agent analyzes documents. Nothing assists with a schedule, and under RULE-008 anything that did would propose rather than apply."
P18-REQ-377,Scheduling Digital Twin,not_verified,not_built,,schedule calculation; resource/calendar context; baseline/update governance; permission boundaries; linked operational evidence; mapped test results,"Not built and not planned. A digital twin is in the class of capability the traceability rules exclude globally, because nothing here implements it."
P18-REQ-378,Enterprise Scheduling Core,verified,built,,schedule calculation; resource/calendar context; baseline/update governance; permission boundaries; linked operational evidence; mapped test results,
P18-REQ-379,CPM Scheduling,verified,built,,schedule calculation; resource/calendar context; baseline/update governance; permission boundaries; linked operational evidence; mapped test results,
P18-REQ-380,Work Breakdown Structure,not_verified,partial,,schedule calculation; resource/calendar context; baseline/update governance; permission boundaries; linked operational evidence; mapped test results,"A WBS code is a text column on activities and tasks, and project tasks nest through parent_task_id. Schedule activities do not roll up: there are no summary activities, so a WBS level has no dates, duration or float of its own."
P18-REQ-381,Calendars & Shifts,not_verified,partial,,schedule calculation; resource/calendar context; baseline/update governance; permission boundaries; linked operational evidence; mapped test results,"Calendars are built, with holidays, exception working days and hours per day. A shift is a scalar; there is no second shift, no night differential, and no shift pattern an activity can be scheduled onto."
P18-REQ-382,Resource Planning,verified,built,,schedule calculation; resource/calendar context; baseline/update governance; permission boundaries; linked operational evidence; mapped test results,
P18-REQ-383,Resource Loading,not_verified,partial,,schedule calculation; resource/calendar context; baseline/update governance; permission boundaries; linked operational evidence; mapped test results,"Assignments carry an allocation fraction and dates, so demand is recorded and a machine cannot be double-booked. Nothing aggregates demand into a period-by-period load, and no resource declares a capacity to be loaded against, so there is no over-allocation to see."
P18-REQ-384,Resource Leveling,not_verified,not_built,,schedule calculation; resource/calendar context; baseline/update governance; permission boundaries; linked operational evidence; mapped test results,Nothing shifts activities within their float to smooth resource demand. Bid leveling exists in procurement and is a different thing entirely.
P18-REQ-385,Crew Planning,verified,built,,schedule calculation; resource/calendar context; baseline/update governance; permission boundaries; linked operational evidence; mapped test results,
P18-REQ-386,Equipment Planning,verified,built,,schedule calculation; resource/calendar context; baseline/update governance; permission boundaries; linked operational evidence; mapped test results,
P18-REQ-387,Truck & Haul Planning,not_verified,partial,,schedule calculation; resource/calendar context; baseline/update governance; permission boundaries; linked operational evidence; mapped test results,"The trucking engine computes cycle times, truck counts and haul cost for estimating. Nothing schedules hauls against the calendar or assigns trucks to days, so a haul plan is a cost figure rather than a plan."
P18-REQ-388,Material Planning,not_verified,partial,,schedule calculation; resource/calendar context; baseline/update governance; permission boundaries; linked operational evidence; mapped test results,"Procurement carries quotes, purchase orders, deliveries with dates and inventory with reorder points. No delivery is tied to the schedule activity that needs it, so a late delivery does not appear as a schedule constraint."
P18-REQ-389,Subcontractor Planning,not_verified,partial,,schedule calculation; resource/calendar context; baseline/update governance; permission boundaries; linked operational evidence; mapped test results,"resource_assignments carries a subcontractor kind against a vendor, and procurement carries subcontract quotes and commitments. A subcontract is not tied to the activities it covers, and a subcontractor has no schedule of their own to coordinate."
P18-REQ-390,Look-Ahead Planning,not_verified,not_built,,schedule calculation; resource/calendar context; baseline/update governance; permission boundaries; linked operational evidence; mapped test results,"There is a Look-ahead button on the schedule screen and nothing behind it. No three or six week window, no constraint screening, no make-ready."
P18-REQ-391,Last Planner & Commitments,not_verified,not_built,,schedule calculation; resource/calendar context; baseline/update governance; permission boundaries; linked operational evidence; mapped test results,"No weekly work plan, no commitments made by the people doing the work, no percent plan complete, no reasons for variance."
P18-REQ-392,Pull Planning,not_verified,not_built,,schedule calculation; resource/calendar context; baseline/update governance; permission boundaries; linked operational evidence; mapped test results,"No pull session, no sticky-note plan captured as logic, no milestone worked backwards from."
P18-REQ-393,Milestones & Contract Dates,verified,built,,schedule calculation; resource/calendar context; baseline/update governance; permission boundaries; linked operational evidence; mapped test results,
P18-REQ-394,Baseline Management,verified,built,,schedule calculation; resource/calendar context; baseline/update governance; permission boundaries; linked operational evidence; mapped test results,
P18-REQ-395,Schedule Update Cycle,not_verified,partial,,schedule calculation; resource/calendar context; baseline/update governance; permission boundaries; linked operational evidence; mapped test results,"Every calculation records its data date and calculations are append-only, so the sequence of updates is preserved and each is comparable to the baseline. There is no period object: nothing closes an update, locks the dates it reported, or refuses progress recorded against a closed period."
P18-REQ-396,Progress Measurement,not_verified,partial,,schedule calculation; resource/calendar context; baseline/update governance; permission boundaries; linked operational evidence; mapped test results,"Installed quantity is recorded against budget, daily reports carry measured production, and the achieved rate is a generated column that cannot disagree with its inputs. percent_complete is a separate stored column that can disagree with installed divided by budgeted; nothing derives one from the other, which is the same shape of defect this phase's finding was about."
P18-REQ-397,Cost & Schedule Integration,not_verified,partial,,schedule calculation; resource/calendar context; baseline/update governance; permission boundaries; linked operational evidence; mapped test results,"Activities carry the estimate line they were budgeted from and the task holding budgeted and actual cost and hours, so cost and schedule share a spine. There is no earned value: nothing computes budgeted cost of work performed, schedule variance in money, or a performance index."
P18-REQ-398,Constraint Management,not_verified,partial,,schedule calculation; resource/calendar context; baseline/update governance; permission boundaries; linked operational evidence; mapped test results,"Date constraints are built and honored, with a warning when one contradicts the logic. Field constraints are not: nothing models an open RFI, a missing permit or an undelivered material as a constraint with an owner and a need-by date, so the blockers a look-ahead meeting is actually about are invisible."
P18-REQ-399,Weather & Calendar Impacts,not_verified,partial,,schedule calculation; resource/calendar context; baseline/update governance; permission boundaries; linked operational evidence; mapped test results,"A NOAA connector rolls hourly observations into the site's calendar day, daily reports carry weather, and calendar efficiency de-rates production for weather in estimating. Nothing turns a weather day into a non-working day on the schedule calendar or into a time-extension entitlement."
P18-REQ-400,Schedule Risk Analysis,not_verified,not_built,,schedule calculation; resource/calendar context; baseline/update governance; permission boundaries; linked operational evidence; mapped test results,"Scenario pricing exists for estimates. Nothing applies three-point durations or simulation to the schedule, so there is no probabilistic completion date."
