requirement_id,domain,verification,domain_status,unmet_conditions,met_conditions,gap
P19-REQ-001,Commercial Management Core,verified,built,,controlled contract/change/claim records; authority and deadline rules; linked cost/schedule/document evidence; permissions; mapped test results,
P19-REQ-002,Prime Contract Management,verified,built,,controlled contract/change/claim records; authority and deadline rules; linked cost/schedule/document evidence; permissions; mapped test results,
P19-REQ-003,Subcontract Management,not_verified,partial,,controlled contract/change/claim records; authority and deadline rules; linked cost/schedule/document evidence; permissions; mapped test results,"Vendors, subcontract purchase orders and subcontractor resource assignments exist, and a subcontract is priced by the same engine. There is no subcontract record with its own clauses, notice periods or retainage — a subcontract is modeled as a purchase commitment rather than as a contract with terms."
P19-REQ-004,Purchase Contract Commercials,not_verified,partial,,controlled contract/change/claim records; authority and deadline rules; linked cost/schedule/document evidence; permissions; mapped test results,"Purchase orders carry committed cost, delivery and three-way match against invoices. They carry no commercial terms of their own: no price escalation clause, no delivery liquidated damages, no notice period."
P19-REQ-005,Contract Clause Registry,verified,built,,controlled contract/change/claim records; authority and deadline rules; linked cost/schedule/document evidence; permissions; mapped test results,
P19-REQ-006,Obligation Management,not_verified,partial,,controlled contract/change/claim records; authority and deadline rules; linked cost/schedule/document evidence; permissions; mapped test results,"The obligations that can be computed are: notice deadlines, claim deadlines, submittal lead times and RFI response dates. Nothing registers a contractual obligation as an obligation — no obligation list, no owner, no status, no reminder ahead of a date."
P19-REQ-007,Notice Management,verified,built,,controlled contract/change/claim records; authority and deadline rules; linked cost/schedule/document evidence; permissions; mapped test results,
P19-REQ-008,Potential Change Management,verified,built,,controlled contract/change/claim records; authority and deadline rules; linked cost/schedule/document evidence; permissions; mapped test results,
P19-REQ-009,Change Order Management,verified,built,,controlled contract/change/claim records; authority and deadline rules; linked cost/schedule/document evidence; permissions; mapped test results,
P19-REQ-010,Change Pricing,not_verified,partial,,controlled contract/change/claim records; authority and deadline rules; linked cost/schedule/document evidence; permissions; mapped test results,"A change order carries the estimate version that priced it, so an amendment is costed by the same deterministic engine as the base bid, with cost and price impact separated. There is no change-specific pricing: no agreed markup schedule for changes, no unit price book carried from the contract, no cost-plus fee calculation."
P19-REQ-011,T&M / Force Account,not_verified,partial,,controlled contract/change/claim records; authority and deadline rules; linked cost/schedule/document evidence; permissions; mapped test results,"Time entries, equipment hours and material usage are all recorded against a project and can be read for a period. Nothing assembles them into a force account ticket, gets it signed daily, or prices it against a contract's T&M rate schedule."
P19-REQ-012,Change Authorization,verified,built,,controlled contract/change/claim records; authority and deadline rules; linked cost/schedule/document evidence; permissions; mapped test results,
P19-REQ-013,Contract Value Control,verified,built,,controlled contract/change/claim records; authority and deadline rules; linked cost/schedule/document evidence; permissions; mapped test results,
P19-REQ-014,Claims Management,verified,built,,controlled contract/change/claim records; authority and deadline rules; linked cost/schedule/document evidence; permissions; mapped test results,
P19-REQ-015,Delay & Disruption Records,not_verified,partial,,controlled contract/change/claim records; authority and deadline rules; linked cost/schedule/document evidence; permissions; mapped test results,"Daily reports carry weather and conditions, schedule baselines make variance measurable per activity and for the project finish, and a claim can cite the reports it rests on. There is no delay analysis: no fragnet, no windows analysis, no separation of excusable from compensable."
P19-REQ-016,Differing Site Conditions,not_verified,partial,,controlled contract/change/claim records; authority and deadline rules; linked cost/schedule/document evidence; permissions; mapped test results,"A claim type exists for it, survey surfaces record what was actually found against design, and the two can be cited together. Nothing links a differing condition to the specific design document it departs from, or computes the cost delta automatically."
P19-REQ-017,Scope & Design Change,not_verified,partial,,controlled contract/change/claim records; authority and deadline rules; linked cost/schedule/document evidence; permissions; mapped test results,"Documents are versioned with supersession and revision comparison across addenda, and a change order records its origin including design change and error or omission. Nothing ties a specific drawing revision to the change order it caused."
P19-REQ-018,Payment & Billing Commercials,not_verified,partial,,controlled contract/change/claim records; authority and deadline rules; linked cost/schedule/document evidence; permissions; mapped test results,"Schedule of values, AIA pay applications with certified immutability, retainage held at the contract percentage and three-way matched invoices are all built. The commercial terms behind them are thin: no payment terms, no pay-when-paid clause, no interest on late payment."
P19-REQ-019,Retainage & Holdbacks,not_verified,partial,,controlled contract/change/claim records; authority and deadline rules; linked cost/schedule/document evidence; permissions; mapped test results,"Retainage is carried on the contract as a percentage and applied by the pay application arithmetic. There is no reduction schedule at substantial completion, no separate holdback for punch list or warranty, and no retainage release workflow."
P19-REQ-020,Backcharges & Deductions,not_verified,not_built,,controlled contract/change/claim records; authority and deadline rules; linked cost/schedule/document evidence; permissions; mapped test results,"No backcharge record, no deduction against a subcontractor, no notice of intent to backcharge."
P19-REQ-021,Allowances & Contingencies,not_verified,not_built,,controlled contract/change/claim records; authority and deadline rules; linked cost/schedule/document evidence; permissions; mapped test results,"An estimate carries contingency by confidence band. Nothing tracks a contract allowance, draws against it, or reconciles the unspent balance at closeout."
P19-REQ-022,Escalation & Price Adjustment,not_verified,not_built,,controlled contract/change/claim records; authority and deadline rules; linked cost/schedule/document evidence; permissions; mapped test results,"The estimating engine models escalation for a bid. No contract carries a price adjustment clause, an index, or a mechanism to apply one."
P19-REQ-023,"Insurance, Bonds & Commercial Compliance",not_verified,not_built,,controlled contract/change/claim records; authority and deadline rules; linked cost/schedule/document evidence; permissions; mapped test results,"No insurance certificate, no bond, no expiry tracking, no compliance hold on payment."
P19-REQ-024,Lien & Waiver Administration,not_verified,not_built,,controlled contract/change/claim records; authority and deadline rules; linked cost/schedule/document evidence; permissions; mapped test results,"No lien waiver, conditional or unconditional, no waiver exchange at payment, no lien deadline tracking."
P19-REQ-025,Dispute Management,not_verified,not_built,,controlled contract/change/claim records; authority and deadline rules; linked cost/schedule/document evidence; permissions; mapped test results,"A claim can reach litigation status and stop there. There is no dispute record, no mediation or arbitration tracking, no counterparty position, no cost of dispute."
P19-REQ-026,Commercial Forecasting,not_verified,partial,,controlled contract/change/claim records; authority and deadline rules; linked cost/schedule/document evidence; permissions; mapped test results,"Job cost, committed cost, approved change orders and the revised contract value are all computed and reported. There is no forecast: no cost to complete, no estimate at completion, no projected final contract value."
P19-REQ-027,Contract Closeout,not_verified,not_built,,controlled contract/change/claim records; authority and deadline rules; linked cost/schedule/document evidence; permissions; mapped test results,"No closeout checklist, no final completion certificate, no warranty period, no final retainage release, no as-built or O&M turnover."
P19-REQ-028,AI Commercial Intelligence,not_verified,partial,,controlled contract/change/claim records; authority and deadline rules; linked cost/schedule/document evidence; permissions; mapped test results,"The one governed agent reads documents with citations and draft-only authority, which is the mechanism such a capability would use. Nothing applies it to contracts, changes or claims — no clause extraction, no notice detection, no claim merit assessment."
P19-REQ-029,Commercial Digital Twin,not_verified,not_built,,controlled contract/change/claim records; authority and deadline rules; linked cost/schedule/document evidence; permissions; mapped test results,Not built and not planned. A digital twin is in the class of capability the traceability rules exclude globally.
P19-REQ-030,Commercial Management Core,verified,built,,controlled contract/change/claim records; authority and deadline rules; linked cost/schedule/document evidence; permissions; mapped test results,
P19-REQ-031,Prime Contract Management,verified,built,,controlled contract/change/claim records; authority and deadline rules; linked cost/schedule/document evidence; permissions; mapped test results,
P19-REQ-032,Subcontract Management,not_verified,partial,,controlled contract/change/claim records; authority and deadline rules; linked cost/schedule/document evidence; permissions; mapped test results,"Vendors, subcontract purchase orders and subcontractor resource assignments exist, and a subcontract is priced by the same engine. There is no subcontract record with its own clauses, notice periods or retainage — a subcontract is modeled as a purchase commitment rather than as a contract with terms."
P19-REQ-033,Purchase Contract Commercials,not_verified,partial,,controlled contract/change/claim records; authority and deadline rules; linked cost/schedule/document evidence; permissions; mapped test results,"Purchase orders carry committed cost, delivery and three-way match against invoices. They carry no commercial terms of their own: no price escalation clause, no delivery liquidated damages, no notice period."
P19-REQ-034,Contract Clause Registry,verified,built,,controlled contract/change/claim records; authority and deadline rules; linked cost/schedule/document evidence; permissions; mapped test results,
P19-REQ-035,Obligation Management,not_verified,partial,,controlled contract/change/claim records; authority and deadline rules; linked cost/schedule/document evidence; permissions; mapped test results,"The obligations that can be computed are: notice deadlines, claim deadlines, submittal lead times and RFI response dates. Nothing registers a contractual obligation as an obligation — no obligation list, no owner, no status, no reminder ahead of a date."
P19-REQ-036,Notice Management,verified,built,,controlled contract/change/claim records; authority and deadline rules; linked cost/schedule/document evidence; permissions; mapped test results,
P19-REQ-037,Potential Change Management,verified,built,,controlled contract/change/claim records; authority and deadline rules; linked cost/schedule/document evidence; permissions; mapped test results,
P19-REQ-038,Change Order Management,verified,built,,controlled contract/change/claim records; authority and deadline rules; linked cost/schedule/document evidence; permissions; mapped test results,
P19-REQ-039,Change Pricing,not_verified,partial,,controlled contract/change/claim records; authority and deadline rules; linked cost/schedule/document evidence; permissions; mapped test results,"A change order carries the estimate version that priced it, so an amendment is costed by the same deterministic engine as the base bid, with cost and price impact separated. There is no change-specific pricing: no agreed markup schedule for changes, no unit price book carried from the contract, no cost-plus fee calculation."
P19-REQ-040,T&M / Force Account,not_verified,partial,,controlled contract/change/claim records; authority and deadline rules; linked cost/schedule/document evidence; permissions; mapped test results,"Time entries, equipment hours and material usage are all recorded against a project and can be read for a period. Nothing assembles them into a force account ticket, gets it signed daily, or prices it against a contract's T&M rate schedule."
P19-REQ-041,Change Authorization,verified,built,,controlled contract/change/claim records; authority and deadline rules; linked cost/schedule/document evidence; permissions; mapped test results,
P19-REQ-042,Contract Value Control,verified,built,,controlled contract/change/claim records; authority and deadline rules; linked cost/schedule/document evidence; permissions; mapped test results,
P19-REQ-043,Claims Management,verified,built,,controlled contract/change/claim records; authority and deadline rules; linked cost/schedule/document evidence; permissions; mapped test results,
P19-REQ-044,Delay & Disruption Records,not_verified,partial,,controlled contract/change/claim records; authority and deadline rules; linked cost/schedule/document evidence; permissions; mapped test results,"Daily reports carry weather and conditions, schedule baselines make variance measurable per activity and for the project finish, and a claim can cite the reports it rests on. There is no delay analysis: no fragnet, no windows analysis, no separation of excusable from compensable."
P19-REQ-045,Differing Site Conditions,not_verified,partial,,controlled contract/change/claim records; authority and deadline rules; linked cost/schedule/document evidence; permissions; mapped test results,"A claim type exists for it, survey surfaces record what was actually found against design, and the two can be cited together. Nothing links a differing condition to the specific design document it departs from, or computes the cost delta automatically."
P19-REQ-046,Scope & Design Change,not_verified,partial,,controlled contract/change/claim records; authority and deadline rules; linked cost/schedule/document evidence; permissions; mapped test results,"Documents are versioned with supersession and revision comparison across addenda, and a change order records its origin including design change and error or omission. Nothing ties a specific drawing revision to the change order it caused."
P19-REQ-047,Payment & Billing Commercials,not_verified,partial,,controlled contract/change/claim records; authority and deadline rules; linked cost/schedule/document evidence; permissions; mapped test results,"Schedule of values, AIA pay applications with certified immutability, retainage held at the contract percentage and three-way matched invoices are all built. The commercial terms behind them are thin: no payment terms, no pay-when-paid clause, no interest on late payment."
P19-REQ-048,Retainage & Holdbacks,not_verified,partial,,controlled contract/change/claim records; authority and deadline rules; linked cost/schedule/document evidence; permissions; mapped test results,"Retainage is carried on the contract as a percentage and applied by the pay application arithmetic. There is no reduction schedule at substantial completion, no separate holdback for punch list or warranty, and no retainage release workflow."
P19-REQ-049,Backcharges & Deductions,not_verified,not_built,,controlled contract/change/claim records; authority and deadline rules; linked cost/schedule/document evidence; permissions; mapped test results,"No backcharge record, no deduction against a subcontractor, no notice of intent to backcharge."
P19-REQ-050,Allowances & Contingencies,not_verified,not_built,,controlled contract/change/claim records; authority and deadline rules; linked cost/schedule/document evidence; permissions; mapped test results,"An estimate carries contingency by confidence band. Nothing tracks a contract allowance, draws against it, or reconciles the unspent balance at closeout."
P19-REQ-051,Escalation & Price Adjustment,not_verified,not_built,,controlled contract/change/claim records; authority and deadline rules; linked cost/schedule/document evidence; permissions; mapped test results,"The estimating engine models escalation for a bid. No contract carries a price adjustment clause, an index, or a mechanism to apply one."
P19-REQ-052,"Insurance, Bonds & Commercial Compliance",not_verified,not_built,,controlled contract/change/claim records; authority and deadline rules; linked cost/schedule/document evidence; permissions; mapped test results,"No insurance certificate, no bond, no expiry tracking, no compliance hold on payment."
P19-REQ-053,Lien & Waiver Administration,not_verified,not_built,,controlled contract/change/claim records; authority and deadline rules; linked cost/schedule/document evidence; permissions; mapped test results,"No lien waiver, conditional or unconditional, no waiver exchange at payment, no lien deadline tracking."
P19-REQ-054,Dispute Management,not_verified,not_built,,controlled contract/change/claim records; authority and deadline rules; linked cost/schedule/document evidence; permissions; mapped test results,"A claim can reach litigation status and stop there. There is no dispute record, no mediation or arbitration tracking, no counterparty position, no cost of dispute."
P19-REQ-055,Commercial Forecasting,not_verified,partial,,controlled contract/change/claim records; authority and deadline rules; linked cost/schedule/document evidence; permissions; mapped test results,"Job cost, committed cost, approved change orders and the revised contract value are all computed and reported. There is no forecast: no cost to complete, no estimate at completion, no projected final contract value."
P19-REQ-056,Contract Closeout,not_verified,not_built,,controlled contract/change/claim records; authority and deadline rules; linked cost/schedule/document evidence; permissions; mapped test results,"No closeout checklist, no final completion certificate, no warranty period, no final retainage release, no as-built or O&M turnover."
P19-REQ-057,AI Commercial Intelligence,not_verified,partial,,controlled contract/change/claim records; authority and deadline rules; linked cost/schedule/document evidence; permissions; mapped test results,"The one governed agent reads documents with citations and draft-only authority, which is the mechanism such a capability would use. Nothing applies it to contracts, changes or claims — no clause extraction, no notice detection, no claim merit assessment."
P19-REQ-058,Commercial Digital Twin,not_verified,not_built,,controlled contract/change/claim records; authority and deadline rules; linked cost/schedule/document evidence; permissions; mapped test results,Not built and not planned. A digital twin is in the class of capability the traceability rules exclude globally.
P19-REQ-059,Commercial Management Core,verified,built,,controlled contract/change/claim records; authority and deadline rules; linked cost/schedule/document evidence; permissions; mapped test results,
P19-REQ-060,Prime Contract Management,verified,built,,controlled contract/change/claim records; authority and deadline rules; linked cost/schedule/document evidence; permissions; mapped test results,
P19-REQ-061,Subcontract Management,not_verified,partial,,controlled contract/change/claim records; authority and deadline rules; linked cost/schedule/document evidence; permissions; mapped test results,"Vendors, subcontract purchase orders and subcontractor resource assignments exist, and a subcontract is priced by the same engine. There is no subcontract record with its own clauses, notice periods or retainage — a subcontract is modeled as a purchase commitment rather than as a contract with terms."
P19-REQ-062,Purchase Contract Commercials,not_verified,partial,,controlled contract/change/claim records; authority and deadline rules; linked cost/schedule/document evidence; permissions; mapped test results,"Purchase orders carry committed cost, delivery and three-way match against invoices. They carry no commercial terms of their own: no price escalation clause, no delivery liquidated damages, no notice period."
P19-REQ-063,Contract Clause Registry,verified,built,,controlled contract/change/claim records; authority and deadline rules; linked cost/schedule/document evidence; permissions; mapped test results,
P19-REQ-064,Obligation Management,not_verified,partial,,controlled contract/change/claim records; authority and deadline rules; linked cost/schedule/document evidence; permissions; mapped test results,"The obligations that can be computed are: notice deadlines, claim deadlines, submittal lead times and RFI response dates. Nothing registers a contractual obligation as an obligation — no obligation list, no owner, no status, no reminder ahead of a date."
P19-REQ-065,Notice Management,verified,built,,controlled contract/change/claim records; authority and deadline rules; linked cost/schedule/document evidence; permissions; mapped test results,
P19-REQ-066,Potential Change Management,verified,built,,controlled contract/change/claim records; authority and deadline rules; linked cost/schedule/document evidence; permissions; mapped test results,
P19-REQ-067,Change Order Management,verified,built,,controlled contract/change/claim records; authority and deadline rules; linked cost/schedule/document evidence; permissions; mapped test results,
P19-REQ-068,Change Pricing,not_verified,partial,,controlled contract/change/claim records; authority and deadline rules; linked cost/schedule/document evidence; permissions; mapped test results,"A change order carries the estimate version that priced it, so an amendment is costed by the same deterministic engine as the base bid, with cost and price impact separated. There is no change-specific pricing: no agreed markup schedule for changes, no unit price book carried from the contract, no cost-plus fee calculation."
P19-REQ-069,T&M / Force Account,not_verified,partial,,controlled contract/change/claim records; authority and deadline rules; linked cost/schedule/document evidence; permissions; mapped test results,"Time entries, equipment hours and material usage are all recorded against a project and can be read for a period. Nothing assembles them into a force account ticket, gets it signed daily, or prices it against a contract's T&M rate schedule."
P19-REQ-070,Change Authorization,verified,built,,controlled contract/change/claim records; authority and deadline rules; linked cost/schedule/document evidence; permissions; mapped test results,
P19-REQ-071,Contract Value Control,verified,built,,controlled contract/change/claim records; authority and deadline rules; linked cost/schedule/document evidence; permissions; mapped test results,
P19-REQ-072,Claims Management,verified,built,,controlled contract/change/claim records; authority and deadline rules; linked cost/schedule/document evidence; permissions; mapped test results,
P19-REQ-073,Delay & Disruption Records,not_verified,partial,,controlled contract/change/claim records; authority and deadline rules; linked cost/schedule/document evidence; permissions; mapped test results,"Daily reports carry weather and conditions, schedule baselines make variance measurable per activity and for the project finish, and a claim can cite the reports it rests on. There is no delay analysis: no fragnet, no windows analysis, no separation of excusable from compensable."
P19-REQ-074,Differing Site Conditions,not_verified,partial,,controlled contract/change/claim records; authority and deadline rules; linked cost/schedule/document evidence; permissions; mapped test results,"A claim type exists for it, survey surfaces record what was actually found against design, and the two can be cited together. Nothing links a differing condition to the specific design document it departs from, or computes the cost delta automatically."
P19-REQ-075,Scope & Design Change,not_verified,partial,,controlled contract/change/claim records; authority and deadline rules; linked cost/schedule/document evidence; permissions; mapped test results,"Documents are versioned with supersession and revision comparison across addenda, and a change order records its origin including design change and error or omission. Nothing ties a specific drawing revision to the change order it caused."
P19-REQ-076,Payment & Billing Commercials,not_verified,partial,,controlled contract/change/claim records; authority and deadline rules; linked cost/schedule/document evidence; permissions; mapped test results,"Schedule of values, AIA pay applications with certified immutability, retainage held at the contract percentage and three-way matched invoices are all built. The commercial terms behind them are thin: no payment terms, no pay-when-paid clause, no interest on late payment."
P19-REQ-077,Retainage & Holdbacks,not_verified,partial,,controlled contract/change/claim records; authority and deadline rules; linked cost/schedule/document evidence; permissions; mapped test results,"Retainage is carried on the contract as a percentage and applied by the pay application arithmetic. There is no reduction schedule at substantial completion, no separate holdback for punch list or warranty, and no retainage release workflow."
P19-REQ-078,Backcharges & Deductions,not_verified,not_built,,controlled contract/change/claim records; authority and deadline rules; linked cost/schedule/document evidence; permissions; mapped test results,"No backcharge record, no deduction against a subcontractor, no notice of intent to backcharge."
P19-REQ-079,Allowances & Contingencies,not_verified,not_built,,controlled contract/change/claim records; authority and deadline rules; linked cost/schedule/document evidence; permissions; mapped test results,"An estimate carries contingency by confidence band. Nothing tracks a contract allowance, draws against it, or reconciles the unspent balance at closeout."
P19-REQ-080,Escalation & Price Adjustment,not_verified,not_built,,controlled contract/change/claim records; authority and deadline rules; linked cost/schedule/document evidence; permissions; mapped test results,"The estimating engine models escalation for a bid. No contract carries a price adjustment clause, an index, or a mechanism to apply one."
P19-REQ-081,"Insurance, Bonds & Commercial Compliance",not_verified,not_built,,controlled contract/change/claim records; authority and deadline rules; linked cost/schedule/document evidence; permissions; mapped test results,"No insurance certificate, no bond, no expiry tracking, no compliance hold on payment."
P19-REQ-082,Lien & Waiver Administration,not_verified,not_built,,controlled contract/change/claim records; authority and deadline rules; linked cost/schedule/document evidence; permissions; mapped test results,"No lien waiver, conditional or unconditional, no waiver exchange at payment, no lien deadline tracking."
P19-REQ-083,Dispute Management,not_verified,not_built,,controlled contract/change/claim records; authority and deadline rules; linked cost/schedule/document evidence; permissions; mapped test results,"A claim can reach litigation status and stop there. There is no dispute record, no mediation or arbitration tracking, no counterparty position, no cost of dispute."
P19-REQ-084,Commercial Forecasting,not_verified,partial,,controlled contract/change/claim records; authority and deadline rules; linked cost/schedule/document evidence; permissions; mapped test results,"Job cost, committed cost, approved change orders and the revised contract value are all computed and reported. There is no forecast: no cost to complete, no estimate at completion, no projected final contract value."
P19-REQ-085,Contract Closeout,not_verified,not_built,,controlled contract/change/claim records; authority and deadline rules; linked cost/schedule/document evidence; permissions; mapped test results,"No closeout checklist, no final completion certificate, no warranty period, no final retainage release, no as-built or O&M turnover."
P19-REQ-086,AI Commercial Intelligence,not_verified,partial,,controlled contract/change/claim records; authority and deadline rules; linked cost/schedule/document evidence; permissions; mapped test results,"The one governed agent reads documents with citations and draft-only authority, which is the mechanism such a capability would use. Nothing applies it to contracts, changes or claims — no clause extraction, no notice detection, no claim merit assessment."
P19-REQ-087,Commercial Digital Twin,not_verified,not_built,,controlled contract/change/claim records; authority and deadline rules; linked cost/schedule/document evidence; permissions; mapped test results,Not built and not planned. A digital twin is in the class of capability the traceability rules exclude globally.
P19-REQ-088,Commercial Management Core,verified,built,,controlled contract/change/claim records; authority and deadline rules; linked cost/schedule/document evidence; permissions; mapped test results,
P19-REQ-089,Prime Contract Management,verified,built,,controlled contract/change/claim records; authority and deadline rules; linked cost/schedule/document evidence; permissions; mapped test results,
P19-REQ-090,Subcontract Management,not_verified,partial,,controlled contract/change/claim records; authority and deadline rules; linked cost/schedule/document evidence; permissions; mapped test results,"Vendors, subcontract purchase orders and subcontractor resource assignments exist, and a subcontract is priced by the same engine. There is no subcontract record with its own clauses, notice periods or retainage — a subcontract is modeled as a purchase commitment rather than as a contract with terms."
P19-REQ-091,Purchase Contract Commercials,not_verified,partial,,controlled contract/change/claim records; authority and deadline rules; linked cost/schedule/document evidence; permissions; mapped test results,"Purchase orders carry committed cost, delivery and three-way match against invoices. They carry no commercial terms of their own: no price escalation clause, no delivery liquidated damages, no notice period."
P19-REQ-092,Contract Clause Registry,verified,built,,controlled contract/change/claim records; authority and deadline rules; linked cost/schedule/document evidence; permissions; mapped test results,
P19-REQ-093,Obligation Management,not_verified,partial,,controlled contract/change/claim records; authority and deadline rules; linked cost/schedule/document evidence; permissions; mapped test results,"The obligations that can be computed are: notice deadlines, claim deadlines, submittal lead times and RFI response dates. Nothing registers a contractual obligation as an obligation — no obligation list, no owner, no status, no reminder ahead of a date."
P19-REQ-094,Notice Management,verified,built,,controlled contract/change/claim records; authority and deadline rules; linked cost/schedule/document evidence; permissions; mapped test results,
P19-REQ-095,Potential Change Management,verified,built,,controlled contract/change/claim records; authority and deadline rules; linked cost/schedule/document evidence; permissions; mapped test results,
P19-REQ-096,Change Order Management,verified,built,,controlled contract/change/claim records; authority and deadline rules; linked cost/schedule/document evidence; permissions; mapped test results,
P19-REQ-097,Change Pricing,not_verified,partial,,controlled contract/change/claim records; authority and deadline rules; linked cost/schedule/document evidence; permissions; mapped test results,"A change order carries the estimate version that priced it, so an amendment is costed by the same deterministic engine as the base bid, with cost and price impact separated. There is no change-specific pricing: no agreed markup schedule for changes, no unit price book carried from the contract, no cost-plus fee calculation."
P19-REQ-098,T&M / Force Account,not_verified,partial,,controlled contract/change/claim records; authority and deadline rules; linked cost/schedule/document evidence; permissions; mapped test results,"Time entries, equipment hours and material usage are all recorded against a project and can be read for a period. Nothing assembles them into a force account ticket, gets it signed daily, or prices it against a contract's T&M rate schedule."
P19-REQ-099,Change Authorization,verified,built,,controlled contract/change/claim records; authority and deadline rules; linked cost/schedule/document evidence; permissions; mapped test results,
P19-REQ-100,Contract Value Control,verified,built,,controlled contract/change/claim records; authority and deadline rules; linked cost/schedule/document evidence; permissions; mapped test results,
P19-REQ-101,Claims Management,verified,built,,controlled contract/change/claim records; authority and deadline rules; linked cost/schedule/document evidence; permissions; mapped test results,
P19-REQ-102,Delay & Disruption Records,not_verified,partial,,controlled contract/change/claim records; authority and deadline rules; linked cost/schedule/document evidence; permissions; mapped test results,"Daily reports carry weather and conditions, schedule baselines make variance measurable per activity and for the project finish, and a claim can cite the reports it rests on. There is no delay analysis: no fragnet, no windows analysis, no separation of excusable from compensable."
P19-REQ-103,Differing Site Conditions,not_verified,partial,,controlled contract/change/claim records; authority and deadline rules; linked cost/schedule/document evidence; permissions; mapped test results,"A claim type exists for it, survey surfaces record what was actually found against design, and the two can be cited together. Nothing links a differing condition to the specific design document it departs from, or computes the cost delta automatically."
P19-REQ-104,Scope & Design Change,not_verified,partial,,controlled contract/change/claim records; authority and deadline rules; linked cost/schedule/document evidence; permissions; mapped test results,"Documents are versioned with supersession and revision comparison across addenda, and a change order records its origin including design change and error or omission. Nothing ties a specific drawing revision to the change order it caused."
P19-REQ-105,Payment & Billing Commercials,not_verified,partial,,controlled contract/change/claim records; authority and deadline rules; linked cost/schedule/document evidence; permissions; mapped test results,"Schedule of values, AIA pay applications with certified immutability, retainage held at the contract percentage and three-way matched invoices are all built. The commercial terms behind them are thin: no payment terms, no pay-when-paid clause, no interest on late payment."
P19-REQ-106,Retainage & Holdbacks,not_verified,partial,,controlled contract/change/claim records; authority and deadline rules; linked cost/schedule/document evidence; permissions; mapped test results,"Retainage is carried on the contract as a percentage and applied by the pay application arithmetic. There is no reduction schedule at substantial completion, no separate holdback for punch list or warranty, and no retainage release workflow."
P19-REQ-107,Backcharges & Deductions,not_verified,not_built,,controlled contract/change/claim records; authority and deadline rules; linked cost/schedule/document evidence; permissions; mapped test results,"No backcharge record, no deduction against a subcontractor, no notice of intent to backcharge."
P19-REQ-108,Allowances & Contingencies,not_verified,not_built,,controlled contract/change/claim records; authority and deadline rules; linked cost/schedule/document evidence; permissions; mapped test results,"An estimate carries contingency by confidence band. Nothing tracks a contract allowance, draws against it, or reconciles the unspent balance at closeout."
P19-REQ-109,Escalation & Price Adjustment,not_verified,not_built,,controlled contract/change/claim records; authority and deadline rules; linked cost/schedule/document evidence; permissions; mapped test results,"The estimating engine models escalation for a bid. No contract carries a price adjustment clause, an index, or a mechanism to apply one."
P19-REQ-110,"Insurance, Bonds & Commercial Compliance",not_verified,not_built,,controlled contract/change/claim records; authority and deadline rules; linked cost/schedule/document evidence; permissions; mapped test results,"No insurance certificate, no bond, no expiry tracking, no compliance hold on payment."
P19-REQ-111,Lien & Waiver Administration,not_verified,not_built,,controlled contract/change/claim records; authority and deadline rules; linked cost/schedule/document evidence; permissions; mapped test results,"No lien waiver, conditional or unconditional, no waiver exchange at payment, no lien deadline tracking."
P19-REQ-112,Dispute Management,not_verified,not_built,,controlled contract/change/claim records; authority and deadline rules; linked cost/schedule/document evidence; permissions; mapped test results,"A claim can reach litigation status and stop there. There is no dispute record, no mediation or arbitration tracking, no counterparty position, no cost of dispute."
P19-REQ-113,Commercial Forecasting,not_verified,partial,,controlled contract/change/claim records; authority and deadline rules; linked cost/schedule/document evidence; permissions; mapped test results,"Job cost, committed cost, approved change orders and the revised contract value are all computed and reported. There is no forecast: no cost to complete, no estimate at completion, no projected final contract value."
P19-REQ-114,Contract Closeout,not_verified,not_built,,controlled contract/change/claim records; authority and deadline rules; linked cost/schedule/document evidence; permissions; mapped test results,"No closeout checklist, no final completion certificate, no warranty period, no final retainage release, no as-built or O&M turnover."
P19-REQ-115,AI Commercial Intelligence,not_verified,partial,,controlled contract/change/claim records; authority and deadline rules; linked cost/schedule/document evidence; permissions; mapped test results,"The one governed agent reads documents with citations and draft-only authority, which is the mechanism such a capability would use. Nothing applies it to contracts, changes or claims — no clause extraction, no notice detection, no claim merit assessment."
P19-REQ-116,Commercial Digital Twin,not_verified,not_built,,controlled contract/change/claim records; authority and deadline rules; linked cost/schedule/document evidence; permissions; mapped test results,Not built and not planned. A digital twin is in the class of capability the traceability rules exclude globally.
P19-REQ-117,Commercial Management Core,verified,built,,controlled contract/change/claim records; authority and deadline rules; linked cost/schedule/document evidence; permissions; mapped test results,
P19-REQ-118,Prime Contract Management,verified,built,,controlled contract/change/claim records; authority and deadline rules; linked cost/schedule/document evidence; permissions; mapped test results,
P19-REQ-119,Subcontract Management,not_verified,partial,,controlled contract/change/claim records; authority and deadline rules; linked cost/schedule/document evidence; permissions; mapped test results,"Vendors, subcontract purchase orders and subcontractor resource assignments exist, and a subcontract is priced by the same engine. There is no subcontract record with its own clauses, notice periods or retainage — a subcontract is modeled as a purchase commitment rather than as a contract with terms."
P19-REQ-120,Purchase Contract Commercials,not_verified,partial,,controlled contract/change/claim records; authority and deadline rules; linked cost/schedule/document evidence; permissions; mapped test results,"Purchase orders carry committed cost, delivery and three-way match against invoices. They carry no commercial terms of their own: no price escalation clause, no delivery liquidated damages, no notice period."
P19-REQ-121,Contract Clause Registry,verified,built,,controlled contract/change/claim records; authority and deadline rules; linked cost/schedule/document evidence; permissions; mapped test results,
P19-REQ-122,Obligation Management,not_verified,partial,,controlled contract/change/claim records; authority and deadline rules; linked cost/schedule/document evidence; permissions; mapped test results,"The obligations that can be computed are: notice deadlines, claim deadlines, submittal lead times and RFI response dates. Nothing registers a contractual obligation as an obligation — no obligation list, no owner, no status, no reminder ahead of a date."
P19-REQ-123,Notice Management,verified,built,,controlled contract/change/claim records; authority and deadline rules; linked cost/schedule/document evidence; permissions; mapped test results,
P19-REQ-124,Potential Change Management,verified,built,,controlled contract/change/claim records; authority and deadline rules; linked cost/schedule/document evidence; permissions; mapped test results,
P19-REQ-125,Change Order Management,verified,built,,controlled contract/change/claim records; authority and deadline rules; linked cost/schedule/document evidence; permissions; mapped test results,
P19-REQ-126,Change Pricing,not_verified,partial,,controlled contract/change/claim records; authority and deadline rules; linked cost/schedule/document evidence; permissions; mapped test results,"A change order carries the estimate version that priced it, so an amendment is costed by the same deterministic engine as the base bid, with cost and price impact separated. There is no change-specific pricing: no agreed markup schedule for changes, no unit price book carried from the contract, no cost-plus fee calculation."
P19-REQ-127,T&M / Force Account,not_verified,partial,,controlled contract/change/claim records; authority and deadline rules; linked cost/schedule/document evidence; permissions; mapped test results,"Time entries, equipment hours and material usage are all recorded against a project and can be read for a period. Nothing assembles them into a force account ticket, gets it signed daily, or prices it against a contract's T&M rate schedule."
P19-REQ-128,Change Authorization,verified,built,,controlled contract/change/claim records; authority and deadline rules; linked cost/schedule/document evidence; permissions; mapped test results,
P19-REQ-129,Contract Value Control,verified,built,,controlled contract/change/claim records; authority and deadline rules; linked cost/schedule/document evidence; permissions; mapped test results,
P19-REQ-130,Claims Management,verified,built,,controlled contract/change/claim records; authority and deadline rules; linked cost/schedule/document evidence; permissions; mapped test results,
P19-REQ-131,Delay & Disruption Records,not_verified,partial,,controlled contract/change/claim records; authority and deadline rules; linked cost/schedule/document evidence; permissions; mapped test results,"Daily reports carry weather and conditions, schedule baselines make variance measurable per activity and for the project finish, and a claim can cite the reports it rests on. There is no delay analysis: no fragnet, no windows analysis, no separation of excusable from compensable."
P19-REQ-132,Differing Site Conditions,not_verified,partial,,controlled contract/change/claim records; authority and deadline rules; linked cost/schedule/document evidence; permissions; mapped test results,"A claim type exists for it, survey surfaces record what was actually found against design, and the two can be cited together. Nothing links a differing condition to the specific design document it departs from, or computes the cost delta automatically."
P19-REQ-133,Scope & Design Change,not_verified,partial,,controlled contract/change/claim records; authority and deadline rules; linked cost/schedule/document evidence; permissions; mapped test results,"Documents are versioned with supersession and revision comparison across addenda, and a change order records its origin including design change and error or omission. Nothing ties a specific drawing revision to the change order it caused."
P19-REQ-134,Payment & Billing Commercials,not_verified,partial,,controlled contract/change/claim records; authority and deadline rules; linked cost/schedule/document evidence; permissions; mapped test results,"Schedule of values, AIA pay applications with certified immutability, retainage held at the contract percentage and three-way matched invoices are all built. The commercial terms behind them are thin: no payment terms, no pay-when-paid clause, no interest on late payment."
P19-REQ-135,Retainage & Holdbacks,not_verified,partial,,controlled contract/change/claim records; authority and deadline rules; linked cost/schedule/document evidence; permissions; mapped test results,"Retainage is carried on the contract as a percentage and applied by the pay application arithmetic. There is no reduction schedule at substantial completion, no separate holdback for punch list or warranty, and no retainage release workflow."
P19-REQ-136,Backcharges & Deductions,not_verified,not_built,,controlled contract/change/claim records; authority and deadline rules; linked cost/schedule/document evidence; permissions; mapped test results,"No backcharge record, no deduction against a subcontractor, no notice of intent to backcharge."
P19-REQ-137,Allowances & Contingencies,not_verified,not_built,,controlled contract/change/claim records; authority and deadline rules; linked cost/schedule/document evidence; permissions; mapped test results,"An estimate carries contingency by confidence band. Nothing tracks a contract allowance, draws against it, or reconciles the unspent balance at closeout."
P19-REQ-138,Escalation & Price Adjustment,not_verified,not_built,,controlled contract/change/claim records; authority and deadline rules; linked cost/schedule/document evidence; permissions; mapped test results,"The estimating engine models escalation for a bid. No contract carries a price adjustment clause, an index, or a mechanism to apply one."
P19-REQ-139,"Insurance, Bonds & Commercial Compliance",not_verified,not_built,,controlled contract/change/claim records; authority and deadline rules; linked cost/schedule/document evidence; permissions; mapped test results,"No insurance certificate, no bond, no expiry tracking, no compliance hold on payment."
P19-REQ-140,Lien & Waiver Administration,not_verified,not_built,,controlled contract/change/claim records; authority and deadline rules; linked cost/schedule/document evidence; permissions; mapped test results,"No lien waiver, conditional or unconditional, no waiver exchange at payment, no lien deadline tracking."
P19-REQ-141,Dispute Management,not_verified,not_built,,controlled contract/change/claim records; authority and deadline rules; linked cost/schedule/document evidence; permissions; mapped test results,"A claim can reach litigation status and stop there. There is no dispute record, no mediation or arbitration tracking, no counterparty position, no cost of dispute."
P19-REQ-142,Commercial Forecasting,not_verified,partial,,controlled contract/change/claim records; authority and deadline rules; linked cost/schedule/document evidence; permissions; mapped test results,"Job cost, committed cost, approved change orders and the revised contract value are all computed and reported. There is no forecast: no cost to complete, no estimate at completion, no projected final contract value."
P19-REQ-143,Contract Closeout,not_verified,not_built,,controlled contract/change/claim records; authority and deadline rules; linked cost/schedule/document evidence; permissions; mapped test results,"No closeout checklist, no final completion certificate, no warranty period, no final retainage release, no as-built or O&M turnover."
P19-REQ-144,AI Commercial Intelligence,not_verified,partial,,controlled contract/change/claim records; authority and deadline rules; linked cost/schedule/document evidence; permissions; mapped test results,"The one governed agent reads documents with citations and draft-only authority, which is the mechanism such a capability would use. Nothing applies it to contracts, changes or claims — no clause extraction, no notice detection, no claim merit assessment."
P19-REQ-145,Commercial Digital Twin,not_verified,not_built,,controlled contract/change/claim records; authority and deadline rules; linked cost/schedule/document evidence; permissions; mapped test results,Not built and not planned. A digital twin is in the class of capability the traceability rules exclude globally.
P19-REQ-146,Commercial Management Core,verified,built,,controlled contract/change/claim records; authority and deadline rules; linked cost/schedule/document evidence; permissions; mapped test results,
P19-REQ-147,Prime Contract Management,verified,built,,controlled contract/change/claim records; authority and deadline rules; linked cost/schedule/document evidence; permissions; mapped test results,
P19-REQ-148,Subcontract Management,not_verified,partial,,controlled contract/change/claim records; authority and deadline rules; linked cost/schedule/document evidence; permissions; mapped test results,"Vendors, subcontract purchase orders and subcontractor resource assignments exist, and a subcontract is priced by the same engine. There is no subcontract record with its own clauses, notice periods or retainage — a subcontract is modeled as a purchase commitment rather than as a contract with terms."
P19-REQ-149,Purchase Contract Commercials,not_verified,partial,,controlled contract/change/claim records; authority and deadline rules; linked cost/schedule/document evidence; permissions; mapped test results,"Purchase orders carry committed cost, delivery and three-way match against invoices. They carry no commercial terms of their own: no price escalation clause, no delivery liquidated damages, no notice period."
P19-REQ-150,Contract Clause Registry,verified,built,,controlled contract/change/claim records; authority and deadline rules; linked cost/schedule/document evidence; permissions; mapped test results,
P19-REQ-151,Obligation Management,not_verified,partial,,controlled contract/change/claim records; authority and deadline rules; linked cost/schedule/document evidence; permissions; mapped test results,"The obligations that can be computed are: notice deadlines, claim deadlines, submittal lead times and RFI response dates. Nothing registers a contractual obligation as an obligation — no obligation list, no owner, no status, no reminder ahead of a date."
P19-REQ-152,Notice Management,verified,built,,controlled contract/change/claim records; authority and deadline rules; linked cost/schedule/document evidence; permissions; mapped test results,
P19-REQ-153,Potential Change Management,verified,built,,controlled contract/change/claim records; authority and deadline rules; linked cost/schedule/document evidence; permissions; mapped test results,
P19-REQ-154,Change Order Management,verified,built,,controlled contract/change/claim records; authority and deadline rules; linked cost/schedule/document evidence; permissions; mapped test results,
P19-REQ-155,Change Pricing,not_verified,partial,,controlled contract/change/claim records; authority and deadline rules; linked cost/schedule/document evidence; permissions; mapped test results,"A change order carries the estimate version that priced it, so an amendment is costed by the same deterministic engine as the base bid, with cost and price impact separated. There is no change-specific pricing: no agreed markup schedule for changes, no unit price book carried from the contract, no cost-plus fee calculation."
P19-REQ-156,T&M / Force Account,not_verified,partial,,controlled contract/change/claim records; authority and deadline rules; linked cost/schedule/document evidence; permissions; mapped test results,"Time entries, equipment hours and material usage are all recorded against a project and can be read for a period. Nothing assembles them into a force account ticket, gets it signed daily, or prices it against a contract's T&M rate schedule."
P19-REQ-157,Change Authorization,verified,built,,controlled contract/change/claim records; authority and deadline rules; linked cost/schedule/document evidence; permissions; mapped test results,
P19-REQ-158,Contract Value Control,verified,built,,controlled contract/change/claim records; authority and deadline rules; linked cost/schedule/document evidence; permissions; mapped test results,
P19-REQ-159,Claims Management,verified,built,,controlled contract/change/claim records; authority and deadline rules; linked cost/schedule/document evidence; permissions; mapped test results,
P19-REQ-160,Delay & Disruption Records,not_verified,partial,,controlled contract/change/claim records; authority and deadline rules; linked cost/schedule/document evidence; permissions; mapped test results,"Daily reports carry weather and conditions, schedule baselines make variance measurable per activity and for the project finish, and a claim can cite the reports it rests on. There is no delay analysis: no fragnet, no windows analysis, no separation of excusable from compensable."
P19-REQ-161,Differing Site Conditions,not_verified,partial,,controlled contract/change/claim records; authority and deadline rules; linked cost/schedule/document evidence; permissions; mapped test results,"A claim type exists for it, survey surfaces record what was actually found against design, and the two can be cited together. Nothing links a differing condition to the specific design document it departs from, or computes the cost delta automatically."
P19-REQ-162,Scope & Design Change,not_verified,partial,,controlled contract/change/claim records; authority and deadline rules; linked cost/schedule/document evidence; permissions; mapped test results,"Documents are versioned with supersession and revision comparison across addenda, and a change order records its origin including design change and error or omission. Nothing ties a specific drawing revision to the change order it caused."
P19-REQ-163,Payment & Billing Commercials,not_verified,partial,,controlled contract/change/claim records; authority and deadline rules; linked cost/schedule/document evidence; permissions; mapped test results,"Schedule of values, AIA pay applications with certified immutability, retainage held at the contract percentage and three-way matched invoices are all built. The commercial terms behind them are thin: no payment terms, no pay-when-paid clause, no interest on late payment."
P19-REQ-164,Retainage & Holdbacks,not_verified,partial,,controlled contract/change/claim records; authority and deadline rules; linked cost/schedule/document evidence; permissions; mapped test results,"Retainage is carried on the contract as a percentage and applied by the pay application arithmetic. There is no reduction schedule at substantial completion, no separate holdback for punch list or warranty, and no retainage release workflow."
P19-REQ-165,Backcharges & Deductions,not_verified,not_built,,controlled contract/change/claim records; authority and deadline rules; linked cost/schedule/document evidence; permissions; mapped test results,"No backcharge record, no deduction against a subcontractor, no notice of intent to backcharge."
P19-REQ-166,Allowances & Contingencies,not_verified,not_built,,controlled contract/change/claim records; authority and deadline rules; linked cost/schedule/document evidence; permissions; mapped test results,"An estimate carries contingency by confidence band. Nothing tracks a contract allowance, draws against it, or reconciles the unspent balance at closeout."
P19-REQ-167,Escalation & Price Adjustment,not_verified,not_built,,controlled contract/change/claim records; authority and deadline rules; linked cost/schedule/document evidence; permissions; mapped test results,"The estimating engine models escalation for a bid. No contract carries a price adjustment clause, an index, or a mechanism to apply one."
P19-REQ-168,"Insurance, Bonds & Commercial Compliance",not_verified,not_built,,controlled contract/change/claim records; authority and deadline rules; linked cost/schedule/document evidence; permissions; mapped test results,"No insurance certificate, no bond, no expiry tracking, no compliance hold on payment."
P19-REQ-169,Lien & Waiver Administration,not_verified,not_built,,controlled contract/change/claim records; authority and deadline rules; linked cost/schedule/document evidence; permissions; mapped test results,"No lien waiver, conditional or unconditional, no waiver exchange at payment, no lien deadline tracking."
P19-REQ-170,Dispute Management,not_verified,not_built,,controlled contract/change/claim records; authority and deadline rules; linked cost/schedule/document evidence; permissions; mapped test results,"A claim can reach litigation status and stop there. There is no dispute record, no mediation or arbitration tracking, no counterparty position, no cost of dispute."
P19-REQ-171,Commercial Forecasting,not_verified,partial,,controlled contract/change/claim records; authority and deadline rules; linked cost/schedule/document evidence; permissions; mapped test results,"Job cost, committed cost, approved change orders and the revised contract value are all computed and reported. There is no forecast: no cost to complete, no estimate at completion, no projected final contract value."
P19-REQ-172,Contract Closeout,not_verified,not_built,,controlled contract/change/claim records; authority and deadline rules; linked cost/schedule/document evidence; permissions; mapped test results,"No closeout checklist, no final completion certificate, no warranty period, no final retainage release, no as-built or O&M turnover."
P19-REQ-173,AI Commercial Intelligence,not_verified,partial,,controlled contract/change/claim records; authority and deadline rules; linked cost/schedule/document evidence; permissions; mapped test results,"The one governed agent reads documents with citations and draft-only authority, which is the mechanism such a capability would use. Nothing applies it to contracts, changes or claims — no clause extraction, no notice detection, no claim merit assessment."
P19-REQ-174,Commercial Digital Twin,not_verified,not_built,,controlled contract/change/claim records; authority and deadline rules; linked cost/schedule/document evidence; permissions; mapped test results,Not built and not planned. A digital twin is in the class of capability the traceability rules exclude globally.
P19-REQ-175,Commercial Management Core,verified,built,,controlled contract/change/claim records; authority and deadline rules; linked cost/schedule/document evidence; permissions; mapped test results,
P19-REQ-176,Prime Contract Management,verified,built,,controlled contract/change/claim records; authority and deadline rules; linked cost/schedule/document evidence; permissions; mapped test results,
P19-REQ-177,Subcontract Management,not_verified,partial,,controlled contract/change/claim records; authority and deadline rules; linked cost/schedule/document evidence; permissions; mapped test results,"Vendors, subcontract purchase orders and subcontractor resource assignments exist, and a subcontract is priced by the same engine. There is no subcontract record with its own clauses, notice periods or retainage — a subcontract is modeled as a purchase commitment rather than as a contract with terms."
P19-REQ-178,Purchase Contract Commercials,not_verified,partial,,controlled contract/change/claim records; authority and deadline rules; linked cost/schedule/document evidence; permissions; mapped test results,"Purchase orders carry committed cost, delivery and three-way match against invoices. They carry no commercial terms of their own: no price escalation clause, no delivery liquidated damages, no notice period."
P19-REQ-179,Contract Clause Registry,verified,built,,controlled contract/change/claim records; authority and deadline rules; linked cost/schedule/document evidence; permissions; mapped test results,
P19-REQ-180,Obligation Management,not_verified,partial,,controlled contract/change/claim records; authority and deadline rules; linked cost/schedule/document evidence; permissions; mapped test results,"The obligations that can be computed are: notice deadlines, claim deadlines, submittal lead times and RFI response dates. Nothing registers a contractual obligation as an obligation — no obligation list, no owner, no status, no reminder ahead of a date."
P19-REQ-181,Notice Management,verified,built,,controlled contract/change/claim records; authority and deadline rules; linked cost/schedule/document evidence; permissions; mapped test results,
P19-REQ-182,Potential Change Management,verified,built,,controlled contract/change/claim records; authority and deadline rules; linked cost/schedule/document evidence; permissions; mapped test results,
P19-REQ-183,Change Order Management,verified,built,,controlled contract/change/claim records; authority and deadline rules; linked cost/schedule/document evidence; permissions; mapped test results,
P19-REQ-184,Change Pricing,not_verified,partial,,controlled contract/change/claim records; authority and deadline rules; linked cost/schedule/document evidence; permissions; mapped test results,"A change order carries the estimate version that priced it, so an amendment is costed by the same deterministic engine as the base bid, with cost and price impact separated. There is no change-specific pricing: no agreed markup schedule for changes, no unit price book carried from the contract, no cost-plus fee calculation."
P19-REQ-185,T&M / Force Account,not_verified,partial,,controlled contract/change/claim records; authority and deadline rules; linked cost/schedule/document evidence; permissions; mapped test results,"Time entries, equipment hours and material usage are all recorded against a project and can be read for a period. Nothing assembles them into a force account ticket, gets it signed daily, or prices it against a contract's T&M rate schedule."
P19-REQ-186,Change Authorization,verified,built,,controlled contract/change/claim records; authority and deadline rules; linked cost/schedule/document evidence; permissions; mapped test results,
P19-REQ-187,Contract Value Control,verified,built,,controlled contract/change/claim records; authority and deadline rules; linked cost/schedule/document evidence; permissions; mapped test results,
P19-REQ-188,Claims Management,verified,built,,controlled contract/change/claim records; authority and deadline rules; linked cost/schedule/document evidence; permissions; mapped test results,
P19-REQ-189,Delay & Disruption Records,not_verified,partial,,controlled contract/change/claim records; authority and deadline rules; linked cost/schedule/document evidence; permissions; mapped test results,"Daily reports carry weather and conditions, schedule baselines make variance measurable per activity and for the project finish, and a claim can cite the reports it rests on. There is no delay analysis: no fragnet, no windows analysis, no separation of excusable from compensable."
P19-REQ-190,Differing Site Conditions,not_verified,partial,,controlled contract/change/claim records; authority and deadline rules; linked cost/schedule/document evidence; permissions; mapped test results,"A claim type exists for it, survey surfaces record what was actually found against design, and the two can be cited together. Nothing links a differing condition to the specific design document it departs from, or computes the cost delta automatically."
P19-REQ-191,Scope & Design Change,not_verified,partial,,controlled contract/change/claim records; authority and deadline rules; linked cost/schedule/document evidence; permissions; mapped test results,"Documents are versioned with supersession and revision comparison across addenda, and a change order records its origin including design change and error or omission. Nothing ties a specific drawing revision to the change order it caused."
P19-REQ-192,Payment & Billing Commercials,not_verified,partial,,controlled contract/change/claim records; authority and deadline rules; linked cost/schedule/document evidence; permissions; mapped test results,"Schedule of values, AIA pay applications with certified immutability, retainage held at the contract percentage and three-way matched invoices are all built. The commercial terms behind them are thin: no payment terms, no pay-when-paid clause, no interest on late payment."
P19-REQ-193,Retainage & Holdbacks,not_verified,partial,,controlled contract/change/claim records; authority and deadline rules; linked cost/schedule/document evidence; permissions; mapped test results,"Retainage is carried on the contract as a percentage and applied by the pay application arithmetic. There is no reduction schedule at substantial completion, no separate holdback for punch list or warranty, and no retainage release workflow."
P19-REQ-194,Backcharges & Deductions,not_verified,not_built,,controlled contract/change/claim records; authority and deadline rules; linked cost/schedule/document evidence; permissions; mapped test results,"No backcharge record, no deduction against a subcontractor, no notice of intent to backcharge."
P19-REQ-195,Allowances & Contingencies,not_verified,not_built,,controlled contract/change/claim records; authority and deadline rules; linked cost/schedule/document evidence; permissions; mapped test results,"An estimate carries contingency by confidence band. Nothing tracks a contract allowance, draws against it, or reconciles the unspent balance at closeout."
P19-REQ-196,Escalation & Price Adjustment,not_verified,not_built,,controlled contract/change/claim records; authority and deadline rules; linked cost/schedule/document evidence; permissions; mapped test results,"The estimating engine models escalation for a bid. No contract carries a price adjustment clause, an index, or a mechanism to apply one."
P19-REQ-197,"Insurance, Bonds & Commercial Compliance",not_verified,not_built,,controlled contract/change/claim records; authority and deadline rules; linked cost/schedule/document evidence; permissions; mapped test results,"No insurance certificate, no bond, no expiry tracking, no compliance hold on payment."
P19-REQ-198,Lien & Waiver Administration,not_verified,not_built,,controlled contract/change/claim records; authority and deadline rules; linked cost/schedule/document evidence; permissions; mapped test results,"No lien waiver, conditional or unconditional, no waiver exchange at payment, no lien deadline tracking."
P19-REQ-199,Dispute Management,not_verified,not_built,,controlled contract/change/claim records; authority and deadline rules; linked cost/schedule/document evidence; permissions; mapped test results,"A claim can reach litigation status and stop there. There is no dispute record, no mediation or arbitration tracking, no counterparty position, no cost of dispute."
P19-REQ-200,Commercial Forecasting,not_verified,partial,,controlled contract/change/claim records; authority and deadline rules; linked cost/schedule/document evidence; permissions; mapped test results,"Job cost, committed cost, approved change orders and the revised contract value are all computed and reported. There is no forecast: no cost to complete, no estimate at completion, no projected final contract value."
P19-REQ-201,Contract Closeout,not_verified,not_built,,controlled contract/change/claim records; authority and deadline rules; linked cost/schedule/document evidence; permissions; mapped test results,"No closeout checklist, no final completion certificate, no warranty period, no final retainage release, no as-built or O&M turnover."
P19-REQ-202,AI Commercial Intelligence,not_verified,partial,,controlled contract/change/claim records; authority and deadline rules; linked cost/schedule/document evidence; permissions; mapped test results,"The one governed agent reads documents with citations and draft-only authority, which is the mechanism such a capability would use. Nothing applies it to contracts, changes or claims — no clause extraction, no notice detection, no claim merit assessment."
P19-REQ-203,Commercial Digital Twin,not_verified,not_built,,controlled contract/change/claim records; authority and deadline rules; linked cost/schedule/document evidence; permissions; mapped test results,Not built and not planned. A digital twin is in the class of capability the traceability rules exclude globally.
P19-REQ-204,Commercial Management Core,verified,built,,controlled contract/change/claim records; authority and deadline rules; linked cost/schedule/document evidence; permissions; mapped test results,
P19-REQ-205,Prime Contract Management,verified,built,,controlled contract/change/claim records; authority and deadline rules; linked cost/schedule/document evidence; permissions; mapped test results,
P19-REQ-206,Subcontract Management,not_verified,partial,,controlled contract/change/claim records; authority and deadline rules; linked cost/schedule/document evidence; permissions; mapped test results,"Vendors, subcontract purchase orders and subcontractor resource assignments exist, and a subcontract is priced by the same engine. There is no subcontract record with its own clauses, notice periods or retainage — a subcontract is modeled as a purchase commitment rather than as a contract with terms."
P19-REQ-207,Purchase Contract Commercials,not_verified,partial,,controlled contract/change/claim records; authority and deadline rules; linked cost/schedule/document evidence; permissions; mapped test results,"Purchase orders carry committed cost, delivery and three-way match against invoices. They carry no commercial terms of their own: no price escalation clause, no delivery liquidated damages, no notice period."
P19-REQ-208,Contract Clause Registry,verified,built,,controlled contract/change/claim records; authority and deadline rules; linked cost/schedule/document evidence; permissions; mapped test results,
P19-REQ-209,Obligation Management,not_verified,partial,,controlled contract/change/claim records; authority and deadline rules; linked cost/schedule/document evidence; permissions; mapped test results,"The obligations that can be computed are: notice deadlines, claim deadlines, submittal lead times and RFI response dates. Nothing registers a contractual obligation as an obligation — no obligation list, no owner, no status, no reminder ahead of a date."
P19-REQ-210,Notice Management,verified,built,,controlled contract/change/claim records; authority and deadline rules; linked cost/schedule/document evidence; permissions; mapped test results,
P19-REQ-211,Potential Change Management,verified,built,,controlled contract/change/claim records; authority and deadline rules; linked cost/schedule/document evidence; permissions; mapped test results,
P19-REQ-212,Change Order Management,verified,built,,controlled contract/change/claim records; authority and deadline rules; linked cost/schedule/document evidence; permissions; mapped test results,
P19-REQ-213,Change Pricing,not_verified,partial,,controlled contract/change/claim records; authority and deadline rules; linked cost/schedule/document evidence; permissions; mapped test results,"A change order carries the estimate version that priced it, so an amendment is costed by the same deterministic engine as the base bid, with cost and price impact separated. There is no change-specific pricing: no agreed markup schedule for changes, no unit price book carried from the contract, no cost-plus fee calculation."
P19-REQ-214,T&M / Force Account,not_verified,partial,,controlled contract/change/claim records; authority and deadline rules; linked cost/schedule/document evidence; permissions; mapped test results,"Time entries, equipment hours and material usage are all recorded against a project and can be read for a period. Nothing assembles them into a force account ticket, gets it signed daily, or prices it against a contract's T&M rate schedule."
P19-REQ-215,Change Authorization,verified,built,,controlled contract/change/claim records; authority and deadline rules; linked cost/schedule/document evidence; permissions; mapped test results,
P19-REQ-216,Contract Value Control,verified,built,,controlled contract/change/claim records; authority and deadline rules; linked cost/schedule/document evidence; permissions; mapped test results,
P19-REQ-217,Claims Management,verified,built,,controlled contract/change/claim records; authority and deadline rules; linked cost/schedule/document evidence; permissions; mapped test results,
P19-REQ-218,Delay & Disruption Records,not_verified,partial,,controlled contract/change/claim records; authority and deadline rules; linked cost/schedule/document evidence; permissions; mapped test results,"Daily reports carry weather and conditions, schedule baselines make variance measurable per activity and for the project finish, and a claim can cite the reports it rests on. There is no delay analysis: no fragnet, no windows analysis, no separation of excusable from compensable."
P19-REQ-219,Differing Site Conditions,not_verified,partial,,controlled contract/change/claim records; authority and deadline rules; linked cost/schedule/document evidence; permissions; mapped test results,"A claim type exists for it, survey surfaces record what was actually found against design, and the two can be cited together. Nothing links a differing condition to the specific design document it departs from, or computes the cost delta automatically."
P19-REQ-220,Scope & Design Change,not_verified,partial,,controlled contract/change/claim records; authority and deadline rules; linked cost/schedule/document evidence; permissions; mapped test results,"Documents are versioned with supersession and revision comparison across addenda, and a change order records its origin including design change and error or omission. Nothing ties a specific drawing revision to the change order it caused."
P19-REQ-221,Payment & Billing Commercials,not_verified,partial,,controlled contract/change/claim records; authority and deadline rules; linked cost/schedule/document evidence; permissions; mapped test results,"Schedule of values, AIA pay applications with certified immutability, retainage held at the contract percentage and three-way matched invoices are all built. The commercial terms behind them are thin: no payment terms, no pay-when-paid clause, no interest on late payment."
P19-REQ-222,Retainage & Holdbacks,not_verified,partial,,controlled contract/change/claim records; authority and deadline rules; linked cost/schedule/document evidence; permissions; mapped test results,"Retainage is carried on the contract as a percentage and applied by the pay application arithmetic. There is no reduction schedule at substantial completion, no separate holdback for punch list or warranty, and no retainage release workflow."
P19-REQ-223,Backcharges & Deductions,not_verified,not_built,,controlled contract/change/claim records; authority and deadline rules; linked cost/schedule/document evidence; permissions; mapped test results,"No backcharge record, no deduction against a subcontractor, no notice of intent to backcharge."
P19-REQ-224,Allowances & Contingencies,not_verified,not_built,,controlled contract/change/claim records; authority and deadline rules; linked cost/schedule/document evidence; permissions; mapped test results,"An estimate carries contingency by confidence band. Nothing tracks a contract allowance, draws against it, or reconciles the unspent balance at closeout."
P19-REQ-225,Escalation & Price Adjustment,not_verified,not_built,,controlled contract/change/claim records; authority and deadline rules; linked cost/schedule/document evidence; permissions; mapped test results,"The estimating engine models escalation for a bid. No contract carries a price adjustment clause, an index, or a mechanism to apply one."
P19-REQ-226,"Insurance, Bonds & Commercial Compliance",not_verified,not_built,,controlled contract/change/claim records; authority and deadline rules; linked cost/schedule/document evidence; permissions; mapped test results,"No insurance certificate, no bond, no expiry tracking, no compliance hold on payment."
P19-REQ-227,Lien & Waiver Administration,not_verified,not_built,,controlled contract/change/claim records; authority and deadline rules; linked cost/schedule/document evidence; permissions; mapped test results,"No lien waiver, conditional or unconditional, no waiver exchange at payment, no lien deadline tracking."
P19-REQ-228,Dispute Management,not_verified,not_built,,controlled contract/change/claim records; authority and deadline rules; linked cost/schedule/document evidence; permissions; mapped test results,"A claim can reach litigation status and stop there. There is no dispute record, no mediation or arbitration tracking, no counterparty position, no cost of dispute."
P19-REQ-229,Commercial Forecasting,not_verified,partial,,controlled contract/change/claim records; authority and deadline rules; linked cost/schedule/document evidence; permissions; mapped test results,"Job cost, committed cost, approved change orders and the revised contract value are all computed and reported. There is no forecast: no cost to complete, no estimate at completion, no projected final contract value."
P19-REQ-230,Contract Closeout,not_verified,not_built,,controlled contract/change/claim records; authority and deadline rules; linked cost/schedule/document evidence; permissions; mapped test results,"No closeout checklist, no final completion certificate, no warranty period, no final retainage release, no as-built or O&M turnover."
P19-REQ-231,AI Commercial Intelligence,not_verified,partial,,controlled contract/change/claim records; authority and deadline rules; linked cost/schedule/document evidence; permissions; mapped test results,"The one governed agent reads documents with citations and draft-only authority, which is the mechanism such a capability would use. Nothing applies it to contracts, changes or claims — no clause extraction, no notice detection, no claim merit assessment."
P19-REQ-232,Commercial Digital Twin,not_verified,not_built,,controlled contract/change/claim records; authority and deadline rules; linked cost/schedule/document evidence; permissions; mapped test results,Not built and not planned. A digital twin is in the class of capability the traceability rules exclude globally.
P19-REQ-233,Commercial Management Core,verified,built,,controlled contract/change/claim records; authority and deadline rules; linked cost/schedule/document evidence; permissions; mapped test results,
P19-REQ-234,Prime Contract Management,verified,built,,controlled contract/change/claim records; authority and deadline rules; linked cost/schedule/document evidence; permissions; mapped test results,
P19-REQ-235,Subcontract Management,not_verified,partial,,controlled contract/change/claim records; authority and deadline rules; linked cost/schedule/document evidence; permissions; mapped test results,"Vendors, subcontract purchase orders and subcontractor resource assignments exist, and a subcontract is priced by the same engine. There is no subcontract record with its own clauses, notice periods or retainage — a subcontract is modeled as a purchase commitment rather than as a contract with terms."
P19-REQ-236,Purchase Contract Commercials,not_verified,partial,,controlled contract/change/claim records; authority and deadline rules; linked cost/schedule/document evidence; permissions; mapped test results,"Purchase orders carry committed cost, delivery and three-way match against invoices. They carry no commercial terms of their own: no price escalation clause, no delivery liquidated damages, no notice period."
P19-REQ-237,Contract Clause Registry,verified,built,,controlled contract/change/claim records; authority and deadline rules; linked cost/schedule/document evidence; permissions; mapped test results,
P19-REQ-238,Obligation Management,not_verified,partial,,controlled contract/change/claim records; authority and deadline rules; linked cost/schedule/document evidence; permissions; mapped test results,"The obligations that can be computed are: notice deadlines, claim deadlines, submittal lead times and RFI response dates. Nothing registers a contractual obligation as an obligation — no obligation list, no owner, no status, no reminder ahead of a date."
P19-REQ-239,Notice Management,verified,built,,controlled contract/change/claim records; authority and deadline rules; linked cost/schedule/document evidence; permissions; mapped test results,
P19-REQ-240,Potential Change Management,verified,built,,controlled contract/change/claim records; authority and deadline rules; linked cost/schedule/document evidence; permissions; mapped test results,
P19-REQ-241,Change Order Management,verified,built,,controlled contract/change/claim records; authority and deadline rules; linked cost/schedule/document evidence; permissions; mapped test results,
P19-REQ-242,Change Pricing,not_verified,partial,,controlled contract/change/claim records; authority and deadline rules; linked cost/schedule/document evidence; permissions; mapped test results,"A change order carries the estimate version that priced it, so an amendment is costed by the same deterministic engine as the base bid, with cost and price impact separated. There is no change-specific pricing: no agreed markup schedule for changes, no unit price book carried from the contract, no cost-plus fee calculation."
P19-REQ-243,T&M / Force Account,not_verified,partial,,controlled contract/change/claim records; authority and deadline rules; linked cost/schedule/document evidence; permissions; mapped test results,"Time entries, equipment hours and material usage are all recorded against a project and can be read for a period. Nothing assembles them into a force account ticket, gets it signed daily, or prices it against a contract's T&M rate schedule."
P19-REQ-244,Change Authorization,verified,built,,controlled contract/change/claim records; authority and deadline rules; linked cost/schedule/document evidence; permissions; mapped test results,
P19-REQ-245,Contract Value Control,verified,built,,controlled contract/change/claim records; authority and deadline rules; linked cost/schedule/document evidence; permissions; mapped test results,
P19-REQ-246,Claims Management,verified,built,,controlled contract/change/claim records; authority and deadline rules; linked cost/schedule/document evidence; permissions; mapped test results,
P19-REQ-247,Delay & Disruption Records,not_verified,partial,,controlled contract/change/claim records; authority and deadline rules; linked cost/schedule/document evidence; permissions; mapped test results,"Daily reports carry weather and conditions, schedule baselines make variance measurable per activity and for the project finish, and a claim can cite the reports it rests on. There is no delay analysis: no fragnet, no windows analysis, no separation of excusable from compensable."
P19-REQ-248,Differing Site Conditions,not_verified,partial,,controlled contract/change/claim records; authority and deadline rules; linked cost/schedule/document evidence; permissions; mapped test results,"A claim type exists for it, survey surfaces record what was actually found against design, and the two can be cited together. Nothing links a differing condition to the specific design document it departs from, or computes the cost delta automatically."
P19-REQ-249,Scope & Design Change,not_verified,partial,,controlled contract/change/claim records; authority and deadline rules; linked cost/schedule/document evidence; permissions; mapped test results,"Documents are versioned with supersession and revision comparison across addenda, and a change order records its origin including design change and error or omission. Nothing ties a specific drawing revision to the change order it caused."
P19-REQ-250,Payment & Billing Commercials,not_verified,partial,,controlled contract/change/claim records; authority and deadline rules; linked cost/schedule/document evidence; permissions; mapped test results,"Schedule of values, AIA pay applications with certified immutability, retainage held at the contract percentage and three-way matched invoices are all built. The commercial terms behind them are thin: no payment terms, no pay-when-paid clause, no interest on late payment."
P19-REQ-251,Retainage & Holdbacks,not_verified,partial,,controlled contract/change/claim records; authority and deadline rules; linked cost/schedule/document evidence; permissions; mapped test results,"Retainage is carried on the contract as a percentage and applied by the pay application arithmetic. There is no reduction schedule at substantial completion, no separate holdback for punch list or warranty, and no retainage release workflow."
P19-REQ-252,Backcharges & Deductions,not_verified,not_built,,controlled contract/change/claim records; authority and deadline rules; linked cost/schedule/document evidence; permissions; mapped test results,"No backcharge record, no deduction against a subcontractor, no notice of intent to backcharge."
P19-REQ-253,Allowances & Contingencies,not_verified,not_built,,controlled contract/change/claim records; authority and deadline rules; linked cost/schedule/document evidence; permissions; mapped test results,"An estimate carries contingency by confidence band. Nothing tracks a contract allowance, draws against it, or reconciles the unspent balance at closeout."
P19-REQ-254,Escalation & Price Adjustment,not_verified,not_built,,controlled contract/change/claim records; authority and deadline rules; linked cost/schedule/document evidence; permissions; mapped test results,"The estimating engine models escalation for a bid. No contract carries a price adjustment clause, an index, or a mechanism to apply one."
P19-REQ-255,"Insurance, Bonds & Commercial Compliance",not_verified,not_built,,controlled contract/change/claim records; authority and deadline rules; linked cost/schedule/document evidence; permissions; mapped test results,"No insurance certificate, no bond, no expiry tracking, no compliance hold on payment."
P19-REQ-256,Lien & Waiver Administration,not_verified,not_built,,controlled contract/change/claim records; authority and deadline rules; linked cost/schedule/document evidence; permissions; mapped test results,"No lien waiver, conditional or unconditional, no waiver exchange at payment, no lien deadline tracking."
P19-REQ-257,Dispute Management,not_verified,not_built,,controlled contract/change/claim records; authority and deadline rules; linked cost/schedule/document evidence; permissions; mapped test results,"A claim can reach litigation status and stop there. There is no dispute record, no mediation or arbitration tracking, no counterparty position, no cost of dispute."
P19-REQ-258,Commercial Forecasting,not_verified,partial,,controlled contract/change/claim records; authority and deadline rules; linked cost/schedule/document evidence; permissions; mapped test results,"Job cost, committed cost, approved change orders and the revised contract value are all computed and reported. There is no forecast: no cost to complete, no estimate at completion, no projected final contract value."
P19-REQ-259,Contract Closeout,not_verified,not_built,,controlled contract/change/claim records; authority and deadline rules; linked cost/schedule/document evidence; permissions; mapped test results,"No closeout checklist, no final completion certificate, no warranty period, no final retainage release, no as-built or O&M turnover."
P19-REQ-260,AI Commercial Intelligence,not_verified,partial,,controlled contract/change/claim records; authority and deadline rules; linked cost/schedule/document evidence; permissions; mapped test results,"The one governed agent reads documents with citations and draft-only authority, which is the mechanism such a capability would use. Nothing applies it to contracts, changes or claims — no clause extraction, no notice detection, no claim merit assessment."
P19-REQ-261,Commercial Digital Twin,not_verified,not_built,,controlled contract/change/claim records; authority and deadline rules; linked cost/schedule/document evidence; permissions; mapped test results,Not built and not planned. A digital twin is in the class of capability the traceability rules exclude globally.
P19-REQ-262,Commercial Management Core,verified,built,,controlled contract/change/claim records; authority and deadline rules; linked cost/schedule/document evidence; permissions; mapped test results,
P19-REQ-263,Prime Contract Management,verified,built,,controlled contract/change/claim records; authority and deadline rules; linked cost/schedule/document evidence; permissions; mapped test results,
P19-REQ-264,Subcontract Management,not_verified,partial,,controlled contract/change/claim records; authority and deadline rules; linked cost/schedule/document evidence; permissions; mapped test results,"Vendors, subcontract purchase orders and subcontractor resource assignments exist, and a subcontract is priced by the same engine. There is no subcontract record with its own clauses, notice periods or retainage — a subcontract is modeled as a purchase commitment rather than as a contract with terms."
P19-REQ-265,Purchase Contract Commercials,not_verified,partial,,controlled contract/change/claim records; authority and deadline rules; linked cost/schedule/document evidence; permissions; mapped test results,"Purchase orders carry committed cost, delivery and three-way match against invoices. They carry no commercial terms of their own: no price escalation clause, no delivery liquidated damages, no notice period."
P19-REQ-266,Contract Clause Registry,verified,built,,controlled contract/change/claim records; authority and deadline rules; linked cost/schedule/document evidence; permissions; mapped test results,
P19-REQ-267,Obligation Management,not_verified,partial,,controlled contract/change/claim records; authority and deadline rules; linked cost/schedule/document evidence; permissions; mapped test results,"The obligations that can be computed are: notice deadlines, claim deadlines, submittal lead times and RFI response dates. Nothing registers a contractual obligation as an obligation — no obligation list, no owner, no status, no reminder ahead of a date."
P19-REQ-268,Notice Management,verified,built,,controlled contract/change/claim records; authority and deadline rules; linked cost/schedule/document evidence; permissions; mapped test results,
P19-REQ-269,Potential Change Management,verified,built,,controlled contract/change/claim records; authority and deadline rules; linked cost/schedule/document evidence; permissions; mapped test results,
P19-REQ-270,Change Order Management,verified,built,,controlled contract/change/claim records; authority and deadline rules; linked cost/schedule/document evidence; permissions; mapped test results,
P19-REQ-271,Change Pricing,not_verified,partial,,controlled contract/change/claim records; authority and deadline rules; linked cost/schedule/document evidence; permissions; mapped test results,"A change order carries the estimate version that priced it, so an amendment is costed by the same deterministic engine as the base bid, with cost and price impact separated. There is no change-specific pricing: no agreed markup schedule for changes, no unit price book carried from the contract, no cost-plus fee calculation."
P19-REQ-272,T&M / Force Account,not_verified,partial,,controlled contract/change/claim records; authority and deadline rules; linked cost/schedule/document evidence; permissions; mapped test results,"Time entries, equipment hours and material usage are all recorded against a project and can be read for a period. Nothing assembles them into a force account ticket, gets it signed daily, or prices it against a contract's T&M rate schedule."
P19-REQ-273,Change Authorization,verified,built,,controlled contract/change/claim records; authority and deadline rules; linked cost/schedule/document evidence; permissions; mapped test results,
P19-REQ-274,Contract Value Control,verified,built,,controlled contract/change/claim records; authority and deadline rules; linked cost/schedule/document evidence; permissions; mapped test results,
P19-REQ-275,Claims Management,verified,built,,controlled contract/change/claim records; authority and deadline rules; linked cost/schedule/document evidence; permissions; mapped test results,
P19-REQ-276,Delay & Disruption Records,not_verified,partial,,controlled contract/change/claim records; authority and deadline rules; linked cost/schedule/document evidence; permissions; mapped test results,"Daily reports carry weather and conditions, schedule baselines make variance measurable per activity and for the project finish, and a claim can cite the reports it rests on. There is no delay analysis: no fragnet, no windows analysis, no separation of excusable from compensable."
P19-REQ-277,Differing Site Conditions,not_verified,partial,,controlled contract/change/claim records; authority and deadline rules; linked cost/schedule/document evidence; permissions; mapped test results,"A claim type exists for it, survey surfaces record what was actually found against design, and the two can be cited together. Nothing links a differing condition to the specific design document it departs from, or computes the cost delta automatically."
P19-REQ-278,Scope & Design Change,not_verified,partial,,controlled contract/change/claim records; authority and deadline rules; linked cost/schedule/document evidence; permissions; mapped test results,"Documents are versioned with supersession and revision comparison across addenda, and a change order records its origin including design change and error or omission. Nothing ties a specific drawing revision to the change order it caused."
P19-REQ-279,Payment & Billing Commercials,not_verified,partial,,controlled contract/change/claim records; authority and deadline rules; linked cost/schedule/document evidence; permissions; mapped test results,"Schedule of values, AIA pay applications with certified immutability, retainage held at the contract percentage and three-way matched invoices are all built. The commercial terms behind them are thin: no payment terms, no pay-when-paid clause, no interest on late payment."
P19-REQ-280,Retainage & Holdbacks,not_verified,partial,,controlled contract/change/claim records; authority and deadline rules; linked cost/schedule/document evidence; permissions; mapped test results,"Retainage is carried on the contract as a percentage and applied by the pay application arithmetic. There is no reduction schedule at substantial completion, no separate holdback for punch list or warranty, and no retainage release workflow."
P19-REQ-281,Backcharges & Deductions,not_verified,not_built,,controlled contract/change/claim records; authority and deadline rules; linked cost/schedule/document evidence; permissions; mapped test results,"No backcharge record, no deduction against a subcontractor, no notice of intent to backcharge."
P19-REQ-282,Allowances & Contingencies,not_verified,not_built,,controlled contract/change/claim records; authority and deadline rules; linked cost/schedule/document evidence; permissions; mapped test results,"An estimate carries contingency by confidence band. Nothing tracks a contract allowance, draws against it, or reconciles the unspent balance at closeout."
P19-REQ-283,Escalation & Price Adjustment,not_verified,not_built,,controlled contract/change/claim records; authority and deadline rules; linked cost/schedule/document evidence; permissions; mapped test results,"The estimating engine models escalation for a bid. No contract carries a price adjustment clause, an index, or a mechanism to apply one."
P19-REQ-284,"Insurance, Bonds & Commercial Compliance",not_verified,not_built,,controlled contract/change/claim records; authority and deadline rules; linked cost/schedule/document evidence; permissions; mapped test results,"No insurance certificate, no bond, no expiry tracking, no compliance hold on payment."
P19-REQ-285,Lien & Waiver Administration,not_verified,not_built,,controlled contract/change/claim records; authority and deadline rules; linked cost/schedule/document evidence; permissions; mapped test results,"No lien waiver, conditional or unconditional, no waiver exchange at payment, no lien deadline tracking."
P19-REQ-286,Dispute Management,not_verified,not_built,,controlled contract/change/claim records; authority and deadline rules; linked cost/schedule/document evidence; permissions; mapped test results,"A claim can reach litigation status and stop there. There is no dispute record, no mediation or arbitration tracking, no counterparty position, no cost of dispute."
P19-REQ-287,Commercial Forecasting,not_verified,partial,,controlled contract/change/claim records; authority and deadline rules; linked cost/schedule/document evidence; permissions; mapped test results,"Job cost, committed cost, approved change orders and the revised contract value are all computed and reported. There is no forecast: no cost to complete, no estimate at completion, no projected final contract value."
P19-REQ-288,Contract Closeout,not_verified,not_built,,controlled contract/change/claim records; authority and deadline rules; linked cost/schedule/document evidence; permissions; mapped test results,"No closeout checklist, no final completion certificate, no warranty period, no final retainage release, no as-built or O&M turnover."
P19-REQ-289,AI Commercial Intelligence,not_verified,partial,,controlled contract/change/claim records; authority and deadline rules; linked cost/schedule/document evidence; permissions; mapped test results,"The one governed agent reads documents with citations and draft-only authority, which is the mechanism such a capability would use. Nothing applies it to contracts, changes or claims — no clause extraction, no notice detection, no claim merit assessment."
P19-REQ-290,Commercial Digital Twin,not_verified,not_built,,controlled contract/change/claim records; authority and deadline rules; linked cost/schedule/document evidence; permissions; mapped test results,Not built and not planned. A digital twin is in the class of capability the traceability rules exclude globally.
P19-REQ-291,Commercial Management Core,verified,built,,controlled contract/change/claim records; authority and deadline rules; linked cost/schedule/document evidence; permissions; mapped test results,
P19-REQ-292,Prime Contract Management,verified,built,,controlled contract/change/claim records; authority and deadline rules; linked cost/schedule/document evidence; permissions; mapped test results,
P19-REQ-293,Subcontract Management,not_verified,partial,,controlled contract/change/claim records; authority and deadline rules; linked cost/schedule/document evidence; permissions; mapped test results,"Vendors, subcontract purchase orders and subcontractor resource assignments exist, and a subcontract is priced by the same engine. There is no subcontract record with its own clauses, notice periods or retainage — a subcontract is modeled as a purchase commitment rather than as a contract with terms."
P19-REQ-294,Purchase Contract Commercials,not_verified,partial,,controlled contract/change/claim records; authority and deadline rules; linked cost/schedule/document evidence; permissions; mapped test results,"Purchase orders carry committed cost, delivery and three-way match against invoices. They carry no commercial terms of their own: no price escalation clause, no delivery liquidated damages, no notice period."
P19-REQ-295,Contract Clause Registry,verified,built,,controlled contract/change/claim records; authority and deadline rules; linked cost/schedule/document evidence; permissions; mapped test results,
P19-REQ-296,Obligation Management,not_verified,partial,,controlled contract/change/claim records; authority and deadline rules; linked cost/schedule/document evidence; permissions; mapped test results,"The obligations that can be computed are: notice deadlines, claim deadlines, submittal lead times and RFI response dates. Nothing registers a contractual obligation as an obligation — no obligation list, no owner, no status, no reminder ahead of a date."
P19-REQ-297,Notice Management,verified,built,,controlled contract/change/claim records; authority and deadline rules; linked cost/schedule/document evidence; permissions; mapped test results,
P19-REQ-298,Potential Change Management,verified,built,,controlled contract/change/claim records; authority and deadline rules; linked cost/schedule/document evidence; permissions; mapped test results,
P19-REQ-299,Change Order Management,verified,built,,controlled contract/change/claim records; authority and deadline rules; linked cost/schedule/document evidence; permissions; mapped test results,
P19-REQ-300,Change Pricing,not_verified,partial,,controlled contract/change/claim records; authority and deadline rules; linked cost/schedule/document evidence; permissions; mapped test results,"A change order carries the estimate version that priced it, so an amendment is costed by the same deterministic engine as the base bid, with cost and price impact separated. There is no change-specific pricing: no agreed markup schedule for changes, no unit price book carried from the contract, no cost-plus fee calculation."
P19-REQ-301,T&M / Force Account,not_verified,partial,,controlled contract/change/claim records; authority and deadline rules; linked cost/schedule/document evidence; permissions; mapped test results,"Time entries, equipment hours and material usage are all recorded against a project and can be read for a period. Nothing assembles them into a force account ticket, gets it signed daily, or prices it against a contract's T&M rate schedule."
P19-REQ-302,Change Authorization,verified,built,,controlled contract/change/claim records; authority and deadline rules; linked cost/schedule/document evidence; permissions; mapped test results,
P19-REQ-303,Contract Value Control,verified,built,,controlled contract/change/claim records; authority and deadline rules; linked cost/schedule/document evidence; permissions; mapped test results,
P19-REQ-304,Claims Management,verified,built,,controlled contract/change/claim records; authority and deadline rules; linked cost/schedule/document evidence; permissions; mapped test results,
P19-REQ-305,Delay & Disruption Records,not_verified,partial,,controlled contract/change/claim records; authority and deadline rules; linked cost/schedule/document evidence; permissions; mapped test results,"Daily reports carry weather and conditions, schedule baselines make variance measurable per activity and for the project finish, and a claim can cite the reports it rests on. There is no delay analysis: no fragnet, no windows analysis, no separation of excusable from compensable."
P19-REQ-306,Differing Site Conditions,not_verified,partial,,controlled contract/change/claim records; authority and deadline rules; linked cost/schedule/document evidence; permissions; mapped test results,"A claim type exists for it, survey surfaces record what was actually found against design, and the two can be cited together. Nothing links a differing condition to the specific design document it departs from, or computes the cost delta automatically."
P19-REQ-307,Scope & Design Change,not_verified,partial,,controlled contract/change/claim records; authority and deadline rules; linked cost/schedule/document evidence; permissions; mapped test results,"Documents are versioned with supersession and revision comparison across addenda, and a change order records its origin including design change and error or omission. Nothing ties a specific drawing revision to the change order it caused."
P19-REQ-308,Payment & Billing Commercials,not_verified,partial,,controlled contract/change/claim records; authority and deadline rules; linked cost/schedule/document evidence; permissions; mapped test results,"Schedule of values, AIA pay applications with certified immutability, retainage held at the contract percentage and three-way matched invoices are all built. The commercial terms behind them are thin: no payment terms, no pay-when-paid clause, no interest on late payment."
P19-REQ-309,Retainage & Holdbacks,not_verified,partial,,controlled contract/change/claim records; authority and deadline rules; linked cost/schedule/document evidence; permissions; mapped test results,"Retainage is carried on the contract as a percentage and applied by the pay application arithmetic. There is no reduction schedule at substantial completion, no separate holdback for punch list or warranty, and no retainage release workflow."
P19-REQ-310,Backcharges & Deductions,not_verified,not_built,,controlled contract/change/claim records; authority and deadline rules; linked cost/schedule/document evidence; permissions; mapped test results,"No backcharge record, no deduction against a subcontractor, no notice of intent to backcharge."
P19-REQ-311,Allowances & Contingencies,not_verified,not_built,,controlled contract/change/claim records; authority and deadline rules; linked cost/schedule/document evidence; permissions; mapped test results,"An estimate carries contingency by confidence band. Nothing tracks a contract allowance, draws against it, or reconciles the unspent balance at closeout."
P19-REQ-312,Escalation & Price Adjustment,not_verified,not_built,,controlled contract/change/claim records; authority and deadline rules; linked cost/schedule/document evidence; permissions; mapped test results,"The estimating engine models escalation for a bid. No contract carries a price adjustment clause, an index, or a mechanism to apply one."
P19-REQ-313,"Insurance, Bonds & Commercial Compliance",not_verified,not_built,,controlled contract/change/claim records; authority and deadline rules; linked cost/schedule/document evidence; permissions; mapped test results,"No insurance certificate, no bond, no expiry tracking, no compliance hold on payment."
P19-REQ-314,Lien & Waiver Administration,not_verified,not_built,,controlled contract/change/claim records; authority and deadline rules; linked cost/schedule/document evidence; permissions; mapped test results,"No lien waiver, conditional or unconditional, no waiver exchange at payment, no lien deadline tracking."
P19-REQ-315,Dispute Management,not_verified,not_built,,controlled contract/change/claim records; authority and deadline rules; linked cost/schedule/document evidence; permissions; mapped test results,"A claim can reach litigation status and stop there. There is no dispute record, no mediation or arbitration tracking, no counterparty position, no cost of dispute."
P19-REQ-316,Commercial Forecasting,not_verified,partial,,controlled contract/change/claim records; authority and deadline rules; linked cost/schedule/document evidence; permissions; mapped test results,"Job cost, committed cost, approved change orders and the revised contract value are all computed and reported. There is no forecast: no cost to complete, no estimate at completion, no projected final contract value."
P19-REQ-317,Contract Closeout,not_verified,not_built,,controlled contract/change/claim records; authority and deadline rules; linked cost/schedule/document evidence; permissions; mapped test results,"No closeout checklist, no final completion certificate, no warranty period, no final retainage release, no as-built or O&M turnover."
P19-REQ-318,AI Commercial Intelligence,not_verified,partial,,controlled contract/change/claim records; authority and deadline rules; linked cost/schedule/document evidence; permissions; mapped test results,"The one governed agent reads documents with citations and draft-only authority, which is the mechanism such a capability would use. Nothing applies it to contracts, changes or claims — no clause extraction, no notice detection, no claim merit assessment."
P19-REQ-319,Commercial Digital Twin,not_verified,not_built,,controlled contract/change/claim records; authority and deadline rules; linked cost/schedule/document evidence; permissions; mapped test results,Not built and not planned. A digital twin is in the class of capability the traceability rules exclude globally.
P19-REQ-320,Commercial Management Core,verified,built,,controlled contract/change/claim records; authority and deadline rules; linked cost/schedule/document evidence; permissions; mapped test results,
P19-REQ-321,Prime Contract Management,verified,built,,controlled contract/change/claim records; authority and deadline rules; linked cost/schedule/document evidence; permissions; mapped test results,
P19-REQ-322,Subcontract Management,not_verified,partial,,controlled contract/change/claim records; authority and deadline rules; linked cost/schedule/document evidence; permissions; mapped test results,"Vendors, subcontract purchase orders and subcontractor resource assignments exist, and a subcontract is priced by the same engine. There is no subcontract record with its own clauses, notice periods or retainage — a subcontract is modeled as a purchase commitment rather than as a contract with terms."
P19-REQ-323,Purchase Contract Commercials,not_verified,partial,,controlled contract/change/claim records; authority and deadline rules; linked cost/schedule/document evidence; permissions; mapped test results,"Purchase orders carry committed cost, delivery and three-way match against invoices. They carry no commercial terms of their own: no price escalation clause, no delivery liquidated damages, no notice period."
P19-REQ-324,Contract Clause Registry,verified,built,,controlled contract/change/claim records; authority and deadline rules; linked cost/schedule/document evidence; permissions; mapped test results,
P19-REQ-325,Obligation Management,not_verified,partial,,controlled contract/change/claim records; authority and deadline rules; linked cost/schedule/document evidence; permissions; mapped test results,"The obligations that can be computed are: notice deadlines, claim deadlines, submittal lead times and RFI response dates. Nothing registers a contractual obligation as an obligation — no obligation list, no owner, no status, no reminder ahead of a date."
P19-REQ-326,Notice Management,verified,built,,controlled contract/change/claim records; authority and deadline rules; linked cost/schedule/document evidence; permissions; mapped test results,
P19-REQ-327,Potential Change Management,verified,built,,controlled contract/change/claim records; authority and deadline rules; linked cost/schedule/document evidence; permissions; mapped test results,
P19-REQ-328,Change Order Management,verified,built,,controlled contract/change/claim records; authority and deadline rules; linked cost/schedule/document evidence; permissions; mapped test results,
P19-REQ-329,Change Pricing,not_verified,partial,,controlled contract/change/claim records; authority and deadline rules; linked cost/schedule/document evidence; permissions; mapped test results,"A change order carries the estimate version that priced it, so an amendment is costed by the same deterministic engine as the base bid, with cost and price impact separated. There is no change-specific pricing: no agreed markup schedule for changes, no unit price book carried from the contract, no cost-plus fee calculation."
P19-REQ-330,T&M / Force Account,not_verified,partial,,controlled contract/change/claim records; authority and deadline rules; linked cost/schedule/document evidence; permissions; mapped test results,"Time entries, equipment hours and material usage are all recorded against a project and can be read for a period. Nothing assembles them into a force account ticket, gets it signed daily, or prices it against a contract's T&M rate schedule."
P19-REQ-331,Change Authorization,verified,built,,controlled contract/change/claim records; authority and deadline rules; linked cost/schedule/document evidence; permissions; mapped test results,
P19-REQ-332,Contract Value Control,verified,built,,controlled contract/change/claim records; authority and deadline rules; linked cost/schedule/document evidence; permissions; mapped test results,
P19-REQ-333,Claims Management,verified,built,,controlled contract/change/claim records; authority and deadline rules; linked cost/schedule/document evidence; permissions; mapped test results,
P19-REQ-334,Delay & Disruption Records,not_verified,partial,,controlled contract/change/claim records; authority and deadline rules; linked cost/schedule/document evidence; permissions; mapped test results,"Daily reports carry weather and conditions, schedule baselines make variance measurable per activity and for the project finish, and a claim can cite the reports it rests on. There is no delay analysis: no fragnet, no windows analysis, no separation of excusable from compensable."
P19-REQ-335,Differing Site Conditions,not_verified,partial,,controlled contract/change/claim records; authority and deadline rules; linked cost/schedule/document evidence; permissions; mapped test results,"A claim type exists for it, survey surfaces record what was actually found against design, and the two can be cited together. Nothing links a differing condition to the specific design document it departs from, or computes the cost delta automatically."
P19-REQ-336,Scope & Design Change,not_verified,partial,,controlled contract/change/claim records; authority and deadline rules; linked cost/schedule/document evidence; permissions; mapped test results,"Documents are versioned with supersession and revision comparison across addenda, and a change order records its origin including design change and error or omission. Nothing ties a specific drawing revision to the change order it caused."
P19-REQ-337,Payment & Billing Commercials,not_verified,partial,,controlled contract/change/claim records; authority and deadline rules; linked cost/schedule/document evidence; permissions; mapped test results,"Schedule of values, AIA pay applications with certified immutability, retainage held at the contract percentage and three-way matched invoices are all built. The commercial terms behind them are thin: no payment terms, no pay-when-paid clause, no interest on late payment."
P19-REQ-338,Retainage & Holdbacks,not_verified,partial,,controlled contract/change/claim records; authority and deadline rules; linked cost/schedule/document evidence; permissions; mapped test results,"Retainage is carried on the contract as a percentage and applied by the pay application arithmetic. There is no reduction schedule at substantial completion, no separate holdback for punch list or warranty, and no retainage release workflow."
P19-REQ-339,Backcharges & Deductions,not_verified,not_built,,controlled contract/change/claim records; authority and deadline rules; linked cost/schedule/document evidence; permissions; mapped test results,"No backcharge record, no deduction against a subcontractor, no notice of intent to backcharge."
P19-REQ-340,Allowances & Contingencies,not_verified,not_built,,controlled contract/change/claim records; authority and deadline rules; linked cost/schedule/document evidence; permissions; mapped test results,"An estimate carries contingency by confidence band. Nothing tracks a contract allowance, draws against it, or reconciles the unspent balance at closeout."
P19-REQ-341,Escalation & Price Adjustment,not_verified,not_built,,controlled contract/change/claim records; authority and deadline rules; linked cost/schedule/document evidence; permissions; mapped test results,"The estimating engine models escalation for a bid. No contract carries a price adjustment clause, an index, or a mechanism to apply one."
P19-REQ-342,"Insurance, Bonds & Commercial Compliance",not_verified,not_built,,controlled contract/change/claim records; authority and deadline rules; linked cost/schedule/document evidence; permissions; mapped test results,"No insurance certificate, no bond, no expiry tracking, no compliance hold on payment."
P19-REQ-343,Lien & Waiver Administration,not_verified,not_built,,controlled contract/change/claim records; authority and deadline rules; linked cost/schedule/document evidence; permissions; mapped test results,"No lien waiver, conditional or unconditional, no waiver exchange at payment, no lien deadline tracking."
P19-REQ-344,Dispute Management,not_verified,not_built,,controlled contract/change/claim records; authority and deadline rules; linked cost/schedule/document evidence; permissions; mapped test results,"A claim can reach litigation status and stop there. There is no dispute record, no mediation or arbitration tracking, no counterparty position, no cost of dispute."
P19-REQ-345,Commercial Forecasting,not_verified,partial,,controlled contract/change/claim records; authority and deadline rules; linked cost/schedule/document evidence; permissions; mapped test results,"Job cost, committed cost, approved change orders and the revised contract value are all computed and reported. There is no forecast: no cost to complete, no estimate at completion, no projected final contract value."
P19-REQ-346,Contract Closeout,not_verified,not_built,,controlled contract/change/claim records; authority and deadline rules; linked cost/schedule/document evidence; permissions; mapped test results,"No closeout checklist, no final completion certificate, no warranty period, no final retainage release, no as-built or O&M turnover."
P19-REQ-347,AI Commercial Intelligence,not_verified,partial,,controlled contract/change/claim records; authority and deadline rules; linked cost/schedule/document evidence; permissions; mapped test results,"The one governed agent reads documents with citations and draft-only authority, which is the mechanism such a capability would use. Nothing applies it to contracts, changes or claims — no clause extraction, no notice detection, no claim merit assessment."
P19-REQ-348,Commercial Digital Twin,not_verified,not_built,,controlled contract/change/claim records; authority and deadline rules; linked cost/schedule/document evidence; permissions; mapped test results,Not built and not planned. A digital twin is in the class of capability the traceability rules exclude globally.
P19-REQ-349,Commercial Management Core,verified,built,,controlled contract/change/claim records; authority and deadline rules; linked cost/schedule/document evidence; permissions; mapped test results,
P19-REQ-350,Prime Contract Management,verified,built,,controlled contract/change/claim records; authority and deadline rules; linked cost/schedule/document evidence; permissions; mapped test results,
P19-REQ-351,Subcontract Management,not_verified,partial,,controlled contract/change/claim records; authority and deadline rules; linked cost/schedule/document evidence; permissions; mapped test results,"Vendors, subcontract purchase orders and subcontractor resource assignments exist, and a subcontract is priced by the same engine. There is no subcontract record with its own clauses, notice periods or retainage — a subcontract is modeled as a purchase commitment rather than as a contract with terms."
P19-REQ-352,Purchase Contract Commercials,not_verified,partial,,controlled contract/change/claim records; authority and deadline rules; linked cost/schedule/document evidence; permissions; mapped test results,"Purchase orders carry committed cost, delivery and three-way match against invoices. They carry no commercial terms of their own: no price escalation clause, no delivery liquidated damages, no notice period."
P19-REQ-353,Contract Clause Registry,verified,built,,controlled contract/change/claim records; authority and deadline rules; linked cost/schedule/document evidence; permissions; mapped test results,
P19-REQ-354,Obligation Management,not_verified,partial,,controlled contract/change/claim records; authority and deadline rules; linked cost/schedule/document evidence; permissions; mapped test results,"The obligations that can be computed are: notice deadlines, claim deadlines, submittal lead times and RFI response dates. Nothing registers a contractual obligation as an obligation — no obligation list, no owner, no status, no reminder ahead of a date."
P19-REQ-355,Notice Management,verified,built,,controlled contract/change/claim records; authority and deadline rules; linked cost/schedule/document evidence; permissions; mapped test results,
P19-REQ-356,Potential Change Management,verified,built,,controlled contract/change/claim records; authority and deadline rules; linked cost/schedule/document evidence; permissions; mapped test results,
P19-REQ-357,Change Order Management,verified,built,,controlled contract/change/claim records; authority and deadline rules; linked cost/schedule/document evidence; permissions; mapped test results,
P19-REQ-358,Change Pricing,not_verified,partial,,controlled contract/change/claim records; authority and deadline rules; linked cost/schedule/document evidence; permissions; mapped test results,"A change order carries the estimate version that priced it, so an amendment is costed by the same deterministic engine as the base bid, with cost and price impact separated. There is no change-specific pricing: no agreed markup schedule for changes, no unit price book carried from the contract, no cost-plus fee calculation."
P19-REQ-359,T&M / Force Account,not_verified,partial,,controlled contract/change/claim records; authority and deadline rules; linked cost/schedule/document evidence; permissions; mapped test results,"Time entries, equipment hours and material usage are all recorded against a project and can be read for a period. Nothing assembles them into a force account ticket, gets it signed daily, or prices it against a contract's T&M rate schedule."
P19-REQ-360,Change Authorization,verified,built,,controlled contract/change/claim records; authority and deadline rules; linked cost/schedule/document evidence; permissions; mapped test results,
P19-REQ-361,Contract Value Control,verified,built,,controlled contract/change/claim records; authority and deadline rules; linked cost/schedule/document evidence; permissions; mapped test results,
P19-REQ-362,Claims Management,verified,built,,controlled contract/change/claim records; authority and deadline rules; linked cost/schedule/document evidence; permissions; mapped test results,
P19-REQ-363,Delay & Disruption Records,not_verified,partial,,controlled contract/change/claim records; authority and deadline rules; linked cost/schedule/document evidence; permissions; mapped test results,"Daily reports carry weather and conditions, schedule baselines make variance measurable per activity and for the project finish, and a claim can cite the reports it rests on. There is no delay analysis: no fragnet, no windows analysis, no separation of excusable from compensable."
P19-REQ-364,Differing Site Conditions,not_verified,partial,,controlled contract/change/claim records; authority and deadline rules; linked cost/schedule/document evidence; permissions; mapped test results,"A claim type exists for it, survey surfaces record what was actually found against design, and the two can be cited together. Nothing links a differing condition to the specific design document it departs from, or computes the cost delta automatically."
P19-REQ-365,Scope & Design Change,not_verified,partial,,controlled contract/change/claim records; authority and deadline rules; linked cost/schedule/document evidence; permissions; mapped test results,"Documents are versioned with supersession and revision comparison across addenda, and a change order records its origin including design change and error or omission. Nothing ties a specific drawing revision to the change order it caused."
P19-REQ-366,Payment & Billing Commercials,not_verified,partial,,controlled contract/change/claim records; authority and deadline rules; linked cost/schedule/document evidence; permissions; mapped test results,"Schedule of values, AIA pay applications with certified immutability, retainage held at the contract percentage and three-way matched invoices are all built. The commercial terms behind them are thin: no payment terms, no pay-when-paid clause, no interest on late payment."
P19-REQ-367,Retainage & Holdbacks,not_verified,partial,,controlled contract/change/claim records; authority and deadline rules; linked cost/schedule/document evidence; permissions; mapped test results,"Retainage is carried on the contract as a percentage and applied by the pay application arithmetic. There is no reduction schedule at substantial completion, no separate holdback for punch list or warranty, and no retainage release workflow."
P19-REQ-368,Backcharges & Deductions,not_verified,not_built,,controlled contract/change/claim records; authority and deadline rules; linked cost/schedule/document evidence; permissions; mapped test results,"No backcharge record, no deduction against a subcontractor, no notice of intent to backcharge."
P19-REQ-369,Allowances & Contingencies,not_verified,not_built,,controlled contract/change/claim records; authority and deadline rules; linked cost/schedule/document evidence; permissions; mapped test results,"An estimate carries contingency by confidence band. Nothing tracks a contract allowance, draws against it, or reconciles the unspent balance at closeout."
P19-REQ-370,Escalation & Price Adjustment,not_verified,not_built,,controlled contract/change/claim records; authority and deadline rules; linked cost/schedule/document evidence; permissions; mapped test results,"The estimating engine models escalation for a bid. No contract carries a price adjustment clause, an index, or a mechanism to apply one."
P19-REQ-371,"Insurance, Bonds & Commercial Compliance",not_verified,not_built,,controlled contract/change/claim records; authority and deadline rules; linked cost/schedule/document evidence; permissions; mapped test results,"No insurance certificate, no bond, no expiry tracking, no compliance hold on payment."
P19-REQ-372,Lien & Waiver Administration,not_verified,not_built,,controlled contract/change/claim records; authority and deadline rules; linked cost/schedule/document evidence; permissions; mapped test results,"No lien waiver, conditional or unconditional, no waiver exchange at payment, no lien deadline tracking."
P19-REQ-373,Dispute Management,not_verified,not_built,,controlled contract/change/claim records; authority and deadline rules; linked cost/schedule/document evidence; permissions; mapped test results,"A claim can reach litigation status and stop there. There is no dispute record, no mediation or arbitration tracking, no counterparty position, no cost of dispute."
P19-REQ-374,Commercial Forecasting,not_verified,partial,,controlled contract/change/claim records; authority and deadline rules; linked cost/schedule/document evidence; permissions; mapped test results,"Job cost, committed cost, approved change orders and the revised contract value are all computed and reported. There is no forecast: no cost to complete, no estimate at completion, no projected final contract value."
P19-REQ-375,Contract Closeout,not_verified,not_built,,controlled contract/change/claim records; authority and deadline rules; linked cost/schedule/document evidence; permissions; mapped test results,"No closeout checklist, no final completion certificate, no warranty period, no final retainage release, no as-built or O&M turnover."
P19-REQ-376,AI Commercial Intelligence,not_verified,partial,,controlled contract/change/claim records; authority and deadline rules; linked cost/schedule/document evidence; permissions; mapped test results,"The one governed agent reads documents with citations and draft-only authority, which is the mechanism such a capability would use. Nothing applies it to contracts, changes or claims — no clause extraction, no notice detection, no claim merit assessment."
P19-REQ-377,Commercial Digital Twin,not_verified,not_built,,controlled contract/change/claim records; authority and deadline rules; linked cost/schedule/document evidence; permissions; mapped test results,Not built and not planned. A digital twin is in the class of capability the traceability rules exclude globally.
P19-REQ-378,Commercial Management Core,verified,built,,controlled contract/change/claim records; authority and deadline rules; linked cost/schedule/document evidence; permissions; mapped test results,
P19-REQ-379,Prime Contract Management,verified,built,,controlled contract/change/claim records; authority and deadline rules; linked cost/schedule/document evidence; permissions; mapped test results,
P19-REQ-380,Subcontract Management,not_verified,partial,,controlled contract/change/claim records; authority and deadline rules; linked cost/schedule/document evidence; permissions; mapped test results,"Vendors, subcontract purchase orders and subcontractor resource assignments exist, and a subcontract is priced by the same engine. There is no subcontract record with its own clauses, notice periods or retainage — a subcontract is modeled as a purchase commitment rather than as a contract with terms."
P19-REQ-381,Purchase Contract Commercials,not_verified,partial,,controlled contract/change/claim records; authority and deadline rules; linked cost/schedule/document evidence; permissions; mapped test results,"Purchase orders carry committed cost, delivery and three-way match against invoices. They carry no commercial terms of their own: no price escalation clause, no delivery liquidated damages, no notice period."
P19-REQ-382,Contract Clause Registry,verified,built,,controlled contract/change/claim records; authority and deadline rules; linked cost/schedule/document evidence; permissions; mapped test results,
P19-REQ-383,Obligation Management,not_verified,partial,,controlled contract/change/claim records; authority and deadline rules; linked cost/schedule/document evidence; permissions; mapped test results,"The obligations that can be computed are: notice deadlines, claim deadlines, submittal lead times and RFI response dates. Nothing registers a contractual obligation as an obligation — no obligation list, no owner, no status, no reminder ahead of a date."
P19-REQ-384,Notice Management,verified,built,,controlled contract/change/claim records; authority and deadline rules; linked cost/schedule/document evidence; permissions; mapped test results,
P19-REQ-385,Potential Change Management,verified,built,,controlled contract/change/claim records; authority and deadline rules; linked cost/schedule/document evidence; permissions; mapped test results,
P19-REQ-386,Change Order Management,verified,built,,controlled contract/change/claim records; authority and deadline rules; linked cost/schedule/document evidence; permissions; mapped test results,
P19-REQ-387,Change Pricing,not_verified,partial,,controlled contract/change/claim records; authority and deadline rules; linked cost/schedule/document evidence; permissions; mapped test results,"A change order carries the estimate version that priced it, so an amendment is costed by the same deterministic engine as the base bid, with cost and price impact separated. There is no change-specific pricing: no agreed markup schedule for changes, no unit price book carried from the contract, no cost-plus fee calculation."
P19-REQ-388,T&M / Force Account,not_verified,partial,,controlled contract/change/claim records; authority and deadline rules; linked cost/schedule/document evidence; permissions; mapped test results,"Time entries, equipment hours and material usage are all recorded against a project and can be read for a period. Nothing assembles them into a force account ticket, gets it signed daily, or prices it against a contract's T&M rate schedule."
P19-REQ-389,Change Authorization,verified,built,,controlled contract/change/claim records; authority and deadline rules; linked cost/schedule/document evidence; permissions; mapped test results,
P19-REQ-390,Contract Value Control,verified,built,,controlled contract/change/claim records; authority and deadline rules; linked cost/schedule/document evidence; permissions; mapped test results,
P19-REQ-391,Claims Management,verified,built,,controlled contract/change/claim records; authority and deadline rules; linked cost/schedule/document evidence; permissions; mapped test results,
P19-REQ-392,Delay & Disruption Records,not_verified,partial,,controlled contract/change/claim records; authority and deadline rules; linked cost/schedule/document evidence; permissions; mapped test results,"Daily reports carry weather and conditions, schedule baselines make variance measurable per activity and for the project finish, and a claim can cite the reports it rests on. There is no delay analysis: no fragnet, no windows analysis, no separation of excusable from compensable."
P19-REQ-393,Differing Site Conditions,not_verified,partial,,controlled contract/change/claim records; authority and deadline rules; linked cost/schedule/document evidence; permissions; mapped test results,"A claim type exists for it, survey surfaces record what was actually found against design, and the two can be cited together. Nothing links a differing condition to the specific design document it departs from, or computes the cost delta automatically."
P19-REQ-394,Scope & Design Change,not_verified,partial,,controlled contract/change/claim records; authority and deadline rules; linked cost/schedule/document evidence; permissions; mapped test results,"Documents are versioned with supersession and revision comparison across addenda, and a change order records its origin including design change and error or omission. Nothing ties a specific drawing revision to the change order it caused."
P19-REQ-395,Payment & Billing Commercials,not_verified,partial,,controlled contract/change/claim records; authority and deadline rules; linked cost/schedule/document evidence; permissions; mapped test results,"Schedule of values, AIA pay applications with certified immutability, retainage held at the contract percentage and three-way matched invoices are all built. The commercial terms behind them are thin: no payment terms, no pay-when-paid clause, no interest on late payment."
P19-REQ-396,Retainage & Holdbacks,not_verified,partial,,controlled contract/change/claim records; authority and deadline rules; linked cost/schedule/document evidence; permissions; mapped test results,"Retainage is carried on the contract as a percentage and applied by the pay application arithmetic. There is no reduction schedule at substantial completion, no separate holdback for punch list or warranty, and no retainage release workflow."
P19-REQ-397,Backcharges & Deductions,not_verified,not_built,,controlled contract/change/claim records; authority and deadline rules; linked cost/schedule/document evidence; permissions; mapped test results,"No backcharge record, no deduction against a subcontractor, no notice of intent to backcharge."
P19-REQ-398,Allowances & Contingencies,not_verified,not_built,,controlled contract/change/claim records; authority and deadline rules; linked cost/schedule/document evidence; permissions; mapped test results,"An estimate carries contingency by confidence band. Nothing tracks a contract allowance, draws against it, or reconciles the unspent balance at closeout."
P19-REQ-399,Escalation & Price Adjustment,not_verified,not_built,,controlled contract/change/claim records; authority and deadline rules; linked cost/schedule/document evidence; permissions; mapped test results,"The estimating engine models escalation for a bid. No contract carries a price adjustment clause, an index, or a mechanism to apply one."
P19-REQ-400,"Insurance, Bonds & Commercial Compliance",not_verified,not_built,,controlled contract/change/claim records; authority and deadline rules; linked cost/schedule/document evidence; permissions; mapped test results,"No insurance certificate, no bond, no expiry tracking, no compliance hold on payment."
P19-REQ-401,Lien & Waiver Administration,not_verified,not_built,,controlled contract/change/claim records; authority and deadline rules; linked cost/schedule/document evidence; permissions; mapped test results,"No lien waiver, conditional or unconditional, no waiver exchange at payment, no lien deadline tracking."
P19-REQ-402,Dispute Management,not_verified,not_built,,controlled contract/change/claim records; authority and deadline rules; linked cost/schedule/document evidence; permissions; mapped test results,"A claim can reach litigation status and stop there. There is no dispute record, no mediation or arbitration tracking, no counterparty position, no cost of dispute."
P19-REQ-403,Commercial Forecasting,not_verified,partial,,controlled contract/change/claim records; authority and deadline rules; linked cost/schedule/document evidence; permissions; mapped test results,"Job cost, committed cost, approved change orders and the revised contract value are all computed and reported. There is no forecast: no cost to complete, no estimate at completion, no projected final contract value."
P19-REQ-404,Contract Closeout,not_verified,not_built,,controlled contract/change/claim records; authority and deadline rules; linked cost/schedule/document evidence; permissions; mapped test results,"No closeout checklist, no final completion certificate, no warranty period, no final retainage release, no as-built or O&M turnover."
P19-REQ-405,AI Commercial Intelligence,not_verified,partial,,controlled contract/change/claim records; authority and deadline rules; linked cost/schedule/document evidence; permissions; mapped test results,"The one governed agent reads documents with citations and draft-only authority, which is the mechanism such a capability would use. Nothing applies it to contracts, changes or claims — no clause extraction, no notice detection, no claim merit assessment."
P19-REQ-406,Commercial Digital Twin,not_verified,not_built,,controlled contract/change/claim records; authority and deadline rules; linked cost/schedule/document evidence; permissions; mapped test results,Not built and not planned. A digital twin is in the class of capability the traceability rules exclude globally.
P19-REQ-407,Commercial Management Core,verified,built,,controlled contract/change/claim records; authority and deadline rules; linked cost/schedule/document evidence; permissions; mapped test results,
P19-REQ-408,Prime Contract Management,verified,built,,controlled contract/change/claim records; authority and deadline rules; linked cost/schedule/document evidence; permissions; mapped test results,
P19-REQ-409,Subcontract Management,not_verified,partial,,controlled contract/change/claim records; authority and deadline rules; linked cost/schedule/document evidence; permissions; mapped test results,"Vendors, subcontract purchase orders and subcontractor resource assignments exist, and a subcontract is priced by the same engine. There is no subcontract record with its own clauses, notice periods or retainage — a subcontract is modeled as a purchase commitment rather than as a contract with terms."
P19-REQ-410,Purchase Contract Commercials,not_verified,partial,,controlled contract/change/claim records; authority and deadline rules; linked cost/schedule/document evidence; permissions; mapped test results,"Purchase orders carry committed cost, delivery and three-way match against invoices. They carry no commercial terms of their own: no price escalation clause, no delivery liquidated damages, no notice period."
P19-REQ-411,Contract Clause Registry,verified,built,,controlled contract/change/claim records; authority and deadline rules; linked cost/schedule/document evidence; permissions; mapped test results,
P19-REQ-412,Obligation Management,not_verified,partial,,controlled contract/change/claim records; authority and deadline rules; linked cost/schedule/document evidence; permissions; mapped test results,"The obligations that can be computed are: notice deadlines, claim deadlines, submittal lead times and RFI response dates. Nothing registers a contractual obligation as an obligation — no obligation list, no owner, no status, no reminder ahead of a date."
P19-REQ-413,Notice Management,verified,built,,controlled contract/change/claim records; authority and deadline rules; linked cost/schedule/document evidence; permissions; mapped test results,
P19-REQ-414,Potential Change Management,verified,built,,controlled contract/change/claim records; authority and deadline rules; linked cost/schedule/document evidence; permissions; mapped test results,
P19-REQ-415,Change Order Management,verified,built,,controlled contract/change/claim records; authority and deadline rules; linked cost/schedule/document evidence; permissions; mapped test results,
P19-REQ-416,Change Pricing,not_verified,partial,,controlled contract/change/claim records; authority and deadline rules; linked cost/schedule/document evidence; permissions; mapped test results,"A change order carries the estimate version that priced it, so an amendment is costed by the same deterministic engine as the base bid, with cost and price impact separated. There is no change-specific pricing: no agreed markup schedule for changes, no unit price book carried from the contract, no cost-plus fee calculation."
P19-REQ-417,T&M / Force Account,not_verified,partial,,controlled contract/change/claim records; authority and deadline rules; linked cost/schedule/document evidence; permissions; mapped test results,"Time entries, equipment hours and material usage are all recorded against a project and can be read for a period. Nothing assembles them into a force account ticket, gets it signed daily, or prices it against a contract's T&M rate schedule."
P19-REQ-418,Change Authorization,verified,built,,controlled contract/change/claim records; authority and deadline rules; linked cost/schedule/document evidence; permissions; mapped test results,
P19-REQ-419,Contract Value Control,verified,built,,controlled contract/change/claim records; authority and deadline rules; linked cost/schedule/document evidence; permissions; mapped test results,
P19-REQ-420,Claims Management,verified,built,,controlled contract/change/claim records; authority and deadline rules; linked cost/schedule/document evidence; permissions; mapped test results,
