requirement_id,domain,verification,domain_status,unmet_conditions,met_conditions,gap
P23-REQ-001,Repository & Monorepo Governance,not_verified,partial,source requirement references; owner/evidence fields; applicable Phase 22 execution controls,implementation artifacts; automated checks,"A workspace monorepo with a dependency-free engine package, a renderer, a web app, functions and shared modules, and one gate over all of it. There is no ownership file, no per-package release, no dependency policy and no import boundary enforced by tooling. Blocked platform-wide by: source requirement references (not_met), owner/evidence fields (not_met), applicable Phase 22 execution controls (not_met)."
P23-REQ-002,Application Architecture,not_verified,partial,source requirement references; owner/evidence fields; applicable Phase 22 execution controls,implementation artifacts; automated checks,"The five-category rule is enforced against the live schema rather than documented — every table is an engine, library, entity, workflow or agent, and an unclassified one fails the build. Deterministic computation is separated from advisory AI by constraint. What is missing is architecture as a described thing: no module boundary enforcement, no layering rule, no dependency direction check. Blocked platform-wide by: source requirement references (not_met), owner/evidence fields (not_met), applicable Phase 22 execution controls (not_met)."
P23-REQ-003,Identity & Access,not_verified,partial,source requirement references; owner/evidence fields; applicable Phase 22 execution controls,implementation artifacts; automated checks,"Judged in full at P01, where 9 of 25 controls are met. Authentication is Supabase Auth's; authorization is this platform's and is thorough. Sessions, devices and external identities are absent. Blocked platform-wide by: source requirement references (not_met), owner/evidence fields (not_met), applicable Phase 22 execution controls (not_met)."
P23-REQ-004,Multi-Tenant SaaS Foundation,not_verified,built,source requirement references; owner/evidence fields; applicable Phase 22 execution controls,implementation artifacts; automated checks,"Blocked platform-wide by: source requirement references (not_met), owner/evidence fields (not_met), applicable Phase 22 execution controls (not_met)."
P23-REQ-005,Canonical Data Layer,not_verified,partial,source requirement references; owner/evidence fields; applicable Phase 22 execution controls,implementation artifacts; automated checks,"One schema shared by every module, judged in full at P03 where 41 of 75 concerns are met. It is the strongest layer in the platform and it is not a separately addressable data layer: there is no repository pattern, no data access library, and modules reach the tables directly through PostgREST. Blocked platform-wide by: source requirement references (not_met), owner/evidence fields (not_met), applicable Phase 22 execution controls (not_met)."
P23-REQ-006,API & Event Platform,not_verified,partial,source requirement references; owner/evidence fields; applicable Phase 22 execution controls,implementation artifacts; automated checks,"Nine versioned endpoints behind a pure authorization function with one error shape, an OpenAPI specification generated from the route table with drift failing the build, scoped keys stored only as a hash. The event half does not exist: no bus, no publish, no subscribe, no webhook. Blocked platform-wide by: source requirement references (not_met), owner/evidence fields (not_met), applicable Phase 22 execution controls (not_met)."
P23-REQ-007,Master Library Services,not_verified,partial,source requirement references; owner/evidence fields; applicable Phase 22 execution controls,implementation artifacts; automated checks,"Three-tier scope with platform, enterprise group and company precedence, approval before activation, versioned rows with validity derived rather than stored, and snapshot capture. Judged at P25, 79% verified. Blocked platform-wide by: source requirement references (not_met), owner/evidence fields (not_met), applicable Phase 22 execution controls (not_met)."
P23-REQ-008,Estimating Platform Foundation,not_verified,partial,source requirement references; owner/evidence fields; applicable Phase 22 execution controls,implementation artifacts; automated checks,"The most thoroughly built and most thoroughly verified part of the platform: 529 engine tests, P26 at 75%, P25 at 79%, P05 at 52%, with library snapshots making an issued price reproducible against the rates that made it. Blocked platform-wide by: source requirement references (not_met), owner/evidence fields (not_met), applicable Phase 22 execution controls (not_met)."
P23-REQ-009,AI Service Foundation,not_verified,partial,source requirement references; owner/evidence fields; applicable Phase 22 execution controls,implementation artifacts; automated checks,"One agent, one model catalog, versioned prompts, append-only messages, metered usage with an allowance checked before a request runs. There is no model registry, no evaluation and no fallback. Blocked platform-wide by: source requirement references (not_met), owner/evidence fields (not_met), applicable Phase 22 execution controls (not_met)."
P23-REQ-010,Document/Plan Intelligence,not_verified,partial,source requirement references; owner/evidence fields; applicable Phase 22 execution controls,implementation artifacts; automated checks,"PDF splitting, text-layer detection, sheet classification against the National CAD Standard, full-text search, and a governed analyst capped at draft authority with citations. OCR is a pluggable interface with no implementation behind it. Blocked platform-wide by: source requirement references (not_met), owner/evidence fields (not_met), applicable Phase 22 execution controls (not_met)."
P23-REQ-011,Workflow & Approval Engine,not_verified,not_built,source requirement references; owner/evidence fields; applicable Phase 22 execution controls,implementation artifacts; automated checks,"No engine. Approvals are per-object rules in the schema — authority limits by amount, approval before activation, period cutoffs — and there is no configurable workflow, no state machine a tenant can define, no routing and no escalation. P01 and P07 recorded the same. Blocked platform-wide by: source requirement references (not_met), owner/evidence fields (not_met), applicable Phase 22 execution controls (not_met)."
P23-REQ-012,Audit & Evidence,not_verified,not_built,source requirement references; owner/evidence fields; applicable Phase 22 execution controls,implementation artifacts; automated checks,"The audit ledger is real and now records the request behind each change, and this domain asks for more than a ledger: no evidence collection, no control framework, no attestation, no external audit path. P01 recorded that reads and exports are audited nowhere and that append-only is a weaker claim than tamper-evident. Blocked platform-wide by: source requirement references (not_met), owner/evidence fields (not_met), applicable Phase 22 execution controls (not_met)."
P23-REQ-013,Configuration & White Label,not_verified,not_built,source requirement references; owner/evidence fields; applicable Phase 22 execution controls,implementation artifacts; automated checks,"No white label, no branding, no theme, no terminology override — the capability the pricing page was corrected for advertising. Tenant configuration exists for libraries and commercial controls and is not a configuration layer. Blocked platform-wide by: source requirement references (not_met), owner/evidence fields (not_met), applicable Phase 22 execution controls (not_met)."
P23-REQ-014,Observability,not_verified,partial,source requirement references; owner/evidence fields; applicable Phase 22 execution controls,implementation artifacts; automated checks,"A structured logger with correlation carried through every line, metrics with bounded low-cardinality labels, health and readiness separated with per-check deadlines, and every API request logged with its key, status and duration. Nothing is deployed, so nothing consumes any of it. Blocked platform-wide by: source requirement references (not_met), owner/evidence fields (not_met), applicable Phase 22 execution controls (not_met)."
P23-REQ-015,Security Engineering,not_verified,partial,source requirement references; owner/evidence fields; applicable Phase 22 execution controls,implementation artifacts; automated checks,"Forced row level security with two migration-time gates, hashed and scoped API keys, an append-only audit ledger that since this build records the caller's address, agent and correlation id, redaction by field name and value shape, and a build-output secret scan. What P20 and P28 named remains absent: no detection and response, no secret rotation, no security monitoring. Blocked platform-wide by: source requirement references (not_met), owner/evidence fields (not_met), applicable Phase 22 execution controls (not_met)."
P23-REQ-016,DevSecOps & CI/CD,not_verified,partial,source requirement references; owner/evidence fields; applicable Phase 22 execution controls,implementation artifacts; automated checks,"A continuous integration workflow runs the whole gate on every branch and pull request and needs no secrets; a deployment workflow is dispatched by a person behind a GitHub Environment. Both are real files. Whether either has executed is the owner's to see — P20 recorded that none had, and the repository has since been pushed. Blocked platform-wide by: source requirement references (not_met), owner/evidence fields (not_met), applicable Phase 22 execution controls (not_met)."
P23-REQ-017,Environment & Infrastructure,not_verified,not_built,source requirement references; owner/evidence fields; applicable Phase 22 execution controls,implementation artifacts; automated checks,"Environments are named in a deployment workflow and none exists. No infrastructure as code, no provisioning, no container. Blocked platform-wide by: source requirement references (not_met), owner/evidence fields (not_met), applicable Phase 22 execution controls (not_met)."
P23-REQ-018,Testing Architecture,not_verified,built,source requirement references; owner/evidence fields; applicable Phase 22 execution controls,implementation artifacts; automated checks,"Blocked platform-wide by: source requirement references (not_met), owner/evidence fields (not_met), applicable Phase 22 execution controls (not_met)."
P23-REQ-019,Developer Experience,not_verified,partial,source requirement references; owner/evidence fields; applicable Phase 22 execution controls,implementation artifacts; automated checks,"Typed end to end, one gate, generated documentation that cannot drift from the tree, and error messages throughout the schema written to tell somebody what to do instead. There is no scaffolding, no code generation from the schema, and no contributor guide. Blocked platform-wide by: source requirement references (not_met), owner/evidence fields (not_met), applicable Phase 22 execution controls (not_met)."
P23-REQ-020,AI Coding Governance,not_verified,partial,source requirement references; owner/evidence fields; applicable Phase 22 execution controls,implementation artifacts; automated checks,"Unusually strong for what it is: the rules this codebase is built under are enforced by tests rather than stated in a document — the five-category rule, the tracing-is-not-verification distinction, American English, the pipeline's own shape, and every generated count. What does not exist is governance of AI *as a coding tool*: no policy on generated code, no provenance on a commit, no review requirement. Blocked platform-wide by: source requirement references (not_met), owner/evidence fields (not_met), applicable Phase 22 execution controls (not_met)."
P23-REQ-021,Feature Flags & Release Control,not_verified,not_built,source requirement references; owner/evidence fields; applicable Phase 22 execution controls,implementation artifacts; automated checks,"No feature flag of any kind. Entitlements gate capability by plan, which is licensing rather than release control: there is no flag, no rollout percentage, no kill switch and no experiment. Blocked platform-wide by: source requirement references (not_met), owner/evidence fields (not_met), applicable Phase 22 execution controls (not_met)."
P23-REQ-022,Migration & Seed Data,not_verified,built,source requirement references; owner/evidence fields; applicable Phase 22 execution controls,implementation artifacts; automated checks,"Blocked platform-wide by: source requirement references (not_met), owner/evidence fields (not_met), applicable Phase 22 execution controls (not_met)."
P23-REQ-023,Performance & Resilience,not_verified,not_built,source requirement references; owner/evidence fields; applicable Phase 22 execution controls,implementation artifacts; automated checks,"The one measurable improvement this build made is the tenant key indexes added at P03, which removed a sequential scan from every read on 53 tables. There is no performance work beyond it: no baseline, no load test, no query budget, no circuit breaker, no bulkhead, no chaos exercise. Blocked platform-wide by: source requirement references (not_met), owner/evidence fields (not_met), applicable Phase 22 execution controls (not_met)."
P23-REQ-024,Mobile/Field Foundation,not_verified,not_built,source requirement references; owner/evidence fields; applicable Phase 22 execution controls,implementation artifacts; automated checks,"No native application, no offline store, no sync, no conflict resolution. The web application is responsive and that is the whole of it. Blocked platform-wide by: source requirement references (not_met), owner/evidence fields (not_met), applicable Phase 22 execution controls (not_met)."
P23-REQ-025,Integration Adapters,not_verified,partial,source requirement references; owner/evidence fields; applicable Phase 22 execution controls,implementation artifacts; automated checks,"A governed connector framework with injected I/O and recorded runs, and a working NOAA weather adapter. No connector registry, no retry policy, no credential rotation. Blocked platform-wide by: source requirement references (not_met), owner/evidence fields (not_met), applicable Phase 22 execution controls (not_met)."
P23-REQ-026,Architecture Decision Records,not_verified,not_built,source requirement references; owner/evidence fields; applicable Phase 22 execution controls,implementation artifacts; automated checks,"No ADRs. Decisions are recorded — extensively, in migration headers and verdict files, with the reasoning and the rejected alternative — and none of it is in the form this domain asks for, indexed and numbered and reviewable as a set. Blocked platform-wide by: source requirement references (not_met), owner/evidence fields (not_met), applicable Phase 22 execution controls (not_met)."
P23-REQ-027,Implementation Traceability,not_verified,built,source requirement references; owner/evidence fields; applicable Phase 22 execution controls,implementation artifacts; automated checks,"Blocked platform-wide by: source requirement references (not_met), owner/evidence fields (not_met), applicable Phase 22 execution controls (not_met)."
P23-REQ-028,Local Development,not_verified,partial,source requirement references; owner/evidence fields; applicable Phase 22 execution controls,implementation artifacts; automated checks,"One command installs, one runs the gate, and the database suite needs no service and no credentials because PostgreSQL runs in WebAssembly — which is what lets the same command run identically on a laptop and on a fork's pull request. There is no seeded local environment for the application itself, and 22 of 23 screens read fixtures rather than a local database. Blocked platform-wide by: source requirement references (not_met), owner/evidence fields (not_met), applicable Phase 22 execution controls (not_met)."
P23-REQ-029,Backup/Recovery Hooks,not_verified,not_built,source requirement references; owner/evidence fields; applicable Phase 22 execution controls,implementation artifacts; automated checks,"No backup, no restore, no point-in-time objective, no hook of any kind. P20 recorded this and nothing has changed. Blocked platform-wide by: source requirement references (not_met), owner/evidence fields (not_met), applicable Phase 22 execution controls (not_met)."
P23-REQ-030,Operational Readiness,not_verified,not_built,source requirement references; owner/evidence fields; applicable Phase 22 execution controls,implementation artifacts; automated checks,"No readiness review, no runbook beyond deployment, no on-call, no incident model. Blocked platform-wide by: source requirement references (not_met), owner/evidence fields (not_met), applicable Phase 22 execution controls (not_met)."
P23-REQ-031,Repository & Monorepo Governance,not_verified,partial,source requirement references; owner/evidence fields; applicable Phase 22 execution controls,implementation artifacts; automated checks,"A workspace monorepo with a dependency-free engine package, a renderer, a web app, functions and shared modules, and one gate over all of it. There is no ownership file, no per-package release, no dependency policy and no import boundary enforced by tooling. Blocked platform-wide by: source requirement references (not_met), owner/evidence fields (not_met), applicable Phase 22 execution controls (not_met)."
P23-REQ-032,Application Architecture,not_verified,partial,source requirement references; owner/evidence fields; applicable Phase 22 execution controls,implementation artifacts; automated checks,"The five-category rule is enforced against the live schema rather than documented — every table is an engine, library, entity, workflow or agent, and an unclassified one fails the build. Deterministic computation is separated from advisory AI by constraint. What is missing is architecture as a described thing: no module boundary enforcement, no layering rule, no dependency direction check. Blocked platform-wide by: source requirement references (not_met), owner/evidence fields (not_met), applicable Phase 22 execution controls (not_met)."
P23-REQ-033,Identity & Access,not_verified,partial,source requirement references; owner/evidence fields; applicable Phase 22 execution controls,implementation artifacts; automated checks,"Judged in full at P01, where 9 of 25 controls are met. Authentication is Supabase Auth's; authorization is this platform's and is thorough. Sessions, devices and external identities are absent. Blocked platform-wide by: source requirement references (not_met), owner/evidence fields (not_met), applicable Phase 22 execution controls (not_met)."
P23-REQ-034,Multi-Tenant SaaS Foundation,not_verified,built,source requirement references; owner/evidence fields; applicable Phase 22 execution controls,implementation artifacts; automated checks,"Blocked platform-wide by: source requirement references (not_met), owner/evidence fields (not_met), applicable Phase 22 execution controls (not_met)."
P23-REQ-035,Canonical Data Layer,not_verified,partial,source requirement references; owner/evidence fields; applicable Phase 22 execution controls,implementation artifacts; automated checks,"One schema shared by every module, judged in full at P03 where 41 of 75 concerns are met. It is the strongest layer in the platform and it is not a separately addressable data layer: there is no repository pattern, no data access library, and modules reach the tables directly through PostgREST. Blocked platform-wide by: source requirement references (not_met), owner/evidence fields (not_met), applicable Phase 22 execution controls (not_met)."
P23-REQ-036,API & Event Platform,not_verified,partial,source requirement references; owner/evidence fields; applicable Phase 22 execution controls,implementation artifacts; automated checks,"Nine versioned endpoints behind a pure authorization function with one error shape, an OpenAPI specification generated from the route table with drift failing the build, scoped keys stored only as a hash. The event half does not exist: no bus, no publish, no subscribe, no webhook. Blocked platform-wide by: source requirement references (not_met), owner/evidence fields (not_met), applicable Phase 22 execution controls (not_met)."
P23-REQ-037,Master Library Services,not_verified,partial,source requirement references; owner/evidence fields; applicable Phase 22 execution controls,implementation artifacts; automated checks,"Three-tier scope with platform, enterprise group and company precedence, approval before activation, versioned rows with validity derived rather than stored, and snapshot capture. Judged at P25, 79% verified. Blocked platform-wide by: source requirement references (not_met), owner/evidence fields (not_met), applicable Phase 22 execution controls (not_met)."
P23-REQ-038,Estimating Platform Foundation,not_verified,partial,source requirement references; owner/evidence fields; applicable Phase 22 execution controls,implementation artifacts; automated checks,"The most thoroughly built and most thoroughly verified part of the platform: 529 engine tests, P26 at 75%, P25 at 79%, P05 at 52%, with library snapshots making an issued price reproducible against the rates that made it. Blocked platform-wide by: source requirement references (not_met), owner/evidence fields (not_met), applicable Phase 22 execution controls (not_met)."
P23-REQ-039,AI Service Foundation,not_verified,partial,source requirement references; owner/evidence fields; applicable Phase 22 execution controls,implementation artifacts; automated checks,"One agent, one model catalog, versioned prompts, append-only messages, metered usage with an allowance checked before a request runs. There is no model registry, no evaluation and no fallback. Blocked platform-wide by: source requirement references (not_met), owner/evidence fields (not_met), applicable Phase 22 execution controls (not_met)."
P23-REQ-040,Document/Plan Intelligence,not_verified,partial,source requirement references; owner/evidence fields; applicable Phase 22 execution controls,implementation artifacts; automated checks,"PDF splitting, text-layer detection, sheet classification against the National CAD Standard, full-text search, and a governed analyst capped at draft authority with citations. OCR is a pluggable interface with no implementation behind it. Blocked platform-wide by: source requirement references (not_met), owner/evidence fields (not_met), applicable Phase 22 execution controls (not_met)."
P23-REQ-041,Workflow & Approval Engine,not_verified,not_built,source requirement references; owner/evidence fields; applicable Phase 22 execution controls,implementation artifacts; automated checks,"No engine. Approvals are per-object rules in the schema — authority limits by amount, approval before activation, period cutoffs — and there is no configurable workflow, no state machine a tenant can define, no routing and no escalation. P01 and P07 recorded the same. Blocked platform-wide by: source requirement references (not_met), owner/evidence fields (not_met), applicable Phase 22 execution controls (not_met)."
P23-REQ-042,Audit & Evidence,not_verified,not_built,source requirement references; owner/evidence fields; applicable Phase 22 execution controls,implementation artifacts; automated checks,"The audit ledger is real and now records the request behind each change, and this domain asks for more than a ledger: no evidence collection, no control framework, no attestation, no external audit path. P01 recorded that reads and exports are audited nowhere and that append-only is a weaker claim than tamper-evident. Blocked platform-wide by: source requirement references (not_met), owner/evidence fields (not_met), applicable Phase 22 execution controls (not_met)."
P23-REQ-043,Configuration & White Label,not_verified,not_built,source requirement references; owner/evidence fields; applicable Phase 22 execution controls,implementation artifacts; automated checks,"No white label, no branding, no theme, no terminology override — the capability the pricing page was corrected for advertising. Tenant configuration exists for libraries and commercial controls and is not a configuration layer. Blocked platform-wide by: source requirement references (not_met), owner/evidence fields (not_met), applicable Phase 22 execution controls (not_met)."
P23-REQ-044,Observability,not_verified,partial,source requirement references; owner/evidence fields; applicable Phase 22 execution controls,implementation artifacts; automated checks,"A structured logger with correlation carried through every line, metrics with bounded low-cardinality labels, health and readiness separated with per-check deadlines, and every API request logged with its key, status and duration. Nothing is deployed, so nothing consumes any of it. Blocked platform-wide by: source requirement references (not_met), owner/evidence fields (not_met), applicable Phase 22 execution controls (not_met)."
P23-REQ-045,Security Engineering,not_verified,partial,source requirement references; owner/evidence fields; applicable Phase 22 execution controls,implementation artifacts; automated checks,"Forced row level security with two migration-time gates, hashed and scoped API keys, an append-only audit ledger that since this build records the caller's address, agent and correlation id, redaction by field name and value shape, and a build-output secret scan. What P20 and P28 named remains absent: no detection and response, no secret rotation, no security monitoring. Blocked platform-wide by: source requirement references (not_met), owner/evidence fields (not_met), applicable Phase 22 execution controls (not_met)."
P23-REQ-046,DevSecOps & CI/CD,not_verified,partial,source requirement references; owner/evidence fields; applicable Phase 22 execution controls,implementation artifacts; automated checks,"A continuous integration workflow runs the whole gate on every branch and pull request and needs no secrets; a deployment workflow is dispatched by a person behind a GitHub Environment. Both are real files. Whether either has executed is the owner's to see — P20 recorded that none had, and the repository has since been pushed. Blocked platform-wide by: source requirement references (not_met), owner/evidence fields (not_met), applicable Phase 22 execution controls (not_met)."
P23-REQ-047,Environment & Infrastructure,not_verified,not_built,source requirement references; owner/evidence fields; applicable Phase 22 execution controls,implementation artifacts; automated checks,"Environments are named in a deployment workflow and none exists. No infrastructure as code, no provisioning, no container. Blocked platform-wide by: source requirement references (not_met), owner/evidence fields (not_met), applicable Phase 22 execution controls (not_met)."
P23-REQ-048,Testing Architecture,not_verified,built,source requirement references; owner/evidence fields; applicable Phase 22 execution controls,implementation artifacts; automated checks,"Blocked platform-wide by: source requirement references (not_met), owner/evidence fields (not_met), applicable Phase 22 execution controls (not_met)."
P23-REQ-049,Developer Experience,not_verified,partial,source requirement references; owner/evidence fields; applicable Phase 22 execution controls,implementation artifacts; automated checks,"Typed end to end, one gate, generated documentation that cannot drift from the tree, and error messages throughout the schema written to tell somebody what to do instead. There is no scaffolding, no code generation from the schema, and no contributor guide. Blocked platform-wide by: source requirement references (not_met), owner/evidence fields (not_met), applicable Phase 22 execution controls (not_met)."
P23-REQ-050,AI Coding Governance,not_verified,partial,source requirement references; owner/evidence fields; applicable Phase 22 execution controls,implementation artifacts; automated checks,"Unusually strong for what it is: the rules this codebase is built under are enforced by tests rather than stated in a document — the five-category rule, the tracing-is-not-verification distinction, American English, the pipeline's own shape, and every generated count. What does not exist is governance of AI *as a coding tool*: no policy on generated code, no provenance on a commit, no review requirement. Blocked platform-wide by: source requirement references (not_met), owner/evidence fields (not_met), applicable Phase 22 execution controls (not_met)."
P23-REQ-051,Feature Flags & Release Control,not_verified,not_built,source requirement references; owner/evidence fields; applicable Phase 22 execution controls,implementation artifacts; automated checks,"No feature flag of any kind. Entitlements gate capability by plan, which is licensing rather than release control: there is no flag, no rollout percentage, no kill switch and no experiment. Blocked platform-wide by: source requirement references (not_met), owner/evidence fields (not_met), applicable Phase 22 execution controls (not_met)."
P23-REQ-052,Migration & Seed Data,not_verified,built,source requirement references; owner/evidence fields; applicable Phase 22 execution controls,implementation artifacts; automated checks,"Blocked platform-wide by: source requirement references (not_met), owner/evidence fields (not_met), applicable Phase 22 execution controls (not_met)."
P23-REQ-053,Performance & Resilience,not_verified,not_built,source requirement references; owner/evidence fields; applicable Phase 22 execution controls,implementation artifacts; automated checks,"The one measurable improvement this build made is the tenant key indexes added at P03, which removed a sequential scan from every read on 53 tables. There is no performance work beyond it: no baseline, no load test, no query budget, no circuit breaker, no bulkhead, no chaos exercise. Blocked platform-wide by: source requirement references (not_met), owner/evidence fields (not_met), applicable Phase 22 execution controls (not_met)."
P23-REQ-054,Mobile/Field Foundation,not_verified,not_built,source requirement references; owner/evidence fields; applicable Phase 22 execution controls,implementation artifacts; automated checks,"No native application, no offline store, no sync, no conflict resolution. The web application is responsive and that is the whole of it. Blocked platform-wide by: source requirement references (not_met), owner/evidence fields (not_met), applicable Phase 22 execution controls (not_met)."
P23-REQ-055,Integration Adapters,not_verified,partial,source requirement references; owner/evidence fields; applicable Phase 22 execution controls,implementation artifacts; automated checks,"A governed connector framework with injected I/O and recorded runs, and a working NOAA weather adapter. No connector registry, no retry policy, no credential rotation. Blocked platform-wide by: source requirement references (not_met), owner/evidence fields (not_met), applicable Phase 22 execution controls (not_met)."
P23-REQ-056,Architecture Decision Records,not_verified,not_built,source requirement references; owner/evidence fields; applicable Phase 22 execution controls,implementation artifacts; automated checks,"No ADRs. Decisions are recorded — extensively, in migration headers and verdict files, with the reasoning and the rejected alternative — and none of it is in the form this domain asks for, indexed and numbered and reviewable as a set. Blocked platform-wide by: source requirement references (not_met), owner/evidence fields (not_met), applicable Phase 22 execution controls (not_met)."
P23-REQ-057,Implementation Traceability,not_verified,built,source requirement references; owner/evidence fields; applicable Phase 22 execution controls,implementation artifacts; automated checks,"Blocked platform-wide by: source requirement references (not_met), owner/evidence fields (not_met), applicable Phase 22 execution controls (not_met)."
P23-REQ-058,Local Development,not_verified,partial,source requirement references; owner/evidence fields; applicable Phase 22 execution controls,implementation artifacts; automated checks,"One command installs, one runs the gate, and the database suite needs no service and no credentials because PostgreSQL runs in WebAssembly — which is what lets the same command run identically on a laptop and on a fork's pull request. There is no seeded local environment for the application itself, and 22 of 23 screens read fixtures rather than a local database. Blocked platform-wide by: source requirement references (not_met), owner/evidence fields (not_met), applicable Phase 22 execution controls (not_met)."
P23-REQ-059,Backup/Recovery Hooks,not_verified,not_built,source requirement references; owner/evidence fields; applicable Phase 22 execution controls,implementation artifacts; automated checks,"No backup, no restore, no point-in-time objective, no hook of any kind. P20 recorded this and nothing has changed. Blocked platform-wide by: source requirement references (not_met), owner/evidence fields (not_met), applicable Phase 22 execution controls (not_met)."
P23-REQ-060,Operational Readiness,not_verified,not_built,source requirement references; owner/evidence fields; applicable Phase 22 execution controls,implementation artifacts; automated checks,"No readiness review, no runbook beyond deployment, no on-call, no incident model. Blocked platform-wide by: source requirement references (not_met), owner/evidence fields (not_met), applicable Phase 22 execution controls (not_met)."
P23-REQ-061,Repository & Monorepo Governance,not_verified,partial,source requirement references; owner/evidence fields; applicable Phase 22 execution controls,implementation artifacts; automated checks,"A workspace monorepo with a dependency-free engine package, a renderer, a web app, functions and shared modules, and one gate over all of it. There is no ownership file, no per-package release, no dependency policy and no import boundary enforced by tooling. Blocked platform-wide by: source requirement references (not_met), owner/evidence fields (not_met), applicable Phase 22 execution controls (not_met)."
P23-REQ-062,Application Architecture,not_verified,partial,source requirement references; owner/evidence fields; applicable Phase 22 execution controls,implementation artifacts; automated checks,"The five-category rule is enforced against the live schema rather than documented — every table is an engine, library, entity, workflow or agent, and an unclassified one fails the build. Deterministic computation is separated from advisory AI by constraint. What is missing is architecture as a described thing: no module boundary enforcement, no layering rule, no dependency direction check. Blocked platform-wide by: source requirement references (not_met), owner/evidence fields (not_met), applicable Phase 22 execution controls (not_met)."
P23-REQ-063,Identity & Access,not_verified,partial,source requirement references; owner/evidence fields; applicable Phase 22 execution controls,implementation artifacts; automated checks,"Judged in full at P01, where 9 of 25 controls are met. Authentication is Supabase Auth's; authorization is this platform's and is thorough. Sessions, devices and external identities are absent. Blocked platform-wide by: source requirement references (not_met), owner/evidence fields (not_met), applicable Phase 22 execution controls (not_met)."
P23-REQ-064,Multi-Tenant SaaS Foundation,not_verified,built,source requirement references; owner/evidence fields; applicable Phase 22 execution controls,implementation artifacts; automated checks,"Blocked platform-wide by: source requirement references (not_met), owner/evidence fields (not_met), applicable Phase 22 execution controls (not_met)."
P23-REQ-065,Canonical Data Layer,not_verified,partial,source requirement references; owner/evidence fields; applicable Phase 22 execution controls,implementation artifacts; automated checks,"One schema shared by every module, judged in full at P03 where 41 of 75 concerns are met. It is the strongest layer in the platform and it is not a separately addressable data layer: there is no repository pattern, no data access library, and modules reach the tables directly through PostgREST. Blocked platform-wide by: source requirement references (not_met), owner/evidence fields (not_met), applicable Phase 22 execution controls (not_met)."
P23-REQ-066,API & Event Platform,not_verified,partial,source requirement references; owner/evidence fields; applicable Phase 22 execution controls,implementation artifacts; automated checks,"Nine versioned endpoints behind a pure authorization function with one error shape, an OpenAPI specification generated from the route table with drift failing the build, scoped keys stored only as a hash. The event half does not exist: no bus, no publish, no subscribe, no webhook. Blocked platform-wide by: source requirement references (not_met), owner/evidence fields (not_met), applicable Phase 22 execution controls (not_met)."
P23-REQ-067,Master Library Services,not_verified,partial,source requirement references; owner/evidence fields; applicable Phase 22 execution controls,implementation artifacts; automated checks,"Three-tier scope with platform, enterprise group and company precedence, approval before activation, versioned rows with validity derived rather than stored, and snapshot capture. Judged at P25, 79% verified. Blocked platform-wide by: source requirement references (not_met), owner/evidence fields (not_met), applicable Phase 22 execution controls (not_met)."
P23-REQ-068,Estimating Platform Foundation,not_verified,partial,source requirement references; owner/evidence fields; applicable Phase 22 execution controls,implementation artifacts; automated checks,"The most thoroughly built and most thoroughly verified part of the platform: 529 engine tests, P26 at 75%, P25 at 79%, P05 at 52%, with library snapshots making an issued price reproducible against the rates that made it. Blocked platform-wide by: source requirement references (not_met), owner/evidence fields (not_met), applicable Phase 22 execution controls (not_met)."
P23-REQ-069,AI Service Foundation,not_verified,partial,source requirement references; owner/evidence fields; applicable Phase 22 execution controls,implementation artifacts; automated checks,"One agent, one model catalog, versioned prompts, append-only messages, metered usage with an allowance checked before a request runs. There is no model registry, no evaluation and no fallback. Blocked platform-wide by: source requirement references (not_met), owner/evidence fields (not_met), applicable Phase 22 execution controls (not_met)."
P23-REQ-070,Document/Plan Intelligence,not_verified,partial,source requirement references; owner/evidence fields; applicable Phase 22 execution controls,implementation artifacts; automated checks,"PDF splitting, text-layer detection, sheet classification against the National CAD Standard, full-text search, and a governed analyst capped at draft authority with citations. OCR is a pluggable interface with no implementation behind it. Blocked platform-wide by: source requirement references (not_met), owner/evidence fields (not_met), applicable Phase 22 execution controls (not_met)."
P23-REQ-071,Workflow & Approval Engine,not_verified,not_built,source requirement references; owner/evidence fields; applicable Phase 22 execution controls,implementation artifacts; automated checks,"No engine. Approvals are per-object rules in the schema — authority limits by amount, approval before activation, period cutoffs — and there is no configurable workflow, no state machine a tenant can define, no routing and no escalation. P01 and P07 recorded the same. Blocked platform-wide by: source requirement references (not_met), owner/evidence fields (not_met), applicable Phase 22 execution controls (not_met)."
P23-REQ-072,Audit & Evidence,not_verified,not_built,source requirement references; owner/evidence fields; applicable Phase 22 execution controls,implementation artifacts; automated checks,"The audit ledger is real and now records the request behind each change, and this domain asks for more than a ledger: no evidence collection, no control framework, no attestation, no external audit path. P01 recorded that reads and exports are audited nowhere and that append-only is a weaker claim than tamper-evident. Blocked platform-wide by: source requirement references (not_met), owner/evidence fields (not_met), applicable Phase 22 execution controls (not_met)."
P23-REQ-073,Configuration & White Label,not_verified,not_built,source requirement references; owner/evidence fields; applicable Phase 22 execution controls,implementation artifacts; automated checks,"No white label, no branding, no theme, no terminology override — the capability the pricing page was corrected for advertising. Tenant configuration exists for libraries and commercial controls and is not a configuration layer. Blocked platform-wide by: source requirement references (not_met), owner/evidence fields (not_met), applicable Phase 22 execution controls (not_met)."
P23-REQ-074,Observability,not_verified,partial,source requirement references; owner/evidence fields; applicable Phase 22 execution controls,implementation artifacts; automated checks,"A structured logger with correlation carried through every line, metrics with bounded low-cardinality labels, health and readiness separated with per-check deadlines, and every API request logged with its key, status and duration. Nothing is deployed, so nothing consumes any of it. Blocked platform-wide by: source requirement references (not_met), owner/evidence fields (not_met), applicable Phase 22 execution controls (not_met)."
P23-REQ-075,Security Engineering,not_verified,partial,source requirement references; owner/evidence fields; applicable Phase 22 execution controls,implementation artifacts; automated checks,"Forced row level security with two migration-time gates, hashed and scoped API keys, an append-only audit ledger that since this build records the caller's address, agent and correlation id, redaction by field name and value shape, and a build-output secret scan. What P20 and P28 named remains absent: no detection and response, no secret rotation, no security monitoring. Blocked platform-wide by: source requirement references (not_met), owner/evidence fields (not_met), applicable Phase 22 execution controls (not_met)."
P23-REQ-076,DevSecOps & CI/CD,not_verified,partial,source requirement references; owner/evidence fields; applicable Phase 22 execution controls,implementation artifacts; automated checks,"A continuous integration workflow runs the whole gate on every branch and pull request and needs no secrets; a deployment workflow is dispatched by a person behind a GitHub Environment. Both are real files. Whether either has executed is the owner's to see — P20 recorded that none had, and the repository has since been pushed. Blocked platform-wide by: source requirement references (not_met), owner/evidence fields (not_met), applicable Phase 22 execution controls (not_met)."
P23-REQ-077,Environment & Infrastructure,not_verified,not_built,source requirement references; owner/evidence fields; applicable Phase 22 execution controls,implementation artifacts; automated checks,"Environments are named in a deployment workflow and none exists. No infrastructure as code, no provisioning, no container. Blocked platform-wide by: source requirement references (not_met), owner/evidence fields (not_met), applicable Phase 22 execution controls (not_met)."
P23-REQ-078,Testing Architecture,not_verified,built,source requirement references; owner/evidence fields; applicable Phase 22 execution controls,implementation artifacts; automated checks,"Blocked platform-wide by: source requirement references (not_met), owner/evidence fields (not_met), applicable Phase 22 execution controls (not_met)."
P23-REQ-079,Developer Experience,not_verified,partial,source requirement references; owner/evidence fields; applicable Phase 22 execution controls,implementation artifacts; automated checks,"Typed end to end, one gate, generated documentation that cannot drift from the tree, and error messages throughout the schema written to tell somebody what to do instead. There is no scaffolding, no code generation from the schema, and no contributor guide. Blocked platform-wide by: source requirement references (not_met), owner/evidence fields (not_met), applicable Phase 22 execution controls (not_met)."
P23-REQ-080,AI Coding Governance,not_verified,partial,source requirement references; owner/evidence fields; applicable Phase 22 execution controls,implementation artifacts; automated checks,"Unusually strong for what it is: the rules this codebase is built under are enforced by tests rather than stated in a document — the five-category rule, the tracing-is-not-verification distinction, American English, the pipeline's own shape, and every generated count. What does not exist is governance of AI *as a coding tool*: no policy on generated code, no provenance on a commit, no review requirement. Blocked platform-wide by: source requirement references (not_met), owner/evidence fields (not_met), applicable Phase 22 execution controls (not_met)."
P23-REQ-081,Feature Flags & Release Control,not_verified,not_built,source requirement references; owner/evidence fields; applicable Phase 22 execution controls,implementation artifacts; automated checks,"No feature flag of any kind. Entitlements gate capability by plan, which is licensing rather than release control: there is no flag, no rollout percentage, no kill switch and no experiment. Blocked platform-wide by: source requirement references (not_met), owner/evidence fields (not_met), applicable Phase 22 execution controls (not_met)."
P23-REQ-082,Migration & Seed Data,not_verified,built,source requirement references; owner/evidence fields; applicable Phase 22 execution controls,implementation artifacts; automated checks,"Blocked platform-wide by: source requirement references (not_met), owner/evidence fields (not_met), applicable Phase 22 execution controls (not_met)."
P23-REQ-083,Performance & Resilience,not_verified,not_built,source requirement references; owner/evidence fields; applicable Phase 22 execution controls,implementation artifacts; automated checks,"The one measurable improvement this build made is the tenant key indexes added at P03, which removed a sequential scan from every read on 53 tables. There is no performance work beyond it: no baseline, no load test, no query budget, no circuit breaker, no bulkhead, no chaos exercise. Blocked platform-wide by: source requirement references (not_met), owner/evidence fields (not_met), applicable Phase 22 execution controls (not_met)."
P23-REQ-084,Mobile/Field Foundation,not_verified,not_built,source requirement references; owner/evidence fields; applicable Phase 22 execution controls,implementation artifacts; automated checks,"No native application, no offline store, no sync, no conflict resolution. The web application is responsive and that is the whole of it. Blocked platform-wide by: source requirement references (not_met), owner/evidence fields (not_met), applicable Phase 22 execution controls (not_met)."
P23-REQ-085,Integration Adapters,not_verified,partial,source requirement references; owner/evidence fields; applicable Phase 22 execution controls,implementation artifacts; automated checks,"A governed connector framework with injected I/O and recorded runs, and a working NOAA weather adapter. No connector registry, no retry policy, no credential rotation. Blocked platform-wide by: source requirement references (not_met), owner/evidence fields (not_met), applicable Phase 22 execution controls (not_met)."
P23-REQ-086,Architecture Decision Records,not_verified,not_built,source requirement references; owner/evidence fields; applicable Phase 22 execution controls,implementation artifacts; automated checks,"No ADRs. Decisions are recorded — extensively, in migration headers and verdict files, with the reasoning and the rejected alternative — and none of it is in the form this domain asks for, indexed and numbered and reviewable as a set. Blocked platform-wide by: source requirement references (not_met), owner/evidence fields (not_met), applicable Phase 22 execution controls (not_met)."
P23-REQ-087,Implementation Traceability,not_verified,built,source requirement references; owner/evidence fields; applicable Phase 22 execution controls,implementation artifacts; automated checks,"Blocked platform-wide by: source requirement references (not_met), owner/evidence fields (not_met), applicable Phase 22 execution controls (not_met)."
P23-REQ-088,Local Development,not_verified,partial,source requirement references; owner/evidence fields; applicable Phase 22 execution controls,implementation artifacts; automated checks,"One command installs, one runs the gate, and the database suite needs no service and no credentials because PostgreSQL runs in WebAssembly — which is what lets the same command run identically on a laptop and on a fork's pull request. There is no seeded local environment for the application itself, and 22 of 23 screens read fixtures rather than a local database. Blocked platform-wide by: source requirement references (not_met), owner/evidence fields (not_met), applicable Phase 22 execution controls (not_met)."
P23-REQ-089,Backup/Recovery Hooks,not_verified,not_built,source requirement references; owner/evidence fields; applicable Phase 22 execution controls,implementation artifacts; automated checks,"No backup, no restore, no point-in-time objective, no hook of any kind. P20 recorded this and nothing has changed. Blocked platform-wide by: source requirement references (not_met), owner/evidence fields (not_met), applicable Phase 22 execution controls (not_met)."
P23-REQ-090,Operational Readiness,not_verified,not_built,source requirement references; owner/evidence fields; applicable Phase 22 execution controls,implementation artifacts; automated checks,"No readiness review, no runbook beyond deployment, no on-call, no incident model. Blocked platform-wide by: source requirement references (not_met), owner/evidence fields (not_met), applicable Phase 22 execution controls (not_met)."
P23-REQ-091,Repository & Monorepo Governance,not_verified,partial,source requirement references; owner/evidence fields; applicable Phase 22 execution controls,implementation artifacts; automated checks,"A workspace monorepo with a dependency-free engine package, a renderer, a web app, functions and shared modules, and one gate over all of it. There is no ownership file, no per-package release, no dependency policy and no import boundary enforced by tooling. Blocked platform-wide by: source requirement references (not_met), owner/evidence fields (not_met), applicable Phase 22 execution controls (not_met)."
P23-REQ-092,Application Architecture,not_verified,partial,source requirement references; owner/evidence fields; applicable Phase 22 execution controls,implementation artifacts; automated checks,"The five-category rule is enforced against the live schema rather than documented — every table is an engine, library, entity, workflow or agent, and an unclassified one fails the build. Deterministic computation is separated from advisory AI by constraint. What is missing is architecture as a described thing: no module boundary enforcement, no layering rule, no dependency direction check. Blocked platform-wide by: source requirement references (not_met), owner/evidence fields (not_met), applicable Phase 22 execution controls (not_met)."
P23-REQ-093,Identity & Access,not_verified,partial,source requirement references; owner/evidence fields; applicable Phase 22 execution controls,implementation artifacts; automated checks,"Judged in full at P01, where 9 of 25 controls are met. Authentication is Supabase Auth's; authorization is this platform's and is thorough. Sessions, devices and external identities are absent. Blocked platform-wide by: source requirement references (not_met), owner/evidence fields (not_met), applicable Phase 22 execution controls (not_met)."
P23-REQ-094,Multi-Tenant SaaS Foundation,not_verified,built,source requirement references; owner/evidence fields; applicable Phase 22 execution controls,implementation artifacts; automated checks,"Blocked platform-wide by: source requirement references (not_met), owner/evidence fields (not_met), applicable Phase 22 execution controls (not_met)."
P23-REQ-095,Canonical Data Layer,not_verified,partial,source requirement references; owner/evidence fields; applicable Phase 22 execution controls,implementation artifacts; automated checks,"One schema shared by every module, judged in full at P03 where 41 of 75 concerns are met. It is the strongest layer in the platform and it is not a separately addressable data layer: there is no repository pattern, no data access library, and modules reach the tables directly through PostgREST. Blocked platform-wide by: source requirement references (not_met), owner/evidence fields (not_met), applicable Phase 22 execution controls (not_met)."
P23-REQ-096,API & Event Platform,not_verified,partial,source requirement references; owner/evidence fields; applicable Phase 22 execution controls,implementation artifacts; automated checks,"Nine versioned endpoints behind a pure authorization function with one error shape, an OpenAPI specification generated from the route table with drift failing the build, scoped keys stored only as a hash. The event half does not exist: no bus, no publish, no subscribe, no webhook. Blocked platform-wide by: source requirement references (not_met), owner/evidence fields (not_met), applicable Phase 22 execution controls (not_met)."
P23-REQ-097,Master Library Services,not_verified,partial,source requirement references; owner/evidence fields; applicable Phase 22 execution controls,implementation artifacts; automated checks,"Three-tier scope with platform, enterprise group and company precedence, approval before activation, versioned rows with validity derived rather than stored, and snapshot capture. Judged at P25, 79% verified. Blocked platform-wide by: source requirement references (not_met), owner/evidence fields (not_met), applicable Phase 22 execution controls (not_met)."
P23-REQ-098,Estimating Platform Foundation,not_verified,partial,source requirement references; owner/evidence fields; applicable Phase 22 execution controls,implementation artifacts; automated checks,"The most thoroughly built and most thoroughly verified part of the platform: 529 engine tests, P26 at 75%, P25 at 79%, P05 at 52%, with library snapshots making an issued price reproducible against the rates that made it. Blocked platform-wide by: source requirement references (not_met), owner/evidence fields (not_met), applicable Phase 22 execution controls (not_met)."
P23-REQ-099,AI Service Foundation,not_verified,partial,source requirement references; owner/evidence fields; applicable Phase 22 execution controls,implementation artifacts; automated checks,"One agent, one model catalog, versioned prompts, append-only messages, metered usage with an allowance checked before a request runs. There is no model registry, no evaluation and no fallback. Blocked platform-wide by: source requirement references (not_met), owner/evidence fields (not_met), applicable Phase 22 execution controls (not_met)."
P23-REQ-100,Document/Plan Intelligence,not_verified,partial,source requirement references; owner/evidence fields; applicable Phase 22 execution controls,implementation artifacts; automated checks,"PDF splitting, text-layer detection, sheet classification against the National CAD Standard, full-text search, and a governed analyst capped at draft authority with citations. OCR is a pluggable interface with no implementation behind it. Blocked platform-wide by: source requirement references (not_met), owner/evidence fields (not_met), applicable Phase 22 execution controls (not_met)."
P23-REQ-101,Workflow & Approval Engine,not_verified,not_built,source requirement references; owner/evidence fields; applicable Phase 22 execution controls,implementation artifacts; automated checks,"No engine. Approvals are per-object rules in the schema — authority limits by amount, approval before activation, period cutoffs — and there is no configurable workflow, no state machine a tenant can define, no routing and no escalation. P01 and P07 recorded the same. Blocked platform-wide by: source requirement references (not_met), owner/evidence fields (not_met), applicable Phase 22 execution controls (not_met)."
P23-REQ-102,Audit & Evidence,not_verified,not_built,source requirement references; owner/evidence fields; applicable Phase 22 execution controls,implementation artifacts; automated checks,"The audit ledger is real and now records the request behind each change, and this domain asks for more than a ledger: no evidence collection, no control framework, no attestation, no external audit path. P01 recorded that reads and exports are audited nowhere and that append-only is a weaker claim than tamper-evident. Blocked platform-wide by: source requirement references (not_met), owner/evidence fields (not_met), applicable Phase 22 execution controls (not_met)."
P23-REQ-103,Configuration & White Label,not_verified,not_built,source requirement references; owner/evidence fields; applicable Phase 22 execution controls,implementation artifacts; automated checks,"No white label, no branding, no theme, no terminology override — the capability the pricing page was corrected for advertising. Tenant configuration exists for libraries and commercial controls and is not a configuration layer. Blocked platform-wide by: source requirement references (not_met), owner/evidence fields (not_met), applicable Phase 22 execution controls (not_met)."
P23-REQ-104,Observability,not_verified,partial,source requirement references; owner/evidence fields; applicable Phase 22 execution controls,implementation artifacts; automated checks,"A structured logger with correlation carried through every line, metrics with bounded low-cardinality labels, health and readiness separated with per-check deadlines, and every API request logged with its key, status and duration. Nothing is deployed, so nothing consumes any of it. Blocked platform-wide by: source requirement references (not_met), owner/evidence fields (not_met), applicable Phase 22 execution controls (not_met)."
P23-REQ-105,Security Engineering,not_verified,partial,source requirement references; owner/evidence fields; applicable Phase 22 execution controls,implementation artifacts; automated checks,"Forced row level security with two migration-time gates, hashed and scoped API keys, an append-only audit ledger that since this build records the caller's address, agent and correlation id, redaction by field name and value shape, and a build-output secret scan. What P20 and P28 named remains absent: no detection and response, no secret rotation, no security monitoring. Blocked platform-wide by: source requirement references (not_met), owner/evidence fields (not_met), applicable Phase 22 execution controls (not_met)."
P23-REQ-106,DevSecOps & CI/CD,not_verified,partial,source requirement references; owner/evidence fields; applicable Phase 22 execution controls,implementation artifacts; automated checks,"A continuous integration workflow runs the whole gate on every branch and pull request and needs no secrets; a deployment workflow is dispatched by a person behind a GitHub Environment. Both are real files. Whether either has executed is the owner's to see — P20 recorded that none had, and the repository has since been pushed. Blocked platform-wide by: source requirement references (not_met), owner/evidence fields (not_met), applicable Phase 22 execution controls (not_met)."
P23-REQ-107,Environment & Infrastructure,not_verified,not_built,source requirement references; owner/evidence fields; applicable Phase 22 execution controls,implementation artifacts; automated checks,"Environments are named in a deployment workflow and none exists. No infrastructure as code, no provisioning, no container. Blocked platform-wide by: source requirement references (not_met), owner/evidence fields (not_met), applicable Phase 22 execution controls (not_met)."
P23-REQ-108,Testing Architecture,not_verified,built,source requirement references; owner/evidence fields; applicable Phase 22 execution controls,implementation artifacts; automated checks,"Blocked platform-wide by: source requirement references (not_met), owner/evidence fields (not_met), applicable Phase 22 execution controls (not_met)."
P23-REQ-109,Developer Experience,not_verified,partial,source requirement references; owner/evidence fields; applicable Phase 22 execution controls,implementation artifacts; automated checks,"Typed end to end, one gate, generated documentation that cannot drift from the tree, and error messages throughout the schema written to tell somebody what to do instead. There is no scaffolding, no code generation from the schema, and no contributor guide. Blocked platform-wide by: source requirement references (not_met), owner/evidence fields (not_met), applicable Phase 22 execution controls (not_met)."
P23-REQ-110,AI Coding Governance,not_verified,partial,source requirement references; owner/evidence fields; applicable Phase 22 execution controls,implementation artifacts; automated checks,"Unusually strong for what it is: the rules this codebase is built under are enforced by tests rather than stated in a document — the five-category rule, the tracing-is-not-verification distinction, American English, the pipeline's own shape, and every generated count. What does not exist is governance of AI *as a coding tool*: no policy on generated code, no provenance on a commit, no review requirement. Blocked platform-wide by: source requirement references (not_met), owner/evidence fields (not_met), applicable Phase 22 execution controls (not_met)."
P23-REQ-111,Feature Flags & Release Control,not_verified,not_built,source requirement references; owner/evidence fields; applicable Phase 22 execution controls,implementation artifacts; automated checks,"No feature flag of any kind. Entitlements gate capability by plan, which is licensing rather than release control: there is no flag, no rollout percentage, no kill switch and no experiment. Blocked platform-wide by: source requirement references (not_met), owner/evidence fields (not_met), applicable Phase 22 execution controls (not_met)."
P23-REQ-112,Migration & Seed Data,not_verified,built,source requirement references; owner/evidence fields; applicable Phase 22 execution controls,implementation artifacts; automated checks,"Blocked platform-wide by: source requirement references (not_met), owner/evidence fields (not_met), applicable Phase 22 execution controls (not_met)."
P23-REQ-113,Performance & Resilience,not_verified,not_built,source requirement references; owner/evidence fields; applicable Phase 22 execution controls,implementation artifacts; automated checks,"The one measurable improvement this build made is the tenant key indexes added at P03, which removed a sequential scan from every read on 53 tables. There is no performance work beyond it: no baseline, no load test, no query budget, no circuit breaker, no bulkhead, no chaos exercise. Blocked platform-wide by: source requirement references (not_met), owner/evidence fields (not_met), applicable Phase 22 execution controls (not_met)."
P23-REQ-114,Mobile/Field Foundation,not_verified,not_built,source requirement references; owner/evidence fields; applicable Phase 22 execution controls,implementation artifacts; automated checks,"No native application, no offline store, no sync, no conflict resolution. The web application is responsive and that is the whole of it. Blocked platform-wide by: source requirement references (not_met), owner/evidence fields (not_met), applicable Phase 22 execution controls (not_met)."
P23-REQ-115,Integration Adapters,not_verified,partial,source requirement references; owner/evidence fields; applicable Phase 22 execution controls,implementation artifacts; automated checks,"A governed connector framework with injected I/O and recorded runs, and a working NOAA weather adapter. No connector registry, no retry policy, no credential rotation. Blocked platform-wide by: source requirement references (not_met), owner/evidence fields (not_met), applicable Phase 22 execution controls (not_met)."
P23-REQ-116,Architecture Decision Records,not_verified,not_built,source requirement references; owner/evidence fields; applicable Phase 22 execution controls,implementation artifacts; automated checks,"No ADRs. Decisions are recorded — extensively, in migration headers and verdict files, with the reasoning and the rejected alternative — and none of it is in the form this domain asks for, indexed and numbered and reviewable as a set. Blocked platform-wide by: source requirement references (not_met), owner/evidence fields (not_met), applicable Phase 22 execution controls (not_met)."
P23-REQ-117,Implementation Traceability,not_verified,built,source requirement references; owner/evidence fields; applicable Phase 22 execution controls,implementation artifacts; automated checks,"Blocked platform-wide by: source requirement references (not_met), owner/evidence fields (not_met), applicable Phase 22 execution controls (not_met)."
P23-REQ-118,Local Development,not_verified,partial,source requirement references; owner/evidence fields; applicable Phase 22 execution controls,implementation artifacts; automated checks,"One command installs, one runs the gate, and the database suite needs no service and no credentials because PostgreSQL runs in WebAssembly — which is what lets the same command run identically on a laptop and on a fork's pull request. There is no seeded local environment for the application itself, and 22 of 23 screens read fixtures rather than a local database. Blocked platform-wide by: source requirement references (not_met), owner/evidence fields (not_met), applicable Phase 22 execution controls (not_met)."
P23-REQ-119,Backup/Recovery Hooks,not_verified,not_built,source requirement references; owner/evidence fields; applicable Phase 22 execution controls,implementation artifacts; automated checks,"No backup, no restore, no point-in-time objective, no hook of any kind. P20 recorded this and nothing has changed. Blocked platform-wide by: source requirement references (not_met), owner/evidence fields (not_met), applicable Phase 22 execution controls (not_met)."
P23-REQ-120,Operational Readiness,not_verified,not_built,source requirement references; owner/evidence fields; applicable Phase 22 execution controls,implementation artifacts; automated checks,"No readiness review, no runbook beyond deployment, no on-call, no incident model. Blocked platform-wide by: source requirement references (not_met), owner/evidence fields (not_met), applicable Phase 22 execution controls (not_met)."
P23-REQ-121,Repository & Monorepo Governance,not_verified,partial,source requirement references; owner/evidence fields; applicable Phase 22 execution controls,implementation artifacts; automated checks,"A workspace monorepo with a dependency-free engine package, a renderer, a web app, functions and shared modules, and one gate over all of it. There is no ownership file, no per-package release, no dependency policy and no import boundary enforced by tooling. Blocked platform-wide by: source requirement references (not_met), owner/evidence fields (not_met), applicable Phase 22 execution controls (not_met)."
P23-REQ-122,Application Architecture,not_verified,partial,source requirement references; owner/evidence fields; applicable Phase 22 execution controls,implementation artifacts; automated checks,"The five-category rule is enforced against the live schema rather than documented — every table is an engine, library, entity, workflow or agent, and an unclassified one fails the build. Deterministic computation is separated from advisory AI by constraint. What is missing is architecture as a described thing: no module boundary enforcement, no layering rule, no dependency direction check. Blocked platform-wide by: source requirement references (not_met), owner/evidence fields (not_met), applicable Phase 22 execution controls (not_met)."
P23-REQ-123,Identity & Access,not_verified,partial,source requirement references; owner/evidence fields; applicable Phase 22 execution controls,implementation artifacts; automated checks,"Judged in full at P01, where 9 of 25 controls are met. Authentication is Supabase Auth's; authorization is this platform's and is thorough. Sessions, devices and external identities are absent. Blocked platform-wide by: source requirement references (not_met), owner/evidence fields (not_met), applicable Phase 22 execution controls (not_met)."
P23-REQ-124,Multi-Tenant SaaS Foundation,not_verified,built,source requirement references; owner/evidence fields; applicable Phase 22 execution controls,implementation artifacts; automated checks,"Blocked platform-wide by: source requirement references (not_met), owner/evidence fields (not_met), applicable Phase 22 execution controls (not_met)."
P23-REQ-125,Canonical Data Layer,not_verified,partial,source requirement references; owner/evidence fields; applicable Phase 22 execution controls,implementation artifacts; automated checks,"One schema shared by every module, judged in full at P03 where 41 of 75 concerns are met. It is the strongest layer in the platform and it is not a separately addressable data layer: there is no repository pattern, no data access library, and modules reach the tables directly through PostgREST. Blocked platform-wide by: source requirement references (not_met), owner/evidence fields (not_met), applicable Phase 22 execution controls (not_met)."
P23-REQ-126,API & Event Platform,not_verified,partial,source requirement references; owner/evidence fields; applicable Phase 22 execution controls,implementation artifacts; automated checks,"Nine versioned endpoints behind a pure authorization function with one error shape, an OpenAPI specification generated from the route table with drift failing the build, scoped keys stored only as a hash. The event half does not exist: no bus, no publish, no subscribe, no webhook. Blocked platform-wide by: source requirement references (not_met), owner/evidence fields (not_met), applicable Phase 22 execution controls (not_met)."
P23-REQ-127,Master Library Services,not_verified,partial,source requirement references; owner/evidence fields; applicable Phase 22 execution controls,implementation artifacts; automated checks,"Three-tier scope with platform, enterprise group and company precedence, approval before activation, versioned rows with validity derived rather than stored, and snapshot capture. Judged at P25, 79% verified. Blocked platform-wide by: source requirement references (not_met), owner/evidence fields (not_met), applicable Phase 22 execution controls (not_met)."
P23-REQ-128,Estimating Platform Foundation,not_verified,partial,source requirement references; owner/evidence fields; applicable Phase 22 execution controls,implementation artifacts; automated checks,"The most thoroughly built and most thoroughly verified part of the platform: 529 engine tests, P26 at 75%, P25 at 79%, P05 at 52%, with library snapshots making an issued price reproducible against the rates that made it. Blocked platform-wide by: source requirement references (not_met), owner/evidence fields (not_met), applicable Phase 22 execution controls (not_met)."
P23-REQ-129,AI Service Foundation,not_verified,partial,source requirement references; owner/evidence fields; applicable Phase 22 execution controls,implementation artifacts; automated checks,"One agent, one model catalog, versioned prompts, append-only messages, metered usage with an allowance checked before a request runs. There is no model registry, no evaluation and no fallback. Blocked platform-wide by: source requirement references (not_met), owner/evidence fields (not_met), applicable Phase 22 execution controls (not_met)."
P23-REQ-130,Document/Plan Intelligence,not_verified,partial,source requirement references; owner/evidence fields; applicable Phase 22 execution controls,implementation artifacts; automated checks,"PDF splitting, text-layer detection, sheet classification against the National CAD Standard, full-text search, and a governed analyst capped at draft authority with citations. OCR is a pluggable interface with no implementation behind it. Blocked platform-wide by: source requirement references (not_met), owner/evidence fields (not_met), applicable Phase 22 execution controls (not_met)."
P23-REQ-131,Workflow & Approval Engine,not_verified,not_built,source requirement references; owner/evidence fields; applicable Phase 22 execution controls,implementation artifacts; automated checks,"No engine. Approvals are per-object rules in the schema — authority limits by amount, approval before activation, period cutoffs — and there is no configurable workflow, no state machine a tenant can define, no routing and no escalation. P01 and P07 recorded the same. Blocked platform-wide by: source requirement references (not_met), owner/evidence fields (not_met), applicable Phase 22 execution controls (not_met)."
P23-REQ-132,Audit & Evidence,not_verified,not_built,source requirement references; owner/evidence fields; applicable Phase 22 execution controls,implementation artifacts; automated checks,"The audit ledger is real and now records the request behind each change, and this domain asks for more than a ledger: no evidence collection, no control framework, no attestation, no external audit path. P01 recorded that reads and exports are audited nowhere and that append-only is a weaker claim than tamper-evident. Blocked platform-wide by: source requirement references (not_met), owner/evidence fields (not_met), applicable Phase 22 execution controls (not_met)."
P23-REQ-133,Configuration & White Label,not_verified,not_built,source requirement references; owner/evidence fields; applicable Phase 22 execution controls,implementation artifacts; automated checks,"No white label, no branding, no theme, no terminology override — the capability the pricing page was corrected for advertising. Tenant configuration exists for libraries and commercial controls and is not a configuration layer. Blocked platform-wide by: source requirement references (not_met), owner/evidence fields (not_met), applicable Phase 22 execution controls (not_met)."
P23-REQ-134,Observability,not_verified,partial,source requirement references; owner/evidence fields; applicable Phase 22 execution controls,implementation artifacts; automated checks,"A structured logger with correlation carried through every line, metrics with bounded low-cardinality labels, health and readiness separated with per-check deadlines, and every API request logged with its key, status and duration. Nothing is deployed, so nothing consumes any of it. Blocked platform-wide by: source requirement references (not_met), owner/evidence fields (not_met), applicable Phase 22 execution controls (not_met)."
P23-REQ-135,Security Engineering,not_verified,partial,source requirement references; owner/evidence fields; applicable Phase 22 execution controls,implementation artifacts; automated checks,"Forced row level security with two migration-time gates, hashed and scoped API keys, an append-only audit ledger that since this build records the caller's address, agent and correlation id, redaction by field name and value shape, and a build-output secret scan. What P20 and P28 named remains absent: no detection and response, no secret rotation, no security monitoring. Blocked platform-wide by: source requirement references (not_met), owner/evidence fields (not_met), applicable Phase 22 execution controls (not_met)."
P23-REQ-136,DevSecOps & CI/CD,not_verified,partial,source requirement references; owner/evidence fields; applicable Phase 22 execution controls,implementation artifacts; automated checks,"A continuous integration workflow runs the whole gate on every branch and pull request and needs no secrets; a deployment workflow is dispatched by a person behind a GitHub Environment. Both are real files. Whether either has executed is the owner's to see — P20 recorded that none had, and the repository has since been pushed. Blocked platform-wide by: source requirement references (not_met), owner/evidence fields (not_met), applicable Phase 22 execution controls (not_met)."
P23-REQ-137,Environment & Infrastructure,not_verified,not_built,source requirement references; owner/evidence fields; applicable Phase 22 execution controls,implementation artifacts; automated checks,"Environments are named in a deployment workflow and none exists. No infrastructure as code, no provisioning, no container. Blocked platform-wide by: source requirement references (not_met), owner/evidence fields (not_met), applicable Phase 22 execution controls (not_met)."
P23-REQ-138,Testing Architecture,not_verified,built,source requirement references; owner/evidence fields; applicable Phase 22 execution controls,implementation artifacts; automated checks,"Blocked platform-wide by: source requirement references (not_met), owner/evidence fields (not_met), applicable Phase 22 execution controls (not_met)."
P23-REQ-139,Developer Experience,not_verified,partial,source requirement references; owner/evidence fields; applicable Phase 22 execution controls,implementation artifacts; automated checks,"Typed end to end, one gate, generated documentation that cannot drift from the tree, and error messages throughout the schema written to tell somebody what to do instead. There is no scaffolding, no code generation from the schema, and no contributor guide. Blocked platform-wide by: source requirement references (not_met), owner/evidence fields (not_met), applicable Phase 22 execution controls (not_met)."
P23-REQ-140,AI Coding Governance,not_verified,partial,source requirement references; owner/evidence fields; applicable Phase 22 execution controls,implementation artifacts; automated checks,"Unusually strong for what it is: the rules this codebase is built under are enforced by tests rather than stated in a document — the five-category rule, the tracing-is-not-verification distinction, American English, the pipeline's own shape, and every generated count. What does not exist is governance of AI *as a coding tool*: no policy on generated code, no provenance on a commit, no review requirement. Blocked platform-wide by: source requirement references (not_met), owner/evidence fields (not_met), applicable Phase 22 execution controls (not_met)."
P23-REQ-141,Feature Flags & Release Control,not_verified,not_built,source requirement references; owner/evidence fields; applicable Phase 22 execution controls,implementation artifacts; automated checks,"No feature flag of any kind. Entitlements gate capability by plan, which is licensing rather than release control: there is no flag, no rollout percentage, no kill switch and no experiment. Blocked platform-wide by: source requirement references (not_met), owner/evidence fields (not_met), applicable Phase 22 execution controls (not_met)."
P23-REQ-142,Migration & Seed Data,not_verified,built,source requirement references; owner/evidence fields; applicable Phase 22 execution controls,implementation artifacts; automated checks,"Blocked platform-wide by: source requirement references (not_met), owner/evidence fields (not_met), applicable Phase 22 execution controls (not_met)."
P23-REQ-143,Performance & Resilience,not_verified,not_built,source requirement references; owner/evidence fields; applicable Phase 22 execution controls,implementation artifacts; automated checks,"The one measurable improvement this build made is the tenant key indexes added at P03, which removed a sequential scan from every read on 53 tables. There is no performance work beyond it: no baseline, no load test, no query budget, no circuit breaker, no bulkhead, no chaos exercise. Blocked platform-wide by: source requirement references (not_met), owner/evidence fields (not_met), applicable Phase 22 execution controls (not_met)."
P23-REQ-144,Mobile/Field Foundation,not_verified,not_built,source requirement references; owner/evidence fields; applicable Phase 22 execution controls,implementation artifacts; automated checks,"No native application, no offline store, no sync, no conflict resolution. The web application is responsive and that is the whole of it. Blocked platform-wide by: source requirement references (not_met), owner/evidence fields (not_met), applicable Phase 22 execution controls (not_met)."
P23-REQ-145,Integration Adapters,not_verified,partial,source requirement references; owner/evidence fields; applicable Phase 22 execution controls,implementation artifacts; automated checks,"A governed connector framework with injected I/O and recorded runs, and a working NOAA weather adapter. No connector registry, no retry policy, no credential rotation. Blocked platform-wide by: source requirement references (not_met), owner/evidence fields (not_met), applicable Phase 22 execution controls (not_met)."
P23-REQ-146,Architecture Decision Records,not_verified,not_built,source requirement references; owner/evidence fields; applicable Phase 22 execution controls,implementation artifacts; automated checks,"No ADRs. Decisions are recorded — extensively, in migration headers and verdict files, with the reasoning and the rejected alternative — and none of it is in the form this domain asks for, indexed and numbered and reviewable as a set. Blocked platform-wide by: source requirement references (not_met), owner/evidence fields (not_met), applicable Phase 22 execution controls (not_met)."
P23-REQ-147,Implementation Traceability,not_verified,built,source requirement references; owner/evidence fields; applicable Phase 22 execution controls,implementation artifacts; automated checks,"Blocked platform-wide by: source requirement references (not_met), owner/evidence fields (not_met), applicable Phase 22 execution controls (not_met)."
P23-REQ-148,Local Development,not_verified,partial,source requirement references; owner/evidence fields; applicable Phase 22 execution controls,implementation artifacts; automated checks,"One command installs, one runs the gate, and the database suite needs no service and no credentials because PostgreSQL runs in WebAssembly — which is what lets the same command run identically on a laptop and on a fork's pull request. There is no seeded local environment for the application itself, and 22 of 23 screens read fixtures rather than a local database. Blocked platform-wide by: source requirement references (not_met), owner/evidence fields (not_met), applicable Phase 22 execution controls (not_met)."
P23-REQ-149,Backup/Recovery Hooks,not_verified,not_built,source requirement references; owner/evidence fields; applicable Phase 22 execution controls,implementation artifacts; automated checks,"No backup, no restore, no point-in-time objective, no hook of any kind. P20 recorded this and nothing has changed. Blocked platform-wide by: source requirement references (not_met), owner/evidence fields (not_met), applicable Phase 22 execution controls (not_met)."
P23-REQ-150,Operational Readiness,not_verified,not_built,source requirement references; owner/evidence fields; applicable Phase 22 execution controls,implementation artifacts; automated checks,"No readiness review, no runbook beyond deployment, no on-call, no incident model. Blocked platform-wide by: source requirement references (not_met), owner/evidence fields (not_met), applicable Phase 22 execution controls (not_met)."
P23-REQ-151,Repository & Monorepo Governance,not_verified,partial,source requirement references; owner/evidence fields; applicable Phase 22 execution controls,implementation artifacts; automated checks,"A workspace monorepo with a dependency-free engine package, a renderer, a web app, functions and shared modules, and one gate over all of it. There is no ownership file, no per-package release, no dependency policy and no import boundary enforced by tooling. Blocked platform-wide by: source requirement references (not_met), owner/evidence fields (not_met), applicable Phase 22 execution controls (not_met)."
P23-REQ-152,Application Architecture,not_verified,partial,source requirement references; owner/evidence fields; applicable Phase 22 execution controls,implementation artifacts; automated checks,"The five-category rule is enforced against the live schema rather than documented — every table is an engine, library, entity, workflow or agent, and an unclassified one fails the build. Deterministic computation is separated from advisory AI by constraint. What is missing is architecture as a described thing: no module boundary enforcement, no layering rule, no dependency direction check. Blocked platform-wide by: source requirement references (not_met), owner/evidence fields (not_met), applicable Phase 22 execution controls (not_met)."
P23-REQ-153,Identity & Access,not_verified,partial,source requirement references; owner/evidence fields; applicable Phase 22 execution controls,implementation artifacts; automated checks,"Judged in full at P01, where 9 of 25 controls are met. Authentication is Supabase Auth's; authorization is this platform's and is thorough. Sessions, devices and external identities are absent. Blocked platform-wide by: source requirement references (not_met), owner/evidence fields (not_met), applicable Phase 22 execution controls (not_met)."
P23-REQ-154,Multi-Tenant SaaS Foundation,not_verified,built,source requirement references; owner/evidence fields; applicable Phase 22 execution controls,implementation artifacts; automated checks,"Blocked platform-wide by: source requirement references (not_met), owner/evidence fields (not_met), applicable Phase 22 execution controls (not_met)."
P23-REQ-155,Canonical Data Layer,not_verified,partial,source requirement references; owner/evidence fields; applicable Phase 22 execution controls,implementation artifacts; automated checks,"One schema shared by every module, judged in full at P03 where 41 of 75 concerns are met. It is the strongest layer in the platform and it is not a separately addressable data layer: there is no repository pattern, no data access library, and modules reach the tables directly through PostgREST. Blocked platform-wide by: source requirement references (not_met), owner/evidence fields (not_met), applicable Phase 22 execution controls (not_met)."
P23-REQ-156,API & Event Platform,not_verified,partial,source requirement references; owner/evidence fields; applicable Phase 22 execution controls,implementation artifacts; automated checks,"Nine versioned endpoints behind a pure authorization function with one error shape, an OpenAPI specification generated from the route table with drift failing the build, scoped keys stored only as a hash. The event half does not exist: no bus, no publish, no subscribe, no webhook. Blocked platform-wide by: source requirement references (not_met), owner/evidence fields (not_met), applicable Phase 22 execution controls (not_met)."
P23-REQ-157,Master Library Services,not_verified,partial,source requirement references; owner/evidence fields; applicable Phase 22 execution controls,implementation artifacts; automated checks,"Three-tier scope with platform, enterprise group and company precedence, approval before activation, versioned rows with validity derived rather than stored, and snapshot capture. Judged at P25, 79% verified. Blocked platform-wide by: source requirement references (not_met), owner/evidence fields (not_met), applicable Phase 22 execution controls (not_met)."
P23-REQ-158,Estimating Platform Foundation,not_verified,partial,source requirement references; owner/evidence fields; applicable Phase 22 execution controls,implementation artifacts; automated checks,"The most thoroughly built and most thoroughly verified part of the platform: 529 engine tests, P26 at 75%, P25 at 79%, P05 at 52%, with library snapshots making an issued price reproducible against the rates that made it. Blocked platform-wide by: source requirement references (not_met), owner/evidence fields (not_met), applicable Phase 22 execution controls (not_met)."
P23-REQ-159,AI Service Foundation,not_verified,partial,source requirement references; owner/evidence fields; applicable Phase 22 execution controls,implementation artifacts; automated checks,"One agent, one model catalog, versioned prompts, append-only messages, metered usage with an allowance checked before a request runs. There is no model registry, no evaluation and no fallback. Blocked platform-wide by: source requirement references (not_met), owner/evidence fields (not_met), applicable Phase 22 execution controls (not_met)."
P23-REQ-160,Document/Plan Intelligence,not_verified,partial,source requirement references; owner/evidence fields; applicable Phase 22 execution controls,implementation artifacts; automated checks,"PDF splitting, text-layer detection, sheet classification against the National CAD Standard, full-text search, and a governed analyst capped at draft authority with citations. OCR is a pluggable interface with no implementation behind it. Blocked platform-wide by: source requirement references (not_met), owner/evidence fields (not_met), applicable Phase 22 execution controls (not_met)."
P23-REQ-161,Workflow & Approval Engine,not_verified,not_built,source requirement references; owner/evidence fields; applicable Phase 22 execution controls,implementation artifacts; automated checks,"No engine. Approvals are per-object rules in the schema — authority limits by amount, approval before activation, period cutoffs — and there is no configurable workflow, no state machine a tenant can define, no routing and no escalation. P01 and P07 recorded the same. Blocked platform-wide by: source requirement references (not_met), owner/evidence fields (not_met), applicable Phase 22 execution controls (not_met)."
P23-REQ-162,Audit & Evidence,not_verified,not_built,source requirement references; owner/evidence fields; applicable Phase 22 execution controls,implementation artifacts; automated checks,"The audit ledger is real and now records the request behind each change, and this domain asks for more than a ledger: no evidence collection, no control framework, no attestation, no external audit path. P01 recorded that reads and exports are audited nowhere and that append-only is a weaker claim than tamper-evident. Blocked platform-wide by: source requirement references (not_met), owner/evidence fields (not_met), applicable Phase 22 execution controls (not_met)."
P23-REQ-163,Configuration & White Label,not_verified,not_built,source requirement references; owner/evidence fields; applicable Phase 22 execution controls,implementation artifacts; automated checks,"No white label, no branding, no theme, no terminology override — the capability the pricing page was corrected for advertising. Tenant configuration exists for libraries and commercial controls and is not a configuration layer. Blocked platform-wide by: source requirement references (not_met), owner/evidence fields (not_met), applicable Phase 22 execution controls (not_met)."
P23-REQ-164,Observability,not_verified,partial,source requirement references; owner/evidence fields; applicable Phase 22 execution controls,implementation artifacts; automated checks,"A structured logger with correlation carried through every line, metrics with bounded low-cardinality labels, health and readiness separated with per-check deadlines, and every API request logged with its key, status and duration. Nothing is deployed, so nothing consumes any of it. Blocked platform-wide by: source requirement references (not_met), owner/evidence fields (not_met), applicable Phase 22 execution controls (not_met)."
P23-REQ-165,Security Engineering,not_verified,partial,source requirement references; owner/evidence fields; applicable Phase 22 execution controls,implementation artifacts; automated checks,"Forced row level security with two migration-time gates, hashed and scoped API keys, an append-only audit ledger that since this build records the caller's address, agent and correlation id, redaction by field name and value shape, and a build-output secret scan. What P20 and P28 named remains absent: no detection and response, no secret rotation, no security monitoring. Blocked platform-wide by: source requirement references (not_met), owner/evidence fields (not_met), applicable Phase 22 execution controls (not_met)."
P23-REQ-166,DevSecOps & CI/CD,not_verified,partial,source requirement references; owner/evidence fields; applicable Phase 22 execution controls,implementation artifacts; automated checks,"A continuous integration workflow runs the whole gate on every branch and pull request and needs no secrets; a deployment workflow is dispatched by a person behind a GitHub Environment. Both are real files. Whether either has executed is the owner's to see — P20 recorded that none had, and the repository has since been pushed. Blocked platform-wide by: source requirement references (not_met), owner/evidence fields (not_met), applicable Phase 22 execution controls (not_met)."
P23-REQ-167,Environment & Infrastructure,not_verified,not_built,source requirement references; owner/evidence fields; applicable Phase 22 execution controls,implementation artifacts; automated checks,"Environments are named in a deployment workflow and none exists. No infrastructure as code, no provisioning, no container. Blocked platform-wide by: source requirement references (not_met), owner/evidence fields (not_met), applicable Phase 22 execution controls (not_met)."
P23-REQ-168,Testing Architecture,not_verified,built,source requirement references; owner/evidence fields; applicable Phase 22 execution controls,implementation artifacts; automated checks,"Blocked platform-wide by: source requirement references (not_met), owner/evidence fields (not_met), applicable Phase 22 execution controls (not_met)."
P23-REQ-169,Developer Experience,not_verified,partial,source requirement references; owner/evidence fields; applicable Phase 22 execution controls,implementation artifacts; automated checks,"Typed end to end, one gate, generated documentation that cannot drift from the tree, and error messages throughout the schema written to tell somebody what to do instead. There is no scaffolding, no code generation from the schema, and no contributor guide. Blocked platform-wide by: source requirement references (not_met), owner/evidence fields (not_met), applicable Phase 22 execution controls (not_met)."
P23-REQ-170,AI Coding Governance,not_verified,partial,source requirement references; owner/evidence fields; applicable Phase 22 execution controls,implementation artifacts; automated checks,"Unusually strong for what it is: the rules this codebase is built under are enforced by tests rather than stated in a document — the five-category rule, the tracing-is-not-verification distinction, American English, the pipeline's own shape, and every generated count. What does not exist is governance of AI *as a coding tool*: no policy on generated code, no provenance on a commit, no review requirement. Blocked platform-wide by: source requirement references (not_met), owner/evidence fields (not_met), applicable Phase 22 execution controls (not_met)."
P23-REQ-171,Feature Flags & Release Control,not_verified,not_built,source requirement references; owner/evidence fields; applicable Phase 22 execution controls,implementation artifacts; automated checks,"No feature flag of any kind. Entitlements gate capability by plan, which is licensing rather than release control: there is no flag, no rollout percentage, no kill switch and no experiment. Blocked platform-wide by: source requirement references (not_met), owner/evidence fields (not_met), applicable Phase 22 execution controls (not_met)."
P23-REQ-172,Migration & Seed Data,not_verified,built,source requirement references; owner/evidence fields; applicable Phase 22 execution controls,implementation artifacts; automated checks,"Blocked platform-wide by: source requirement references (not_met), owner/evidence fields (not_met), applicable Phase 22 execution controls (not_met)."
P23-REQ-173,Performance & Resilience,not_verified,not_built,source requirement references; owner/evidence fields; applicable Phase 22 execution controls,implementation artifacts; automated checks,"The one measurable improvement this build made is the tenant key indexes added at P03, which removed a sequential scan from every read on 53 tables. There is no performance work beyond it: no baseline, no load test, no query budget, no circuit breaker, no bulkhead, no chaos exercise. Blocked platform-wide by: source requirement references (not_met), owner/evidence fields (not_met), applicable Phase 22 execution controls (not_met)."
P23-REQ-174,Mobile/Field Foundation,not_verified,not_built,source requirement references; owner/evidence fields; applicable Phase 22 execution controls,implementation artifacts; automated checks,"No native application, no offline store, no sync, no conflict resolution. The web application is responsive and that is the whole of it. Blocked platform-wide by: source requirement references (not_met), owner/evidence fields (not_met), applicable Phase 22 execution controls (not_met)."
P23-REQ-175,Integration Adapters,not_verified,partial,source requirement references; owner/evidence fields; applicable Phase 22 execution controls,implementation artifacts; automated checks,"A governed connector framework with injected I/O and recorded runs, and a working NOAA weather adapter. No connector registry, no retry policy, no credential rotation. Blocked platform-wide by: source requirement references (not_met), owner/evidence fields (not_met), applicable Phase 22 execution controls (not_met)."
P23-REQ-176,Architecture Decision Records,not_verified,not_built,source requirement references; owner/evidence fields; applicable Phase 22 execution controls,implementation artifacts; automated checks,"No ADRs. Decisions are recorded — extensively, in migration headers and verdict files, with the reasoning and the rejected alternative — and none of it is in the form this domain asks for, indexed and numbered and reviewable as a set. Blocked platform-wide by: source requirement references (not_met), owner/evidence fields (not_met), applicable Phase 22 execution controls (not_met)."
P23-REQ-177,Implementation Traceability,not_verified,built,source requirement references; owner/evidence fields; applicable Phase 22 execution controls,implementation artifacts; automated checks,"Blocked platform-wide by: source requirement references (not_met), owner/evidence fields (not_met), applicable Phase 22 execution controls (not_met)."
P23-REQ-178,Local Development,not_verified,partial,source requirement references; owner/evidence fields; applicable Phase 22 execution controls,implementation artifacts; automated checks,"One command installs, one runs the gate, and the database suite needs no service and no credentials because PostgreSQL runs in WebAssembly — which is what lets the same command run identically on a laptop and on a fork's pull request. There is no seeded local environment for the application itself, and 22 of 23 screens read fixtures rather than a local database. Blocked platform-wide by: source requirement references (not_met), owner/evidence fields (not_met), applicable Phase 22 execution controls (not_met)."
P23-REQ-179,Backup/Recovery Hooks,not_verified,not_built,source requirement references; owner/evidence fields; applicable Phase 22 execution controls,implementation artifacts; automated checks,"No backup, no restore, no point-in-time objective, no hook of any kind. P20 recorded this and nothing has changed. Blocked platform-wide by: source requirement references (not_met), owner/evidence fields (not_met), applicable Phase 22 execution controls (not_met)."
P23-REQ-180,Operational Readiness,not_verified,not_built,source requirement references; owner/evidence fields; applicable Phase 22 execution controls,implementation artifacts; automated checks,"No readiness review, no runbook beyond deployment, no on-call, no incident model. Blocked platform-wide by: source requirement references (not_met), owner/evidence fields (not_met), applicable Phase 22 execution controls (not_met)."
P23-REQ-181,Repository & Monorepo Governance,not_verified,partial,source requirement references; owner/evidence fields; applicable Phase 22 execution controls,implementation artifacts; automated checks,"A workspace monorepo with a dependency-free engine package, a renderer, a web app, functions and shared modules, and one gate over all of it. There is no ownership file, no per-package release, no dependency policy and no import boundary enforced by tooling. Blocked platform-wide by: source requirement references (not_met), owner/evidence fields (not_met), applicable Phase 22 execution controls (not_met)."
P23-REQ-182,Application Architecture,not_verified,partial,source requirement references; owner/evidence fields; applicable Phase 22 execution controls,implementation artifacts; automated checks,"The five-category rule is enforced against the live schema rather than documented — every table is an engine, library, entity, workflow or agent, and an unclassified one fails the build. Deterministic computation is separated from advisory AI by constraint. What is missing is architecture as a described thing: no module boundary enforcement, no layering rule, no dependency direction check. Blocked platform-wide by: source requirement references (not_met), owner/evidence fields (not_met), applicable Phase 22 execution controls (not_met)."
P23-REQ-183,Identity & Access,not_verified,partial,source requirement references; owner/evidence fields; applicable Phase 22 execution controls,implementation artifacts; automated checks,"Judged in full at P01, where 9 of 25 controls are met. Authentication is Supabase Auth's; authorization is this platform's and is thorough. Sessions, devices and external identities are absent. Blocked platform-wide by: source requirement references (not_met), owner/evidence fields (not_met), applicable Phase 22 execution controls (not_met)."
P23-REQ-184,Multi-Tenant SaaS Foundation,not_verified,built,source requirement references; owner/evidence fields; applicable Phase 22 execution controls,implementation artifacts; automated checks,"Blocked platform-wide by: source requirement references (not_met), owner/evidence fields (not_met), applicable Phase 22 execution controls (not_met)."
P23-REQ-185,Canonical Data Layer,not_verified,partial,source requirement references; owner/evidence fields; applicable Phase 22 execution controls,implementation artifacts; automated checks,"One schema shared by every module, judged in full at P03 where 41 of 75 concerns are met. It is the strongest layer in the platform and it is not a separately addressable data layer: there is no repository pattern, no data access library, and modules reach the tables directly through PostgREST. Blocked platform-wide by: source requirement references (not_met), owner/evidence fields (not_met), applicable Phase 22 execution controls (not_met)."
P23-REQ-186,API & Event Platform,not_verified,partial,source requirement references; owner/evidence fields; applicable Phase 22 execution controls,implementation artifacts; automated checks,"Nine versioned endpoints behind a pure authorization function with one error shape, an OpenAPI specification generated from the route table with drift failing the build, scoped keys stored only as a hash. The event half does not exist: no bus, no publish, no subscribe, no webhook. Blocked platform-wide by: source requirement references (not_met), owner/evidence fields (not_met), applicable Phase 22 execution controls (not_met)."
P23-REQ-187,Master Library Services,not_verified,partial,source requirement references; owner/evidence fields; applicable Phase 22 execution controls,implementation artifacts; automated checks,"Three-tier scope with platform, enterprise group and company precedence, approval before activation, versioned rows with validity derived rather than stored, and snapshot capture. Judged at P25, 79% verified. Blocked platform-wide by: source requirement references (not_met), owner/evidence fields (not_met), applicable Phase 22 execution controls (not_met)."
P23-REQ-188,Estimating Platform Foundation,not_verified,partial,source requirement references; owner/evidence fields; applicable Phase 22 execution controls,implementation artifacts; automated checks,"The most thoroughly built and most thoroughly verified part of the platform: 529 engine tests, P26 at 75%, P25 at 79%, P05 at 52%, with library snapshots making an issued price reproducible against the rates that made it. Blocked platform-wide by: source requirement references (not_met), owner/evidence fields (not_met), applicable Phase 22 execution controls (not_met)."
P23-REQ-189,AI Service Foundation,not_verified,partial,source requirement references; owner/evidence fields; applicable Phase 22 execution controls,implementation artifacts; automated checks,"One agent, one model catalog, versioned prompts, append-only messages, metered usage with an allowance checked before a request runs. There is no model registry, no evaluation and no fallback. Blocked platform-wide by: source requirement references (not_met), owner/evidence fields (not_met), applicable Phase 22 execution controls (not_met)."
P23-REQ-190,Document/Plan Intelligence,not_verified,partial,source requirement references; owner/evidence fields; applicable Phase 22 execution controls,implementation artifacts; automated checks,"PDF splitting, text-layer detection, sheet classification against the National CAD Standard, full-text search, and a governed analyst capped at draft authority with citations. OCR is a pluggable interface with no implementation behind it. Blocked platform-wide by: source requirement references (not_met), owner/evidence fields (not_met), applicable Phase 22 execution controls (not_met)."
P23-REQ-191,Workflow & Approval Engine,not_verified,not_built,source requirement references; owner/evidence fields; applicable Phase 22 execution controls,implementation artifacts; automated checks,"No engine. Approvals are per-object rules in the schema — authority limits by amount, approval before activation, period cutoffs — and there is no configurable workflow, no state machine a tenant can define, no routing and no escalation. P01 and P07 recorded the same. Blocked platform-wide by: source requirement references (not_met), owner/evidence fields (not_met), applicable Phase 22 execution controls (not_met)."
P23-REQ-192,Audit & Evidence,not_verified,not_built,source requirement references; owner/evidence fields; applicable Phase 22 execution controls,implementation artifacts; automated checks,"The audit ledger is real and now records the request behind each change, and this domain asks for more than a ledger: no evidence collection, no control framework, no attestation, no external audit path. P01 recorded that reads and exports are audited nowhere and that append-only is a weaker claim than tamper-evident. Blocked platform-wide by: source requirement references (not_met), owner/evidence fields (not_met), applicable Phase 22 execution controls (not_met)."
P23-REQ-193,Configuration & White Label,not_verified,not_built,source requirement references; owner/evidence fields; applicable Phase 22 execution controls,implementation artifacts; automated checks,"No white label, no branding, no theme, no terminology override — the capability the pricing page was corrected for advertising. Tenant configuration exists for libraries and commercial controls and is not a configuration layer. Blocked platform-wide by: source requirement references (not_met), owner/evidence fields (not_met), applicable Phase 22 execution controls (not_met)."
P23-REQ-194,Observability,not_verified,partial,source requirement references; owner/evidence fields; applicable Phase 22 execution controls,implementation artifacts; automated checks,"A structured logger with correlation carried through every line, metrics with bounded low-cardinality labels, health and readiness separated with per-check deadlines, and every API request logged with its key, status and duration. Nothing is deployed, so nothing consumes any of it. Blocked platform-wide by: source requirement references (not_met), owner/evidence fields (not_met), applicable Phase 22 execution controls (not_met)."
P23-REQ-195,Security Engineering,not_verified,partial,source requirement references; owner/evidence fields; applicable Phase 22 execution controls,implementation artifacts; automated checks,"Forced row level security with two migration-time gates, hashed and scoped API keys, an append-only audit ledger that since this build records the caller's address, agent and correlation id, redaction by field name and value shape, and a build-output secret scan. What P20 and P28 named remains absent: no detection and response, no secret rotation, no security monitoring. Blocked platform-wide by: source requirement references (not_met), owner/evidence fields (not_met), applicable Phase 22 execution controls (not_met)."
P23-REQ-196,DevSecOps & CI/CD,not_verified,partial,source requirement references; owner/evidence fields; applicable Phase 22 execution controls,implementation artifacts; automated checks,"A continuous integration workflow runs the whole gate on every branch and pull request and needs no secrets; a deployment workflow is dispatched by a person behind a GitHub Environment. Both are real files. Whether either has executed is the owner's to see — P20 recorded that none had, and the repository has since been pushed. Blocked platform-wide by: source requirement references (not_met), owner/evidence fields (not_met), applicable Phase 22 execution controls (not_met)."
P23-REQ-197,Environment & Infrastructure,not_verified,not_built,source requirement references; owner/evidence fields; applicable Phase 22 execution controls,implementation artifacts; automated checks,"Environments are named in a deployment workflow and none exists. No infrastructure as code, no provisioning, no container. Blocked platform-wide by: source requirement references (not_met), owner/evidence fields (not_met), applicable Phase 22 execution controls (not_met)."
P23-REQ-198,Testing Architecture,not_verified,built,source requirement references; owner/evidence fields; applicable Phase 22 execution controls,implementation artifacts; automated checks,"Blocked platform-wide by: source requirement references (not_met), owner/evidence fields (not_met), applicable Phase 22 execution controls (not_met)."
P23-REQ-199,Developer Experience,not_verified,partial,source requirement references; owner/evidence fields; applicable Phase 22 execution controls,implementation artifacts; automated checks,"Typed end to end, one gate, generated documentation that cannot drift from the tree, and error messages throughout the schema written to tell somebody what to do instead. There is no scaffolding, no code generation from the schema, and no contributor guide. Blocked platform-wide by: source requirement references (not_met), owner/evidence fields (not_met), applicable Phase 22 execution controls (not_met)."
P23-REQ-200,AI Coding Governance,not_verified,partial,source requirement references; owner/evidence fields; applicable Phase 22 execution controls,implementation artifacts; automated checks,"Unusually strong for what it is: the rules this codebase is built under are enforced by tests rather than stated in a document — the five-category rule, the tracing-is-not-verification distinction, American English, the pipeline's own shape, and every generated count. What does not exist is governance of AI *as a coding tool*: no policy on generated code, no provenance on a commit, no review requirement. Blocked platform-wide by: source requirement references (not_met), owner/evidence fields (not_met), applicable Phase 22 execution controls (not_met)."
P23-REQ-201,Feature Flags & Release Control,not_verified,not_built,source requirement references; owner/evidence fields; applicable Phase 22 execution controls,implementation artifacts; automated checks,"No feature flag of any kind. Entitlements gate capability by plan, which is licensing rather than release control: there is no flag, no rollout percentage, no kill switch and no experiment. Blocked platform-wide by: source requirement references (not_met), owner/evidence fields (not_met), applicable Phase 22 execution controls (not_met)."
P23-REQ-202,Migration & Seed Data,not_verified,built,source requirement references; owner/evidence fields; applicable Phase 22 execution controls,implementation artifacts; automated checks,"Blocked platform-wide by: source requirement references (not_met), owner/evidence fields (not_met), applicable Phase 22 execution controls (not_met)."
P23-REQ-203,Performance & Resilience,not_verified,not_built,source requirement references; owner/evidence fields; applicable Phase 22 execution controls,implementation artifacts; automated checks,"The one measurable improvement this build made is the tenant key indexes added at P03, which removed a sequential scan from every read on 53 tables. There is no performance work beyond it: no baseline, no load test, no query budget, no circuit breaker, no bulkhead, no chaos exercise. Blocked platform-wide by: source requirement references (not_met), owner/evidence fields (not_met), applicable Phase 22 execution controls (not_met)."
P23-REQ-204,Mobile/Field Foundation,not_verified,not_built,source requirement references; owner/evidence fields; applicable Phase 22 execution controls,implementation artifacts; automated checks,"No native application, no offline store, no sync, no conflict resolution. The web application is responsive and that is the whole of it. Blocked platform-wide by: source requirement references (not_met), owner/evidence fields (not_met), applicable Phase 22 execution controls (not_met)."
P23-REQ-205,Integration Adapters,not_verified,partial,source requirement references; owner/evidence fields; applicable Phase 22 execution controls,implementation artifacts; automated checks,"A governed connector framework with injected I/O and recorded runs, and a working NOAA weather adapter. No connector registry, no retry policy, no credential rotation. Blocked platform-wide by: source requirement references (not_met), owner/evidence fields (not_met), applicable Phase 22 execution controls (not_met)."
P23-REQ-206,Architecture Decision Records,not_verified,not_built,source requirement references; owner/evidence fields; applicable Phase 22 execution controls,implementation artifacts; automated checks,"No ADRs. Decisions are recorded — extensively, in migration headers and verdict files, with the reasoning and the rejected alternative — and none of it is in the form this domain asks for, indexed and numbered and reviewable as a set. Blocked platform-wide by: source requirement references (not_met), owner/evidence fields (not_met), applicable Phase 22 execution controls (not_met)."
P23-REQ-207,Implementation Traceability,not_verified,built,source requirement references; owner/evidence fields; applicable Phase 22 execution controls,implementation artifacts; automated checks,"Blocked platform-wide by: source requirement references (not_met), owner/evidence fields (not_met), applicable Phase 22 execution controls (not_met)."
P23-REQ-208,Local Development,not_verified,partial,source requirement references; owner/evidence fields; applicable Phase 22 execution controls,implementation artifacts; automated checks,"One command installs, one runs the gate, and the database suite needs no service and no credentials because PostgreSQL runs in WebAssembly — which is what lets the same command run identically on a laptop and on a fork's pull request. There is no seeded local environment for the application itself, and 22 of 23 screens read fixtures rather than a local database. Blocked platform-wide by: source requirement references (not_met), owner/evidence fields (not_met), applicable Phase 22 execution controls (not_met)."
P23-REQ-209,Backup/Recovery Hooks,not_verified,not_built,source requirement references; owner/evidence fields; applicable Phase 22 execution controls,implementation artifacts; automated checks,"No backup, no restore, no point-in-time objective, no hook of any kind. P20 recorded this and nothing has changed. Blocked platform-wide by: source requirement references (not_met), owner/evidence fields (not_met), applicable Phase 22 execution controls (not_met)."
P23-REQ-210,Operational Readiness,not_verified,not_built,source requirement references; owner/evidence fields; applicable Phase 22 execution controls,implementation artifacts; automated checks,"No readiness review, no runbook beyond deployment, no on-call, no incident model. Blocked platform-wide by: source requirement references (not_met), owner/evidence fields (not_met), applicable Phase 22 execution controls (not_met)."
P23-REQ-211,Repository & Monorepo Governance,not_verified,partial,source requirement references; owner/evidence fields; applicable Phase 22 execution controls,implementation artifacts; automated checks,"A workspace monorepo with a dependency-free engine package, a renderer, a web app, functions and shared modules, and one gate over all of it. There is no ownership file, no per-package release, no dependency policy and no import boundary enforced by tooling. Blocked platform-wide by: source requirement references (not_met), owner/evidence fields (not_met), applicable Phase 22 execution controls (not_met)."
P23-REQ-212,Application Architecture,not_verified,partial,source requirement references; owner/evidence fields; applicable Phase 22 execution controls,implementation artifacts; automated checks,"The five-category rule is enforced against the live schema rather than documented — every table is an engine, library, entity, workflow or agent, and an unclassified one fails the build. Deterministic computation is separated from advisory AI by constraint. What is missing is architecture as a described thing: no module boundary enforcement, no layering rule, no dependency direction check. Blocked platform-wide by: source requirement references (not_met), owner/evidence fields (not_met), applicable Phase 22 execution controls (not_met)."
P23-REQ-213,Identity & Access,not_verified,partial,source requirement references; owner/evidence fields; applicable Phase 22 execution controls,implementation artifacts; automated checks,"Judged in full at P01, where 9 of 25 controls are met. Authentication is Supabase Auth's; authorization is this platform's and is thorough. Sessions, devices and external identities are absent. Blocked platform-wide by: source requirement references (not_met), owner/evidence fields (not_met), applicable Phase 22 execution controls (not_met)."
P23-REQ-214,Multi-Tenant SaaS Foundation,not_verified,built,source requirement references; owner/evidence fields; applicable Phase 22 execution controls,implementation artifacts; automated checks,"Blocked platform-wide by: source requirement references (not_met), owner/evidence fields (not_met), applicable Phase 22 execution controls (not_met)."
P23-REQ-215,Canonical Data Layer,not_verified,partial,source requirement references; owner/evidence fields; applicable Phase 22 execution controls,implementation artifacts; automated checks,"One schema shared by every module, judged in full at P03 where 41 of 75 concerns are met. It is the strongest layer in the platform and it is not a separately addressable data layer: there is no repository pattern, no data access library, and modules reach the tables directly through PostgREST. Blocked platform-wide by: source requirement references (not_met), owner/evidence fields (not_met), applicable Phase 22 execution controls (not_met)."
P23-REQ-216,API & Event Platform,not_verified,partial,source requirement references; owner/evidence fields; applicable Phase 22 execution controls,implementation artifacts; automated checks,"Nine versioned endpoints behind a pure authorization function with one error shape, an OpenAPI specification generated from the route table with drift failing the build, scoped keys stored only as a hash. The event half does not exist: no bus, no publish, no subscribe, no webhook. Blocked platform-wide by: source requirement references (not_met), owner/evidence fields (not_met), applicable Phase 22 execution controls (not_met)."
P23-REQ-217,Master Library Services,not_verified,partial,source requirement references; owner/evidence fields; applicable Phase 22 execution controls,implementation artifacts; automated checks,"Three-tier scope with platform, enterprise group and company precedence, approval before activation, versioned rows with validity derived rather than stored, and snapshot capture. Judged at P25, 79% verified. Blocked platform-wide by: source requirement references (not_met), owner/evidence fields (not_met), applicable Phase 22 execution controls (not_met)."
P23-REQ-218,Estimating Platform Foundation,not_verified,partial,source requirement references; owner/evidence fields; applicable Phase 22 execution controls,implementation artifacts; automated checks,"The most thoroughly built and most thoroughly verified part of the platform: 529 engine tests, P26 at 75%, P25 at 79%, P05 at 52%, with library snapshots making an issued price reproducible against the rates that made it. Blocked platform-wide by: source requirement references (not_met), owner/evidence fields (not_met), applicable Phase 22 execution controls (not_met)."
P23-REQ-219,AI Service Foundation,not_verified,partial,source requirement references; owner/evidence fields; applicable Phase 22 execution controls,implementation artifacts; automated checks,"One agent, one model catalog, versioned prompts, append-only messages, metered usage with an allowance checked before a request runs. There is no model registry, no evaluation and no fallback. Blocked platform-wide by: source requirement references (not_met), owner/evidence fields (not_met), applicable Phase 22 execution controls (not_met)."
P23-REQ-220,Document/Plan Intelligence,not_verified,partial,source requirement references; owner/evidence fields; applicable Phase 22 execution controls,implementation artifacts; automated checks,"PDF splitting, text-layer detection, sheet classification against the National CAD Standard, full-text search, and a governed analyst capped at draft authority with citations. OCR is a pluggable interface with no implementation behind it. Blocked platform-wide by: source requirement references (not_met), owner/evidence fields (not_met), applicable Phase 22 execution controls (not_met)."
P23-REQ-221,Workflow & Approval Engine,not_verified,not_built,source requirement references; owner/evidence fields; applicable Phase 22 execution controls,implementation artifacts; automated checks,"No engine. Approvals are per-object rules in the schema — authority limits by amount, approval before activation, period cutoffs — and there is no configurable workflow, no state machine a tenant can define, no routing and no escalation. P01 and P07 recorded the same. Blocked platform-wide by: source requirement references (not_met), owner/evidence fields (not_met), applicable Phase 22 execution controls (not_met)."
P23-REQ-222,Audit & Evidence,not_verified,not_built,source requirement references; owner/evidence fields; applicable Phase 22 execution controls,implementation artifacts; automated checks,"The audit ledger is real and now records the request behind each change, and this domain asks for more than a ledger: no evidence collection, no control framework, no attestation, no external audit path. P01 recorded that reads and exports are audited nowhere and that append-only is a weaker claim than tamper-evident. Blocked platform-wide by: source requirement references (not_met), owner/evidence fields (not_met), applicable Phase 22 execution controls (not_met)."
P23-REQ-223,Configuration & White Label,not_verified,not_built,source requirement references; owner/evidence fields; applicable Phase 22 execution controls,implementation artifacts; automated checks,"No white label, no branding, no theme, no terminology override — the capability the pricing page was corrected for advertising. Tenant configuration exists for libraries and commercial controls and is not a configuration layer. Blocked platform-wide by: source requirement references (not_met), owner/evidence fields (not_met), applicable Phase 22 execution controls (not_met)."
P23-REQ-224,Observability,not_verified,partial,source requirement references; owner/evidence fields; applicable Phase 22 execution controls,implementation artifacts; automated checks,"A structured logger with correlation carried through every line, metrics with bounded low-cardinality labels, health and readiness separated with per-check deadlines, and every API request logged with its key, status and duration. Nothing is deployed, so nothing consumes any of it. Blocked platform-wide by: source requirement references (not_met), owner/evidence fields (not_met), applicable Phase 22 execution controls (not_met)."
P23-REQ-225,Security Engineering,not_verified,partial,source requirement references; owner/evidence fields; applicable Phase 22 execution controls,implementation artifacts; automated checks,"Forced row level security with two migration-time gates, hashed and scoped API keys, an append-only audit ledger that since this build records the caller's address, agent and correlation id, redaction by field name and value shape, and a build-output secret scan. What P20 and P28 named remains absent: no detection and response, no secret rotation, no security monitoring. Blocked platform-wide by: source requirement references (not_met), owner/evidence fields (not_met), applicable Phase 22 execution controls (not_met)."
P23-REQ-226,DevSecOps & CI/CD,not_verified,partial,source requirement references; owner/evidence fields; applicable Phase 22 execution controls,implementation artifacts; automated checks,"A continuous integration workflow runs the whole gate on every branch and pull request and needs no secrets; a deployment workflow is dispatched by a person behind a GitHub Environment. Both are real files. Whether either has executed is the owner's to see — P20 recorded that none had, and the repository has since been pushed. Blocked platform-wide by: source requirement references (not_met), owner/evidence fields (not_met), applicable Phase 22 execution controls (not_met)."
P23-REQ-227,Environment & Infrastructure,not_verified,not_built,source requirement references; owner/evidence fields; applicable Phase 22 execution controls,implementation artifacts; automated checks,"Environments are named in a deployment workflow and none exists. No infrastructure as code, no provisioning, no container. Blocked platform-wide by: source requirement references (not_met), owner/evidence fields (not_met), applicable Phase 22 execution controls (not_met)."
P23-REQ-228,Testing Architecture,not_verified,built,source requirement references; owner/evidence fields; applicable Phase 22 execution controls,implementation artifacts; automated checks,"Blocked platform-wide by: source requirement references (not_met), owner/evidence fields (not_met), applicable Phase 22 execution controls (not_met)."
P23-REQ-229,Developer Experience,not_verified,partial,source requirement references; owner/evidence fields; applicable Phase 22 execution controls,implementation artifacts; automated checks,"Typed end to end, one gate, generated documentation that cannot drift from the tree, and error messages throughout the schema written to tell somebody what to do instead. There is no scaffolding, no code generation from the schema, and no contributor guide. Blocked platform-wide by: source requirement references (not_met), owner/evidence fields (not_met), applicable Phase 22 execution controls (not_met)."
P23-REQ-230,AI Coding Governance,not_verified,partial,source requirement references; owner/evidence fields; applicable Phase 22 execution controls,implementation artifacts; automated checks,"Unusually strong for what it is: the rules this codebase is built under are enforced by tests rather than stated in a document — the five-category rule, the tracing-is-not-verification distinction, American English, the pipeline's own shape, and every generated count. What does not exist is governance of AI *as a coding tool*: no policy on generated code, no provenance on a commit, no review requirement. Blocked platform-wide by: source requirement references (not_met), owner/evidence fields (not_met), applicable Phase 22 execution controls (not_met)."
P23-REQ-231,Feature Flags & Release Control,not_verified,not_built,source requirement references; owner/evidence fields; applicable Phase 22 execution controls,implementation artifacts; automated checks,"No feature flag of any kind. Entitlements gate capability by plan, which is licensing rather than release control: there is no flag, no rollout percentage, no kill switch and no experiment. Blocked platform-wide by: source requirement references (not_met), owner/evidence fields (not_met), applicable Phase 22 execution controls (not_met)."
P23-REQ-232,Migration & Seed Data,not_verified,built,source requirement references; owner/evidence fields; applicable Phase 22 execution controls,implementation artifacts; automated checks,"Blocked platform-wide by: source requirement references (not_met), owner/evidence fields (not_met), applicable Phase 22 execution controls (not_met)."
P23-REQ-233,Performance & Resilience,not_verified,not_built,source requirement references; owner/evidence fields; applicable Phase 22 execution controls,implementation artifacts; automated checks,"The one measurable improvement this build made is the tenant key indexes added at P03, which removed a sequential scan from every read on 53 tables. There is no performance work beyond it: no baseline, no load test, no query budget, no circuit breaker, no bulkhead, no chaos exercise. Blocked platform-wide by: source requirement references (not_met), owner/evidence fields (not_met), applicable Phase 22 execution controls (not_met)."
P23-REQ-234,Mobile/Field Foundation,not_verified,not_built,source requirement references; owner/evidence fields; applicable Phase 22 execution controls,implementation artifacts; automated checks,"No native application, no offline store, no sync, no conflict resolution. The web application is responsive and that is the whole of it. Blocked platform-wide by: source requirement references (not_met), owner/evidence fields (not_met), applicable Phase 22 execution controls (not_met)."
P23-REQ-235,Integration Adapters,not_verified,partial,source requirement references; owner/evidence fields; applicable Phase 22 execution controls,implementation artifacts; automated checks,"A governed connector framework with injected I/O and recorded runs, and a working NOAA weather adapter. No connector registry, no retry policy, no credential rotation. Blocked platform-wide by: source requirement references (not_met), owner/evidence fields (not_met), applicable Phase 22 execution controls (not_met)."
P23-REQ-236,Architecture Decision Records,not_verified,not_built,source requirement references; owner/evidence fields; applicable Phase 22 execution controls,implementation artifacts; automated checks,"No ADRs. Decisions are recorded — extensively, in migration headers and verdict files, with the reasoning and the rejected alternative — and none of it is in the form this domain asks for, indexed and numbered and reviewable as a set. Blocked platform-wide by: source requirement references (not_met), owner/evidence fields (not_met), applicable Phase 22 execution controls (not_met)."
P23-REQ-237,Implementation Traceability,not_verified,built,source requirement references; owner/evidence fields; applicable Phase 22 execution controls,implementation artifacts; automated checks,"Blocked platform-wide by: source requirement references (not_met), owner/evidence fields (not_met), applicable Phase 22 execution controls (not_met)."
P23-REQ-238,Local Development,not_verified,partial,source requirement references; owner/evidence fields; applicable Phase 22 execution controls,implementation artifacts; automated checks,"One command installs, one runs the gate, and the database suite needs no service and no credentials because PostgreSQL runs in WebAssembly — which is what lets the same command run identically on a laptop and on a fork's pull request. There is no seeded local environment for the application itself, and 22 of 23 screens read fixtures rather than a local database. Blocked platform-wide by: source requirement references (not_met), owner/evidence fields (not_met), applicable Phase 22 execution controls (not_met)."
P23-REQ-239,Backup/Recovery Hooks,not_verified,not_built,source requirement references; owner/evidence fields; applicable Phase 22 execution controls,implementation artifacts; automated checks,"No backup, no restore, no point-in-time objective, no hook of any kind. P20 recorded this and nothing has changed. Blocked platform-wide by: source requirement references (not_met), owner/evidence fields (not_met), applicable Phase 22 execution controls (not_met)."
P23-REQ-240,Operational Readiness,not_verified,not_built,source requirement references; owner/evidence fields; applicable Phase 22 execution controls,implementation artifacts; automated checks,"No readiness review, no runbook beyond deployment, no on-call, no incident model. Blocked platform-wide by: source requirement references (not_met), owner/evidence fields (not_met), applicable Phase 22 execution controls (not_met)."
P23-REQ-241,Repository & Monorepo Governance,not_verified,partial,source requirement references; owner/evidence fields; applicable Phase 22 execution controls,implementation artifacts; automated checks,"A workspace monorepo with a dependency-free engine package, a renderer, a web app, functions and shared modules, and one gate over all of it. There is no ownership file, no per-package release, no dependency policy and no import boundary enforced by tooling. Blocked platform-wide by: source requirement references (not_met), owner/evidence fields (not_met), applicable Phase 22 execution controls (not_met)."
P23-REQ-242,Application Architecture,not_verified,partial,source requirement references; owner/evidence fields; applicable Phase 22 execution controls,implementation artifacts; automated checks,"The five-category rule is enforced against the live schema rather than documented — every table is an engine, library, entity, workflow or agent, and an unclassified one fails the build. Deterministic computation is separated from advisory AI by constraint. What is missing is architecture as a described thing: no module boundary enforcement, no layering rule, no dependency direction check. Blocked platform-wide by: source requirement references (not_met), owner/evidence fields (not_met), applicable Phase 22 execution controls (not_met)."
P23-REQ-243,Identity & Access,not_verified,partial,source requirement references; owner/evidence fields; applicable Phase 22 execution controls,implementation artifacts; automated checks,"Judged in full at P01, where 9 of 25 controls are met. Authentication is Supabase Auth's; authorization is this platform's and is thorough. Sessions, devices and external identities are absent. Blocked platform-wide by: source requirement references (not_met), owner/evidence fields (not_met), applicable Phase 22 execution controls (not_met)."
P23-REQ-244,Multi-Tenant SaaS Foundation,not_verified,built,source requirement references; owner/evidence fields; applicable Phase 22 execution controls,implementation artifacts; automated checks,"Blocked platform-wide by: source requirement references (not_met), owner/evidence fields (not_met), applicable Phase 22 execution controls (not_met)."
P23-REQ-245,Canonical Data Layer,not_verified,partial,source requirement references; owner/evidence fields; applicable Phase 22 execution controls,implementation artifacts; automated checks,"One schema shared by every module, judged in full at P03 where 41 of 75 concerns are met. It is the strongest layer in the platform and it is not a separately addressable data layer: there is no repository pattern, no data access library, and modules reach the tables directly through PostgREST. Blocked platform-wide by: source requirement references (not_met), owner/evidence fields (not_met), applicable Phase 22 execution controls (not_met)."
P23-REQ-246,API & Event Platform,not_verified,partial,source requirement references; owner/evidence fields; applicable Phase 22 execution controls,implementation artifacts; automated checks,"Nine versioned endpoints behind a pure authorization function with one error shape, an OpenAPI specification generated from the route table with drift failing the build, scoped keys stored only as a hash. The event half does not exist: no bus, no publish, no subscribe, no webhook. Blocked platform-wide by: source requirement references (not_met), owner/evidence fields (not_met), applicable Phase 22 execution controls (not_met)."
P23-REQ-247,Master Library Services,not_verified,partial,source requirement references; owner/evidence fields; applicable Phase 22 execution controls,implementation artifacts; automated checks,"Three-tier scope with platform, enterprise group and company precedence, approval before activation, versioned rows with validity derived rather than stored, and snapshot capture. Judged at P25, 79% verified. Blocked platform-wide by: source requirement references (not_met), owner/evidence fields (not_met), applicable Phase 22 execution controls (not_met)."
P23-REQ-248,Estimating Platform Foundation,not_verified,partial,source requirement references; owner/evidence fields; applicable Phase 22 execution controls,implementation artifacts; automated checks,"The most thoroughly built and most thoroughly verified part of the platform: 529 engine tests, P26 at 75%, P25 at 79%, P05 at 52%, with library snapshots making an issued price reproducible against the rates that made it. Blocked platform-wide by: source requirement references (not_met), owner/evidence fields (not_met), applicable Phase 22 execution controls (not_met)."
P23-REQ-249,AI Service Foundation,not_verified,partial,source requirement references; owner/evidence fields; applicable Phase 22 execution controls,implementation artifacts; automated checks,"One agent, one model catalog, versioned prompts, append-only messages, metered usage with an allowance checked before a request runs. There is no model registry, no evaluation and no fallback. Blocked platform-wide by: source requirement references (not_met), owner/evidence fields (not_met), applicable Phase 22 execution controls (not_met)."
P23-REQ-250,Document/Plan Intelligence,not_verified,partial,source requirement references; owner/evidence fields; applicable Phase 22 execution controls,implementation artifacts; automated checks,"PDF splitting, text-layer detection, sheet classification against the National CAD Standard, full-text search, and a governed analyst capped at draft authority with citations. OCR is a pluggable interface with no implementation behind it. Blocked platform-wide by: source requirement references (not_met), owner/evidence fields (not_met), applicable Phase 22 execution controls (not_met)."
P23-REQ-251,Workflow & Approval Engine,not_verified,not_built,source requirement references; owner/evidence fields; applicable Phase 22 execution controls,implementation artifacts; automated checks,"No engine. Approvals are per-object rules in the schema — authority limits by amount, approval before activation, period cutoffs — and there is no configurable workflow, no state machine a tenant can define, no routing and no escalation. P01 and P07 recorded the same. Blocked platform-wide by: source requirement references (not_met), owner/evidence fields (not_met), applicable Phase 22 execution controls (not_met)."
P23-REQ-252,Audit & Evidence,not_verified,not_built,source requirement references; owner/evidence fields; applicable Phase 22 execution controls,implementation artifacts; automated checks,"The audit ledger is real and now records the request behind each change, and this domain asks for more than a ledger: no evidence collection, no control framework, no attestation, no external audit path. P01 recorded that reads and exports are audited nowhere and that append-only is a weaker claim than tamper-evident. Blocked platform-wide by: source requirement references (not_met), owner/evidence fields (not_met), applicable Phase 22 execution controls (not_met)."
P23-REQ-253,Configuration & White Label,not_verified,not_built,source requirement references; owner/evidence fields; applicable Phase 22 execution controls,implementation artifacts; automated checks,"No white label, no branding, no theme, no terminology override — the capability the pricing page was corrected for advertising. Tenant configuration exists for libraries and commercial controls and is not a configuration layer. Blocked platform-wide by: source requirement references (not_met), owner/evidence fields (not_met), applicable Phase 22 execution controls (not_met)."
P23-REQ-254,Observability,not_verified,partial,source requirement references; owner/evidence fields; applicable Phase 22 execution controls,implementation artifacts; automated checks,"A structured logger with correlation carried through every line, metrics with bounded low-cardinality labels, health and readiness separated with per-check deadlines, and every API request logged with its key, status and duration. Nothing is deployed, so nothing consumes any of it. Blocked platform-wide by: source requirement references (not_met), owner/evidence fields (not_met), applicable Phase 22 execution controls (not_met)."
P23-REQ-255,Security Engineering,not_verified,partial,source requirement references; owner/evidence fields; applicable Phase 22 execution controls,implementation artifacts; automated checks,"Forced row level security with two migration-time gates, hashed and scoped API keys, an append-only audit ledger that since this build records the caller's address, agent and correlation id, redaction by field name and value shape, and a build-output secret scan. What P20 and P28 named remains absent: no detection and response, no secret rotation, no security monitoring. Blocked platform-wide by: source requirement references (not_met), owner/evidence fields (not_met), applicable Phase 22 execution controls (not_met)."
P23-REQ-256,DevSecOps & CI/CD,not_verified,partial,source requirement references; owner/evidence fields; applicable Phase 22 execution controls,implementation artifacts; automated checks,"A continuous integration workflow runs the whole gate on every branch and pull request and needs no secrets; a deployment workflow is dispatched by a person behind a GitHub Environment. Both are real files. Whether either has executed is the owner's to see — P20 recorded that none had, and the repository has since been pushed. Blocked platform-wide by: source requirement references (not_met), owner/evidence fields (not_met), applicable Phase 22 execution controls (not_met)."
P23-REQ-257,Environment & Infrastructure,not_verified,not_built,source requirement references; owner/evidence fields; applicable Phase 22 execution controls,implementation artifacts; automated checks,"Environments are named in a deployment workflow and none exists. No infrastructure as code, no provisioning, no container. Blocked platform-wide by: source requirement references (not_met), owner/evidence fields (not_met), applicable Phase 22 execution controls (not_met)."
P23-REQ-258,Testing Architecture,not_verified,built,source requirement references; owner/evidence fields; applicable Phase 22 execution controls,implementation artifacts; automated checks,"Blocked platform-wide by: source requirement references (not_met), owner/evidence fields (not_met), applicable Phase 22 execution controls (not_met)."
P23-REQ-259,Developer Experience,not_verified,partial,source requirement references; owner/evidence fields; applicable Phase 22 execution controls,implementation artifacts; automated checks,"Typed end to end, one gate, generated documentation that cannot drift from the tree, and error messages throughout the schema written to tell somebody what to do instead. There is no scaffolding, no code generation from the schema, and no contributor guide. Blocked platform-wide by: source requirement references (not_met), owner/evidence fields (not_met), applicable Phase 22 execution controls (not_met)."
P23-REQ-260,AI Coding Governance,not_verified,partial,source requirement references; owner/evidence fields; applicable Phase 22 execution controls,implementation artifacts; automated checks,"Unusually strong for what it is: the rules this codebase is built under are enforced by tests rather than stated in a document — the five-category rule, the tracing-is-not-verification distinction, American English, the pipeline's own shape, and every generated count. What does not exist is governance of AI *as a coding tool*: no policy on generated code, no provenance on a commit, no review requirement. Blocked platform-wide by: source requirement references (not_met), owner/evidence fields (not_met), applicable Phase 22 execution controls (not_met)."
P23-REQ-261,Feature Flags & Release Control,not_verified,not_built,source requirement references; owner/evidence fields; applicable Phase 22 execution controls,implementation artifacts; automated checks,"No feature flag of any kind. Entitlements gate capability by plan, which is licensing rather than release control: there is no flag, no rollout percentage, no kill switch and no experiment. Blocked platform-wide by: source requirement references (not_met), owner/evidence fields (not_met), applicable Phase 22 execution controls (not_met)."
P23-REQ-262,Migration & Seed Data,not_verified,built,source requirement references; owner/evidence fields; applicable Phase 22 execution controls,implementation artifacts; automated checks,"Blocked platform-wide by: source requirement references (not_met), owner/evidence fields (not_met), applicable Phase 22 execution controls (not_met)."
P23-REQ-263,Performance & Resilience,not_verified,not_built,source requirement references; owner/evidence fields; applicable Phase 22 execution controls,implementation artifacts; automated checks,"The one measurable improvement this build made is the tenant key indexes added at P03, which removed a sequential scan from every read on 53 tables. There is no performance work beyond it: no baseline, no load test, no query budget, no circuit breaker, no bulkhead, no chaos exercise. Blocked platform-wide by: source requirement references (not_met), owner/evidence fields (not_met), applicable Phase 22 execution controls (not_met)."
P23-REQ-264,Mobile/Field Foundation,not_verified,not_built,source requirement references; owner/evidence fields; applicable Phase 22 execution controls,implementation artifacts; automated checks,"No native application, no offline store, no sync, no conflict resolution. The web application is responsive and that is the whole of it. Blocked platform-wide by: source requirement references (not_met), owner/evidence fields (not_met), applicable Phase 22 execution controls (not_met)."
P23-REQ-265,Integration Adapters,not_verified,partial,source requirement references; owner/evidence fields; applicable Phase 22 execution controls,implementation artifacts; automated checks,"A governed connector framework with injected I/O and recorded runs, and a working NOAA weather adapter. No connector registry, no retry policy, no credential rotation. Blocked platform-wide by: source requirement references (not_met), owner/evidence fields (not_met), applicable Phase 22 execution controls (not_met)."
P23-REQ-266,Architecture Decision Records,not_verified,not_built,source requirement references; owner/evidence fields; applicable Phase 22 execution controls,implementation artifacts; automated checks,"No ADRs. Decisions are recorded — extensively, in migration headers and verdict files, with the reasoning and the rejected alternative — and none of it is in the form this domain asks for, indexed and numbered and reviewable as a set. Blocked platform-wide by: source requirement references (not_met), owner/evidence fields (not_met), applicable Phase 22 execution controls (not_met)."
P23-REQ-267,Implementation Traceability,not_verified,built,source requirement references; owner/evidence fields; applicable Phase 22 execution controls,implementation artifacts; automated checks,"Blocked platform-wide by: source requirement references (not_met), owner/evidence fields (not_met), applicable Phase 22 execution controls (not_met)."
P23-REQ-268,Local Development,not_verified,partial,source requirement references; owner/evidence fields; applicable Phase 22 execution controls,implementation artifacts; automated checks,"One command installs, one runs the gate, and the database suite needs no service and no credentials because PostgreSQL runs in WebAssembly — which is what lets the same command run identically on a laptop and on a fork's pull request. There is no seeded local environment for the application itself, and 22 of 23 screens read fixtures rather than a local database. Blocked platform-wide by: source requirement references (not_met), owner/evidence fields (not_met), applicable Phase 22 execution controls (not_met)."
P23-REQ-269,Backup/Recovery Hooks,not_verified,not_built,source requirement references; owner/evidence fields; applicable Phase 22 execution controls,implementation artifacts; automated checks,"No backup, no restore, no point-in-time objective, no hook of any kind. P20 recorded this and nothing has changed. Blocked platform-wide by: source requirement references (not_met), owner/evidence fields (not_met), applicable Phase 22 execution controls (not_met)."
P23-REQ-270,Operational Readiness,not_verified,not_built,source requirement references; owner/evidence fields; applicable Phase 22 execution controls,implementation artifacts; automated checks,"No readiness review, no runbook beyond deployment, no on-call, no incident model. Blocked platform-wide by: source requirement references (not_met), owner/evidence fields (not_met), applicable Phase 22 execution controls (not_met)."
P23-REQ-271,Repository & Monorepo Governance,not_verified,partial,source requirement references; owner/evidence fields; applicable Phase 22 execution controls,implementation artifacts; automated checks,"A workspace monorepo with a dependency-free engine package, a renderer, a web app, functions and shared modules, and one gate over all of it. There is no ownership file, no per-package release, no dependency policy and no import boundary enforced by tooling. Blocked platform-wide by: source requirement references (not_met), owner/evidence fields (not_met), applicable Phase 22 execution controls (not_met)."
P23-REQ-272,Application Architecture,not_verified,partial,source requirement references; owner/evidence fields; applicable Phase 22 execution controls,implementation artifacts; automated checks,"The five-category rule is enforced against the live schema rather than documented — every table is an engine, library, entity, workflow or agent, and an unclassified one fails the build. Deterministic computation is separated from advisory AI by constraint. What is missing is architecture as a described thing: no module boundary enforcement, no layering rule, no dependency direction check. Blocked platform-wide by: source requirement references (not_met), owner/evidence fields (not_met), applicable Phase 22 execution controls (not_met)."
P23-REQ-273,Identity & Access,not_verified,partial,source requirement references; owner/evidence fields; applicable Phase 22 execution controls,implementation artifacts; automated checks,"Judged in full at P01, where 9 of 25 controls are met. Authentication is Supabase Auth's; authorization is this platform's and is thorough. Sessions, devices and external identities are absent. Blocked platform-wide by: source requirement references (not_met), owner/evidence fields (not_met), applicable Phase 22 execution controls (not_met)."
P23-REQ-274,Multi-Tenant SaaS Foundation,not_verified,built,source requirement references; owner/evidence fields; applicable Phase 22 execution controls,implementation artifacts; automated checks,"Blocked platform-wide by: source requirement references (not_met), owner/evidence fields (not_met), applicable Phase 22 execution controls (not_met)."
P23-REQ-275,Canonical Data Layer,not_verified,partial,source requirement references; owner/evidence fields; applicable Phase 22 execution controls,implementation artifacts; automated checks,"One schema shared by every module, judged in full at P03 where 41 of 75 concerns are met. It is the strongest layer in the platform and it is not a separately addressable data layer: there is no repository pattern, no data access library, and modules reach the tables directly through PostgREST. Blocked platform-wide by: source requirement references (not_met), owner/evidence fields (not_met), applicable Phase 22 execution controls (not_met)."
P23-REQ-276,API & Event Platform,not_verified,partial,source requirement references; owner/evidence fields; applicable Phase 22 execution controls,implementation artifacts; automated checks,"Nine versioned endpoints behind a pure authorization function with one error shape, an OpenAPI specification generated from the route table with drift failing the build, scoped keys stored only as a hash. The event half does not exist: no bus, no publish, no subscribe, no webhook. Blocked platform-wide by: source requirement references (not_met), owner/evidence fields (not_met), applicable Phase 22 execution controls (not_met)."
P23-REQ-277,Master Library Services,not_verified,partial,source requirement references; owner/evidence fields; applicable Phase 22 execution controls,implementation artifacts; automated checks,"Three-tier scope with platform, enterprise group and company precedence, approval before activation, versioned rows with validity derived rather than stored, and snapshot capture. Judged at P25, 79% verified. Blocked platform-wide by: source requirement references (not_met), owner/evidence fields (not_met), applicable Phase 22 execution controls (not_met)."
P23-REQ-278,Estimating Platform Foundation,not_verified,partial,source requirement references; owner/evidence fields; applicable Phase 22 execution controls,implementation artifacts; automated checks,"The most thoroughly built and most thoroughly verified part of the platform: 529 engine tests, P26 at 75%, P25 at 79%, P05 at 52%, with library snapshots making an issued price reproducible against the rates that made it. Blocked platform-wide by: source requirement references (not_met), owner/evidence fields (not_met), applicable Phase 22 execution controls (not_met)."
P23-REQ-279,AI Service Foundation,not_verified,partial,source requirement references; owner/evidence fields; applicable Phase 22 execution controls,implementation artifacts; automated checks,"One agent, one model catalog, versioned prompts, append-only messages, metered usage with an allowance checked before a request runs. There is no model registry, no evaluation and no fallback. Blocked platform-wide by: source requirement references (not_met), owner/evidence fields (not_met), applicable Phase 22 execution controls (not_met)."
P23-REQ-280,Document/Plan Intelligence,not_verified,partial,source requirement references; owner/evidence fields; applicable Phase 22 execution controls,implementation artifacts; automated checks,"PDF splitting, text-layer detection, sheet classification against the National CAD Standard, full-text search, and a governed analyst capped at draft authority with citations. OCR is a pluggable interface with no implementation behind it. Blocked platform-wide by: source requirement references (not_met), owner/evidence fields (not_met), applicable Phase 22 execution controls (not_met)."
P23-REQ-281,Workflow & Approval Engine,not_verified,not_built,source requirement references; owner/evidence fields; applicable Phase 22 execution controls,implementation artifacts; automated checks,"No engine. Approvals are per-object rules in the schema — authority limits by amount, approval before activation, period cutoffs — and there is no configurable workflow, no state machine a tenant can define, no routing and no escalation. P01 and P07 recorded the same. Blocked platform-wide by: source requirement references (not_met), owner/evidence fields (not_met), applicable Phase 22 execution controls (not_met)."
P23-REQ-282,Audit & Evidence,not_verified,not_built,source requirement references; owner/evidence fields; applicable Phase 22 execution controls,implementation artifacts; automated checks,"The audit ledger is real and now records the request behind each change, and this domain asks for more than a ledger: no evidence collection, no control framework, no attestation, no external audit path. P01 recorded that reads and exports are audited nowhere and that append-only is a weaker claim than tamper-evident. Blocked platform-wide by: source requirement references (not_met), owner/evidence fields (not_met), applicable Phase 22 execution controls (not_met)."
P23-REQ-283,Configuration & White Label,not_verified,not_built,source requirement references; owner/evidence fields; applicable Phase 22 execution controls,implementation artifacts; automated checks,"No white label, no branding, no theme, no terminology override — the capability the pricing page was corrected for advertising. Tenant configuration exists for libraries and commercial controls and is not a configuration layer. Blocked platform-wide by: source requirement references (not_met), owner/evidence fields (not_met), applicable Phase 22 execution controls (not_met)."
P23-REQ-284,Observability,not_verified,partial,source requirement references; owner/evidence fields; applicable Phase 22 execution controls,implementation artifacts; automated checks,"A structured logger with correlation carried through every line, metrics with bounded low-cardinality labels, health and readiness separated with per-check deadlines, and every API request logged with its key, status and duration. Nothing is deployed, so nothing consumes any of it. Blocked platform-wide by: source requirement references (not_met), owner/evidence fields (not_met), applicable Phase 22 execution controls (not_met)."
P23-REQ-285,Security Engineering,not_verified,partial,source requirement references; owner/evidence fields; applicable Phase 22 execution controls,implementation artifacts; automated checks,"Forced row level security with two migration-time gates, hashed and scoped API keys, an append-only audit ledger that since this build records the caller's address, agent and correlation id, redaction by field name and value shape, and a build-output secret scan. What P20 and P28 named remains absent: no detection and response, no secret rotation, no security monitoring. Blocked platform-wide by: source requirement references (not_met), owner/evidence fields (not_met), applicable Phase 22 execution controls (not_met)."
P23-REQ-286,DevSecOps & CI/CD,not_verified,partial,source requirement references; owner/evidence fields; applicable Phase 22 execution controls,implementation artifacts; automated checks,"A continuous integration workflow runs the whole gate on every branch and pull request and needs no secrets; a deployment workflow is dispatched by a person behind a GitHub Environment. Both are real files. Whether either has executed is the owner's to see — P20 recorded that none had, and the repository has since been pushed. Blocked platform-wide by: source requirement references (not_met), owner/evidence fields (not_met), applicable Phase 22 execution controls (not_met)."
P23-REQ-287,Environment & Infrastructure,not_verified,not_built,source requirement references; owner/evidence fields; applicable Phase 22 execution controls,implementation artifacts; automated checks,"Environments are named in a deployment workflow and none exists. No infrastructure as code, no provisioning, no container. Blocked platform-wide by: source requirement references (not_met), owner/evidence fields (not_met), applicable Phase 22 execution controls (not_met)."
P23-REQ-288,Testing Architecture,not_verified,built,source requirement references; owner/evidence fields; applicable Phase 22 execution controls,implementation artifacts; automated checks,"Blocked platform-wide by: source requirement references (not_met), owner/evidence fields (not_met), applicable Phase 22 execution controls (not_met)."
P23-REQ-289,Developer Experience,not_verified,partial,source requirement references; owner/evidence fields; applicable Phase 22 execution controls,implementation artifacts; automated checks,"Typed end to end, one gate, generated documentation that cannot drift from the tree, and error messages throughout the schema written to tell somebody what to do instead. There is no scaffolding, no code generation from the schema, and no contributor guide. Blocked platform-wide by: source requirement references (not_met), owner/evidence fields (not_met), applicable Phase 22 execution controls (not_met)."
P23-REQ-290,AI Coding Governance,not_verified,partial,source requirement references; owner/evidence fields; applicable Phase 22 execution controls,implementation artifacts; automated checks,"Unusually strong for what it is: the rules this codebase is built under are enforced by tests rather than stated in a document — the five-category rule, the tracing-is-not-verification distinction, American English, the pipeline's own shape, and every generated count. What does not exist is governance of AI *as a coding tool*: no policy on generated code, no provenance on a commit, no review requirement. Blocked platform-wide by: source requirement references (not_met), owner/evidence fields (not_met), applicable Phase 22 execution controls (not_met)."
P23-REQ-291,Feature Flags & Release Control,not_verified,not_built,source requirement references; owner/evidence fields; applicable Phase 22 execution controls,implementation artifacts; automated checks,"No feature flag of any kind. Entitlements gate capability by plan, which is licensing rather than release control: there is no flag, no rollout percentage, no kill switch and no experiment. Blocked platform-wide by: source requirement references (not_met), owner/evidence fields (not_met), applicable Phase 22 execution controls (not_met)."
P23-REQ-292,Migration & Seed Data,not_verified,built,source requirement references; owner/evidence fields; applicable Phase 22 execution controls,implementation artifacts; automated checks,"Blocked platform-wide by: source requirement references (not_met), owner/evidence fields (not_met), applicable Phase 22 execution controls (not_met)."
P23-REQ-293,Performance & Resilience,not_verified,not_built,source requirement references; owner/evidence fields; applicable Phase 22 execution controls,implementation artifacts; automated checks,"The one measurable improvement this build made is the tenant key indexes added at P03, which removed a sequential scan from every read on 53 tables. There is no performance work beyond it: no baseline, no load test, no query budget, no circuit breaker, no bulkhead, no chaos exercise. Blocked platform-wide by: source requirement references (not_met), owner/evidence fields (not_met), applicable Phase 22 execution controls (not_met)."
P23-REQ-294,Mobile/Field Foundation,not_verified,not_built,source requirement references; owner/evidence fields; applicable Phase 22 execution controls,implementation artifacts; automated checks,"No native application, no offline store, no sync, no conflict resolution. The web application is responsive and that is the whole of it. Blocked platform-wide by: source requirement references (not_met), owner/evidence fields (not_met), applicable Phase 22 execution controls (not_met)."
P23-REQ-295,Integration Adapters,not_verified,partial,source requirement references; owner/evidence fields; applicable Phase 22 execution controls,implementation artifacts; automated checks,"A governed connector framework with injected I/O and recorded runs, and a working NOAA weather adapter. No connector registry, no retry policy, no credential rotation. Blocked platform-wide by: source requirement references (not_met), owner/evidence fields (not_met), applicable Phase 22 execution controls (not_met)."
P23-REQ-296,Architecture Decision Records,not_verified,not_built,source requirement references; owner/evidence fields; applicable Phase 22 execution controls,implementation artifacts; automated checks,"No ADRs. Decisions are recorded — extensively, in migration headers and verdict files, with the reasoning and the rejected alternative — and none of it is in the form this domain asks for, indexed and numbered and reviewable as a set. Blocked platform-wide by: source requirement references (not_met), owner/evidence fields (not_met), applicable Phase 22 execution controls (not_met)."
P23-REQ-297,Implementation Traceability,not_verified,built,source requirement references; owner/evidence fields; applicable Phase 22 execution controls,implementation artifacts; automated checks,"Blocked platform-wide by: source requirement references (not_met), owner/evidence fields (not_met), applicable Phase 22 execution controls (not_met)."
P23-REQ-298,Local Development,not_verified,partial,source requirement references; owner/evidence fields; applicable Phase 22 execution controls,implementation artifacts; automated checks,"One command installs, one runs the gate, and the database suite needs no service and no credentials because PostgreSQL runs in WebAssembly — which is what lets the same command run identically on a laptop and on a fork's pull request. There is no seeded local environment for the application itself, and 22 of 23 screens read fixtures rather than a local database. Blocked platform-wide by: source requirement references (not_met), owner/evidence fields (not_met), applicable Phase 22 execution controls (not_met)."
P23-REQ-299,Backup/Recovery Hooks,not_verified,not_built,source requirement references; owner/evidence fields; applicable Phase 22 execution controls,implementation artifacts; automated checks,"No backup, no restore, no point-in-time objective, no hook of any kind. P20 recorded this and nothing has changed. Blocked platform-wide by: source requirement references (not_met), owner/evidence fields (not_met), applicable Phase 22 execution controls (not_met)."
P23-REQ-300,Operational Readiness,not_verified,not_built,source requirement references; owner/evidence fields; applicable Phase 22 execution controls,implementation artifacts; automated checks,"No readiness review, no runbook beyond deployment, no on-call, no incident model. Blocked platform-wide by: source requirement references (not_met), owner/evidence fields (not_met), applicable Phase 22 execution controls (not_met)."
