requirement_id,domain,verification,domain_status,unmet_conditions,met_conditions,gap
P27-REQ-001,AI Copilot Core,not_verified,partial,tool permissions; evaluation results,source evidence; deterministic handoff behavior; human-review state; confidence/uncertainty handling; tenant isolation; mapped tests,"One governed agent exists with a registry entry, an authority cap, a system prompt held to by test, and a validator that enforces the contract the prompt only asks for. There is no copilot: no chat surface, no general assistant, no task the user starts in their own words. Blocked platform-wide by: tool permissions (not_met), evaluation results (not_met)."
P27-REQ-002,Conversation Context,not_verified,partial,tool permissions; evaluation results,source evidence; deterministic handoff behavior; human-review state; confidence/uncertainty handling; tenant isolation; mapped tests,"`ai_conversations` and `ai_messages` model a transcript with roles, model, prompt version, tokens and latency, and the transcript is append-only. Nothing maintains context across turns, because there are no turns — the analyst is a single request. Blocked platform-wide by: tool permissions (not_met), evaluation results (not_met)."
P27-REQ-003,Tool Routing,not_verified,not_built,tool permissions; evaluation results,source evidence; deterministic handoff behavior; human-review state; confidence/uncertainty handling; tenant isolation; mapped tests,"The agent has no tools. There is nothing to route, and no router. Blocked platform-wide by: tool permissions (not_met), evaluation results (not_met)."
P27-REQ-004,Construction Knowledge Retrieval,not_verified,not_built,tool permissions; evaluation results,source evidence; deterministic handoff behavior; human-review state; confidence/uncertainty handling; tenant isolation; mapped tests,"No retrieval layer over construction knowledge — the absence the traceability rules already exclude globally. Blocked platform-wide by: tool permissions (not_met), evaluation results (not_met)."
P27-REQ-005,Document Retrieval,not_verified,partial,tool permissions; evaluation results,source evidence; deterministic handoff behavior; human-review state; confidence/uncertainty handling; tenant isolation; mapped tests,"Documents, versions and sheets carry extracted text, and since P15 `app.search_document_text` retrieves by content with permission filtering. The agent does not use it: it is handed a document version and reads that, rather than retrieving what it needs. Blocked platform-wide by: tool permissions (not_met), evaluation results (not_met)."
P27-REQ-006,Plan Sheet Intelligence,not_verified,built,tool permissions; evaluation results,source evidence; deterministic handoff behavior; human-review state; confidence/uncertainty handling; tenant isolation; mapped tests,"Blocked platform-wide by: tool permissions (not_met), evaluation results (not_met)."
P27-REQ-007,Specification Intelligence,not_verified,not_built,tool permissions; evaluation results,source evidence; deterministic handoff behavior; human-review state; confidence/uncertainty handling; tenant isolation; mapped tests,"Specifications are a document type. Nothing reads one as a specification: no section parsing, no requirement extraction, no submittal derivation. Blocked platform-wide by: tool permissions (not_met), evaluation results (not_met)."
P27-REQ-008,Addenda Intelligence,not_verified,not_built,tool permissions; evaluation results,source evidence; deterministic handoff behavior; human-review state; confidence/uncertainty handling; tenant isolation; mapped tests,"Addenda are a document type and revision comparison exists at the document level. Nothing reconciles an addendum against the base set it modifies. Blocked platform-wide by: tool permissions (not_met), evaluation results (not_met)."
P27-REQ-009,RFI/Submittal Intelligence,not_verified,not_built,tool permissions; evaluation results,source evidence; deterministic handoff behavior; human-review state; confidence/uncertainty handling; tenant isolation; mapped tests,"RFIs and submittals are well modeled and no agent reads or drafts one. Blocked platform-wide by: tool permissions (not_met), evaluation results (not_met)."
P27-REQ-010,Quantity Evidence Extraction,not_verified,partial,tool permissions; evaluation results,source evidence; deterministic handoff behavior; human-review state; confidence/uncertainty handling; tenant isolation; mapped tests,"The analyst extracts quantity candidates with citations, units restricted to the engine's own unit set, and a confidence on every one. They are proposals: a person accepts them, and acceptance records the business row created. What is missing is coverage — one document type, one pass, no measurement of how many real quantities it finds. Blocked platform-wide by: tool permissions (not_met), evaluation results (not_met)."
P27-REQ-011,Service Mapping,not_verified,not_built,tool permissions; evaluation results,source evidence; deterministic handoff behavior; human-review state; confidence/uncertainty handling; tenant isolation; mapped tests,"Nothing maps extracted scope to the service library. Blocked platform-wide by: tool permissions (not_met), evaluation results (not_met)."
P27-REQ-012,Assembly Mapping,not_verified,not_built,tool permissions; evaluation results,source evidence; deterministic handoff behavior; human-review state; confidence/uncertainty handling; tenant isolation; mapped tests,"Nothing maps extracted scope to an assembly. Blocked platform-wide by: tool permissions (not_met), evaluation results (not_met)."
P27-REQ-013,Estimate Input Suggestions,not_verified,not_built,tool permissions; evaluation results,source evidence; deterministic handoff behavior; human-review state; confidence/uncertainty handling; tenant isolation; mapped tests,"Nothing suggests an estimate input. The analyst stops at quantity candidates. Blocked platform-wide by: tool permissions (not_met), evaluation results (not_met)."
P27-REQ-014,Production Assumption Review,not_verified,not_built,tool permissions; evaluation results,source evidence; deterministic handoff behavior; human-review state; confidence/uncertainty handling; tenant isolation; mapped tests,"Nothing reviews a production assumption against the catalog or against measured actuals. Blocked platform-wide by: tool permissions (not_met), evaluation results (not_met)."
P27-REQ-015,Crew Recommendation,not_verified,not_built,tool permissions; evaluation results,source evidence; deterministic handoff behavior; human-review state; confidence/uncertainty handling; tenant isolation; mapped tests,"No crew is recommended — the mapping rules exclude this explicitly, because a crew engine is not an AI that recommends crews. Blocked platform-wide by: tool permissions (not_met), evaluation results (not_met)."
P27-REQ-016,Equipment Recommendation,not_verified,not_built,tool permissions; evaluation results,source evidence; deterministic handoff behavior; human-review state; confidence/uncertainty handling; tenant isolation; mapped tests,"Nothing recommends equipment. Blocked platform-wide by: tool permissions (not_met), evaluation results (not_met)."
P27-REQ-017,Truck/Haul Recommendation,not_verified,not_built,tool permissions; evaluation results,source evidence; deterministic handoff behavior; human-review state; confidence/uncertainty handling; tenant isolation; mapped tests,"The trucking engine computes a haul; nothing advises on one. Blocked platform-wide by: tool permissions (not_met), evaluation results (not_met)."
P27-REQ-018,Material/Disposal Recommendation,not_verified,not_built,tool permissions; evaluation results,source evidence; deterministic handoff behavior; human-review state; confidence/uncertainty handling; tenant isolation; mapped tests,"Nothing recommends a material or a disposal route. Blocked platform-wide by: tool permissions (not_met), evaluation results (not_met)."
P27-REQ-019,Estimate Math Review,not_verified,not_built,tool permissions; evaluation results,source evidence; deterministic handoff behavior; human-review state; confidence/uncertainty handling; tenant isolation; mapped tests,"Nothing reviews estimate arithmetic — and under RULE-008 anything that did would propose, never correct. The engine owns the arithmetic and its derivations are already inspectable. Blocked platform-wide by: tool permissions (not_met), evaluation results (not_met)."
P27-REQ-020,Estimate Completeness Review,not_verified,not_built,tool permissions; evaluation results,source evidence; deterministic handoff behavior; human-review state; confidence/uncertainty handling; tenant isolation; mapped tests,"Nothing checks an estimate for missing scope. Blocked platform-wide by: tool permissions (not_met), evaluation results (not_met)."
P27-REQ-021,Pricing Source Review,not_verified,not_built,tool permissions; evaluation results,source evidence; deterministic handoff behavior; human-review state; confidence/uncertainty handling; tenant isolation; mapped tests,"Nothing reviews where a price came from, though the snapshot makes it answerable. Blocked platform-wide by: tool permissions (not_met), evaluation results (not_met)."
P27-REQ-022,Markup Review,not_verified,not_built,tool permissions; evaluation results,source evidence; deterministic handoff behavior; human-review state; confidence/uncertainty handling; tenant isolation; mapped tests,"Nothing reviews a markup profile. Blocked platform-wide by: tool permissions (not_met), evaluation results (not_met)."
P27-REQ-023,Scenario Review,not_verified,not_built,tool permissions; evaluation results,source evidence; deterministic handoff behavior; human-review state; confidence/uncertainty handling; tenant isolation; mapped tests,"Scenario pricing exists in the engine; nothing reviews a scenario. Blocked platform-wide by: tool permissions (not_met), evaluation results (not_met)."
P27-REQ-024,Risk Detection,not_verified,not_built,tool permissions; evaluation results,source evidence; deterministic handoff behavior; human-review state; confidence/uncertainty handling; tenant isolation; mapped tests,"A `risks` table exists and nothing populates it from analysis. Blocked platform-wide by: tool permissions (not_met), evaluation results (not_met)."
P27-REQ-025,Scope Gap Detection,not_verified,not_built,tool permissions; evaluation results,source evidence; deterministic handoff behavior; human-review state; confidence/uncertainty handling; tenant isolation; mapped tests,"Nothing detects a scope gap across a document set. Blocked platform-wide by: tool permissions (not_met), evaluation results (not_met)."
P27-REQ-026,Conflict Detection,not_verified,partial,tool permissions; evaluation results,source evidence; deterministic handoff behavior; human-review state; confidence/uncertainty handling; tenant isolation; mapped tests,"The analyst reports conflicts between sheets and is forbidden by prompt and by validator from resolving one by picking a side. There is no cross-document conflict detection, no addendum-versus-base comparison beyond what a single run sees. Blocked platform-wide by: tool permissions (not_met), evaluation results (not_met)."
P27-REQ-027,Missing Information Detection,not_verified,partial,tool permissions; evaluation results,source evidence; deterministic handoff behavior; human-review state; confidence/uncertainty handling; tenant isolation; mapped tests,"A finding type exists for it and the analyst emits them. Nothing checks a document set for completeness against a required list. Blocked platform-wide by: tool permissions (not_met), evaluation results (not_met)."
P27-REQ-028,Constructability Review,not_verified,not_built,tool permissions; evaluation results,source evidence; deterministic handoff behavior; human-review state; confidence/uncertainty handling; tenant isolation; mapped tests,"Nothing reviews constructability. Blocked platform-wide by: tool permissions (not_met), evaluation results (not_met)."
P27-REQ-029,Safety/Compliance Advisory,not_verified,not_built,tool permissions; evaluation results,source evidence; deterministic handoff behavior; human-review state; confidence/uncertainty handling; tenant isolation; mapped tests,"Nothing advises on safety or compliance, and under RULE-008 anything that did would propose rather than act on safety-critical data. Blocked platform-wide by: tool permissions (not_met), evaluation results (not_met)."
P27-REQ-030,Schedule Risk Advisory,not_verified,not_built,tool permissions; evaluation results,source evidence; deterministic handoff behavior; human-review state; confidence/uncertainty handling; tenant isolation; mapped tests,"Nothing advises on schedule risk, though the critical path engine now makes float and the driving path computable. Blocked platform-wide by: tool permissions (not_met), evaluation results (not_met)."
P27-REQ-031,Commercial Risk Advisory,not_verified,not_built,tool permissions; evaluation results,source evidence; deterministic handoff behavior; human-review state; confidence/uncertainty handling; tenant isolation; mapped tests,"Nothing advises on commercial risk, though contract clauses and claim deadlines are now structured enough to reason over. Blocked platform-wide by: tool permissions (not_met), evaluation results (not_met)."
P27-REQ-032,Agent Orchestration,not_verified,not_built,tool permissions; evaluation results,source evidence; deterministic handoff behavior; human-review state; confidence/uncertainty handling; tenant isolation; mapped tests,"One agent. No orchestration, no plan, no multi-step task. Blocked platform-wide by: tool permissions (not_met), evaluation results (not_met)."
P27-REQ-033,Agent Delegation,not_verified,not_built,tool permissions; evaluation results,source evidence; deterministic handoff behavior; human-review state; confidence/uncertainty handling; tenant isolation; mapped tests,"No agent delegates to another, because there is one. Blocked platform-wide by: tool permissions (not_met), evaluation results (not_met)."
P27-REQ-034,Agent Memory Boundaries,not_verified,not_built,tool permissions; evaluation results,source evidence; deterministic handoff behavior; human-review state; confidence/uncertainty handling; tenant isolation; mapped tests,"No agent memory exists, so there is no boundary to enforce. Recorded as absent rather than as satisfied. Blocked platform-wide by: tool permissions (not_met), evaluation results (not_met)."
P27-REQ-035,Tool Permissioning,not_verified,not_built,tool permissions; evaluation results,source evidence; deterministic handoff behavior; human-review state; confidence/uncertainty handling; tenant isolation; mapped tests,"No tool surface exists. Nothing to permission — the condition fails because there is nothing to verify, not because something is ungoverned. Blocked platform-wide by: tool permissions (not_met), evaluation results (not_met)."
P27-REQ-036,Human Approval Gates,not_verified,built,tool permissions; evaluation results,source evidence; deterministic handoff behavior; human-review state; confidence/uncertainty handling; tenant isolation; mapped tests,"Blocked platform-wide by: tool permissions (not_met), evaluation results (not_met)."
P27-REQ-037,AI Evidence & Citations,not_verified,built,tool permissions; evaluation results,source evidence; deterministic handoff behavior; human-review state; confidence/uncertainty handling; tenant isolation; mapped tests,"Blocked platform-wide by: tool permissions (not_met), evaluation results (not_met)."
P27-REQ-038,Confidence Scoring,not_verified,built,tool permissions; evaluation results,source evidence; deterministic handoff behavior; human-review state; confidence/uncertainty handling; tenant isolation; mapped tests,"Blocked platform-wide by: tool permissions (not_met), evaluation results (not_met)."
P27-REQ-039,Model/Prompt Versioning,not_verified,built,tool permissions; evaluation results,source evidence; deterministic handoff behavior; human-review state; confidence/uncertainty handling; tenant isolation; mapped tests,"Blocked platform-wide by: tool permissions (not_met), evaluation results (not_met)."
P27-REQ-040,AI Evaluation,not_verified,partial,tool permissions; evaluation results,source evidence; deterministic handoff behavior; human-review state; confidence/uncertainty handling; tenant isolation; mapped tests,"The contract is tested thoroughly — 28 tests over the prompt's prohibitions, the output schema, citation enforcement, confidence bounds and unit restriction. None of that is evaluation: nothing measures whether the findings are correct. Blocked platform-wide by: tool permissions (not_met), evaluation results (not_met)."
P27-REQ-041,Regression Testing,not_verified,partial,tool permissions; evaluation results,source evidence; deterministic handoff behavior; human-review state; confidence/uncertainty handling; tenant isolation; mapped tests,"The prompt's prohibitions and the validator's rules are pinned by test, so a change that loosens a guardrail fails the build. There is no regression suite over model outputs, because there are no recorded outputs to regress against. Blocked platform-wide by: tool permissions (not_met), evaluation results (not_met)."
P27-REQ-042,Hallucination Guardrails,not_verified,built,tool permissions; evaluation results,source evidence; deterministic handoff behavior; human-review state; confidence/uncertainty handling; tenant isolation; mapped tests,"Blocked platform-wide by: tool permissions (not_met), evaluation results (not_met)."
P27-REQ-043,Cost/Token Controls,not_verified,built,tool permissions; evaluation results,source evidence; deterministic handoff behavior; human-review state; confidence/uncertainty handling; tenant isolation; mapped tests,"Blocked platform-wide by: tool permissions (not_met), evaluation results (not_met)."
P27-REQ-044,Latency Controls,not_verified,not_built,tool permissions; evaluation results,source evidence; deterministic handoff behavior; human-review state; confidence/uncertainty handling; tenant isolation; mapped tests,"Duration is recorded on every run and nothing bounds it: no timeout budget, no degradation under load. Blocked platform-wide by: tool permissions (not_met), evaluation results (not_met)."
P27-REQ-045,Provider Abstraction,not_verified,partial,tool permissions; evaluation results,source evidence; deterministic handoff behavior; human-review state; confidence/uncertainty handling; tenant isolation; mapped tests,"The model and prompt version are recorded on every message and every extraction, so a change is visible after the fact. The provider itself is not abstracted: one client, one vendor, one model constant. Blocked platform-wide by: tool permissions (not_met), evaluation results (not_met)."
P27-REQ-046,Fallback/Degradation,not_verified,not_built,tool permissions; evaluation results,source evidence; deterministic handoff behavior; human-review state; confidence/uncertainty handling; tenant isolation; mapped tests,"A missing API key is reported as not configured, which is a refusal rather than a fallback. No secondary provider, no reduced mode, no queue for later. Blocked platform-wide by: tool permissions (not_met), evaluation results (not_met)."
P27-REQ-047,AI Audit Trail,not_verified,built,tool permissions; evaluation results,source evidence; deterministic handoff behavior; human-review state; confidence/uncertainty handling; tenant isolation; mapped tests,"Blocked platform-wide by: tool permissions (not_met), evaluation results (not_met)."
P27-REQ-048,Feedback & Calibration,not_verified,not_built,tool permissions; evaluation results,source evidence; deterministic handoff behavior; human-review state; confidence/uncertainty handling; tenant isolation; mapped tests,"Acceptance and rejection of every finding is recorded, which is the raw material for calibration, and nothing consumes it. The production calibration path exists for rates and not for the agent. Blocked platform-wide by: tool permissions (not_met), evaluation results (not_met)."
P27-REQ-049,Autonomous Background Tasks,not_verified,not_built,tool permissions; evaluation results,source evidence; deterministic handoff behavior; human-review state; confidence/uncertainty handling; tenant isolation; mapped tests,"None, by design. `ai_agents_never_autonomous` makes an autonomous agent unconfigurable, and that constraint is the platform keeping a promise rather than a gap. Blocked platform-wide by: tool permissions (not_met), evaluation results (not_met)."
P27-REQ-050,Digital Twin AI Context,not_verified,not_built,tool permissions; evaluation results,source evidence; deterministic handoff behavior; human-review state; confidence/uncertainty handling; tenant isolation; mapped tests,"Not built and not planned; in the globally excluded class. Blocked platform-wide by: tool permissions (not_met), evaluation results (not_met)."
P27-REQ-051,AI Incident Response,not_verified,not_built,tool permissions; evaluation results,source evidence; deterministic handoff behavior; human-review state; confidence/uncertainty handling; tenant isolation; mapped tests,"No AI incident process — the AI face of the detection and response gap P28 named. Blocked platform-wide by: tool permissions (not_met), evaluation results (not_met)."
P27-REQ-052,AI Copilot Core,not_verified,partial,tool permissions; evaluation results,source evidence; deterministic handoff behavior; human-review state; confidence/uncertainty handling; tenant isolation; mapped tests,"One governed agent exists with a registry entry, an authority cap, a system prompt held to by test, and a validator that enforces the contract the prompt only asks for. There is no copilot: no chat surface, no general assistant, no task the user starts in their own words. Blocked platform-wide by: tool permissions (not_met), evaluation results (not_met)."
P27-REQ-053,Conversation Context,not_verified,partial,tool permissions; evaluation results,source evidence; deterministic handoff behavior; human-review state; confidence/uncertainty handling; tenant isolation; mapped tests,"`ai_conversations` and `ai_messages` model a transcript with roles, model, prompt version, tokens and latency, and the transcript is append-only. Nothing maintains context across turns, because there are no turns — the analyst is a single request. Blocked platform-wide by: tool permissions (not_met), evaluation results (not_met)."
P27-REQ-054,Tool Routing,not_verified,not_built,tool permissions; evaluation results,source evidence; deterministic handoff behavior; human-review state; confidence/uncertainty handling; tenant isolation; mapped tests,"The agent has no tools. There is nothing to route, and no router. Blocked platform-wide by: tool permissions (not_met), evaluation results (not_met)."
P27-REQ-055,Construction Knowledge Retrieval,not_verified,not_built,tool permissions; evaluation results,source evidence; deterministic handoff behavior; human-review state; confidence/uncertainty handling; tenant isolation; mapped tests,"No retrieval layer over construction knowledge — the absence the traceability rules already exclude globally. Blocked platform-wide by: tool permissions (not_met), evaluation results (not_met)."
P27-REQ-056,Document Retrieval,not_verified,partial,tool permissions; evaluation results,source evidence; deterministic handoff behavior; human-review state; confidence/uncertainty handling; tenant isolation; mapped tests,"Documents, versions and sheets carry extracted text, and since P15 `app.search_document_text` retrieves by content with permission filtering. The agent does not use it: it is handed a document version and reads that, rather than retrieving what it needs. Blocked platform-wide by: tool permissions (not_met), evaluation results (not_met)."
P27-REQ-057,Plan Sheet Intelligence,not_verified,built,tool permissions; evaluation results,source evidence; deterministic handoff behavior; human-review state; confidence/uncertainty handling; tenant isolation; mapped tests,"Blocked platform-wide by: tool permissions (not_met), evaluation results (not_met)."
P27-REQ-058,Specification Intelligence,not_verified,not_built,tool permissions; evaluation results,source evidence; deterministic handoff behavior; human-review state; confidence/uncertainty handling; tenant isolation; mapped tests,"Specifications are a document type. Nothing reads one as a specification: no section parsing, no requirement extraction, no submittal derivation. Blocked platform-wide by: tool permissions (not_met), evaluation results (not_met)."
P27-REQ-059,Addenda Intelligence,not_verified,not_built,tool permissions; evaluation results,source evidence; deterministic handoff behavior; human-review state; confidence/uncertainty handling; tenant isolation; mapped tests,"Addenda are a document type and revision comparison exists at the document level. Nothing reconciles an addendum against the base set it modifies. Blocked platform-wide by: tool permissions (not_met), evaluation results (not_met)."
P27-REQ-060,RFI/Submittal Intelligence,not_verified,not_built,tool permissions; evaluation results,source evidence; deterministic handoff behavior; human-review state; confidence/uncertainty handling; tenant isolation; mapped tests,"RFIs and submittals are well modeled and no agent reads or drafts one. Blocked platform-wide by: tool permissions (not_met), evaluation results (not_met)."
P27-REQ-061,Quantity Evidence Extraction,not_verified,partial,tool permissions; evaluation results,source evidence; deterministic handoff behavior; human-review state; confidence/uncertainty handling; tenant isolation; mapped tests,"The analyst extracts quantity candidates with citations, units restricted to the engine's own unit set, and a confidence on every one. They are proposals: a person accepts them, and acceptance records the business row created. What is missing is coverage — one document type, one pass, no measurement of how many real quantities it finds. Blocked platform-wide by: tool permissions (not_met), evaluation results (not_met)."
P27-REQ-062,Service Mapping,not_verified,not_built,tool permissions; evaluation results,source evidence; deterministic handoff behavior; human-review state; confidence/uncertainty handling; tenant isolation; mapped tests,"Nothing maps extracted scope to the service library. Blocked platform-wide by: tool permissions (not_met), evaluation results (not_met)."
P27-REQ-063,Assembly Mapping,not_verified,not_built,tool permissions; evaluation results,source evidence; deterministic handoff behavior; human-review state; confidence/uncertainty handling; tenant isolation; mapped tests,"Nothing maps extracted scope to an assembly. Blocked platform-wide by: tool permissions (not_met), evaluation results (not_met)."
P27-REQ-064,Estimate Input Suggestions,not_verified,not_built,tool permissions; evaluation results,source evidence; deterministic handoff behavior; human-review state; confidence/uncertainty handling; tenant isolation; mapped tests,"Nothing suggests an estimate input. The analyst stops at quantity candidates. Blocked platform-wide by: tool permissions (not_met), evaluation results (not_met)."
P27-REQ-065,Production Assumption Review,not_verified,not_built,tool permissions; evaluation results,source evidence; deterministic handoff behavior; human-review state; confidence/uncertainty handling; tenant isolation; mapped tests,"Nothing reviews a production assumption against the catalog or against measured actuals. Blocked platform-wide by: tool permissions (not_met), evaluation results (not_met)."
P27-REQ-066,Crew Recommendation,not_verified,not_built,tool permissions; evaluation results,source evidence; deterministic handoff behavior; human-review state; confidence/uncertainty handling; tenant isolation; mapped tests,"No crew is recommended — the mapping rules exclude this explicitly, because a crew engine is not an AI that recommends crews. Blocked platform-wide by: tool permissions (not_met), evaluation results (not_met)."
P27-REQ-067,Equipment Recommendation,not_verified,not_built,tool permissions; evaluation results,source evidence; deterministic handoff behavior; human-review state; confidence/uncertainty handling; tenant isolation; mapped tests,"Nothing recommends equipment. Blocked platform-wide by: tool permissions (not_met), evaluation results (not_met)."
P27-REQ-068,Truck/Haul Recommendation,not_verified,not_built,tool permissions; evaluation results,source evidence; deterministic handoff behavior; human-review state; confidence/uncertainty handling; tenant isolation; mapped tests,"The trucking engine computes a haul; nothing advises on one. Blocked platform-wide by: tool permissions (not_met), evaluation results (not_met)."
P27-REQ-069,Material/Disposal Recommendation,not_verified,not_built,tool permissions; evaluation results,source evidence; deterministic handoff behavior; human-review state; confidence/uncertainty handling; tenant isolation; mapped tests,"Nothing recommends a material or a disposal route. Blocked platform-wide by: tool permissions (not_met), evaluation results (not_met)."
P27-REQ-070,Estimate Math Review,not_verified,not_built,tool permissions; evaluation results,source evidence; deterministic handoff behavior; human-review state; confidence/uncertainty handling; tenant isolation; mapped tests,"Nothing reviews estimate arithmetic — and under RULE-008 anything that did would propose, never correct. The engine owns the arithmetic and its derivations are already inspectable. Blocked platform-wide by: tool permissions (not_met), evaluation results (not_met)."
P27-REQ-071,Estimate Completeness Review,not_verified,not_built,tool permissions; evaluation results,source evidence; deterministic handoff behavior; human-review state; confidence/uncertainty handling; tenant isolation; mapped tests,"Nothing checks an estimate for missing scope. Blocked platform-wide by: tool permissions (not_met), evaluation results (not_met)."
P27-REQ-072,Pricing Source Review,not_verified,not_built,tool permissions; evaluation results,source evidence; deterministic handoff behavior; human-review state; confidence/uncertainty handling; tenant isolation; mapped tests,"Nothing reviews where a price came from, though the snapshot makes it answerable. Blocked platform-wide by: tool permissions (not_met), evaluation results (not_met)."
P27-REQ-073,Markup Review,not_verified,not_built,tool permissions; evaluation results,source evidence; deterministic handoff behavior; human-review state; confidence/uncertainty handling; tenant isolation; mapped tests,"Nothing reviews a markup profile. Blocked platform-wide by: tool permissions (not_met), evaluation results (not_met)."
P27-REQ-074,Scenario Review,not_verified,not_built,tool permissions; evaluation results,source evidence; deterministic handoff behavior; human-review state; confidence/uncertainty handling; tenant isolation; mapped tests,"Scenario pricing exists in the engine; nothing reviews a scenario. Blocked platform-wide by: tool permissions (not_met), evaluation results (not_met)."
P27-REQ-075,Risk Detection,not_verified,not_built,tool permissions; evaluation results,source evidence; deterministic handoff behavior; human-review state; confidence/uncertainty handling; tenant isolation; mapped tests,"A `risks` table exists and nothing populates it from analysis. Blocked platform-wide by: tool permissions (not_met), evaluation results (not_met)."
P27-REQ-076,Scope Gap Detection,not_verified,not_built,tool permissions; evaluation results,source evidence; deterministic handoff behavior; human-review state; confidence/uncertainty handling; tenant isolation; mapped tests,"Nothing detects a scope gap across a document set. Blocked platform-wide by: tool permissions (not_met), evaluation results (not_met)."
P27-REQ-077,Conflict Detection,not_verified,partial,tool permissions; evaluation results,source evidence; deterministic handoff behavior; human-review state; confidence/uncertainty handling; tenant isolation; mapped tests,"The analyst reports conflicts between sheets and is forbidden by prompt and by validator from resolving one by picking a side. There is no cross-document conflict detection, no addendum-versus-base comparison beyond what a single run sees. Blocked platform-wide by: tool permissions (not_met), evaluation results (not_met)."
P27-REQ-078,Missing Information Detection,not_verified,partial,tool permissions; evaluation results,source evidence; deterministic handoff behavior; human-review state; confidence/uncertainty handling; tenant isolation; mapped tests,"A finding type exists for it and the analyst emits them. Nothing checks a document set for completeness against a required list. Blocked platform-wide by: tool permissions (not_met), evaluation results (not_met)."
P27-REQ-079,Constructability Review,not_verified,not_built,tool permissions; evaluation results,source evidence; deterministic handoff behavior; human-review state; confidence/uncertainty handling; tenant isolation; mapped tests,"Nothing reviews constructability. Blocked platform-wide by: tool permissions (not_met), evaluation results (not_met)."
P27-REQ-080,Safety/Compliance Advisory,not_verified,not_built,tool permissions; evaluation results,source evidence; deterministic handoff behavior; human-review state; confidence/uncertainty handling; tenant isolation; mapped tests,"Nothing advises on safety or compliance, and under RULE-008 anything that did would propose rather than act on safety-critical data. Blocked platform-wide by: tool permissions (not_met), evaluation results (not_met)."
P27-REQ-081,Schedule Risk Advisory,not_verified,not_built,tool permissions; evaluation results,source evidence; deterministic handoff behavior; human-review state; confidence/uncertainty handling; tenant isolation; mapped tests,"Nothing advises on schedule risk, though the critical path engine now makes float and the driving path computable. Blocked platform-wide by: tool permissions (not_met), evaluation results (not_met)."
P27-REQ-082,Commercial Risk Advisory,not_verified,not_built,tool permissions; evaluation results,source evidence; deterministic handoff behavior; human-review state; confidence/uncertainty handling; tenant isolation; mapped tests,"Nothing advises on commercial risk, though contract clauses and claim deadlines are now structured enough to reason over. Blocked platform-wide by: tool permissions (not_met), evaluation results (not_met)."
P27-REQ-083,Agent Orchestration,not_verified,not_built,tool permissions; evaluation results,source evidence; deterministic handoff behavior; human-review state; confidence/uncertainty handling; tenant isolation; mapped tests,"One agent. No orchestration, no plan, no multi-step task. Blocked platform-wide by: tool permissions (not_met), evaluation results (not_met)."
P27-REQ-084,Agent Delegation,not_verified,not_built,tool permissions; evaluation results,source evidence; deterministic handoff behavior; human-review state; confidence/uncertainty handling; tenant isolation; mapped tests,"No agent delegates to another, because there is one. Blocked platform-wide by: tool permissions (not_met), evaluation results (not_met)."
P27-REQ-085,Agent Memory Boundaries,not_verified,not_built,tool permissions; evaluation results,source evidence; deterministic handoff behavior; human-review state; confidence/uncertainty handling; tenant isolation; mapped tests,"No agent memory exists, so there is no boundary to enforce. Recorded as absent rather than as satisfied. Blocked platform-wide by: tool permissions (not_met), evaluation results (not_met)."
P27-REQ-086,Tool Permissioning,not_verified,not_built,tool permissions; evaluation results,source evidence; deterministic handoff behavior; human-review state; confidence/uncertainty handling; tenant isolation; mapped tests,"No tool surface exists. Nothing to permission — the condition fails because there is nothing to verify, not because something is ungoverned. Blocked platform-wide by: tool permissions (not_met), evaluation results (not_met)."
P27-REQ-087,Human Approval Gates,not_verified,built,tool permissions; evaluation results,source evidence; deterministic handoff behavior; human-review state; confidence/uncertainty handling; tenant isolation; mapped tests,"Blocked platform-wide by: tool permissions (not_met), evaluation results (not_met)."
P27-REQ-088,AI Evidence & Citations,not_verified,built,tool permissions; evaluation results,source evidence; deterministic handoff behavior; human-review state; confidence/uncertainty handling; tenant isolation; mapped tests,"Blocked platform-wide by: tool permissions (not_met), evaluation results (not_met)."
P27-REQ-089,Confidence Scoring,not_verified,built,tool permissions; evaluation results,source evidence; deterministic handoff behavior; human-review state; confidence/uncertainty handling; tenant isolation; mapped tests,"Blocked platform-wide by: tool permissions (not_met), evaluation results (not_met)."
P27-REQ-090,Model/Prompt Versioning,not_verified,built,tool permissions; evaluation results,source evidence; deterministic handoff behavior; human-review state; confidence/uncertainty handling; tenant isolation; mapped tests,"Blocked platform-wide by: tool permissions (not_met), evaluation results (not_met)."
P27-REQ-091,AI Evaluation,not_verified,partial,tool permissions; evaluation results,source evidence; deterministic handoff behavior; human-review state; confidence/uncertainty handling; tenant isolation; mapped tests,"The contract is tested thoroughly — 28 tests over the prompt's prohibitions, the output schema, citation enforcement, confidence bounds and unit restriction. None of that is evaluation: nothing measures whether the findings are correct. Blocked platform-wide by: tool permissions (not_met), evaluation results (not_met)."
P27-REQ-092,Regression Testing,not_verified,partial,tool permissions; evaluation results,source evidence; deterministic handoff behavior; human-review state; confidence/uncertainty handling; tenant isolation; mapped tests,"The prompt's prohibitions and the validator's rules are pinned by test, so a change that loosens a guardrail fails the build. There is no regression suite over model outputs, because there are no recorded outputs to regress against. Blocked platform-wide by: tool permissions (not_met), evaluation results (not_met)."
P27-REQ-093,Hallucination Guardrails,not_verified,built,tool permissions; evaluation results,source evidence; deterministic handoff behavior; human-review state; confidence/uncertainty handling; tenant isolation; mapped tests,"Blocked platform-wide by: tool permissions (not_met), evaluation results (not_met)."
P27-REQ-094,Cost/Token Controls,not_verified,built,tool permissions; evaluation results,source evidence; deterministic handoff behavior; human-review state; confidence/uncertainty handling; tenant isolation; mapped tests,"Blocked platform-wide by: tool permissions (not_met), evaluation results (not_met)."
P27-REQ-095,Latency Controls,not_verified,not_built,tool permissions; evaluation results,source evidence; deterministic handoff behavior; human-review state; confidence/uncertainty handling; tenant isolation; mapped tests,"Duration is recorded on every run and nothing bounds it: no timeout budget, no degradation under load. Blocked platform-wide by: tool permissions (not_met), evaluation results (not_met)."
P27-REQ-096,Provider Abstraction,not_verified,partial,tool permissions; evaluation results,source evidence; deterministic handoff behavior; human-review state; confidence/uncertainty handling; tenant isolation; mapped tests,"The model and prompt version are recorded on every message and every extraction, so a change is visible after the fact. The provider itself is not abstracted: one client, one vendor, one model constant. Blocked platform-wide by: tool permissions (not_met), evaluation results (not_met)."
P27-REQ-097,Fallback/Degradation,not_verified,not_built,tool permissions; evaluation results,source evidence; deterministic handoff behavior; human-review state; confidence/uncertainty handling; tenant isolation; mapped tests,"A missing API key is reported as not configured, which is a refusal rather than a fallback. No secondary provider, no reduced mode, no queue for later. Blocked platform-wide by: tool permissions (not_met), evaluation results (not_met)."
P27-REQ-098,AI Audit Trail,not_verified,built,tool permissions; evaluation results,source evidence; deterministic handoff behavior; human-review state; confidence/uncertainty handling; tenant isolation; mapped tests,"Blocked platform-wide by: tool permissions (not_met), evaluation results (not_met)."
P27-REQ-099,Feedback & Calibration,not_verified,not_built,tool permissions; evaluation results,source evidence; deterministic handoff behavior; human-review state; confidence/uncertainty handling; tenant isolation; mapped tests,"Acceptance and rejection of every finding is recorded, which is the raw material for calibration, and nothing consumes it. The production calibration path exists for rates and not for the agent. Blocked platform-wide by: tool permissions (not_met), evaluation results (not_met)."
P27-REQ-100,Autonomous Background Tasks,not_verified,not_built,tool permissions; evaluation results,source evidence; deterministic handoff behavior; human-review state; confidence/uncertainty handling; tenant isolation; mapped tests,"None, by design. `ai_agents_never_autonomous` makes an autonomous agent unconfigurable, and that constraint is the platform keeping a promise rather than a gap. Blocked platform-wide by: tool permissions (not_met), evaluation results (not_met)."
P27-REQ-101,Digital Twin AI Context,not_verified,not_built,tool permissions; evaluation results,source evidence; deterministic handoff behavior; human-review state; confidence/uncertainty handling; tenant isolation; mapped tests,"Not built and not planned; in the globally excluded class. Blocked platform-wide by: tool permissions (not_met), evaluation results (not_met)."
P27-REQ-102,AI Incident Response,not_verified,not_built,tool permissions; evaluation results,source evidence; deterministic handoff behavior; human-review state; confidence/uncertainty handling; tenant isolation; mapped tests,"No AI incident process — the AI face of the detection and response gap P28 named. Blocked platform-wide by: tool permissions (not_met), evaluation results (not_met)."
P27-REQ-103,AI Copilot Core,not_verified,partial,tool permissions; evaluation results,source evidence; deterministic handoff behavior; human-review state; confidence/uncertainty handling; tenant isolation; mapped tests,"One governed agent exists with a registry entry, an authority cap, a system prompt held to by test, and a validator that enforces the contract the prompt only asks for. There is no copilot: no chat surface, no general assistant, no task the user starts in their own words. Blocked platform-wide by: tool permissions (not_met), evaluation results (not_met)."
P27-REQ-104,Conversation Context,not_verified,partial,tool permissions; evaluation results,source evidence; deterministic handoff behavior; human-review state; confidence/uncertainty handling; tenant isolation; mapped tests,"`ai_conversations` and `ai_messages` model a transcript with roles, model, prompt version, tokens and latency, and the transcript is append-only. Nothing maintains context across turns, because there are no turns — the analyst is a single request. Blocked platform-wide by: tool permissions (not_met), evaluation results (not_met)."
P27-REQ-105,Tool Routing,not_verified,not_built,tool permissions; evaluation results,source evidence; deterministic handoff behavior; human-review state; confidence/uncertainty handling; tenant isolation; mapped tests,"The agent has no tools. There is nothing to route, and no router. Blocked platform-wide by: tool permissions (not_met), evaluation results (not_met)."
P27-REQ-106,Construction Knowledge Retrieval,not_verified,not_built,tool permissions; evaluation results,source evidence; deterministic handoff behavior; human-review state; confidence/uncertainty handling; tenant isolation; mapped tests,"No retrieval layer over construction knowledge — the absence the traceability rules already exclude globally. Blocked platform-wide by: tool permissions (not_met), evaluation results (not_met)."
P27-REQ-107,Document Retrieval,not_verified,partial,tool permissions; evaluation results,source evidence; deterministic handoff behavior; human-review state; confidence/uncertainty handling; tenant isolation; mapped tests,"Documents, versions and sheets carry extracted text, and since P15 `app.search_document_text` retrieves by content with permission filtering. The agent does not use it: it is handed a document version and reads that, rather than retrieving what it needs. Blocked platform-wide by: tool permissions (not_met), evaluation results (not_met)."
P27-REQ-108,Plan Sheet Intelligence,not_verified,built,tool permissions; evaluation results,source evidence; deterministic handoff behavior; human-review state; confidence/uncertainty handling; tenant isolation; mapped tests,"Blocked platform-wide by: tool permissions (not_met), evaluation results (not_met)."
P27-REQ-109,Specification Intelligence,not_verified,not_built,tool permissions; evaluation results,source evidence; deterministic handoff behavior; human-review state; confidence/uncertainty handling; tenant isolation; mapped tests,"Specifications are a document type. Nothing reads one as a specification: no section parsing, no requirement extraction, no submittal derivation. Blocked platform-wide by: tool permissions (not_met), evaluation results (not_met)."
P27-REQ-110,Addenda Intelligence,not_verified,not_built,tool permissions; evaluation results,source evidence; deterministic handoff behavior; human-review state; confidence/uncertainty handling; tenant isolation; mapped tests,"Addenda are a document type and revision comparison exists at the document level. Nothing reconciles an addendum against the base set it modifies. Blocked platform-wide by: tool permissions (not_met), evaluation results (not_met)."
P27-REQ-111,RFI/Submittal Intelligence,not_verified,not_built,tool permissions; evaluation results,source evidence; deterministic handoff behavior; human-review state; confidence/uncertainty handling; tenant isolation; mapped tests,"RFIs and submittals are well modeled and no agent reads or drafts one. Blocked platform-wide by: tool permissions (not_met), evaluation results (not_met)."
P27-REQ-112,Quantity Evidence Extraction,not_verified,partial,tool permissions; evaluation results,source evidence; deterministic handoff behavior; human-review state; confidence/uncertainty handling; tenant isolation; mapped tests,"The analyst extracts quantity candidates with citations, units restricted to the engine's own unit set, and a confidence on every one. They are proposals: a person accepts them, and acceptance records the business row created. What is missing is coverage — one document type, one pass, no measurement of how many real quantities it finds. Blocked platform-wide by: tool permissions (not_met), evaluation results (not_met)."
P27-REQ-113,Service Mapping,not_verified,not_built,tool permissions; evaluation results,source evidence; deterministic handoff behavior; human-review state; confidence/uncertainty handling; tenant isolation; mapped tests,"Nothing maps extracted scope to the service library. Blocked platform-wide by: tool permissions (not_met), evaluation results (not_met)."
P27-REQ-114,Assembly Mapping,not_verified,not_built,tool permissions; evaluation results,source evidence; deterministic handoff behavior; human-review state; confidence/uncertainty handling; tenant isolation; mapped tests,"Nothing maps extracted scope to an assembly. Blocked platform-wide by: tool permissions (not_met), evaluation results (not_met)."
P27-REQ-115,Estimate Input Suggestions,not_verified,not_built,tool permissions; evaluation results,source evidence; deterministic handoff behavior; human-review state; confidence/uncertainty handling; tenant isolation; mapped tests,"Nothing suggests an estimate input. The analyst stops at quantity candidates. Blocked platform-wide by: tool permissions (not_met), evaluation results (not_met)."
P27-REQ-116,Production Assumption Review,not_verified,not_built,tool permissions; evaluation results,source evidence; deterministic handoff behavior; human-review state; confidence/uncertainty handling; tenant isolation; mapped tests,"Nothing reviews a production assumption against the catalog or against measured actuals. Blocked platform-wide by: tool permissions (not_met), evaluation results (not_met)."
P27-REQ-117,Crew Recommendation,not_verified,not_built,tool permissions; evaluation results,source evidence; deterministic handoff behavior; human-review state; confidence/uncertainty handling; tenant isolation; mapped tests,"No crew is recommended — the mapping rules exclude this explicitly, because a crew engine is not an AI that recommends crews. Blocked platform-wide by: tool permissions (not_met), evaluation results (not_met)."
P27-REQ-118,Equipment Recommendation,not_verified,not_built,tool permissions; evaluation results,source evidence; deterministic handoff behavior; human-review state; confidence/uncertainty handling; tenant isolation; mapped tests,"Nothing recommends equipment. Blocked platform-wide by: tool permissions (not_met), evaluation results (not_met)."
P27-REQ-119,Truck/Haul Recommendation,not_verified,not_built,tool permissions; evaluation results,source evidence; deterministic handoff behavior; human-review state; confidence/uncertainty handling; tenant isolation; mapped tests,"The trucking engine computes a haul; nothing advises on one. Blocked platform-wide by: tool permissions (not_met), evaluation results (not_met)."
P27-REQ-120,Material/Disposal Recommendation,not_verified,not_built,tool permissions; evaluation results,source evidence; deterministic handoff behavior; human-review state; confidence/uncertainty handling; tenant isolation; mapped tests,"Nothing recommends a material or a disposal route. Blocked platform-wide by: tool permissions (not_met), evaluation results (not_met)."
P27-REQ-121,Estimate Math Review,not_verified,not_built,tool permissions; evaluation results,source evidence; deterministic handoff behavior; human-review state; confidence/uncertainty handling; tenant isolation; mapped tests,"Nothing reviews estimate arithmetic — and under RULE-008 anything that did would propose, never correct. The engine owns the arithmetic and its derivations are already inspectable. Blocked platform-wide by: tool permissions (not_met), evaluation results (not_met)."
P27-REQ-122,Estimate Completeness Review,not_verified,not_built,tool permissions; evaluation results,source evidence; deterministic handoff behavior; human-review state; confidence/uncertainty handling; tenant isolation; mapped tests,"Nothing checks an estimate for missing scope. Blocked platform-wide by: tool permissions (not_met), evaluation results (not_met)."
P27-REQ-123,Pricing Source Review,not_verified,not_built,tool permissions; evaluation results,source evidence; deterministic handoff behavior; human-review state; confidence/uncertainty handling; tenant isolation; mapped tests,"Nothing reviews where a price came from, though the snapshot makes it answerable. Blocked platform-wide by: tool permissions (not_met), evaluation results (not_met)."
P27-REQ-124,Markup Review,not_verified,not_built,tool permissions; evaluation results,source evidence; deterministic handoff behavior; human-review state; confidence/uncertainty handling; tenant isolation; mapped tests,"Nothing reviews a markup profile. Blocked platform-wide by: tool permissions (not_met), evaluation results (not_met)."
P27-REQ-125,Scenario Review,not_verified,not_built,tool permissions; evaluation results,source evidence; deterministic handoff behavior; human-review state; confidence/uncertainty handling; tenant isolation; mapped tests,"Scenario pricing exists in the engine; nothing reviews a scenario. Blocked platform-wide by: tool permissions (not_met), evaluation results (not_met)."
P27-REQ-126,Risk Detection,not_verified,not_built,tool permissions; evaluation results,source evidence; deterministic handoff behavior; human-review state; confidence/uncertainty handling; tenant isolation; mapped tests,"A `risks` table exists and nothing populates it from analysis. Blocked platform-wide by: tool permissions (not_met), evaluation results (not_met)."
P27-REQ-127,Scope Gap Detection,not_verified,not_built,tool permissions; evaluation results,source evidence; deterministic handoff behavior; human-review state; confidence/uncertainty handling; tenant isolation; mapped tests,"Nothing detects a scope gap across a document set. Blocked platform-wide by: tool permissions (not_met), evaluation results (not_met)."
P27-REQ-128,Conflict Detection,not_verified,partial,tool permissions; evaluation results,source evidence; deterministic handoff behavior; human-review state; confidence/uncertainty handling; tenant isolation; mapped tests,"The analyst reports conflicts between sheets and is forbidden by prompt and by validator from resolving one by picking a side. There is no cross-document conflict detection, no addendum-versus-base comparison beyond what a single run sees. Blocked platform-wide by: tool permissions (not_met), evaluation results (not_met)."
P27-REQ-129,Missing Information Detection,not_verified,partial,tool permissions; evaluation results,source evidence; deterministic handoff behavior; human-review state; confidence/uncertainty handling; tenant isolation; mapped tests,"A finding type exists for it and the analyst emits them. Nothing checks a document set for completeness against a required list. Blocked platform-wide by: tool permissions (not_met), evaluation results (not_met)."
P27-REQ-130,Constructability Review,not_verified,not_built,tool permissions; evaluation results,source evidence; deterministic handoff behavior; human-review state; confidence/uncertainty handling; tenant isolation; mapped tests,"Nothing reviews constructability. Blocked platform-wide by: tool permissions (not_met), evaluation results (not_met)."
P27-REQ-131,Safety/Compliance Advisory,not_verified,not_built,tool permissions; evaluation results,source evidence; deterministic handoff behavior; human-review state; confidence/uncertainty handling; tenant isolation; mapped tests,"Nothing advises on safety or compliance, and under RULE-008 anything that did would propose rather than act on safety-critical data. Blocked platform-wide by: tool permissions (not_met), evaluation results (not_met)."
P27-REQ-132,Schedule Risk Advisory,not_verified,not_built,tool permissions; evaluation results,source evidence; deterministic handoff behavior; human-review state; confidence/uncertainty handling; tenant isolation; mapped tests,"Nothing advises on schedule risk, though the critical path engine now makes float and the driving path computable. Blocked platform-wide by: tool permissions (not_met), evaluation results (not_met)."
P27-REQ-133,Commercial Risk Advisory,not_verified,not_built,tool permissions; evaluation results,source evidence; deterministic handoff behavior; human-review state; confidence/uncertainty handling; tenant isolation; mapped tests,"Nothing advises on commercial risk, though contract clauses and claim deadlines are now structured enough to reason over. Blocked platform-wide by: tool permissions (not_met), evaluation results (not_met)."
P27-REQ-134,Agent Orchestration,not_verified,not_built,tool permissions; evaluation results,source evidence; deterministic handoff behavior; human-review state; confidence/uncertainty handling; tenant isolation; mapped tests,"One agent. No orchestration, no plan, no multi-step task. Blocked platform-wide by: tool permissions (not_met), evaluation results (not_met)."
P27-REQ-135,Agent Delegation,not_verified,not_built,tool permissions; evaluation results,source evidence; deterministic handoff behavior; human-review state; confidence/uncertainty handling; tenant isolation; mapped tests,"No agent delegates to another, because there is one. Blocked platform-wide by: tool permissions (not_met), evaluation results (not_met)."
P27-REQ-136,Agent Memory Boundaries,not_verified,not_built,tool permissions; evaluation results,source evidence; deterministic handoff behavior; human-review state; confidence/uncertainty handling; tenant isolation; mapped tests,"No agent memory exists, so there is no boundary to enforce. Recorded as absent rather than as satisfied. Blocked platform-wide by: tool permissions (not_met), evaluation results (not_met)."
P27-REQ-137,Tool Permissioning,not_verified,not_built,tool permissions; evaluation results,source evidence; deterministic handoff behavior; human-review state; confidence/uncertainty handling; tenant isolation; mapped tests,"No tool surface exists. Nothing to permission — the condition fails because there is nothing to verify, not because something is ungoverned. Blocked platform-wide by: tool permissions (not_met), evaluation results (not_met)."
P27-REQ-138,Human Approval Gates,not_verified,built,tool permissions; evaluation results,source evidence; deterministic handoff behavior; human-review state; confidence/uncertainty handling; tenant isolation; mapped tests,"Blocked platform-wide by: tool permissions (not_met), evaluation results (not_met)."
P27-REQ-139,AI Evidence & Citations,not_verified,built,tool permissions; evaluation results,source evidence; deterministic handoff behavior; human-review state; confidence/uncertainty handling; tenant isolation; mapped tests,"Blocked platform-wide by: tool permissions (not_met), evaluation results (not_met)."
P27-REQ-140,Confidence Scoring,not_verified,built,tool permissions; evaluation results,source evidence; deterministic handoff behavior; human-review state; confidence/uncertainty handling; tenant isolation; mapped tests,"Blocked platform-wide by: tool permissions (not_met), evaluation results (not_met)."
P27-REQ-141,Model/Prompt Versioning,not_verified,built,tool permissions; evaluation results,source evidence; deterministic handoff behavior; human-review state; confidence/uncertainty handling; tenant isolation; mapped tests,"Blocked platform-wide by: tool permissions (not_met), evaluation results (not_met)."
P27-REQ-142,AI Evaluation,not_verified,partial,tool permissions; evaluation results,source evidence; deterministic handoff behavior; human-review state; confidence/uncertainty handling; tenant isolation; mapped tests,"The contract is tested thoroughly — 28 tests over the prompt's prohibitions, the output schema, citation enforcement, confidence bounds and unit restriction. None of that is evaluation: nothing measures whether the findings are correct. Blocked platform-wide by: tool permissions (not_met), evaluation results (not_met)."
P27-REQ-143,Regression Testing,not_verified,partial,tool permissions; evaluation results,source evidence; deterministic handoff behavior; human-review state; confidence/uncertainty handling; tenant isolation; mapped tests,"The prompt's prohibitions and the validator's rules are pinned by test, so a change that loosens a guardrail fails the build. There is no regression suite over model outputs, because there are no recorded outputs to regress against. Blocked platform-wide by: tool permissions (not_met), evaluation results (not_met)."
P27-REQ-144,Hallucination Guardrails,not_verified,built,tool permissions; evaluation results,source evidence; deterministic handoff behavior; human-review state; confidence/uncertainty handling; tenant isolation; mapped tests,"Blocked platform-wide by: tool permissions (not_met), evaluation results (not_met)."
P27-REQ-145,Cost/Token Controls,not_verified,built,tool permissions; evaluation results,source evidence; deterministic handoff behavior; human-review state; confidence/uncertainty handling; tenant isolation; mapped tests,"Blocked platform-wide by: tool permissions (not_met), evaluation results (not_met)."
P27-REQ-146,Latency Controls,not_verified,not_built,tool permissions; evaluation results,source evidence; deterministic handoff behavior; human-review state; confidence/uncertainty handling; tenant isolation; mapped tests,"Duration is recorded on every run and nothing bounds it: no timeout budget, no degradation under load. Blocked platform-wide by: tool permissions (not_met), evaluation results (not_met)."
P27-REQ-147,Provider Abstraction,not_verified,partial,tool permissions; evaluation results,source evidence; deterministic handoff behavior; human-review state; confidence/uncertainty handling; tenant isolation; mapped tests,"The model and prompt version are recorded on every message and every extraction, so a change is visible after the fact. The provider itself is not abstracted: one client, one vendor, one model constant. Blocked platform-wide by: tool permissions (not_met), evaluation results (not_met)."
P27-REQ-148,Fallback/Degradation,not_verified,not_built,tool permissions; evaluation results,source evidence; deterministic handoff behavior; human-review state; confidence/uncertainty handling; tenant isolation; mapped tests,"A missing API key is reported as not configured, which is a refusal rather than a fallback. No secondary provider, no reduced mode, no queue for later. Blocked platform-wide by: tool permissions (not_met), evaluation results (not_met)."
P27-REQ-149,AI Audit Trail,not_verified,built,tool permissions; evaluation results,source evidence; deterministic handoff behavior; human-review state; confidence/uncertainty handling; tenant isolation; mapped tests,"Blocked platform-wide by: tool permissions (not_met), evaluation results (not_met)."
P27-REQ-150,Feedback & Calibration,not_verified,not_built,tool permissions; evaluation results,source evidence; deterministic handoff behavior; human-review state; confidence/uncertainty handling; tenant isolation; mapped tests,"Acceptance and rejection of every finding is recorded, which is the raw material for calibration, and nothing consumes it. The production calibration path exists for rates and not for the agent. Blocked platform-wide by: tool permissions (not_met), evaluation results (not_met)."
P27-REQ-151,Autonomous Background Tasks,not_verified,not_built,tool permissions; evaluation results,source evidence; deterministic handoff behavior; human-review state; confidence/uncertainty handling; tenant isolation; mapped tests,"None, by design. `ai_agents_never_autonomous` makes an autonomous agent unconfigurable, and that constraint is the platform keeping a promise rather than a gap. Blocked platform-wide by: tool permissions (not_met), evaluation results (not_met)."
P27-REQ-152,Digital Twin AI Context,not_verified,not_built,tool permissions; evaluation results,source evidence; deterministic handoff behavior; human-review state; confidence/uncertainty handling; tenant isolation; mapped tests,"Not built and not planned; in the globally excluded class. Blocked platform-wide by: tool permissions (not_met), evaluation results (not_met)."
P27-REQ-153,AI Incident Response,not_verified,not_built,tool permissions; evaluation results,source evidence; deterministic handoff behavior; human-review state; confidence/uncertainty handling; tenant isolation; mapped tests,"No AI incident process — the AI face of the detection and response gap P28 named. Blocked platform-wide by: tool permissions (not_met), evaluation results (not_met)."
P27-REQ-154,AI Copilot Core,not_verified,partial,tool permissions; evaluation results,source evidence; deterministic handoff behavior; human-review state; confidence/uncertainty handling; tenant isolation; mapped tests,"One governed agent exists with a registry entry, an authority cap, a system prompt held to by test, and a validator that enforces the contract the prompt only asks for. There is no copilot: no chat surface, no general assistant, no task the user starts in their own words. Blocked platform-wide by: tool permissions (not_met), evaluation results (not_met)."
P27-REQ-155,Conversation Context,not_verified,partial,tool permissions; evaluation results,source evidence; deterministic handoff behavior; human-review state; confidence/uncertainty handling; tenant isolation; mapped tests,"`ai_conversations` and `ai_messages` model a transcript with roles, model, prompt version, tokens and latency, and the transcript is append-only. Nothing maintains context across turns, because there are no turns — the analyst is a single request. Blocked platform-wide by: tool permissions (not_met), evaluation results (not_met)."
P27-REQ-156,Tool Routing,not_verified,not_built,tool permissions; evaluation results,source evidence; deterministic handoff behavior; human-review state; confidence/uncertainty handling; tenant isolation; mapped tests,"The agent has no tools. There is nothing to route, and no router. Blocked platform-wide by: tool permissions (not_met), evaluation results (not_met)."
P27-REQ-157,Construction Knowledge Retrieval,not_verified,not_built,tool permissions; evaluation results,source evidence; deterministic handoff behavior; human-review state; confidence/uncertainty handling; tenant isolation; mapped tests,"No retrieval layer over construction knowledge — the absence the traceability rules already exclude globally. Blocked platform-wide by: tool permissions (not_met), evaluation results (not_met)."
P27-REQ-158,Document Retrieval,not_verified,partial,tool permissions; evaluation results,source evidence; deterministic handoff behavior; human-review state; confidence/uncertainty handling; tenant isolation; mapped tests,"Documents, versions and sheets carry extracted text, and since P15 `app.search_document_text` retrieves by content with permission filtering. The agent does not use it: it is handed a document version and reads that, rather than retrieving what it needs. Blocked platform-wide by: tool permissions (not_met), evaluation results (not_met)."
P27-REQ-159,Plan Sheet Intelligence,not_verified,built,tool permissions; evaluation results,source evidence; deterministic handoff behavior; human-review state; confidence/uncertainty handling; tenant isolation; mapped tests,"Blocked platform-wide by: tool permissions (not_met), evaluation results (not_met)."
P27-REQ-160,Specification Intelligence,not_verified,not_built,tool permissions; evaluation results,source evidence; deterministic handoff behavior; human-review state; confidence/uncertainty handling; tenant isolation; mapped tests,"Specifications are a document type. Nothing reads one as a specification: no section parsing, no requirement extraction, no submittal derivation. Blocked platform-wide by: tool permissions (not_met), evaluation results (not_met)."
P27-REQ-161,Addenda Intelligence,not_verified,not_built,tool permissions; evaluation results,source evidence; deterministic handoff behavior; human-review state; confidence/uncertainty handling; tenant isolation; mapped tests,"Addenda are a document type and revision comparison exists at the document level. Nothing reconciles an addendum against the base set it modifies. Blocked platform-wide by: tool permissions (not_met), evaluation results (not_met)."
P27-REQ-162,RFI/Submittal Intelligence,not_verified,not_built,tool permissions; evaluation results,source evidence; deterministic handoff behavior; human-review state; confidence/uncertainty handling; tenant isolation; mapped tests,"RFIs and submittals are well modeled and no agent reads or drafts one. Blocked platform-wide by: tool permissions (not_met), evaluation results (not_met)."
P27-REQ-163,Quantity Evidence Extraction,not_verified,partial,tool permissions; evaluation results,source evidence; deterministic handoff behavior; human-review state; confidence/uncertainty handling; tenant isolation; mapped tests,"The analyst extracts quantity candidates with citations, units restricted to the engine's own unit set, and a confidence on every one. They are proposals: a person accepts them, and acceptance records the business row created. What is missing is coverage — one document type, one pass, no measurement of how many real quantities it finds. Blocked platform-wide by: tool permissions (not_met), evaluation results (not_met)."
P27-REQ-164,Service Mapping,not_verified,not_built,tool permissions; evaluation results,source evidence; deterministic handoff behavior; human-review state; confidence/uncertainty handling; tenant isolation; mapped tests,"Nothing maps extracted scope to the service library. Blocked platform-wide by: tool permissions (not_met), evaluation results (not_met)."
P27-REQ-165,Assembly Mapping,not_verified,not_built,tool permissions; evaluation results,source evidence; deterministic handoff behavior; human-review state; confidence/uncertainty handling; tenant isolation; mapped tests,"Nothing maps extracted scope to an assembly. Blocked platform-wide by: tool permissions (not_met), evaluation results (not_met)."
P27-REQ-166,Estimate Input Suggestions,not_verified,not_built,tool permissions; evaluation results,source evidence; deterministic handoff behavior; human-review state; confidence/uncertainty handling; tenant isolation; mapped tests,"Nothing suggests an estimate input. The analyst stops at quantity candidates. Blocked platform-wide by: tool permissions (not_met), evaluation results (not_met)."
P27-REQ-167,Production Assumption Review,not_verified,not_built,tool permissions; evaluation results,source evidence; deterministic handoff behavior; human-review state; confidence/uncertainty handling; tenant isolation; mapped tests,"Nothing reviews a production assumption against the catalog or against measured actuals. Blocked platform-wide by: tool permissions (not_met), evaluation results (not_met)."
P27-REQ-168,Crew Recommendation,not_verified,not_built,tool permissions; evaluation results,source evidence; deterministic handoff behavior; human-review state; confidence/uncertainty handling; tenant isolation; mapped tests,"No crew is recommended — the mapping rules exclude this explicitly, because a crew engine is not an AI that recommends crews. Blocked platform-wide by: tool permissions (not_met), evaluation results (not_met)."
P27-REQ-169,Equipment Recommendation,not_verified,not_built,tool permissions; evaluation results,source evidence; deterministic handoff behavior; human-review state; confidence/uncertainty handling; tenant isolation; mapped tests,"Nothing recommends equipment. Blocked platform-wide by: tool permissions (not_met), evaluation results (not_met)."
P27-REQ-170,Truck/Haul Recommendation,not_verified,not_built,tool permissions; evaluation results,source evidence; deterministic handoff behavior; human-review state; confidence/uncertainty handling; tenant isolation; mapped tests,"The trucking engine computes a haul; nothing advises on one. Blocked platform-wide by: tool permissions (not_met), evaluation results (not_met)."
P27-REQ-171,Material/Disposal Recommendation,not_verified,not_built,tool permissions; evaluation results,source evidence; deterministic handoff behavior; human-review state; confidence/uncertainty handling; tenant isolation; mapped tests,"Nothing recommends a material or a disposal route. Blocked platform-wide by: tool permissions (not_met), evaluation results (not_met)."
P27-REQ-172,Estimate Math Review,not_verified,not_built,tool permissions; evaluation results,source evidence; deterministic handoff behavior; human-review state; confidence/uncertainty handling; tenant isolation; mapped tests,"Nothing reviews estimate arithmetic — and under RULE-008 anything that did would propose, never correct. The engine owns the arithmetic and its derivations are already inspectable. Blocked platform-wide by: tool permissions (not_met), evaluation results (not_met)."
P27-REQ-173,Estimate Completeness Review,not_verified,not_built,tool permissions; evaluation results,source evidence; deterministic handoff behavior; human-review state; confidence/uncertainty handling; tenant isolation; mapped tests,"Nothing checks an estimate for missing scope. Blocked platform-wide by: tool permissions (not_met), evaluation results (not_met)."
P27-REQ-174,Pricing Source Review,not_verified,not_built,tool permissions; evaluation results,source evidence; deterministic handoff behavior; human-review state; confidence/uncertainty handling; tenant isolation; mapped tests,"Nothing reviews where a price came from, though the snapshot makes it answerable. Blocked platform-wide by: tool permissions (not_met), evaluation results (not_met)."
P27-REQ-175,Markup Review,not_verified,not_built,tool permissions; evaluation results,source evidence; deterministic handoff behavior; human-review state; confidence/uncertainty handling; tenant isolation; mapped tests,"Nothing reviews a markup profile. Blocked platform-wide by: tool permissions (not_met), evaluation results (not_met)."
P27-REQ-176,Scenario Review,not_verified,not_built,tool permissions; evaluation results,source evidence; deterministic handoff behavior; human-review state; confidence/uncertainty handling; tenant isolation; mapped tests,"Scenario pricing exists in the engine; nothing reviews a scenario. Blocked platform-wide by: tool permissions (not_met), evaluation results (not_met)."
P27-REQ-177,Risk Detection,not_verified,not_built,tool permissions; evaluation results,source evidence; deterministic handoff behavior; human-review state; confidence/uncertainty handling; tenant isolation; mapped tests,"A `risks` table exists and nothing populates it from analysis. Blocked platform-wide by: tool permissions (not_met), evaluation results (not_met)."
P27-REQ-178,Scope Gap Detection,not_verified,not_built,tool permissions; evaluation results,source evidence; deterministic handoff behavior; human-review state; confidence/uncertainty handling; tenant isolation; mapped tests,"Nothing detects a scope gap across a document set. Blocked platform-wide by: tool permissions (not_met), evaluation results (not_met)."
P27-REQ-179,Conflict Detection,not_verified,partial,tool permissions; evaluation results,source evidence; deterministic handoff behavior; human-review state; confidence/uncertainty handling; tenant isolation; mapped tests,"The analyst reports conflicts between sheets and is forbidden by prompt and by validator from resolving one by picking a side. There is no cross-document conflict detection, no addendum-versus-base comparison beyond what a single run sees. Blocked platform-wide by: tool permissions (not_met), evaluation results (not_met)."
P27-REQ-180,Missing Information Detection,not_verified,partial,tool permissions; evaluation results,source evidence; deterministic handoff behavior; human-review state; confidence/uncertainty handling; tenant isolation; mapped tests,"A finding type exists for it and the analyst emits them. Nothing checks a document set for completeness against a required list. Blocked platform-wide by: tool permissions (not_met), evaluation results (not_met)."
P27-REQ-181,Constructability Review,not_verified,not_built,tool permissions; evaluation results,source evidence; deterministic handoff behavior; human-review state; confidence/uncertainty handling; tenant isolation; mapped tests,"Nothing reviews constructability. Blocked platform-wide by: tool permissions (not_met), evaluation results (not_met)."
P27-REQ-182,Safety/Compliance Advisory,not_verified,not_built,tool permissions; evaluation results,source evidence; deterministic handoff behavior; human-review state; confidence/uncertainty handling; tenant isolation; mapped tests,"Nothing advises on safety or compliance, and under RULE-008 anything that did would propose rather than act on safety-critical data. Blocked platform-wide by: tool permissions (not_met), evaluation results (not_met)."
P27-REQ-183,Schedule Risk Advisory,not_verified,not_built,tool permissions; evaluation results,source evidence; deterministic handoff behavior; human-review state; confidence/uncertainty handling; tenant isolation; mapped tests,"Nothing advises on schedule risk, though the critical path engine now makes float and the driving path computable. Blocked platform-wide by: tool permissions (not_met), evaluation results (not_met)."
P27-REQ-184,Commercial Risk Advisory,not_verified,not_built,tool permissions; evaluation results,source evidence; deterministic handoff behavior; human-review state; confidence/uncertainty handling; tenant isolation; mapped tests,"Nothing advises on commercial risk, though contract clauses and claim deadlines are now structured enough to reason over. Blocked platform-wide by: tool permissions (not_met), evaluation results (not_met)."
P27-REQ-185,Agent Orchestration,not_verified,not_built,tool permissions; evaluation results,source evidence; deterministic handoff behavior; human-review state; confidence/uncertainty handling; tenant isolation; mapped tests,"One agent. No orchestration, no plan, no multi-step task. Blocked platform-wide by: tool permissions (not_met), evaluation results (not_met)."
P27-REQ-186,Agent Delegation,not_verified,not_built,tool permissions; evaluation results,source evidence; deterministic handoff behavior; human-review state; confidence/uncertainty handling; tenant isolation; mapped tests,"No agent delegates to another, because there is one. Blocked platform-wide by: tool permissions (not_met), evaluation results (not_met)."
P27-REQ-187,Agent Memory Boundaries,not_verified,not_built,tool permissions; evaluation results,source evidence; deterministic handoff behavior; human-review state; confidence/uncertainty handling; tenant isolation; mapped tests,"No agent memory exists, so there is no boundary to enforce. Recorded as absent rather than as satisfied. Blocked platform-wide by: tool permissions (not_met), evaluation results (not_met)."
P27-REQ-188,Tool Permissioning,not_verified,not_built,tool permissions; evaluation results,source evidence; deterministic handoff behavior; human-review state; confidence/uncertainty handling; tenant isolation; mapped tests,"No tool surface exists. Nothing to permission — the condition fails because there is nothing to verify, not because something is ungoverned. Blocked platform-wide by: tool permissions (not_met), evaluation results (not_met)."
P27-REQ-189,Human Approval Gates,not_verified,built,tool permissions; evaluation results,source evidence; deterministic handoff behavior; human-review state; confidence/uncertainty handling; tenant isolation; mapped tests,"Blocked platform-wide by: tool permissions (not_met), evaluation results (not_met)."
P27-REQ-190,AI Evidence & Citations,not_verified,built,tool permissions; evaluation results,source evidence; deterministic handoff behavior; human-review state; confidence/uncertainty handling; tenant isolation; mapped tests,"Blocked platform-wide by: tool permissions (not_met), evaluation results (not_met)."
P27-REQ-191,Confidence Scoring,not_verified,built,tool permissions; evaluation results,source evidence; deterministic handoff behavior; human-review state; confidence/uncertainty handling; tenant isolation; mapped tests,"Blocked platform-wide by: tool permissions (not_met), evaluation results (not_met)."
P27-REQ-192,Model/Prompt Versioning,not_verified,built,tool permissions; evaluation results,source evidence; deterministic handoff behavior; human-review state; confidence/uncertainty handling; tenant isolation; mapped tests,"Blocked platform-wide by: tool permissions (not_met), evaluation results (not_met)."
P27-REQ-193,AI Evaluation,not_verified,partial,tool permissions; evaluation results,source evidence; deterministic handoff behavior; human-review state; confidence/uncertainty handling; tenant isolation; mapped tests,"The contract is tested thoroughly — 28 tests over the prompt's prohibitions, the output schema, citation enforcement, confidence bounds and unit restriction. None of that is evaluation: nothing measures whether the findings are correct. Blocked platform-wide by: tool permissions (not_met), evaluation results (not_met)."
P27-REQ-194,Regression Testing,not_verified,partial,tool permissions; evaluation results,source evidence; deterministic handoff behavior; human-review state; confidence/uncertainty handling; tenant isolation; mapped tests,"The prompt's prohibitions and the validator's rules are pinned by test, so a change that loosens a guardrail fails the build. There is no regression suite over model outputs, because there are no recorded outputs to regress against. Blocked platform-wide by: tool permissions (not_met), evaluation results (not_met)."
P27-REQ-195,Hallucination Guardrails,not_verified,built,tool permissions; evaluation results,source evidence; deterministic handoff behavior; human-review state; confidence/uncertainty handling; tenant isolation; mapped tests,"Blocked platform-wide by: tool permissions (not_met), evaluation results (not_met)."
P27-REQ-196,Cost/Token Controls,not_verified,built,tool permissions; evaluation results,source evidence; deterministic handoff behavior; human-review state; confidence/uncertainty handling; tenant isolation; mapped tests,"Blocked platform-wide by: tool permissions (not_met), evaluation results (not_met)."
P27-REQ-197,Latency Controls,not_verified,not_built,tool permissions; evaluation results,source evidence; deterministic handoff behavior; human-review state; confidence/uncertainty handling; tenant isolation; mapped tests,"Duration is recorded on every run and nothing bounds it: no timeout budget, no degradation under load. Blocked platform-wide by: tool permissions (not_met), evaluation results (not_met)."
P27-REQ-198,Provider Abstraction,not_verified,partial,tool permissions; evaluation results,source evidence; deterministic handoff behavior; human-review state; confidence/uncertainty handling; tenant isolation; mapped tests,"The model and prompt version are recorded on every message and every extraction, so a change is visible after the fact. The provider itself is not abstracted: one client, one vendor, one model constant. Blocked platform-wide by: tool permissions (not_met), evaluation results (not_met)."
P27-REQ-199,Fallback/Degradation,not_verified,not_built,tool permissions; evaluation results,source evidence; deterministic handoff behavior; human-review state; confidence/uncertainty handling; tenant isolation; mapped tests,"A missing API key is reported as not configured, which is a refusal rather than a fallback. No secondary provider, no reduced mode, no queue for later. Blocked platform-wide by: tool permissions (not_met), evaluation results (not_met)."
P27-REQ-200,AI Audit Trail,not_verified,built,tool permissions; evaluation results,source evidence; deterministic handoff behavior; human-review state; confidence/uncertainty handling; tenant isolation; mapped tests,"Blocked platform-wide by: tool permissions (not_met), evaluation results (not_met)."
P27-REQ-201,Feedback & Calibration,not_verified,not_built,tool permissions; evaluation results,source evidence; deterministic handoff behavior; human-review state; confidence/uncertainty handling; tenant isolation; mapped tests,"Acceptance and rejection of every finding is recorded, which is the raw material for calibration, and nothing consumes it. The production calibration path exists for rates and not for the agent. Blocked platform-wide by: tool permissions (not_met), evaluation results (not_met)."
P27-REQ-202,Autonomous Background Tasks,not_verified,not_built,tool permissions; evaluation results,source evidence; deterministic handoff behavior; human-review state; confidence/uncertainty handling; tenant isolation; mapped tests,"None, by design. `ai_agents_never_autonomous` makes an autonomous agent unconfigurable, and that constraint is the platform keeping a promise rather than a gap. Blocked platform-wide by: tool permissions (not_met), evaluation results (not_met)."
P27-REQ-203,Digital Twin AI Context,not_verified,not_built,tool permissions; evaluation results,source evidence; deterministic handoff behavior; human-review state; confidence/uncertainty handling; tenant isolation; mapped tests,"Not built and not planned; in the globally excluded class. Blocked platform-wide by: tool permissions (not_met), evaluation results (not_met)."
P27-REQ-204,AI Incident Response,not_verified,not_built,tool permissions; evaluation results,source evidence; deterministic handoff behavior; human-review state; confidence/uncertainty handling; tenant isolation; mapped tests,"No AI incident process — the AI face of the detection and response gap P28 named. Blocked platform-wide by: tool permissions (not_met), evaluation results (not_met)."
P27-REQ-205,AI Copilot Core,not_verified,partial,tool permissions; evaluation results,source evidence; deterministic handoff behavior; human-review state; confidence/uncertainty handling; tenant isolation; mapped tests,"One governed agent exists with a registry entry, an authority cap, a system prompt held to by test, and a validator that enforces the contract the prompt only asks for. There is no copilot: no chat surface, no general assistant, no task the user starts in their own words. Blocked platform-wide by: tool permissions (not_met), evaluation results (not_met)."
P27-REQ-206,Conversation Context,not_verified,partial,tool permissions; evaluation results,source evidence; deterministic handoff behavior; human-review state; confidence/uncertainty handling; tenant isolation; mapped tests,"`ai_conversations` and `ai_messages` model a transcript with roles, model, prompt version, tokens and latency, and the transcript is append-only. Nothing maintains context across turns, because there are no turns — the analyst is a single request. Blocked platform-wide by: tool permissions (not_met), evaluation results (not_met)."
P27-REQ-207,Tool Routing,not_verified,not_built,tool permissions; evaluation results,source evidence; deterministic handoff behavior; human-review state; confidence/uncertainty handling; tenant isolation; mapped tests,"The agent has no tools. There is nothing to route, and no router. Blocked platform-wide by: tool permissions (not_met), evaluation results (not_met)."
P27-REQ-208,Construction Knowledge Retrieval,not_verified,not_built,tool permissions; evaluation results,source evidence; deterministic handoff behavior; human-review state; confidence/uncertainty handling; tenant isolation; mapped tests,"No retrieval layer over construction knowledge — the absence the traceability rules already exclude globally. Blocked platform-wide by: tool permissions (not_met), evaluation results (not_met)."
P27-REQ-209,Document Retrieval,not_verified,partial,tool permissions; evaluation results,source evidence; deterministic handoff behavior; human-review state; confidence/uncertainty handling; tenant isolation; mapped tests,"Documents, versions and sheets carry extracted text, and since P15 `app.search_document_text` retrieves by content with permission filtering. The agent does not use it: it is handed a document version and reads that, rather than retrieving what it needs. Blocked platform-wide by: tool permissions (not_met), evaluation results (not_met)."
P27-REQ-210,Plan Sheet Intelligence,not_verified,built,tool permissions; evaluation results,source evidence; deterministic handoff behavior; human-review state; confidence/uncertainty handling; tenant isolation; mapped tests,"Blocked platform-wide by: tool permissions (not_met), evaluation results (not_met)."
P27-REQ-211,Specification Intelligence,not_verified,not_built,tool permissions; evaluation results,source evidence; deterministic handoff behavior; human-review state; confidence/uncertainty handling; tenant isolation; mapped tests,"Specifications are a document type. Nothing reads one as a specification: no section parsing, no requirement extraction, no submittal derivation. Blocked platform-wide by: tool permissions (not_met), evaluation results (not_met)."
P27-REQ-212,Addenda Intelligence,not_verified,not_built,tool permissions; evaluation results,source evidence; deterministic handoff behavior; human-review state; confidence/uncertainty handling; tenant isolation; mapped tests,"Addenda are a document type and revision comparison exists at the document level. Nothing reconciles an addendum against the base set it modifies. Blocked platform-wide by: tool permissions (not_met), evaluation results (not_met)."
P27-REQ-213,RFI/Submittal Intelligence,not_verified,not_built,tool permissions; evaluation results,source evidence; deterministic handoff behavior; human-review state; confidence/uncertainty handling; tenant isolation; mapped tests,"RFIs and submittals are well modeled and no agent reads or drafts one. Blocked platform-wide by: tool permissions (not_met), evaluation results (not_met)."
P27-REQ-214,Quantity Evidence Extraction,not_verified,partial,tool permissions; evaluation results,source evidence; deterministic handoff behavior; human-review state; confidence/uncertainty handling; tenant isolation; mapped tests,"The analyst extracts quantity candidates with citations, units restricted to the engine's own unit set, and a confidence on every one. They are proposals: a person accepts them, and acceptance records the business row created. What is missing is coverage — one document type, one pass, no measurement of how many real quantities it finds. Blocked platform-wide by: tool permissions (not_met), evaluation results (not_met)."
P27-REQ-215,Service Mapping,not_verified,not_built,tool permissions; evaluation results,source evidence; deterministic handoff behavior; human-review state; confidence/uncertainty handling; tenant isolation; mapped tests,"Nothing maps extracted scope to the service library. Blocked platform-wide by: tool permissions (not_met), evaluation results (not_met)."
P27-REQ-216,Assembly Mapping,not_verified,not_built,tool permissions; evaluation results,source evidence; deterministic handoff behavior; human-review state; confidence/uncertainty handling; tenant isolation; mapped tests,"Nothing maps extracted scope to an assembly. Blocked platform-wide by: tool permissions (not_met), evaluation results (not_met)."
P27-REQ-217,Estimate Input Suggestions,not_verified,not_built,tool permissions; evaluation results,source evidence; deterministic handoff behavior; human-review state; confidence/uncertainty handling; tenant isolation; mapped tests,"Nothing suggests an estimate input. The analyst stops at quantity candidates. Blocked platform-wide by: tool permissions (not_met), evaluation results (not_met)."
P27-REQ-218,Production Assumption Review,not_verified,not_built,tool permissions; evaluation results,source evidence; deterministic handoff behavior; human-review state; confidence/uncertainty handling; tenant isolation; mapped tests,"Nothing reviews a production assumption against the catalog or against measured actuals. Blocked platform-wide by: tool permissions (not_met), evaluation results (not_met)."
P27-REQ-219,Crew Recommendation,not_verified,not_built,tool permissions; evaluation results,source evidence; deterministic handoff behavior; human-review state; confidence/uncertainty handling; tenant isolation; mapped tests,"No crew is recommended — the mapping rules exclude this explicitly, because a crew engine is not an AI that recommends crews. Blocked platform-wide by: tool permissions (not_met), evaluation results (not_met)."
P27-REQ-220,Equipment Recommendation,not_verified,not_built,tool permissions; evaluation results,source evidence; deterministic handoff behavior; human-review state; confidence/uncertainty handling; tenant isolation; mapped tests,"Nothing recommends equipment. Blocked platform-wide by: tool permissions (not_met), evaluation results (not_met)."
P27-REQ-221,Truck/Haul Recommendation,not_verified,not_built,tool permissions; evaluation results,source evidence; deterministic handoff behavior; human-review state; confidence/uncertainty handling; tenant isolation; mapped tests,"The trucking engine computes a haul; nothing advises on one. Blocked platform-wide by: tool permissions (not_met), evaluation results (not_met)."
P27-REQ-222,Material/Disposal Recommendation,not_verified,not_built,tool permissions; evaluation results,source evidence; deterministic handoff behavior; human-review state; confidence/uncertainty handling; tenant isolation; mapped tests,"Nothing recommends a material or a disposal route. Blocked platform-wide by: tool permissions (not_met), evaluation results (not_met)."
P27-REQ-223,Estimate Math Review,not_verified,not_built,tool permissions; evaluation results,source evidence; deterministic handoff behavior; human-review state; confidence/uncertainty handling; tenant isolation; mapped tests,"Nothing reviews estimate arithmetic — and under RULE-008 anything that did would propose, never correct. The engine owns the arithmetic and its derivations are already inspectable. Blocked platform-wide by: tool permissions (not_met), evaluation results (not_met)."
P27-REQ-224,Estimate Completeness Review,not_verified,not_built,tool permissions; evaluation results,source evidence; deterministic handoff behavior; human-review state; confidence/uncertainty handling; tenant isolation; mapped tests,"Nothing checks an estimate for missing scope. Blocked platform-wide by: tool permissions (not_met), evaluation results (not_met)."
P27-REQ-225,Pricing Source Review,not_verified,not_built,tool permissions; evaluation results,source evidence; deterministic handoff behavior; human-review state; confidence/uncertainty handling; tenant isolation; mapped tests,"Nothing reviews where a price came from, though the snapshot makes it answerable. Blocked platform-wide by: tool permissions (not_met), evaluation results (not_met)."
P27-REQ-226,Markup Review,not_verified,not_built,tool permissions; evaluation results,source evidence; deterministic handoff behavior; human-review state; confidence/uncertainty handling; tenant isolation; mapped tests,"Nothing reviews a markup profile. Blocked platform-wide by: tool permissions (not_met), evaluation results (not_met)."
P27-REQ-227,Scenario Review,not_verified,not_built,tool permissions; evaluation results,source evidence; deterministic handoff behavior; human-review state; confidence/uncertainty handling; tenant isolation; mapped tests,"Scenario pricing exists in the engine; nothing reviews a scenario. Blocked platform-wide by: tool permissions (not_met), evaluation results (not_met)."
P27-REQ-228,Risk Detection,not_verified,not_built,tool permissions; evaluation results,source evidence; deterministic handoff behavior; human-review state; confidence/uncertainty handling; tenant isolation; mapped tests,"A `risks` table exists and nothing populates it from analysis. Blocked platform-wide by: tool permissions (not_met), evaluation results (not_met)."
P27-REQ-229,Scope Gap Detection,not_verified,not_built,tool permissions; evaluation results,source evidence; deterministic handoff behavior; human-review state; confidence/uncertainty handling; tenant isolation; mapped tests,"Nothing detects a scope gap across a document set. Blocked platform-wide by: tool permissions (not_met), evaluation results (not_met)."
P27-REQ-230,Conflict Detection,not_verified,partial,tool permissions; evaluation results,source evidence; deterministic handoff behavior; human-review state; confidence/uncertainty handling; tenant isolation; mapped tests,"The analyst reports conflicts between sheets and is forbidden by prompt and by validator from resolving one by picking a side. There is no cross-document conflict detection, no addendum-versus-base comparison beyond what a single run sees. Blocked platform-wide by: tool permissions (not_met), evaluation results (not_met)."
P27-REQ-231,Missing Information Detection,not_verified,partial,tool permissions; evaluation results,source evidence; deterministic handoff behavior; human-review state; confidence/uncertainty handling; tenant isolation; mapped tests,"A finding type exists for it and the analyst emits them. Nothing checks a document set for completeness against a required list. Blocked platform-wide by: tool permissions (not_met), evaluation results (not_met)."
P27-REQ-232,Constructability Review,not_verified,not_built,tool permissions; evaluation results,source evidence; deterministic handoff behavior; human-review state; confidence/uncertainty handling; tenant isolation; mapped tests,"Nothing reviews constructability. Blocked platform-wide by: tool permissions (not_met), evaluation results (not_met)."
P27-REQ-233,Safety/Compliance Advisory,not_verified,not_built,tool permissions; evaluation results,source evidence; deterministic handoff behavior; human-review state; confidence/uncertainty handling; tenant isolation; mapped tests,"Nothing advises on safety or compliance, and under RULE-008 anything that did would propose rather than act on safety-critical data. Blocked platform-wide by: tool permissions (not_met), evaluation results (not_met)."
P27-REQ-234,Schedule Risk Advisory,not_verified,not_built,tool permissions; evaluation results,source evidence; deterministic handoff behavior; human-review state; confidence/uncertainty handling; tenant isolation; mapped tests,"Nothing advises on schedule risk, though the critical path engine now makes float and the driving path computable. Blocked platform-wide by: tool permissions (not_met), evaluation results (not_met)."
P27-REQ-235,Commercial Risk Advisory,not_verified,not_built,tool permissions; evaluation results,source evidence; deterministic handoff behavior; human-review state; confidence/uncertainty handling; tenant isolation; mapped tests,"Nothing advises on commercial risk, though contract clauses and claim deadlines are now structured enough to reason over. Blocked platform-wide by: tool permissions (not_met), evaluation results (not_met)."
P27-REQ-236,Agent Orchestration,not_verified,not_built,tool permissions; evaluation results,source evidence; deterministic handoff behavior; human-review state; confidence/uncertainty handling; tenant isolation; mapped tests,"One agent. No orchestration, no plan, no multi-step task. Blocked platform-wide by: tool permissions (not_met), evaluation results (not_met)."
P27-REQ-237,Agent Delegation,not_verified,not_built,tool permissions; evaluation results,source evidence; deterministic handoff behavior; human-review state; confidence/uncertainty handling; tenant isolation; mapped tests,"No agent delegates to another, because there is one. Blocked platform-wide by: tool permissions (not_met), evaluation results (not_met)."
P27-REQ-238,Agent Memory Boundaries,not_verified,not_built,tool permissions; evaluation results,source evidence; deterministic handoff behavior; human-review state; confidence/uncertainty handling; tenant isolation; mapped tests,"No agent memory exists, so there is no boundary to enforce. Recorded as absent rather than as satisfied. Blocked platform-wide by: tool permissions (not_met), evaluation results (not_met)."
P27-REQ-239,Tool Permissioning,not_verified,not_built,tool permissions; evaluation results,source evidence; deterministic handoff behavior; human-review state; confidence/uncertainty handling; tenant isolation; mapped tests,"No tool surface exists. Nothing to permission — the condition fails because there is nothing to verify, not because something is ungoverned. Blocked platform-wide by: tool permissions (not_met), evaluation results (not_met)."
P27-REQ-240,Human Approval Gates,not_verified,built,tool permissions; evaluation results,source evidence; deterministic handoff behavior; human-review state; confidence/uncertainty handling; tenant isolation; mapped tests,"Blocked platform-wide by: tool permissions (not_met), evaluation results (not_met)."
P27-REQ-241,AI Evidence & Citations,not_verified,built,tool permissions; evaluation results,source evidence; deterministic handoff behavior; human-review state; confidence/uncertainty handling; tenant isolation; mapped tests,"Blocked platform-wide by: tool permissions (not_met), evaluation results (not_met)."
P27-REQ-242,Confidence Scoring,not_verified,built,tool permissions; evaluation results,source evidence; deterministic handoff behavior; human-review state; confidence/uncertainty handling; tenant isolation; mapped tests,"Blocked platform-wide by: tool permissions (not_met), evaluation results (not_met)."
P27-REQ-243,Model/Prompt Versioning,not_verified,built,tool permissions; evaluation results,source evidence; deterministic handoff behavior; human-review state; confidence/uncertainty handling; tenant isolation; mapped tests,"Blocked platform-wide by: tool permissions (not_met), evaluation results (not_met)."
P27-REQ-244,AI Evaluation,not_verified,partial,tool permissions; evaluation results,source evidence; deterministic handoff behavior; human-review state; confidence/uncertainty handling; tenant isolation; mapped tests,"The contract is tested thoroughly — 28 tests over the prompt's prohibitions, the output schema, citation enforcement, confidence bounds and unit restriction. None of that is evaluation: nothing measures whether the findings are correct. Blocked platform-wide by: tool permissions (not_met), evaluation results (not_met)."
P27-REQ-245,Regression Testing,not_verified,partial,tool permissions; evaluation results,source evidence; deterministic handoff behavior; human-review state; confidence/uncertainty handling; tenant isolation; mapped tests,"The prompt's prohibitions and the validator's rules are pinned by test, so a change that loosens a guardrail fails the build. There is no regression suite over model outputs, because there are no recorded outputs to regress against. Blocked platform-wide by: tool permissions (not_met), evaluation results (not_met)."
P27-REQ-246,Hallucination Guardrails,not_verified,built,tool permissions; evaluation results,source evidence; deterministic handoff behavior; human-review state; confidence/uncertainty handling; tenant isolation; mapped tests,"Blocked platform-wide by: tool permissions (not_met), evaluation results (not_met)."
P27-REQ-247,Cost/Token Controls,not_verified,built,tool permissions; evaluation results,source evidence; deterministic handoff behavior; human-review state; confidence/uncertainty handling; tenant isolation; mapped tests,"Blocked platform-wide by: tool permissions (not_met), evaluation results (not_met)."
P27-REQ-248,Latency Controls,not_verified,not_built,tool permissions; evaluation results,source evidence; deterministic handoff behavior; human-review state; confidence/uncertainty handling; tenant isolation; mapped tests,"Duration is recorded on every run and nothing bounds it: no timeout budget, no degradation under load. Blocked platform-wide by: tool permissions (not_met), evaluation results (not_met)."
P27-REQ-249,Provider Abstraction,not_verified,partial,tool permissions; evaluation results,source evidence; deterministic handoff behavior; human-review state; confidence/uncertainty handling; tenant isolation; mapped tests,"The model and prompt version are recorded on every message and every extraction, so a change is visible after the fact. The provider itself is not abstracted: one client, one vendor, one model constant. Blocked platform-wide by: tool permissions (not_met), evaluation results (not_met)."
P27-REQ-250,Fallback/Degradation,not_verified,not_built,tool permissions; evaluation results,source evidence; deterministic handoff behavior; human-review state; confidence/uncertainty handling; tenant isolation; mapped tests,"A missing API key is reported as not configured, which is a refusal rather than a fallback. No secondary provider, no reduced mode, no queue for later. Blocked platform-wide by: tool permissions (not_met), evaluation results (not_met)."
P27-REQ-251,AI Audit Trail,not_verified,built,tool permissions; evaluation results,source evidence; deterministic handoff behavior; human-review state; confidence/uncertainty handling; tenant isolation; mapped tests,"Blocked platform-wide by: tool permissions (not_met), evaluation results (not_met)."
P27-REQ-252,Feedback & Calibration,not_verified,not_built,tool permissions; evaluation results,source evidence; deterministic handoff behavior; human-review state; confidence/uncertainty handling; tenant isolation; mapped tests,"Acceptance and rejection of every finding is recorded, which is the raw material for calibration, and nothing consumes it. The production calibration path exists for rates and not for the agent. Blocked platform-wide by: tool permissions (not_met), evaluation results (not_met)."
P27-REQ-253,Autonomous Background Tasks,not_verified,not_built,tool permissions; evaluation results,source evidence; deterministic handoff behavior; human-review state; confidence/uncertainty handling; tenant isolation; mapped tests,"None, by design. `ai_agents_never_autonomous` makes an autonomous agent unconfigurable, and that constraint is the platform keeping a promise rather than a gap. Blocked platform-wide by: tool permissions (not_met), evaluation results (not_met)."
P27-REQ-254,Digital Twin AI Context,not_verified,not_built,tool permissions; evaluation results,source evidence; deterministic handoff behavior; human-review state; confidence/uncertainty handling; tenant isolation; mapped tests,"Not built and not planned; in the globally excluded class. Blocked platform-wide by: tool permissions (not_met), evaluation results (not_met)."
P27-REQ-255,AI Incident Response,not_verified,not_built,tool permissions; evaluation results,source evidence; deterministic handoff behavior; human-review state; confidence/uncertainty handling; tenant isolation; mapped tests,"No AI incident process — the AI face of the detection and response gap P28 named. Blocked platform-wide by: tool permissions (not_met), evaluation results (not_met)."
P27-REQ-256,AI Copilot Core,not_verified,partial,tool permissions; evaluation results,source evidence; deterministic handoff behavior; human-review state; confidence/uncertainty handling; tenant isolation; mapped tests,"One governed agent exists with a registry entry, an authority cap, a system prompt held to by test, and a validator that enforces the contract the prompt only asks for. There is no copilot: no chat surface, no general assistant, no task the user starts in their own words. Blocked platform-wide by: tool permissions (not_met), evaluation results (not_met)."
P27-REQ-257,Conversation Context,not_verified,partial,tool permissions; evaluation results,source evidence; deterministic handoff behavior; human-review state; confidence/uncertainty handling; tenant isolation; mapped tests,"`ai_conversations` and `ai_messages` model a transcript with roles, model, prompt version, tokens and latency, and the transcript is append-only. Nothing maintains context across turns, because there are no turns — the analyst is a single request. Blocked platform-wide by: tool permissions (not_met), evaluation results (not_met)."
P27-REQ-258,Tool Routing,not_verified,not_built,tool permissions; evaluation results,source evidence; deterministic handoff behavior; human-review state; confidence/uncertainty handling; tenant isolation; mapped tests,"The agent has no tools. There is nothing to route, and no router. Blocked platform-wide by: tool permissions (not_met), evaluation results (not_met)."
P27-REQ-259,Construction Knowledge Retrieval,not_verified,not_built,tool permissions; evaluation results,source evidence; deterministic handoff behavior; human-review state; confidence/uncertainty handling; tenant isolation; mapped tests,"No retrieval layer over construction knowledge — the absence the traceability rules already exclude globally. Blocked platform-wide by: tool permissions (not_met), evaluation results (not_met)."
P27-REQ-260,Document Retrieval,not_verified,partial,tool permissions; evaluation results,source evidence; deterministic handoff behavior; human-review state; confidence/uncertainty handling; tenant isolation; mapped tests,"Documents, versions and sheets carry extracted text, and since P15 `app.search_document_text` retrieves by content with permission filtering. The agent does not use it: it is handed a document version and reads that, rather than retrieving what it needs. Blocked platform-wide by: tool permissions (not_met), evaluation results (not_met)."
P27-REQ-261,Plan Sheet Intelligence,not_verified,built,tool permissions; evaluation results,source evidence; deterministic handoff behavior; human-review state; confidence/uncertainty handling; tenant isolation; mapped tests,"Blocked platform-wide by: tool permissions (not_met), evaluation results (not_met)."
P27-REQ-262,Specification Intelligence,not_verified,not_built,tool permissions; evaluation results,source evidence; deterministic handoff behavior; human-review state; confidence/uncertainty handling; tenant isolation; mapped tests,"Specifications are a document type. Nothing reads one as a specification: no section parsing, no requirement extraction, no submittal derivation. Blocked platform-wide by: tool permissions (not_met), evaluation results (not_met)."
P27-REQ-263,Addenda Intelligence,not_verified,not_built,tool permissions; evaluation results,source evidence; deterministic handoff behavior; human-review state; confidence/uncertainty handling; tenant isolation; mapped tests,"Addenda are a document type and revision comparison exists at the document level. Nothing reconciles an addendum against the base set it modifies. Blocked platform-wide by: tool permissions (not_met), evaluation results (not_met)."
P27-REQ-264,RFI/Submittal Intelligence,not_verified,not_built,tool permissions; evaluation results,source evidence; deterministic handoff behavior; human-review state; confidence/uncertainty handling; tenant isolation; mapped tests,"RFIs and submittals are well modeled and no agent reads or drafts one. Blocked platform-wide by: tool permissions (not_met), evaluation results (not_met)."
P27-REQ-265,Quantity Evidence Extraction,not_verified,partial,tool permissions; evaluation results,source evidence; deterministic handoff behavior; human-review state; confidence/uncertainty handling; tenant isolation; mapped tests,"The analyst extracts quantity candidates with citations, units restricted to the engine's own unit set, and a confidence on every one. They are proposals: a person accepts them, and acceptance records the business row created. What is missing is coverage — one document type, one pass, no measurement of how many real quantities it finds. Blocked platform-wide by: tool permissions (not_met), evaluation results (not_met)."
P27-REQ-266,Service Mapping,not_verified,not_built,tool permissions; evaluation results,source evidence; deterministic handoff behavior; human-review state; confidence/uncertainty handling; tenant isolation; mapped tests,"Nothing maps extracted scope to the service library. Blocked platform-wide by: tool permissions (not_met), evaluation results (not_met)."
P27-REQ-267,Assembly Mapping,not_verified,not_built,tool permissions; evaluation results,source evidence; deterministic handoff behavior; human-review state; confidence/uncertainty handling; tenant isolation; mapped tests,"Nothing maps extracted scope to an assembly. Blocked platform-wide by: tool permissions (not_met), evaluation results (not_met)."
P27-REQ-268,Estimate Input Suggestions,not_verified,not_built,tool permissions; evaluation results,source evidence; deterministic handoff behavior; human-review state; confidence/uncertainty handling; tenant isolation; mapped tests,"Nothing suggests an estimate input. The analyst stops at quantity candidates. Blocked platform-wide by: tool permissions (not_met), evaluation results (not_met)."
P27-REQ-269,Production Assumption Review,not_verified,not_built,tool permissions; evaluation results,source evidence; deterministic handoff behavior; human-review state; confidence/uncertainty handling; tenant isolation; mapped tests,"Nothing reviews a production assumption against the catalog or against measured actuals. Blocked platform-wide by: tool permissions (not_met), evaluation results (not_met)."
P27-REQ-270,Crew Recommendation,not_verified,not_built,tool permissions; evaluation results,source evidence; deterministic handoff behavior; human-review state; confidence/uncertainty handling; tenant isolation; mapped tests,"No crew is recommended — the mapping rules exclude this explicitly, because a crew engine is not an AI that recommends crews. Blocked platform-wide by: tool permissions (not_met), evaluation results (not_met)."
P27-REQ-271,Equipment Recommendation,not_verified,not_built,tool permissions; evaluation results,source evidence; deterministic handoff behavior; human-review state; confidence/uncertainty handling; tenant isolation; mapped tests,"Nothing recommends equipment. Blocked platform-wide by: tool permissions (not_met), evaluation results (not_met)."
P27-REQ-272,Truck/Haul Recommendation,not_verified,not_built,tool permissions; evaluation results,source evidence; deterministic handoff behavior; human-review state; confidence/uncertainty handling; tenant isolation; mapped tests,"The trucking engine computes a haul; nothing advises on one. Blocked platform-wide by: tool permissions (not_met), evaluation results (not_met)."
P27-REQ-273,Material/Disposal Recommendation,not_verified,not_built,tool permissions; evaluation results,source evidence; deterministic handoff behavior; human-review state; confidence/uncertainty handling; tenant isolation; mapped tests,"Nothing recommends a material or a disposal route. Blocked platform-wide by: tool permissions (not_met), evaluation results (not_met)."
P27-REQ-274,Estimate Math Review,not_verified,not_built,tool permissions; evaluation results,source evidence; deterministic handoff behavior; human-review state; confidence/uncertainty handling; tenant isolation; mapped tests,"Nothing reviews estimate arithmetic — and under RULE-008 anything that did would propose, never correct. The engine owns the arithmetic and its derivations are already inspectable. Blocked platform-wide by: tool permissions (not_met), evaluation results (not_met)."
P27-REQ-275,Estimate Completeness Review,not_verified,not_built,tool permissions; evaluation results,source evidence; deterministic handoff behavior; human-review state; confidence/uncertainty handling; tenant isolation; mapped tests,"Nothing checks an estimate for missing scope. Blocked platform-wide by: tool permissions (not_met), evaluation results (not_met)."
P27-REQ-276,Pricing Source Review,not_verified,not_built,tool permissions; evaluation results,source evidence; deterministic handoff behavior; human-review state; confidence/uncertainty handling; tenant isolation; mapped tests,"Nothing reviews where a price came from, though the snapshot makes it answerable. Blocked platform-wide by: tool permissions (not_met), evaluation results (not_met)."
P27-REQ-277,Markup Review,not_verified,not_built,tool permissions; evaluation results,source evidence; deterministic handoff behavior; human-review state; confidence/uncertainty handling; tenant isolation; mapped tests,"Nothing reviews a markup profile. Blocked platform-wide by: tool permissions (not_met), evaluation results (not_met)."
P27-REQ-278,Scenario Review,not_verified,not_built,tool permissions; evaluation results,source evidence; deterministic handoff behavior; human-review state; confidence/uncertainty handling; tenant isolation; mapped tests,"Scenario pricing exists in the engine; nothing reviews a scenario. Blocked platform-wide by: tool permissions (not_met), evaluation results (not_met)."
P27-REQ-279,Risk Detection,not_verified,not_built,tool permissions; evaluation results,source evidence; deterministic handoff behavior; human-review state; confidence/uncertainty handling; tenant isolation; mapped tests,"A `risks` table exists and nothing populates it from analysis. Blocked platform-wide by: tool permissions (not_met), evaluation results (not_met)."
P27-REQ-280,Scope Gap Detection,not_verified,not_built,tool permissions; evaluation results,source evidence; deterministic handoff behavior; human-review state; confidence/uncertainty handling; tenant isolation; mapped tests,"Nothing detects a scope gap across a document set. Blocked platform-wide by: tool permissions (not_met), evaluation results (not_met)."
P27-REQ-281,Conflict Detection,not_verified,partial,tool permissions; evaluation results,source evidence; deterministic handoff behavior; human-review state; confidence/uncertainty handling; tenant isolation; mapped tests,"The analyst reports conflicts between sheets and is forbidden by prompt and by validator from resolving one by picking a side. There is no cross-document conflict detection, no addendum-versus-base comparison beyond what a single run sees. Blocked platform-wide by: tool permissions (not_met), evaluation results (not_met)."
P27-REQ-282,Missing Information Detection,not_verified,partial,tool permissions; evaluation results,source evidence; deterministic handoff behavior; human-review state; confidence/uncertainty handling; tenant isolation; mapped tests,"A finding type exists for it and the analyst emits them. Nothing checks a document set for completeness against a required list. Blocked platform-wide by: tool permissions (not_met), evaluation results (not_met)."
P27-REQ-283,Constructability Review,not_verified,not_built,tool permissions; evaluation results,source evidence; deterministic handoff behavior; human-review state; confidence/uncertainty handling; tenant isolation; mapped tests,"Nothing reviews constructability. Blocked platform-wide by: tool permissions (not_met), evaluation results (not_met)."
P27-REQ-284,Safety/Compliance Advisory,not_verified,not_built,tool permissions; evaluation results,source evidence; deterministic handoff behavior; human-review state; confidence/uncertainty handling; tenant isolation; mapped tests,"Nothing advises on safety or compliance, and under RULE-008 anything that did would propose rather than act on safety-critical data. Blocked platform-wide by: tool permissions (not_met), evaluation results (not_met)."
P27-REQ-285,Schedule Risk Advisory,not_verified,not_built,tool permissions; evaluation results,source evidence; deterministic handoff behavior; human-review state; confidence/uncertainty handling; tenant isolation; mapped tests,"Nothing advises on schedule risk, though the critical path engine now makes float and the driving path computable. Blocked platform-wide by: tool permissions (not_met), evaluation results (not_met)."
P27-REQ-286,Commercial Risk Advisory,not_verified,not_built,tool permissions; evaluation results,source evidence; deterministic handoff behavior; human-review state; confidence/uncertainty handling; tenant isolation; mapped tests,"Nothing advises on commercial risk, though contract clauses and claim deadlines are now structured enough to reason over. Blocked platform-wide by: tool permissions (not_met), evaluation results (not_met)."
P27-REQ-287,Agent Orchestration,not_verified,not_built,tool permissions; evaluation results,source evidence; deterministic handoff behavior; human-review state; confidence/uncertainty handling; tenant isolation; mapped tests,"One agent. No orchestration, no plan, no multi-step task. Blocked platform-wide by: tool permissions (not_met), evaluation results (not_met)."
P27-REQ-288,Agent Delegation,not_verified,not_built,tool permissions; evaluation results,source evidence; deterministic handoff behavior; human-review state; confidence/uncertainty handling; tenant isolation; mapped tests,"No agent delegates to another, because there is one. Blocked platform-wide by: tool permissions (not_met), evaluation results (not_met)."
P27-REQ-289,Agent Memory Boundaries,not_verified,not_built,tool permissions; evaluation results,source evidence; deterministic handoff behavior; human-review state; confidence/uncertainty handling; tenant isolation; mapped tests,"No agent memory exists, so there is no boundary to enforce. Recorded as absent rather than as satisfied. Blocked platform-wide by: tool permissions (not_met), evaluation results (not_met)."
P27-REQ-290,Tool Permissioning,not_verified,not_built,tool permissions; evaluation results,source evidence; deterministic handoff behavior; human-review state; confidence/uncertainty handling; tenant isolation; mapped tests,"No tool surface exists. Nothing to permission — the condition fails because there is nothing to verify, not because something is ungoverned. Blocked platform-wide by: tool permissions (not_met), evaluation results (not_met)."
P27-REQ-291,Human Approval Gates,not_verified,built,tool permissions; evaluation results,source evidence; deterministic handoff behavior; human-review state; confidence/uncertainty handling; tenant isolation; mapped tests,"Blocked platform-wide by: tool permissions (not_met), evaluation results (not_met)."
P27-REQ-292,AI Evidence & Citations,not_verified,built,tool permissions; evaluation results,source evidence; deterministic handoff behavior; human-review state; confidence/uncertainty handling; tenant isolation; mapped tests,"Blocked platform-wide by: tool permissions (not_met), evaluation results (not_met)."
P27-REQ-293,Confidence Scoring,not_verified,built,tool permissions; evaluation results,source evidence; deterministic handoff behavior; human-review state; confidence/uncertainty handling; tenant isolation; mapped tests,"Blocked platform-wide by: tool permissions (not_met), evaluation results (not_met)."
P27-REQ-294,Model/Prompt Versioning,not_verified,built,tool permissions; evaluation results,source evidence; deterministic handoff behavior; human-review state; confidence/uncertainty handling; tenant isolation; mapped tests,"Blocked platform-wide by: tool permissions (not_met), evaluation results (not_met)."
P27-REQ-295,AI Evaluation,not_verified,partial,tool permissions; evaluation results,source evidence; deterministic handoff behavior; human-review state; confidence/uncertainty handling; tenant isolation; mapped tests,"The contract is tested thoroughly — 28 tests over the prompt's prohibitions, the output schema, citation enforcement, confidence bounds and unit restriction. None of that is evaluation: nothing measures whether the findings are correct. Blocked platform-wide by: tool permissions (not_met), evaluation results (not_met)."
P27-REQ-296,Regression Testing,not_verified,partial,tool permissions; evaluation results,source evidence; deterministic handoff behavior; human-review state; confidence/uncertainty handling; tenant isolation; mapped tests,"The prompt's prohibitions and the validator's rules are pinned by test, so a change that loosens a guardrail fails the build. There is no regression suite over model outputs, because there are no recorded outputs to regress against. Blocked platform-wide by: tool permissions (not_met), evaluation results (not_met)."
P27-REQ-297,Hallucination Guardrails,not_verified,built,tool permissions; evaluation results,source evidence; deterministic handoff behavior; human-review state; confidence/uncertainty handling; tenant isolation; mapped tests,"Blocked platform-wide by: tool permissions (not_met), evaluation results (not_met)."
P27-REQ-298,Cost/Token Controls,not_verified,built,tool permissions; evaluation results,source evidence; deterministic handoff behavior; human-review state; confidence/uncertainty handling; tenant isolation; mapped tests,"Blocked platform-wide by: tool permissions (not_met), evaluation results (not_met)."
P27-REQ-299,Latency Controls,not_verified,not_built,tool permissions; evaluation results,source evidence; deterministic handoff behavior; human-review state; confidence/uncertainty handling; tenant isolation; mapped tests,"Duration is recorded on every run and nothing bounds it: no timeout budget, no degradation under load. Blocked platform-wide by: tool permissions (not_met), evaluation results (not_met)."
P27-REQ-300,Provider Abstraction,not_verified,partial,tool permissions; evaluation results,source evidence; deterministic handoff behavior; human-review state; confidence/uncertainty handling; tenant isolation; mapped tests,"The model and prompt version are recorded on every message and every extraction, so a change is visible after the fact. The provider itself is not abstracted: one client, one vendor, one model constant. Blocked platform-wide by: tool permissions (not_met), evaluation results (not_met)."
P27-REQ-301,Fallback/Degradation,not_verified,not_built,tool permissions; evaluation results,source evidence; deterministic handoff behavior; human-review state; confidence/uncertainty handling; tenant isolation; mapped tests,"A missing API key is reported as not configured, which is a refusal rather than a fallback. No secondary provider, no reduced mode, no queue for later. Blocked platform-wide by: tool permissions (not_met), evaluation results (not_met)."
P27-REQ-302,AI Audit Trail,not_verified,built,tool permissions; evaluation results,source evidence; deterministic handoff behavior; human-review state; confidence/uncertainty handling; tenant isolation; mapped tests,"Blocked platform-wide by: tool permissions (not_met), evaluation results (not_met)."
P27-REQ-303,Feedback & Calibration,not_verified,not_built,tool permissions; evaluation results,source evidence; deterministic handoff behavior; human-review state; confidence/uncertainty handling; tenant isolation; mapped tests,"Acceptance and rejection of every finding is recorded, which is the raw material for calibration, and nothing consumes it. The production calibration path exists for rates and not for the agent. Blocked platform-wide by: tool permissions (not_met), evaluation results (not_met)."
P27-REQ-304,Autonomous Background Tasks,not_verified,not_built,tool permissions; evaluation results,source evidence; deterministic handoff behavior; human-review state; confidence/uncertainty handling; tenant isolation; mapped tests,"None, by design. `ai_agents_never_autonomous` makes an autonomous agent unconfigurable, and that constraint is the platform keeping a promise rather than a gap. Blocked platform-wide by: tool permissions (not_met), evaluation results (not_met)."
P27-REQ-305,Digital Twin AI Context,not_verified,not_built,tool permissions; evaluation results,source evidence; deterministic handoff behavior; human-review state; confidence/uncertainty handling; tenant isolation; mapped tests,"Not built and not planned; in the globally excluded class. Blocked platform-wide by: tool permissions (not_met), evaluation results (not_met)."
P27-REQ-306,AI Incident Response,not_verified,not_built,tool permissions; evaluation results,source evidence; deterministic handoff behavior; human-review state; confidence/uncertainty handling; tenant isolation; mapped tests,"No AI incident process — the AI face of the detection and response gap P28 named. Blocked platform-wide by: tool permissions (not_met), evaluation results (not_met)."
P27-REQ-307,AI Copilot Core,not_verified,partial,tool permissions; evaluation results,source evidence; deterministic handoff behavior; human-review state; confidence/uncertainty handling; tenant isolation; mapped tests,"One governed agent exists with a registry entry, an authority cap, a system prompt held to by test, and a validator that enforces the contract the prompt only asks for. There is no copilot: no chat surface, no general assistant, no task the user starts in their own words. Blocked platform-wide by: tool permissions (not_met), evaluation results (not_met)."
P27-REQ-308,Conversation Context,not_verified,partial,tool permissions; evaluation results,source evidence; deterministic handoff behavior; human-review state; confidence/uncertainty handling; tenant isolation; mapped tests,"`ai_conversations` and `ai_messages` model a transcript with roles, model, prompt version, tokens and latency, and the transcript is append-only. Nothing maintains context across turns, because there are no turns — the analyst is a single request. Blocked platform-wide by: tool permissions (not_met), evaluation results (not_met)."
P27-REQ-309,Tool Routing,not_verified,not_built,tool permissions; evaluation results,source evidence; deterministic handoff behavior; human-review state; confidence/uncertainty handling; tenant isolation; mapped tests,"The agent has no tools. There is nothing to route, and no router. Blocked platform-wide by: tool permissions (not_met), evaluation results (not_met)."
P27-REQ-310,Construction Knowledge Retrieval,not_verified,not_built,tool permissions; evaluation results,source evidence; deterministic handoff behavior; human-review state; confidence/uncertainty handling; tenant isolation; mapped tests,"No retrieval layer over construction knowledge — the absence the traceability rules already exclude globally. Blocked platform-wide by: tool permissions (not_met), evaluation results (not_met)."
P27-REQ-311,Document Retrieval,not_verified,partial,tool permissions; evaluation results,source evidence; deterministic handoff behavior; human-review state; confidence/uncertainty handling; tenant isolation; mapped tests,"Documents, versions and sheets carry extracted text, and since P15 `app.search_document_text` retrieves by content with permission filtering. The agent does not use it: it is handed a document version and reads that, rather than retrieving what it needs. Blocked platform-wide by: tool permissions (not_met), evaluation results (not_met)."
P27-REQ-312,Plan Sheet Intelligence,not_verified,built,tool permissions; evaluation results,source evidence; deterministic handoff behavior; human-review state; confidence/uncertainty handling; tenant isolation; mapped tests,"Blocked platform-wide by: tool permissions (not_met), evaluation results (not_met)."
P27-REQ-313,Specification Intelligence,not_verified,not_built,tool permissions; evaluation results,source evidence; deterministic handoff behavior; human-review state; confidence/uncertainty handling; tenant isolation; mapped tests,"Specifications are a document type. Nothing reads one as a specification: no section parsing, no requirement extraction, no submittal derivation. Blocked platform-wide by: tool permissions (not_met), evaluation results (not_met)."
P27-REQ-314,Addenda Intelligence,not_verified,not_built,tool permissions; evaluation results,source evidence; deterministic handoff behavior; human-review state; confidence/uncertainty handling; tenant isolation; mapped tests,"Addenda are a document type and revision comparison exists at the document level. Nothing reconciles an addendum against the base set it modifies. Blocked platform-wide by: tool permissions (not_met), evaluation results (not_met)."
P27-REQ-315,RFI/Submittal Intelligence,not_verified,not_built,tool permissions; evaluation results,source evidence; deterministic handoff behavior; human-review state; confidence/uncertainty handling; tenant isolation; mapped tests,"RFIs and submittals are well modeled and no agent reads or drafts one. Blocked platform-wide by: tool permissions (not_met), evaluation results (not_met)."
P27-REQ-316,Quantity Evidence Extraction,not_verified,partial,tool permissions; evaluation results,source evidence; deterministic handoff behavior; human-review state; confidence/uncertainty handling; tenant isolation; mapped tests,"The analyst extracts quantity candidates with citations, units restricted to the engine's own unit set, and a confidence on every one. They are proposals: a person accepts them, and acceptance records the business row created. What is missing is coverage — one document type, one pass, no measurement of how many real quantities it finds. Blocked platform-wide by: tool permissions (not_met), evaluation results (not_met)."
P27-REQ-317,Service Mapping,not_verified,not_built,tool permissions; evaluation results,source evidence; deterministic handoff behavior; human-review state; confidence/uncertainty handling; tenant isolation; mapped tests,"Nothing maps extracted scope to the service library. Blocked platform-wide by: tool permissions (not_met), evaluation results (not_met)."
P27-REQ-318,Assembly Mapping,not_verified,not_built,tool permissions; evaluation results,source evidence; deterministic handoff behavior; human-review state; confidence/uncertainty handling; tenant isolation; mapped tests,"Nothing maps extracted scope to an assembly. Blocked platform-wide by: tool permissions (not_met), evaluation results (not_met)."
P27-REQ-319,Estimate Input Suggestions,not_verified,not_built,tool permissions; evaluation results,source evidence; deterministic handoff behavior; human-review state; confidence/uncertainty handling; tenant isolation; mapped tests,"Nothing suggests an estimate input. The analyst stops at quantity candidates. Blocked platform-wide by: tool permissions (not_met), evaluation results (not_met)."
P27-REQ-320,Production Assumption Review,not_verified,not_built,tool permissions; evaluation results,source evidence; deterministic handoff behavior; human-review state; confidence/uncertainty handling; tenant isolation; mapped tests,"Nothing reviews a production assumption against the catalog or against measured actuals. Blocked platform-wide by: tool permissions (not_met), evaluation results (not_met)."
P27-REQ-321,Crew Recommendation,not_verified,not_built,tool permissions; evaluation results,source evidence; deterministic handoff behavior; human-review state; confidence/uncertainty handling; tenant isolation; mapped tests,"No crew is recommended — the mapping rules exclude this explicitly, because a crew engine is not an AI that recommends crews. Blocked platform-wide by: tool permissions (not_met), evaluation results (not_met)."
P27-REQ-322,Equipment Recommendation,not_verified,not_built,tool permissions; evaluation results,source evidence; deterministic handoff behavior; human-review state; confidence/uncertainty handling; tenant isolation; mapped tests,"Nothing recommends equipment. Blocked platform-wide by: tool permissions (not_met), evaluation results (not_met)."
P27-REQ-323,Truck/Haul Recommendation,not_verified,not_built,tool permissions; evaluation results,source evidence; deterministic handoff behavior; human-review state; confidence/uncertainty handling; tenant isolation; mapped tests,"The trucking engine computes a haul; nothing advises on one. Blocked platform-wide by: tool permissions (not_met), evaluation results (not_met)."
P27-REQ-324,Material/Disposal Recommendation,not_verified,not_built,tool permissions; evaluation results,source evidence; deterministic handoff behavior; human-review state; confidence/uncertainty handling; tenant isolation; mapped tests,"Nothing recommends a material or a disposal route. Blocked platform-wide by: tool permissions (not_met), evaluation results (not_met)."
P27-REQ-325,Estimate Math Review,not_verified,not_built,tool permissions; evaluation results,source evidence; deterministic handoff behavior; human-review state; confidence/uncertainty handling; tenant isolation; mapped tests,"Nothing reviews estimate arithmetic — and under RULE-008 anything that did would propose, never correct. The engine owns the arithmetic and its derivations are already inspectable. Blocked platform-wide by: tool permissions (not_met), evaluation results (not_met)."
P27-REQ-326,Estimate Completeness Review,not_verified,not_built,tool permissions; evaluation results,source evidence; deterministic handoff behavior; human-review state; confidence/uncertainty handling; tenant isolation; mapped tests,"Nothing checks an estimate for missing scope. Blocked platform-wide by: tool permissions (not_met), evaluation results (not_met)."
P27-REQ-327,Pricing Source Review,not_verified,not_built,tool permissions; evaluation results,source evidence; deterministic handoff behavior; human-review state; confidence/uncertainty handling; tenant isolation; mapped tests,"Nothing reviews where a price came from, though the snapshot makes it answerable. Blocked platform-wide by: tool permissions (not_met), evaluation results (not_met)."
P27-REQ-328,Markup Review,not_verified,not_built,tool permissions; evaluation results,source evidence; deterministic handoff behavior; human-review state; confidence/uncertainty handling; tenant isolation; mapped tests,"Nothing reviews a markup profile. Blocked platform-wide by: tool permissions (not_met), evaluation results (not_met)."
P27-REQ-329,Scenario Review,not_verified,not_built,tool permissions; evaluation results,source evidence; deterministic handoff behavior; human-review state; confidence/uncertainty handling; tenant isolation; mapped tests,"Scenario pricing exists in the engine; nothing reviews a scenario. Blocked platform-wide by: tool permissions (not_met), evaluation results (not_met)."
P27-REQ-330,Risk Detection,not_verified,not_built,tool permissions; evaluation results,source evidence; deterministic handoff behavior; human-review state; confidence/uncertainty handling; tenant isolation; mapped tests,"A `risks` table exists and nothing populates it from analysis. Blocked platform-wide by: tool permissions (not_met), evaluation results (not_met)."
P27-REQ-331,Scope Gap Detection,not_verified,not_built,tool permissions; evaluation results,source evidence; deterministic handoff behavior; human-review state; confidence/uncertainty handling; tenant isolation; mapped tests,"Nothing detects a scope gap across a document set. Blocked platform-wide by: tool permissions (not_met), evaluation results (not_met)."
P27-REQ-332,Conflict Detection,not_verified,partial,tool permissions; evaluation results,source evidence; deterministic handoff behavior; human-review state; confidence/uncertainty handling; tenant isolation; mapped tests,"The analyst reports conflicts between sheets and is forbidden by prompt and by validator from resolving one by picking a side. There is no cross-document conflict detection, no addendum-versus-base comparison beyond what a single run sees. Blocked platform-wide by: tool permissions (not_met), evaluation results (not_met)."
P27-REQ-333,Missing Information Detection,not_verified,partial,tool permissions; evaluation results,source evidence; deterministic handoff behavior; human-review state; confidence/uncertainty handling; tenant isolation; mapped tests,"A finding type exists for it and the analyst emits them. Nothing checks a document set for completeness against a required list. Blocked platform-wide by: tool permissions (not_met), evaluation results (not_met)."
P27-REQ-334,Constructability Review,not_verified,not_built,tool permissions; evaluation results,source evidence; deterministic handoff behavior; human-review state; confidence/uncertainty handling; tenant isolation; mapped tests,"Nothing reviews constructability. Blocked platform-wide by: tool permissions (not_met), evaluation results (not_met)."
P27-REQ-335,Safety/Compliance Advisory,not_verified,not_built,tool permissions; evaluation results,source evidence; deterministic handoff behavior; human-review state; confidence/uncertainty handling; tenant isolation; mapped tests,"Nothing advises on safety or compliance, and under RULE-008 anything that did would propose rather than act on safety-critical data. Blocked platform-wide by: tool permissions (not_met), evaluation results (not_met)."
P27-REQ-336,Schedule Risk Advisory,not_verified,not_built,tool permissions; evaluation results,source evidence; deterministic handoff behavior; human-review state; confidence/uncertainty handling; tenant isolation; mapped tests,"Nothing advises on schedule risk, though the critical path engine now makes float and the driving path computable. Blocked platform-wide by: tool permissions (not_met), evaluation results (not_met)."
P27-REQ-337,Commercial Risk Advisory,not_verified,not_built,tool permissions; evaluation results,source evidence; deterministic handoff behavior; human-review state; confidence/uncertainty handling; tenant isolation; mapped tests,"Nothing advises on commercial risk, though contract clauses and claim deadlines are now structured enough to reason over. Blocked platform-wide by: tool permissions (not_met), evaluation results (not_met)."
P27-REQ-338,Agent Orchestration,not_verified,not_built,tool permissions; evaluation results,source evidence; deterministic handoff behavior; human-review state; confidence/uncertainty handling; tenant isolation; mapped tests,"One agent. No orchestration, no plan, no multi-step task. Blocked platform-wide by: tool permissions (not_met), evaluation results (not_met)."
P27-REQ-339,Agent Delegation,not_verified,not_built,tool permissions; evaluation results,source evidence; deterministic handoff behavior; human-review state; confidence/uncertainty handling; tenant isolation; mapped tests,"No agent delegates to another, because there is one. Blocked platform-wide by: tool permissions (not_met), evaluation results (not_met)."
P27-REQ-340,Agent Memory Boundaries,not_verified,not_built,tool permissions; evaluation results,source evidence; deterministic handoff behavior; human-review state; confidence/uncertainty handling; tenant isolation; mapped tests,"No agent memory exists, so there is no boundary to enforce. Recorded as absent rather than as satisfied. Blocked platform-wide by: tool permissions (not_met), evaluation results (not_met)."
P27-REQ-341,Tool Permissioning,not_verified,not_built,tool permissions; evaluation results,source evidence; deterministic handoff behavior; human-review state; confidence/uncertainty handling; tenant isolation; mapped tests,"No tool surface exists. Nothing to permission — the condition fails because there is nothing to verify, not because something is ungoverned. Blocked platform-wide by: tool permissions (not_met), evaluation results (not_met)."
P27-REQ-342,Human Approval Gates,not_verified,built,tool permissions; evaluation results,source evidence; deterministic handoff behavior; human-review state; confidence/uncertainty handling; tenant isolation; mapped tests,"Blocked platform-wide by: tool permissions (not_met), evaluation results (not_met)."
P27-REQ-343,AI Evidence & Citations,not_verified,built,tool permissions; evaluation results,source evidence; deterministic handoff behavior; human-review state; confidence/uncertainty handling; tenant isolation; mapped tests,"Blocked platform-wide by: tool permissions (not_met), evaluation results (not_met)."
P27-REQ-344,Confidence Scoring,not_verified,built,tool permissions; evaluation results,source evidence; deterministic handoff behavior; human-review state; confidence/uncertainty handling; tenant isolation; mapped tests,"Blocked platform-wide by: tool permissions (not_met), evaluation results (not_met)."
P27-REQ-345,Model/Prompt Versioning,not_verified,built,tool permissions; evaluation results,source evidence; deterministic handoff behavior; human-review state; confidence/uncertainty handling; tenant isolation; mapped tests,"Blocked platform-wide by: tool permissions (not_met), evaluation results (not_met)."
P27-REQ-346,AI Evaluation,not_verified,partial,tool permissions; evaluation results,source evidence; deterministic handoff behavior; human-review state; confidence/uncertainty handling; tenant isolation; mapped tests,"The contract is tested thoroughly — 28 tests over the prompt's prohibitions, the output schema, citation enforcement, confidence bounds and unit restriction. None of that is evaluation: nothing measures whether the findings are correct. Blocked platform-wide by: tool permissions (not_met), evaluation results (not_met)."
P27-REQ-347,Regression Testing,not_verified,partial,tool permissions; evaluation results,source evidence; deterministic handoff behavior; human-review state; confidence/uncertainty handling; tenant isolation; mapped tests,"The prompt's prohibitions and the validator's rules are pinned by test, so a change that loosens a guardrail fails the build. There is no regression suite over model outputs, because there are no recorded outputs to regress against. Blocked platform-wide by: tool permissions (not_met), evaluation results (not_met)."
P27-REQ-348,Hallucination Guardrails,not_verified,built,tool permissions; evaluation results,source evidence; deterministic handoff behavior; human-review state; confidence/uncertainty handling; tenant isolation; mapped tests,"Blocked platform-wide by: tool permissions (not_met), evaluation results (not_met)."
P27-REQ-349,Cost/Token Controls,not_verified,built,tool permissions; evaluation results,source evidence; deterministic handoff behavior; human-review state; confidence/uncertainty handling; tenant isolation; mapped tests,"Blocked platform-wide by: tool permissions (not_met), evaluation results (not_met)."
P27-REQ-350,Latency Controls,not_verified,not_built,tool permissions; evaluation results,source evidence; deterministic handoff behavior; human-review state; confidence/uncertainty handling; tenant isolation; mapped tests,"Duration is recorded on every run and nothing bounds it: no timeout budget, no degradation under load. Blocked platform-wide by: tool permissions (not_met), evaluation results (not_met)."
P27-REQ-351,Provider Abstraction,not_verified,partial,tool permissions; evaluation results,source evidence; deterministic handoff behavior; human-review state; confidence/uncertainty handling; tenant isolation; mapped tests,"The model and prompt version are recorded on every message and every extraction, so a change is visible after the fact. The provider itself is not abstracted: one client, one vendor, one model constant. Blocked platform-wide by: tool permissions (not_met), evaluation results (not_met)."
P27-REQ-352,Fallback/Degradation,not_verified,not_built,tool permissions; evaluation results,source evidence; deterministic handoff behavior; human-review state; confidence/uncertainty handling; tenant isolation; mapped tests,"A missing API key is reported as not configured, which is a refusal rather than a fallback. No secondary provider, no reduced mode, no queue for later. Blocked platform-wide by: tool permissions (not_met), evaluation results (not_met)."
P27-REQ-353,AI Audit Trail,not_verified,built,tool permissions; evaluation results,source evidence; deterministic handoff behavior; human-review state; confidence/uncertainty handling; tenant isolation; mapped tests,"Blocked platform-wide by: tool permissions (not_met), evaluation results (not_met)."
P27-REQ-354,Feedback & Calibration,not_verified,not_built,tool permissions; evaluation results,source evidence; deterministic handoff behavior; human-review state; confidence/uncertainty handling; tenant isolation; mapped tests,"Acceptance and rejection of every finding is recorded, which is the raw material for calibration, and nothing consumes it. The production calibration path exists for rates and not for the agent. Blocked platform-wide by: tool permissions (not_met), evaluation results (not_met)."
P27-REQ-355,Autonomous Background Tasks,not_verified,not_built,tool permissions; evaluation results,source evidence; deterministic handoff behavior; human-review state; confidence/uncertainty handling; tenant isolation; mapped tests,"None, by design. `ai_agents_never_autonomous` makes an autonomous agent unconfigurable, and that constraint is the platform keeping a promise rather than a gap. Blocked platform-wide by: tool permissions (not_met), evaluation results (not_met)."
P27-REQ-356,Digital Twin AI Context,not_verified,not_built,tool permissions; evaluation results,source evidence; deterministic handoff behavior; human-review state; confidence/uncertainty handling; tenant isolation; mapped tests,"Not built and not planned; in the globally excluded class. Blocked platform-wide by: tool permissions (not_met), evaluation results (not_met)."
P27-REQ-357,AI Incident Response,not_verified,not_built,tool permissions; evaluation results,source evidence; deterministic handoff behavior; human-review state; confidence/uncertainty handling; tenant isolation; mapped tests,"No AI incident process — the AI face of the detection and response gap P28 named. Blocked platform-wide by: tool permissions (not_met), evaluation results (not_met)."
P27-REQ-358,AI Copilot Core,not_verified,partial,tool permissions; evaluation results,source evidence; deterministic handoff behavior; human-review state; confidence/uncertainty handling; tenant isolation; mapped tests,"One governed agent exists with a registry entry, an authority cap, a system prompt held to by test, and a validator that enforces the contract the prompt only asks for. There is no copilot: no chat surface, no general assistant, no task the user starts in their own words. Blocked platform-wide by: tool permissions (not_met), evaluation results (not_met)."
P27-REQ-359,Conversation Context,not_verified,partial,tool permissions; evaluation results,source evidence; deterministic handoff behavior; human-review state; confidence/uncertainty handling; tenant isolation; mapped tests,"`ai_conversations` and `ai_messages` model a transcript with roles, model, prompt version, tokens and latency, and the transcript is append-only. Nothing maintains context across turns, because there are no turns — the analyst is a single request. Blocked platform-wide by: tool permissions (not_met), evaluation results (not_met)."
P27-REQ-360,Tool Routing,not_verified,not_built,tool permissions; evaluation results,source evidence; deterministic handoff behavior; human-review state; confidence/uncertainty handling; tenant isolation; mapped tests,"The agent has no tools. There is nothing to route, and no router. Blocked platform-wide by: tool permissions (not_met), evaluation results (not_met)."
P27-REQ-361,Construction Knowledge Retrieval,not_verified,not_built,tool permissions; evaluation results,source evidence; deterministic handoff behavior; human-review state; confidence/uncertainty handling; tenant isolation; mapped tests,"No retrieval layer over construction knowledge — the absence the traceability rules already exclude globally. Blocked platform-wide by: tool permissions (not_met), evaluation results (not_met)."
P27-REQ-362,Document Retrieval,not_verified,partial,tool permissions; evaluation results,source evidence; deterministic handoff behavior; human-review state; confidence/uncertainty handling; tenant isolation; mapped tests,"Documents, versions and sheets carry extracted text, and since P15 `app.search_document_text` retrieves by content with permission filtering. The agent does not use it: it is handed a document version and reads that, rather than retrieving what it needs. Blocked platform-wide by: tool permissions (not_met), evaluation results (not_met)."
P27-REQ-363,Plan Sheet Intelligence,not_verified,built,tool permissions; evaluation results,source evidence; deterministic handoff behavior; human-review state; confidence/uncertainty handling; tenant isolation; mapped tests,"Blocked platform-wide by: tool permissions (not_met), evaluation results (not_met)."
P27-REQ-364,Specification Intelligence,not_verified,not_built,tool permissions; evaluation results,source evidence; deterministic handoff behavior; human-review state; confidence/uncertainty handling; tenant isolation; mapped tests,"Specifications are a document type. Nothing reads one as a specification: no section parsing, no requirement extraction, no submittal derivation. Blocked platform-wide by: tool permissions (not_met), evaluation results (not_met)."
P27-REQ-365,Addenda Intelligence,not_verified,not_built,tool permissions; evaluation results,source evidence; deterministic handoff behavior; human-review state; confidence/uncertainty handling; tenant isolation; mapped tests,"Addenda are a document type and revision comparison exists at the document level. Nothing reconciles an addendum against the base set it modifies. Blocked platform-wide by: tool permissions (not_met), evaluation results (not_met)."
P27-REQ-366,RFI/Submittal Intelligence,not_verified,not_built,tool permissions; evaluation results,source evidence; deterministic handoff behavior; human-review state; confidence/uncertainty handling; tenant isolation; mapped tests,"RFIs and submittals are well modeled and no agent reads or drafts one. Blocked platform-wide by: tool permissions (not_met), evaluation results (not_met)."
P27-REQ-367,Quantity Evidence Extraction,not_verified,partial,tool permissions; evaluation results,source evidence; deterministic handoff behavior; human-review state; confidence/uncertainty handling; tenant isolation; mapped tests,"The analyst extracts quantity candidates with citations, units restricted to the engine's own unit set, and a confidence on every one. They are proposals: a person accepts them, and acceptance records the business row created. What is missing is coverage — one document type, one pass, no measurement of how many real quantities it finds. Blocked platform-wide by: tool permissions (not_met), evaluation results (not_met)."
P27-REQ-368,Service Mapping,not_verified,not_built,tool permissions; evaluation results,source evidence; deterministic handoff behavior; human-review state; confidence/uncertainty handling; tenant isolation; mapped tests,"Nothing maps extracted scope to the service library. Blocked platform-wide by: tool permissions (not_met), evaluation results (not_met)."
P27-REQ-369,Assembly Mapping,not_verified,not_built,tool permissions; evaluation results,source evidence; deterministic handoff behavior; human-review state; confidence/uncertainty handling; tenant isolation; mapped tests,"Nothing maps extracted scope to an assembly. Blocked platform-wide by: tool permissions (not_met), evaluation results (not_met)."
P27-REQ-370,Estimate Input Suggestions,not_verified,not_built,tool permissions; evaluation results,source evidence; deterministic handoff behavior; human-review state; confidence/uncertainty handling; tenant isolation; mapped tests,"Nothing suggests an estimate input. The analyst stops at quantity candidates. Blocked platform-wide by: tool permissions (not_met), evaluation results (not_met)."
P27-REQ-371,Production Assumption Review,not_verified,not_built,tool permissions; evaluation results,source evidence; deterministic handoff behavior; human-review state; confidence/uncertainty handling; tenant isolation; mapped tests,"Nothing reviews a production assumption against the catalog or against measured actuals. Blocked platform-wide by: tool permissions (not_met), evaluation results (not_met)."
P27-REQ-372,Crew Recommendation,not_verified,not_built,tool permissions; evaluation results,source evidence; deterministic handoff behavior; human-review state; confidence/uncertainty handling; tenant isolation; mapped tests,"No crew is recommended — the mapping rules exclude this explicitly, because a crew engine is not an AI that recommends crews. Blocked platform-wide by: tool permissions (not_met), evaluation results (not_met)."
P27-REQ-373,Equipment Recommendation,not_verified,not_built,tool permissions; evaluation results,source evidence; deterministic handoff behavior; human-review state; confidence/uncertainty handling; tenant isolation; mapped tests,"Nothing recommends equipment. Blocked platform-wide by: tool permissions (not_met), evaluation results (not_met)."
P27-REQ-374,Truck/Haul Recommendation,not_verified,not_built,tool permissions; evaluation results,source evidence; deterministic handoff behavior; human-review state; confidence/uncertainty handling; tenant isolation; mapped tests,"The trucking engine computes a haul; nothing advises on one. Blocked platform-wide by: tool permissions (not_met), evaluation results (not_met)."
P27-REQ-375,Material/Disposal Recommendation,not_verified,not_built,tool permissions; evaluation results,source evidence; deterministic handoff behavior; human-review state; confidence/uncertainty handling; tenant isolation; mapped tests,"Nothing recommends a material or a disposal route. Blocked platform-wide by: tool permissions (not_met), evaluation results (not_met)."
P27-REQ-376,Estimate Math Review,not_verified,not_built,tool permissions; evaluation results,source evidence; deterministic handoff behavior; human-review state; confidence/uncertainty handling; tenant isolation; mapped tests,"Nothing reviews estimate arithmetic — and under RULE-008 anything that did would propose, never correct. The engine owns the arithmetic and its derivations are already inspectable. Blocked platform-wide by: tool permissions (not_met), evaluation results (not_met)."
P27-REQ-377,Estimate Completeness Review,not_verified,not_built,tool permissions; evaluation results,source evidence; deterministic handoff behavior; human-review state; confidence/uncertainty handling; tenant isolation; mapped tests,"Nothing checks an estimate for missing scope. Blocked platform-wide by: tool permissions (not_met), evaluation results (not_met)."
P27-REQ-378,Pricing Source Review,not_verified,not_built,tool permissions; evaluation results,source evidence; deterministic handoff behavior; human-review state; confidence/uncertainty handling; tenant isolation; mapped tests,"Nothing reviews where a price came from, though the snapshot makes it answerable. Blocked platform-wide by: tool permissions (not_met), evaluation results (not_met)."
P27-REQ-379,Markup Review,not_verified,not_built,tool permissions; evaluation results,source evidence; deterministic handoff behavior; human-review state; confidence/uncertainty handling; tenant isolation; mapped tests,"Nothing reviews a markup profile. Blocked platform-wide by: tool permissions (not_met), evaluation results (not_met)."
P27-REQ-380,Scenario Review,not_verified,not_built,tool permissions; evaluation results,source evidence; deterministic handoff behavior; human-review state; confidence/uncertainty handling; tenant isolation; mapped tests,"Scenario pricing exists in the engine; nothing reviews a scenario. Blocked platform-wide by: tool permissions (not_met), evaluation results (not_met)."
P27-REQ-381,Risk Detection,not_verified,not_built,tool permissions; evaluation results,source evidence; deterministic handoff behavior; human-review state; confidence/uncertainty handling; tenant isolation; mapped tests,"A `risks` table exists and nothing populates it from analysis. Blocked platform-wide by: tool permissions (not_met), evaluation results (not_met)."
P27-REQ-382,Scope Gap Detection,not_verified,not_built,tool permissions; evaluation results,source evidence; deterministic handoff behavior; human-review state; confidence/uncertainty handling; tenant isolation; mapped tests,"Nothing detects a scope gap across a document set. Blocked platform-wide by: tool permissions (not_met), evaluation results (not_met)."
P27-REQ-383,Conflict Detection,not_verified,partial,tool permissions; evaluation results,source evidence; deterministic handoff behavior; human-review state; confidence/uncertainty handling; tenant isolation; mapped tests,"The analyst reports conflicts between sheets and is forbidden by prompt and by validator from resolving one by picking a side. There is no cross-document conflict detection, no addendum-versus-base comparison beyond what a single run sees. Blocked platform-wide by: tool permissions (not_met), evaluation results (not_met)."
P27-REQ-384,Missing Information Detection,not_verified,partial,tool permissions; evaluation results,source evidence; deterministic handoff behavior; human-review state; confidence/uncertainty handling; tenant isolation; mapped tests,"A finding type exists for it and the analyst emits them. Nothing checks a document set for completeness against a required list. Blocked platform-wide by: tool permissions (not_met), evaluation results (not_met)."
P27-REQ-385,Constructability Review,not_verified,not_built,tool permissions; evaluation results,source evidence; deterministic handoff behavior; human-review state; confidence/uncertainty handling; tenant isolation; mapped tests,"Nothing reviews constructability. Blocked platform-wide by: tool permissions (not_met), evaluation results (not_met)."
P27-REQ-386,Safety/Compliance Advisory,not_verified,not_built,tool permissions; evaluation results,source evidence; deterministic handoff behavior; human-review state; confidence/uncertainty handling; tenant isolation; mapped tests,"Nothing advises on safety or compliance, and under RULE-008 anything that did would propose rather than act on safety-critical data. Blocked platform-wide by: tool permissions (not_met), evaluation results (not_met)."
P27-REQ-387,Schedule Risk Advisory,not_verified,not_built,tool permissions; evaluation results,source evidence; deterministic handoff behavior; human-review state; confidence/uncertainty handling; tenant isolation; mapped tests,"Nothing advises on schedule risk, though the critical path engine now makes float and the driving path computable. Blocked platform-wide by: tool permissions (not_met), evaluation results (not_met)."
P27-REQ-388,Commercial Risk Advisory,not_verified,not_built,tool permissions; evaluation results,source evidence; deterministic handoff behavior; human-review state; confidence/uncertainty handling; tenant isolation; mapped tests,"Nothing advises on commercial risk, though contract clauses and claim deadlines are now structured enough to reason over. Blocked platform-wide by: tool permissions (not_met), evaluation results (not_met)."
P27-REQ-389,Agent Orchestration,not_verified,not_built,tool permissions; evaluation results,source evidence; deterministic handoff behavior; human-review state; confidence/uncertainty handling; tenant isolation; mapped tests,"One agent. No orchestration, no plan, no multi-step task. Blocked platform-wide by: tool permissions (not_met), evaluation results (not_met)."
P27-REQ-390,Agent Delegation,not_verified,not_built,tool permissions; evaluation results,source evidence; deterministic handoff behavior; human-review state; confidence/uncertainty handling; tenant isolation; mapped tests,"No agent delegates to another, because there is one. Blocked platform-wide by: tool permissions (not_met), evaluation results (not_met)."
P27-REQ-391,Agent Memory Boundaries,not_verified,not_built,tool permissions; evaluation results,source evidence; deterministic handoff behavior; human-review state; confidence/uncertainty handling; tenant isolation; mapped tests,"No agent memory exists, so there is no boundary to enforce. Recorded as absent rather than as satisfied. Blocked platform-wide by: tool permissions (not_met), evaluation results (not_met)."
P27-REQ-392,Tool Permissioning,not_verified,not_built,tool permissions; evaluation results,source evidence; deterministic handoff behavior; human-review state; confidence/uncertainty handling; tenant isolation; mapped tests,"No tool surface exists. Nothing to permission — the condition fails because there is nothing to verify, not because something is ungoverned. Blocked platform-wide by: tool permissions (not_met), evaluation results (not_met)."
P27-REQ-393,Human Approval Gates,not_verified,built,tool permissions; evaluation results,source evidence; deterministic handoff behavior; human-review state; confidence/uncertainty handling; tenant isolation; mapped tests,"Blocked platform-wide by: tool permissions (not_met), evaluation results (not_met)."
P27-REQ-394,AI Evidence & Citations,not_verified,built,tool permissions; evaluation results,source evidence; deterministic handoff behavior; human-review state; confidence/uncertainty handling; tenant isolation; mapped tests,"Blocked platform-wide by: tool permissions (not_met), evaluation results (not_met)."
P27-REQ-395,Confidence Scoring,not_verified,built,tool permissions; evaluation results,source evidence; deterministic handoff behavior; human-review state; confidence/uncertainty handling; tenant isolation; mapped tests,"Blocked platform-wide by: tool permissions (not_met), evaluation results (not_met)."
P27-REQ-396,Model/Prompt Versioning,not_verified,built,tool permissions; evaluation results,source evidence; deterministic handoff behavior; human-review state; confidence/uncertainty handling; tenant isolation; mapped tests,"Blocked platform-wide by: tool permissions (not_met), evaluation results (not_met)."
P27-REQ-397,AI Evaluation,not_verified,partial,tool permissions; evaluation results,source evidence; deterministic handoff behavior; human-review state; confidence/uncertainty handling; tenant isolation; mapped tests,"The contract is tested thoroughly — 28 tests over the prompt's prohibitions, the output schema, citation enforcement, confidence bounds and unit restriction. None of that is evaluation: nothing measures whether the findings are correct. Blocked platform-wide by: tool permissions (not_met), evaluation results (not_met)."
P27-REQ-398,Regression Testing,not_verified,partial,tool permissions; evaluation results,source evidence; deterministic handoff behavior; human-review state; confidence/uncertainty handling; tenant isolation; mapped tests,"The prompt's prohibitions and the validator's rules are pinned by test, so a change that loosens a guardrail fails the build. There is no regression suite over model outputs, because there are no recorded outputs to regress against. Blocked platform-wide by: tool permissions (not_met), evaluation results (not_met)."
P27-REQ-399,Hallucination Guardrails,not_verified,built,tool permissions; evaluation results,source evidence; deterministic handoff behavior; human-review state; confidence/uncertainty handling; tenant isolation; mapped tests,"Blocked platform-wide by: tool permissions (not_met), evaluation results (not_met)."
P27-REQ-400,Cost/Token Controls,not_verified,built,tool permissions; evaluation results,source evidence; deterministic handoff behavior; human-review state; confidence/uncertainty handling; tenant isolation; mapped tests,"Blocked platform-wide by: tool permissions (not_met), evaluation results (not_met)."
P27-REQ-401,Latency Controls,not_verified,not_built,tool permissions; evaluation results,source evidence; deterministic handoff behavior; human-review state; confidence/uncertainty handling; tenant isolation; mapped tests,"Duration is recorded on every run and nothing bounds it: no timeout budget, no degradation under load. Blocked platform-wide by: tool permissions (not_met), evaluation results (not_met)."
P27-REQ-402,Provider Abstraction,not_verified,partial,tool permissions; evaluation results,source evidence; deterministic handoff behavior; human-review state; confidence/uncertainty handling; tenant isolation; mapped tests,"The model and prompt version are recorded on every message and every extraction, so a change is visible after the fact. The provider itself is not abstracted: one client, one vendor, one model constant. Blocked platform-wide by: tool permissions (not_met), evaluation results (not_met)."
P27-REQ-403,Fallback/Degradation,not_verified,not_built,tool permissions; evaluation results,source evidence; deterministic handoff behavior; human-review state; confidence/uncertainty handling; tenant isolation; mapped tests,"A missing API key is reported as not configured, which is a refusal rather than a fallback. No secondary provider, no reduced mode, no queue for later. Blocked platform-wide by: tool permissions (not_met), evaluation results (not_met)."
P27-REQ-404,AI Audit Trail,not_verified,built,tool permissions; evaluation results,source evidence; deterministic handoff behavior; human-review state; confidence/uncertainty handling; tenant isolation; mapped tests,"Blocked platform-wide by: tool permissions (not_met), evaluation results (not_met)."
P27-REQ-405,Feedback & Calibration,not_verified,not_built,tool permissions; evaluation results,source evidence; deterministic handoff behavior; human-review state; confidence/uncertainty handling; tenant isolation; mapped tests,"Acceptance and rejection of every finding is recorded, which is the raw material for calibration, and nothing consumes it. The production calibration path exists for rates and not for the agent. Blocked platform-wide by: tool permissions (not_met), evaluation results (not_met)."
P27-REQ-406,Autonomous Background Tasks,not_verified,not_built,tool permissions; evaluation results,source evidence; deterministic handoff behavior; human-review state; confidence/uncertainty handling; tenant isolation; mapped tests,"None, by design. `ai_agents_never_autonomous` makes an autonomous agent unconfigurable, and that constraint is the platform keeping a promise rather than a gap. Blocked platform-wide by: tool permissions (not_met), evaluation results (not_met)."
P27-REQ-407,Digital Twin AI Context,not_verified,not_built,tool permissions; evaluation results,source evidence; deterministic handoff behavior; human-review state; confidence/uncertainty handling; tenant isolation; mapped tests,"Not built and not planned; in the globally excluded class. Blocked platform-wide by: tool permissions (not_met), evaluation results (not_met)."
P27-REQ-408,AI Incident Response,not_verified,not_built,tool permissions; evaluation results,source evidence; deterministic handoff behavior; human-review state; confidence/uncertainty handling; tenant isolation; mapped tests,"No AI incident process — the AI face of the detection and response gap P28 named. Blocked platform-wide by: tool permissions (not_met), evaluation results (not_met)."
P27-REQ-409,AI Copilot Core,not_verified,partial,tool permissions; evaluation results,source evidence; deterministic handoff behavior; human-review state; confidence/uncertainty handling; tenant isolation; mapped tests,"One governed agent exists with a registry entry, an authority cap, a system prompt held to by test, and a validator that enforces the contract the prompt only asks for. There is no copilot: no chat surface, no general assistant, no task the user starts in their own words. Blocked platform-wide by: tool permissions (not_met), evaluation results (not_met)."
P27-REQ-410,Conversation Context,not_verified,partial,tool permissions; evaluation results,source evidence; deterministic handoff behavior; human-review state; confidence/uncertainty handling; tenant isolation; mapped tests,"`ai_conversations` and `ai_messages` model a transcript with roles, model, prompt version, tokens and latency, and the transcript is append-only. Nothing maintains context across turns, because there are no turns — the analyst is a single request. Blocked platform-wide by: tool permissions (not_met), evaluation results (not_met)."
P27-REQ-411,Tool Routing,not_verified,not_built,tool permissions; evaluation results,source evidence; deterministic handoff behavior; human-review state; confidence/uncertainty handling; tenant isolation; mapped tests,"The agent has no tools. There is nothing to route, and no router. Blocked platform-wide by: tool permissions (not_met), evaluation results (not_met)."
P27-REQ-412,Construction Knowledge Retrieval,not_verified,not_built,tool permissions; evaluation results,source evidence; deterministic handoff behavior; human-review state; confidence/uncertainty handling; tenant isolation; mapped tests,"No retrieval layer over construction knowledge — the absence the traceability rules already exclude globally. Blocked platform-wide by: tool permissions (not_met), evaluation results (not_met)."
P27-REQ-413,Document Retrieval,not_verified,partial,tool permissions; evaluation results,source evidence; deterministic handoff behavior; human-review state; confidence/uncertainty handling; tenant isolation; mapped tests,"Documents, versions and sheets carry extracted text, and since P15 `app.search_document_text` retrieves by content with permission filtering. The agent does not use it: it is handed a document version and reads that, rather than retrieving what it needs. Blocked platform-wide by: tool permissions (not_met), evaluation results (not_met)."
P27-REQ-414,Plan Sheet Intelligence,not_verified,built,tool permissions; evaluation results,source evidence; deterministic handoff behavior; human-review state; confidence/uncertainty handling; tenant isolation; mapped tests,"Blocked platform-wide by: tool permissions (not_met), evaluation results (not_met)."
P27-REQ-415,Specification Intelligence,not_verified,not_built,tool permissions; evaluation results,source evidence; deterministic handoff behavior; human-review state; confidence/uncertainty handling; tenant isolation; mapped tests,"Specifications are a document type. Nothing reads one as a specification: no section parsing, no requirement extraction, no submittal derivation. Blocked platform-wide by: tool permissions (not_met), evaluation results (not_met)."
P27-REQ-416,Addenda Intelligence,not_verified,not_built,tool permissions; evaluation results,source evidence; deterministic handoff behavior; human-review state; confidence/uncertainty handling; tenant isolation; mapped tests,"Addenda are a document type and revision comparison exists at the document level. Nothing reconciles an addendum against the base set it modifies. Blocked platform-wide by: tool permissions (not_met), evaluation results (not_met)."
P27-REQ-417,RFI/Submittal Intelligence,not_verified,not_built,tool permissions; evaluation results,source evidence; deterministic handoff behavior; human-review state; confidence/uncertainty handling; tenant isolation; mapped tests,"RFIs and submittals are well modeled and no agent reads or drafts one. Blocked platform-wide by: tool permissions (not_met), evaluation results (not_met)."
P27-REQ-418,Quantity Evidence Extraction,not_verified,partial,tool permissions; evaluation results,source evidence; deterministic handoff behavior; human-review state; confidence/uncertainty handling; tenant isolation; mapped tests,"The analyst extracts quantity candidates with citations, units restricted to the engine's own unit set, and a confidence on every one. They are proposals: a person accepts them, and acceptance records the business row created. What is missing is coverage — one document type, one pass, no measurement of how many real quantities it finds. Blocked platform-wide by: tool permissions (not_met), evaluation results (not_met)."
P27-REQ-419,Service Mapping,not_verified,not_built,tool permissions; evaluation results,source evidence; deterministic handoff behavior; human-review state; confidence/uncertainty handling; tenant isolation; mapped tests,"Nothing maps extracted scope to the service library. Blocked platform-wide by: tool permissions (not_met), evaluation results (not_met)."
P27-REQ-420,Assembly Mapping,not_verified,not_built,tool permissions; evaluation results,source evidence; deterministic handoff behavior; human-review state; confidence/uncertainty handling; tenant isolation; mapped tests,"Nothing maps extracted scope to an assembly. Blocked platform-wide by: tool permissions (not_met), evaluation results (not_met)."
P27-REQ-421,Estimate Input Suggestions,not_verified,not_built,tool permissions; evaluation results,source evidence; deterministic handoff behavior; human-review state; confidence/uncertainty handling; tenant isolation; mapped tests,"Nothing suggests an estimate input. The analyst stops at quantity candidates. Blocked platform-wide by: tool permissions (not_met), evaluation results (not_met)."
P27-REQ-422,Production Assumption Review,not_verified,not_built,tool permissions; evaluation results,source evidence; deterministic handoff behavior; human-review state; confidence/uncertainty handling; tenant isolation; mapped tests,"Nothing reviews a production assumption against the catalog or against measured actuals. Blocked platform-wide by: tool permissions (not_met), evaluation results (not_met)."
P27-REQ-423,Crew Recommendation,not_verified,not_built,tool permissions; evaluation results,source evidence; deterministic handoff behavior; human-review state; confidence/uncertainty handling; tenant isolation; mapped tests,"No crew is recommended — the mapping rules exclude this explicitly, because a crew engine is not an AI that recommends crews. Blocked platform-wide by: tool permissions (not_met), evaluation results (not_met)."
P27-REQ-424,Equipment Recommendation,not_verified,not_built,tool permissions; evaluation results,source evidence; deterministic handoff behavior; human-review state; confidence/uncertainty handling; tenant isolation; mapped tests,"Nothing recommends equipment. Blocked platform-wide by: tool permissions (not_met), evaluation results (not_met)."
P27-REQ-425,Truck/Haul Recommendation,not_verified,not_built,tool permissions; evaluation results,source evidence; deterministic handoff behavior; human-review state; confidence/uncertainty handling; tenant isolation; mapped tests,"The trucking engine computes a haul; nothing advises on one. Blocked platform-wide by: tool permissions (not_met), evaluation results (not_met)."
P27-REQ-426,Material/Disposal Recommendation,not_verified,not_built,tool permissions; evaluation results,source evidence; deterministic handoff behavior; human-review state; confidence/uncertainty handling; tenant isolation; mapped tests,"Nothing recommends a material or a disposal route. Blocked platform-wide by: tool permissions (not_met), evaluation results (not_met)."
P27-REQ-427,Estimate Math Review,not_verified,not_built,tool permissions; evaluation results,source evidence; deterministic handoff behavior; human-review state; confidence/uncertainty handling; tenant isolation; mapped tests,"Nothing reviews estimate arithmetic — and under RULE-008 anything that did would propose, never correct. The engine owns the arithmetic and its derivations are already inspectable. Blocked platform-wide by: tool permissions (not_met), evaluation results (not_met)."
P27-REQ-428,Estimate Completeness Review,not_verified,not_built,tool permissions; evaluation results,source evidence; deterministic handoff behavior; human-review state; confidence/uncertainty handling; tenant isolation; mapped tests,"Nothing checks an estimate for missing scope. Blocked platform-wide by: tool permissions (not_met), evaluation results (not_met)."
P27-REQ-429,Pricing Source Review,not_verified,not_built,tool permissions; evaluation results,source evidence; deterministic handoff behavior; human-review state; confidence/uncertainty handling; tenant isolation; mapped tests,"Nothing reviews where a price came from, though the snapshot makes it answerable. Blocked platform-wide by: tool permissions (not_met), evaluation results (not_met)."
P27-REQ-430,Markup Review,not_verified,not_built,tool permissions; evaluation results,source evidence; deterministic handoff behavior; human-review state; confidence/uncertainty handling; tenant isolation; mapped tests,"Nothing reviews a markup profile. Blocked platform-wide by: tool permissions (not_met), evaluation results (not_met)."
P27-REQ-431,Scenario Review,not_verified,not_built,tool permissions; evaluation results,source evidence; deterministic handoff behavior; human-review state; confidence/uncertainty handling; tenant isolation; mapped tests,"Scenario pricing exists in the engine; nothing reviews a scenario. Blocked platform-wide by: tool permissions (not_met), evaluation results (not_met)."
P27-REQ-432,Risk Detection,not_verified,not_built,tool permissions; evaluation results,source evidence; deterministic handoff behavior; human-review state; confidence/uncertainty handling; tenant isolation; mapped tests,"A `risks` table exists and nothing populates it from analysis. Blocked platform-wide by: tool permissions (not_met), evaluation results (not_met)."
P27-REQ-433,Scope Gap Detection,not_verified,not_built,tool permissions; evaluation results,source evidence; deterministic handoff behavior; human-review state; confidence/uncertainty handling; tenant isolation; mapped tests,"Nothing detects a scope gap across a document set. Blocked platform-wide by: tool permissions (not_met), evaluation results (not_met)."
P27-REQ-434,Conflict Detection,not_verified,partial,tool permissions; evaluation results,source evidence; deterministic handoff behavior; human-review state; confidence/uncertainty handling; tenant isolation; mapped tests,"The analyst reports conflicts between sheets and is forbidden by prompt and by validator from resolving one by picking a side. There is no cross-document conflict detection, no addendum-versus-base comparison beyond what a single run sees. Blocked platform-wide by: tool permissions (not_met), evaluation results (not_met)."
P27-REQ-435,Missing Information Detection,not_verified,partial,tool permissions; evaluation results,source evidence; deterministic handoff behavior; human-review state; confidence/uncertainty handling; tenant isolation; mapped tests,"A finding type exists for it and the analyst emits them. Nothing checks a document set for completeness against a required list. Blocked platform-wide by: tool permissions (not_met), evaluation results (not_met)."
P27-REQ-436,Constructability Review,not_verified,not_built,tool permissions; evaluation results,source evidence; deterministic handoff behavior; human-review state; confidence/uncertainty handling; tenant isolation; mapped tests,"Nothing reviews constructability. Blocked platform-wide by: tool permissions (not_met), evaluation results (not_met)."
P27-REQ-437,Safety/Compliance Advisory,not_verified,not_built,tool permissions; evaluation results,source evidence; deterministic handoff behavior; human-review state; confidence/uncertainty handling; tenant isolation; mapped tests,"Nothing advises on safety or compliance, and under RULE-008 anything that did would propose rather than act on safety-critical data. Blocked platform-wide by: tool permissions (not_met), evaluation results (not_met)."
P27-REQ-438,Schedule Risk Advisory,not_verified,not_built,tool permissions; evaluation results,source evidence; deterministic handoff behavior; human-review state; confidence/uncertainty handling; tenant isolation; mapped tests,"Nothing advises on schedule risk, though the critical path engine now makes float and the driving path computable. Blocked platform-wide by: tool permissions (not_met), evaluation results (not_met)."
P27-REQ-439,Commercial Risk Advisory,not_verified,not_built,tool permissions; evaluation results,source evidence; deterministic handoff behavior; human-review state; confidence/uncertainty handling; tenant isolation; mapped tests,"Nothing advises on commercial risk, though contract clauses and claim deadlines are now structured enough to reason over. Blocked platform-wide by: tool permissions (not_met), evaluation results (not_met)."
P27-REQ-440,Agent Orchestration,not_verified,not_built,tool permissions; evaluation results,source evidence; deterministic handoff behavior; human-review state; confidence/uncertainty handling; tenant isolation; mapped tests,"One agent. No orchestration, no plan, no multi-step task. Blocked platform-wide by: tool permissions (not_met), evaluation results (not_met)."
P27-REQ-441,Agent Delegation,not_verified,not_built,tool permissions; evaluation results,source evidence; deterministic handoff behavior; human-review state; confidence/uncertainty handling; tenant isolation; mapped tests,"No agent delegates to another, because there is one. Blocked platform-wide by: tool permissions (not_met), evaluation results (not_met)."
P27-REQ-442,Agent Memory Boundaries,not_verified,not_built,tool permissions; evaluation results,source evidence; deterministic handoff behavior; human-review state; confidence/uncertainty handling; tenant isolation; mapped tests,"No agent memory exists, so there is no boundary to enforce. Recorded as absent rather than as satisfied. Blocked platform-wide by: tool permissions (not_met), evaluation results (not_met)."
P27-REQ-443,Tool Permissioning,not_verified,not_built,tool permissions; evaluation results,source evidence; deterministic handoff behavior; human-review state; confidence/uncertainty handling; tenant isolation; mapped tests,"No tool surface exists. Nothing to permission — the condition fails because there is nothing to verify, not because something is ungoverned. Blocked platform-wide by: tool permissions (not_met), evaluation results (not_met)."
P27-REQ-444,Human Approval Gates,not_verified,built,tool permissions; evaluation results,source evidence; deterministic handoff behavior; human-review state; confidence/uncertainty handling; tenant isolation; mapped tests,"Blocked platform-wide by: tool permissions (not_met), evaluation results (not_met)."
P27-REQ-445,AI Evidence & Citations,not_verified,built,tool permissions; evaluation results,source evidence; deterministic handoff behavior; human-review state; confidence/uncertainty handling; tenant isolation; mapped tests,"Blocked platform-wide by: tool permissions (not_met), evaluation results (not_met)."
P27-REQ-446,Confidence Scoring,not_verified,built,tool permissions; evaluation results,source evidence; deterministic handoff behavior; human-review state; confidence/uncertainty handling; tenant isolation; mapped tests,"Blocked platform-wide by: tool permissions (not_met), evaluation results (not_met)."
P27-REQ-447,Model/Prompt Versioning,not_verified,built,tool permissions; evaluation results,source evidence; deterministic handoff behavior; human-review state; confidence/uncertainty handling; tenant isolation; mapped tests,"Blocked platform-wide by: tool permissions (not_met), evaluation results (not_met)."
P27-REQ-448,AI Evaluation,not_verified,partial,tool permissions; evaluation results,source evidence; deterministic handoff behavior; human-review state; confidence/uncertainty handling; tenant isolation; mapped tests,"The contract is tested thoroughly — 28 tests over the prompt's prohibitions, the output schema, citation enforcement, confidence bounds and unit restriction. None of that is evaluation: nothing measures whether the findings are correct. Blocked platform-wide by: tool permissions (not_met), evaluation results (not_met)."
P27-REQ-449,Regression Testing,not_verified,partial,tool permissions; evaluation results,source evidence; deterministic handoff behavior; human-review state; confidence/uncertainty handling; tenant isolation; mapped tests,"The prompt's prohibitions and the validator's rules are pinned by test, so a change that loosens a guardrail fails the build. There is no regression suite over model outputs, because there are no recorded outputs to regress against. Blocked platform-wide by: tool permissions (not_met), evaluation results (not_met)."
P27-REQ-450,Hallucination Guardrails,not_verified,built,tool permissions; evaluation results,source evidence; deterministic handoff behavior; human-review state; confidence/uncertainty handling; tenant isolation; mapped tests,"Blocked platform-wide by: tool permissions (not_met), evaluation results (not_met)."
P27-REQ-451,Cost/Token Controls,not_verified,built,tool permissions; evaluation results,source evidence; deterministic handoff behavior; human-review state; confidence/uncertainty handling; tenant isolation; mapped tests,"Blocked platform-wide by: tool permissions (not_met), evaluation results (not_met)."
P27-REQ-452,Latency Controls,not_verified,not_built,tool permissions; evaluation results,source evidence; deterministic handoff behavior; human-review state; confidence/uncertainty handling; tenant isolation; mapped tests,"Duration is recorded on every run and nothing bounds it: no timeout budget, no degradation under load. Blocked platform-wide by: tool permissions (not_met), evaluation results (not_met)."
P27-REQ-453,Provider Abstraction,not_verified,partial,tool permissions; evaluation results,source evidence; deterministic handoff behavior; human-review state; confidence/uncertainty handling; tenant isolation; mapped tests,"The model and prompt version are recorded on every message and every extraction, so a change is visible after the fact. The provider itself is not abstracted: one client, one vendor, one model constant. Blocked platform-wide by: tool permissions (not_met), evaluation results (not_met)."
P27-REQ-454,Fallback/Degradation,not_verified,not_built,tool permissions; evaluation results,source evidence; deterministic handoff behavior; human-review state; confidence/uncertainty handling; tenant isolation; mapped tests,"A missing API key is reported as not configured, which is a refusal rather than a fallback. No secondary provider, no reduced mode, no queue for later. Blocked platform-wide by: tool permissions (not_met), evaluation results (not_met)."
P27-REQ-455,AI Audit Trail,not_verified,built,tool permissions; evaluation results,source evidence; deterministic handoff behavior; human-review state; confidence/uncertainty handling; tenant isolation; mapped tests,"Blocked platform-wide by: tool permissions (not_met), evaluation results (not_met)."
P27-REQ-456,Feedback & Calibration,not_verified,not_built,tool permissions; evaluation results,source evidence; deterministic handoff behavior; human-review state; confidence/uncertainty handling; tenant isolation; mapped tests,"Acceptance and rejection of every finding is recorded, which is the raw material for calibration, and nothing consumes it. The production calibration path exists for rates and not for the agent. Blocked platform-wide by: tool permissions (not_met), evaluation results (not_met)."
P27-REQ-457,Autonomous Background Tasks,not_verified,not_built,tool permissions; evaluation results,source evidence; deterministic handoff behavior; human-review state; confidence/uncertainty handling; tenant isolation; mapped tests,"None, by design. `ai_agents_never_autonomous` makes an autonomous agent unconfigurable, and that constraint is the platform keeping a promise rather than a gap. Blocked platform-wide by: tool permissions (not_met), evaluation results (not_met)."
P27-REQ-458,Digital Twin AI Context,not_verified,not_built,tool permissions; evaluation results,source evidence; deterministic handoff behavior; human-review state; confidence/uncertainty handling; tenant isolation; mapped tests,"Not built and not planned; in the globally excluded class. Blocked platform-wide by: tool permissions (not_met), evaluation results (not_met)."
P27-REQ-459,AI Incident Response,not_verified,not_built,tool permissions; evaluation results,source evidence; deterministic handoff behavior; human-review state; confidence/uncertainty handling; tenant isolation; mapped tests,"No AI incident process — the AI face of the detection and response gap P28 named. Blocked platform-wide by: tool permissions (not_met), evaluation results (not_met)."
P27-REQ-460,AI Copilot Core,not_verified,partial,tool permissions; evaluation results,source evidence; deterministic handoff behavior; human-review state; confidence/uncertainty handling; tenant isolation; mapped tests,"One governed agent exists with a registry entry, an authority cap, a system prompt held to by test, and a validator that enforces the contract the prompt only asks for. There is no copilot: no chat surface, no general assistant, no task the user starts in their own words. Blocked platform-wide by: tool permissions (not_met), evaluation results (not_met)."
P27-REQ-461,Conversation Context,not_verified,partial,tool permissions; evaluation results,source evidence; deterministic handoff behavior; human-review state; confidence/uncertainty handling; tenant isolation; mapped tests,"`ai_conversations` and `ai_messages` model a transcript with roles, model, prompt version, tokens and latency, and the transcript is append-only. Nothing maintains context across turns, because there are no turns — the analyst is a single request. Blocked platform-wide by: tool permissions (not_met), evaluation results (not_met)."
P27-REQ-462,Tool Routing,not_verified,not_built,tool permissions; evaluation results,source evidence; deterministic handoff behavior; human-review state; confidence/uncertainty handling; tenant isolation; mapped tests,"The agent has no tools. There is nothing to route, and no router. Blocked platform-wide by: tool permissions (not_met), evaluation results (not_met)."
P27-REQ-463,Construction Knowledge Retrieval,not_verified,not_built,tool permissions; evaluation results,source evidence; deterministic handoff behavior; human-review state; confidence/uncertainty handling; tenant isolation; mapped tests,"No retrieval layer over construction knowledge — the absence the traceability rules already exclude globally. Blocked platform-wide by: tool permissions (not_met), evaluation results (not_met)."
P27-REQ-464,Document Retrieval,not_verified,partial,tool permissions; evaluation results,source evidence; deterministic handoff behavior; human-review state; confidence/uncertainty handling; tenant isolation; mapped tests,"Documents, versions and sheets carry extracted text, and since P15 `app.search_document_text` retrieves by content with permission filtering. The agent does not use it: it is handed a document version and reads that, rather than retrieving what it needs. Blocked platform-wide by: tool permissions (not_met), evaluation results (not_met)."
P27-REQ-465,Plan Sheet Intelligence,not_verified,built,tool permissions; evaluation results,source evidence; deterministic handoff behavior; human-review state; confidence/uncertainty handling; tenant isolation; mapped tests,"Blocked platform-wide by: tool permissions (not_met), evaluation results (not_met)."
P27-REQ-466,Specification Intelligence,not_verified,not_built,tool permissions; evaluation results,source evidence; deterministic handoff behavior; human-review state; confidence/uncertainty handling; tenant isolation; mapped tests,"Specifications are a document type. Nothing reads one as a specification: no section parsing, no requirement extraction, no submittal derivation. Blocked platform-wide by: tool permissions (not_met), evaluation results (not_met)."
P27-REQ-467,Addenda Intelligence,not_verified,not_built,tool permissions; evaluation results,source evidence; deterministic handoff behavior; human-review state; confidence/uncertainty handling; tenant isolation; mapped tests,"Addenda are a document type and revision comparison exists at the document level. Nothing reconciles an addendum against the base set it modifies. Blocked platform-wide by: tool permissions (not_met), evaluation results (not_met)."
P27-REQ-468,RFI/Submittal Intelligence,not_verified,not_built,tool permissions; evaluation results,source evidence; deterministic handoff behavior; human-review state; confidence/uncertainty handling; tenant isolation; mapped tests,"RFIs and submittals are well modeled and no agent reads or drafts one. Blocked platform-wide by: tool permissions (not_met), evaluation results (not_met)."
P27-REQ-469,Quantity Evidence Extraction,not_verified,partial,tool permissions; evaluation results,source evidence; deterministic handoff behavior; human-review state; confidence/uncertainty handling; tenant isolation; mapped tests,"The analyst extracts quantity candidates with citations, units restricted to the engine's own unit set, and a confidence on every one. They are proposals: a person accepts them, and acceptance records the business row created. What is missing is coverage — one document type, one pass, no measurement of how many real quantities it finds. Blocked platform-wide by: tool permissions (not_met), evaluation results (not_met)."
P27-REQ-470,Service Mapping,not_verified,not_built,tool permissions; evaluation results,source evidence; deterministic handoff behavior; human-review state; confidence/uncertainty handling; tenant isolation; mapped tests,"Nothing maps extracted scope to the service library. Blocked platform-wide by: tool permissions (not_met), evaluation results (not_met)."
P27-REQ-471,Assembly Mapping,not_verified,not_built,tool permissions; evaluation results,source evidence; deterministic handoff behavior; human-review state; confidence/uncertainty handling; tenant isolation; mapped tests,"Nothing maps extracted scope to an assembly. Blocked platform-wide by: tool permissions (not_met), evaluation results (not_met)."
P27-REQ-472,Estimate Input Suggestions,not_verified,not_built,tool permissions; evaluation results,source evidence; deterministic handoff behavior; human-review state; confidence/uncertainty handling; tenant isolation; mapped tests,"Nothing suggests an estimate input. The analyst stops at quantity candidates. Blocked platform-wide by: tool permissions (not_met), evaluation results (not_met)."
P27-REQ-473,Production Assumption Review,not_verified,not_built,tool permissions; evaluation results,source evidence; deterministic handoff behavior; human-review state; confidence/uncertainty handling; tenant isolation; mapped tests,"Nothing reviews a production assumption against the catalog or against measured actuals. Blocked platform-wide by: tool permissions (not_met), evaluation results (not_met)."
P27-REQ-474,Crew Recommendation,not_verified,not_built,tool permissions; evaluation results,source evidence; deterministic handoff behavior; human-review state; confidence/uncertainty handling; tenant isolation; mapped tests,"No crew is recommended — the mapping rules exclude this explicitly, because a crew engine is not an AI that recommends crews. Blocked platform-wide by: tool permissions (not_met), evaluation results (not_met)."
P27-REQ-475,Equipment Recommendation,not_verified,not_built,tool permissions; evaluation results,source evidence; deterministic handoff behavior; human-review state; confidence/uncertainty handling; tenant isolation; mapped tests,"Nothing recommends equipment. Blocked platform-wide by: tool permissions (not_met), evaluation results (not_met)."
P27-REQ-476,Truck/Haul Recommendation,not_verified,not_built,tool permissions; evaluation results,source evidence; deterministic handoff behavior; human-review state; confidence/uncertainty handling; tenant isolation; mapped tests,"The trucking engine computes a haul; nothing advises on one. Blocked platform-wide by: tool permissions (not_met), evaluation results (not_met)."
P27-REQ-477,Material/Disposal Recommendation,not_verified,not_built,tool permissions; evaluation results,source evidence; deterministic handoff behavior; human-review state; confidence/uncertainty handling; tenant isolation; mapped tests,"Nothing recommends a material or a disposal route. Blocked platform-wide by: tool permissions (not_met), evaluation results (not_met)."
P27-REQ-478,Estimate Math Review,not_verified,not_built,tool permissions; evaluation results,source evidence; deterministic handoff behavior; human-review state; confidence/uncertainty handling; tenant isolation; mapped tests,"Nothing reviews estimate arithmetic — and under RULE-008 anything that did would propose, never correct. The engine owns the arithmetic and its derivations are already inspectable. Blocked platform-wide by: tool permissions (not_met), evaluation results (not_met)."
P27-REQ-479,Estimate Completeness Review,not_verified,not_built,tool permissions; evaluation results,source evidence; deterministic handoff behavior; human-review state; confidence/uncertainty handling; tenant isolation; mapped tests,"Nothing checks an estimate for missing scope. Blocked platform-wide by: tool permissions (not_met), evaluation results (not_met)."
P27-REQ-480,Pricing Source Review,not_verified,not_built,tool permissions; evaluation results,source evidence; deterministic handoff behavior; human-review state; confidence/uncertainty handling; tenant isolation; mapped tests,"Nothing reviews where a price came from, though the snapshot makes it answerable. Blocked platform-wide by: tool permissions (not_met), evaluation results (not_met)."
