requirement_id,domain,verification,domain_status,unmet_conditions,met_conditions,gap
P28-REQ-001,Security Architecture,not_verified,built,threat/failure handling; key/secret lifecycle; monitoring,allow/deny behavior; tenant isolation; least privilege; audit evidence; mapped security tests,"Blocked platform-wide by: threat/failure handling (partial), key/secret lifecycle (partial), monitoring (partial)."
P28-REQ-002,Identity Governance,not_verified,partial,threat/failure handling; key/secret lifecycle; monitoring,allow/deny behavior; tenant isolation; least privilege; audit evidence; mapped security tests,"Memberships, invitations and roles exist with an owner flag and approval tiers. There is no joiner/mover/leaver lifecycle: nothing drives access from an employment change, and nothing reviews it afterwards. Blocked platform-wide by: threat/failure handling (partial), key/secret lifecycle (partial), monitoring (partial)."
P28-REQ-003,Authentication,not_verified,built,threat/failure handling; key/secret lifecycle; monitoring,allow/deny behavior; tenant isolation; least privilege; audit evidence; mapped security tests,"Blocked platform-wide by: threat/failure handling (partial), key/secret lifecycle (partial), monitoring (partial)."
P28-REQ-004,MFA,not_verified,not_built,threat/failure handling; key/secret lifecycle; monitoring,allow/deny behavior; tenant isolation; least privilege; audit evidence; mapped security tests,"Not implemented. The company settings screen previously displayed a 'Require multi-factor authentication' toggle that nothing enforced; it has been removed and MFA is now named as unavailable. The capability itself remains absent. Blocked platform-wide by: threat/failure handling (partial), key/secret lifecycle (partial), monitoring (partial)."
P28-REQ-005,SSO Federation,not_verified,not_built,threat/failure handling; key/secret lifecycle; monitoring,allow/deny behavior; tenant isolation; least privilege; audit evidence; mapped security tests,"No SAML or OIDC federation. Every user authenticates directly. Blocked platform-wide by: threat/failure handling (partial), key/secret lifecycle (partial), monitoring (partial)."
P28-REQ-006,SCIM Provisioning,not_verified,not_built,threat/failure handling; key/secret lifecycle; monitoring,allow/deny behavior; tenant isolation; least privilege; audit evidence; mapped security tests,"No SCIM endpoint. Membership is managed in the application only. Blocked platform-wide by: threat/failure handling (partial), key/secret lifecycle (partial), monitoring (partial)."
P28-REQ-007,Role-Based Access,not_verified,built,threat/failure handling; key/secret lifecycle; monitoring,allow/deny behavior; tenant isolation; least privilege; audit evidence; mapped security tests,"Blocked platform-wide by: threat/failure handling (partial), key/secret lifecycle (partial), monitoring (partial)."
P28-REQ-008,Attribute-Based Access,not_verified,not_built,threat/failure handling; key/secret lifecycle; monitoring,allow/deny behavior; tenant isolation; least privilege; audit evidence; mapped security tests,"Access is role and membership based. There is no attribute policy — nothing decides on project, region, classification or time of day. Blocked platform-wide by: threat/failure handling (partial), key/secret lifecycle (partial), monitoring (partial)."
P28-REQ-009,Policy Decision,not_verified,built,threat/failure handling; key/secret lifecycle; monitoring,allow/deny behavior; tenant isolation; least privilege; audit evidence; mapped security tests,"Blocked platform-wide by: threat/failure handling (partial), key/secret lifecycle (partial), monitoring (partial)."
P28-REQ-010,Policy Enforcement,not_verified,built,threat/failure handling; key/secret lifecycle; monitoring,allow/deny behavior; tenant isolation; least privilege; audit evidence; mapped security tests,"Blocked platform-wide by: threat/failure handling (partial), key/secret lifecycle (partial), monitoring (partial)."
P28-REQ-011,Privileged Access,not_verified,partial,threat/failure handling; key/secret lifecycle; monitoring,allow/deny behavior; tenant isolation; least privilege; audit evidence; mapped security tests,"Approval tiers and an owner flag gate consequential actions, and self-approval is refused. There is no just-in-time elevation, no time-bounded grant, and no separate review of what privileged accounts did. Blocked platform-wide by: threat/failure handling (partial), key/secret lifecycle (partial), monitoring (partial)."
P28-REQ-012,Service Identities,not_verified,built,threat/failure handling; key/secret lifecycle; monitoring,allow/deny behavior; tenant isolation; least privilege; audit evidence; mapped security tests,"Blocked platform-wide by: threat/failure handling (partial), key/secret lifecycle (partial), monitoring (partial)."
P28-REQ-013,Machine Identities,not_verified,built,threat/failure handling; key/secret lifecycle; monitoring,allow/deny behavior; tenant isolation; least privilege; audit evidence; mapped security tests,"Blocked platform-wide by: threat/failure handling (partial), key/secret lifecycle (partial), monitoring (partial)."
P28-REQ-014,Session Security,not_verified,partial,threat/failure handling; key/secret lifecycle; monitoring,allow/deny behavior; tenant isolation; least privilege; audit evidence; mapped security tests,"Supabase issues and validates sessions. This platform sets no session policy of its own — no inactivity bound it enforces, no step-up for a privileged action, no way to revoke one session rather than all. Blocked platform-wide by: threat/failure handling (partial), key/secret lifecycle (partial), monitoring (partial)."
P28-REQ-015,Zero Trust,not_verified,partial,threat/failure handling; key/secret lifecycle; monitoring,allow/deny behavior; tenant isolation; least privilege; audit evidence; mapped security tests,"Several of the properties hold in practice — every request is authorized on its own, nothing is trusted by network position, and the anon role holds no table privilege. It is not stated or verified as a model, so it is a set of habits rather than an architecture anyone can audit. Blocked platform-wide by: threat/failure handling (partial), key/secret lifecycle (partial), monitoring (partial)."
P28-REQ-016,Tenant Isolation,not_verified,built,threat/failure handling; key/secret lifecycle; monitoring,allow/deny behavior; tenant isolation; least privilege; audit evidence; mapped security tests,"Blocked platform-wide by: threat/failure handling (partial), key/secret lifecycle (partial), monitoring (partial)."
P28-REQ-017,Project/Record Access,not_verified,built,threat/failure handling; key/secret lifecycle; monitoring,allow/deny behavior; tenant isolation; least privilege; audit evidence; mapped security tests,"Blocked platform-wide by: threat/failure handling (partial), key/secret lifecycle (partial), monitoring (partial)."
P28-REQ-018,Data Classification,not_verified,not_built,threat/failure handling; key/secret lifecycle; monitoring,allow/deny behavior; tenant isolation; least privilege; audit evidence; mapped security tests,"No classification exists. Every column is treated alike, so nothing can be handled according to its sensitivity. Blocked platform-wide by: threat/failure handling (partial), key/secret lifecycle (partial), monitoring (partial)."
P28-REQ-019,Privacy Controls,not_verified,partial,threat/failure handling; key/secret lifecycle; monitoring,allow/deny behavior; tenant isolation; least privilege; audit evidence; mapped security tests,"Raw card data is never stored — Stripe holds it and only a brand and last four reach this platform. Beyond payment there is no privacy control: no consent record, no subject access path, no export or erasure. Blocked platform-wide by: threat/failure handling (partial), key/secret lifecycle (partial), monitoring (partial)."
P28-REQ-020,Data Minimization,not_verified,partial,threat/failure handling; key/secret lifecycle; monitoring,allow/deny behavior; tenant isolation; least privilege; audit evidence; mapped security tests,"Some by construction: the API returns named columns rather than rows wholesale, and logs are redacted. Nothing states what may be collected or for how long. Blocked platform-wide by: threat/failure handling (partial), key/secret lifecycle (partial), monitoring (partial)."
P28-REQ-021,Retention & Deletion,not_verified,not_built,threat/failure handling; key/secret lifecycle; monitoring,allow/deny behavior; tenant isolation; least privilege; audit evidence; mapped security tests,"No retention policy, no scheduled deletion, no legal hold. The settings screen displays 'Retention: Indefinite', which is a description rather than a control. Blocked platform-wide by: threat/failure handling (partial), key/secret lifecycle (partial), monitoring (partial)."
P28-REQ-022,Encryption at Rest,not_verified,partial,threat/failure handling; key/secret lifecycle; monitoring,allow/deny behavior; tenant isolation; least privilege; audit evidence; mapped security tests,"Supabase encrypts storage and the database at rest. The platform neither configures nor evidences it, so the control is inherited rather than owned, and nothing here would notice if it changed. Blocked platform-wide by: threat/failure handling (partial), key/secret lifecycle (partial), monitoring (partial)."
P28-REQ-023,Encryption in Transit,not_verified,partial,threat/failure handling; key/secret lifecycle; monitoring,allow/deny behavior; tenant isolation; least privilege; audit evidence; mapped security tests,"Traffic is HTTPS by deployment. Same as at rest: inherited, not owned or evidenced. Blocked platform-wide by: threat/failure handling (partial), key/secret lifecycle (partial), monitoring (partial)."
P28-REQ-024,Key Management,not_verified,not_built,threat/failure handling; key/secret lifecycle; monitoring,allow/deny behavior; tenant isolation; least privilege; audit evidence; mapped security tests,"No key management. Nothing rotates, escrows or records the lifecycle of a key. Blocked platform-wide by: threat/failure handling (partial), key/secret lifecycle (partial), monitoring (partial)."
P28-REQ-025,Secrets Management,not_verified,partial,threat/failure handling; key/secret lifecycle; monitoring,allow/deny behavior; tenant isolation; least privilege; audit evidence; mapped security tests,"Secrets live in server-side environment variables and never reach the browser, connector credentials are held as handles into a secret store rather than values, and API keys are stored only as a SHA-256 hash. What is missing is lifecycle: no rotation, no expiry policy, no vault integration, no record of when a secret was last changed. Blocked platform-wide by: threat/failure handling (partial), key/secret lifecycle (partial), monitoring (partial)."
P28-REQ-026,Certificate Management,not_verified,not_built,threat/failure handling; key/secret lifecycle; monitoring,allow/deny behavior; tenant isolation; least privilege; audit evidence; mapped security tests,"No certificate inventory, expiry monitoring or renewal. Blocked platform-wide by: threat/failure handling (partial), key/secret lifecycle (partial), monitoring (partial)."
P28-REQ-027,Token Security,not_verified,built,threat/failure handling; key/secret lifecycle; monitoring,allow/deny behavior; tenant isolation; least privilege; audit evidence; mapped security tests,"Blocked platform-wide by: threat/failure handling (partial), key/secret lifecycle (partial), monitoring (partial)."
P28-REQ-028,API Security,not_verified,built,threat/failure handling; key/secret lifecycle; monitoring,allow/deny behavior; tenant isolation; least privilege; audit evidence; mapped security tests,"Blocked platform-wide by: threat/failure handling (partial), key/secret lifecycle (partial), monitoring (partial)."
P28-REQ-029,Event Security,not_verified,not_built,threat/failure handling; key/secret lifecycle; monitoring,allow/deny behavior; tenant isolation; least privilege; audit evidence; mapped security tests,"There is no event bus, so there is nothing to secure. Dependent on the Domain Events gap named in P24. Blocked platform-wide by: threat/failure handling (partial), key/secret lifecycle (partial), monitoring (partial)."
P28-REQ-030,File/Object Security,not_verified,built,threat/failure handling; key/secret lifecycle; monitoring,allow/deny behavior; tenant isolation; least privilege; audit evidence; mapped security tests,"Blocked platform-wide by: threat/failure handling (partial), key/secret lifecycle (partial), monitoring (partial)."
P28-REQ-031,Search Security,not_verified,built,threat/failure handling; key/secret lifecycle; monitoring,allow/deny behavior; tenant isolation; least privilege; audit evidence; mapped security tests,"Blocked platform-wide by: threat/failure handling (partial), key/secret lifecycle (partial), monitoring (partial)."
P28-REQ-032,AI Security,not_verified,built,threat/failure handling; key/secret lifecycle; monitoring,allow/deny behavior; tenant isolation; least privilege; audit evidence; mapped security tests,"Blocked platform-wide by: threat/failure handling (partial), key/secret lifecycle (partial), monitoring (partial)."
P28-REQ-033,Prompt/Tool Security,not_verified,built,threat/failure handling; key/secret lifecycle; monitoring,allow/deny behavior; tenant isolation; least privilege; audit evidence; mapped security tests,"Blocked platform-wide by: threat/failure handling (partial), key/secret lifecycle (partial), monitoring (partial)."
P28-REQ-034,Network Security,not_verified,not_built,threat/failure handling; key/secret lifecycle; monitoring,allow/deny behavior; tenant isolation; least privilege; audit evidence; mapped security tests,"No network policy, segmentation or egress control. Belongs to P31 infrastructure, which is separately unverified. Blocked platform-wide by: threat/failure handling (partial), key/secret lifecycle (partial), monitoring (partial)."
P28-REQ-035,Runtime Security,not_verified,not_built,threat/failure handling; key/secret lifecycle; monitoring,allow/deny behavior; tenant isolation; least privilege; audit evidence; mapped security tests,"No runtime protection or workload hardening. P31. Blocked platform-wide by: threat/failure handling (partial), key/secret lifecycle (partial), monitoring (partial)."
P28-REQ-036,Database Security,not_verified,built,threat/failure handling; key/secret lifecycle; monitoring,allow/deny behavior; tenant isolation; least privilege; audit evidence; mapped security tests,"Blocked platform-wide by: threat/failure handling (partial), key/secret lifecycle (partial), monitoring (partial)."
P28-REQ-037,Vulnerability Management,not_verified,not_built,threat/failure handling; key/secret lifecycle; monitoring,allow/deny behavior; tenant isolation; least privilege; audit evidence; mapped security tests,"No scanning, triage or remediation tracking. Blocked platform-wide by: threat/failure handling (partial), key/secret lifecycle (partial), monitoring (partial)."
P28-REQ-038,Dependency Security,not_verified,not_built,threat/failure handling; key/secret lifecycle; monitoring,allow/deny behavior; tenant isolation; least privilege; audit evidence; mapped security tests,"No dependency scanning or advisory monitoring. The engine and PDF packages have zero runtime dependencies, which shrinks the surface but is not a program. Blocked platform-wide by: threat/failure handling (partial), key/secret lifecycle (partial), monitoring (partial)."
P28-REQ-039,Container Security,not_verified,not_built,threat/failure handling; key/secret lifecycle; monitoring,allow/deny behavior; tenant isolation; least privilege; audit evidence; mapped security tests,"No container build or hardening. P31. Blocked platform-wide by: threat/failure handling (partial), key/secret lifecycle (partial), monitoring (partial)."
P28-REQ-040,Infrastructure Security,not_verified,not_built,threat/failure handling; key/secret lifecycle; monitoring,allow/deny behavior; tenant isolation; least privilege; audit evidence; mapped security tests,"No infrastructure as code and no infrastructure controls. P31. Blocked platform-wide by: threat/failure handling (partial), key/secret lifecycle (partial), monitoring (partial)."
P28-REQ-041,SAST/DAST,not_verified,not_built,threat/failure handling; key/secret lifecycle; monitoring,allow/deny behavior; tenant isolation; least privilege; audit evidence; mapped security tests,"No static or dynamic security analysis in the pipeline. Blocked platform-wide by: threat/failure handling (partial), key/secret lifecycle (partial), monitoring (partial)."
P28-REQ-042,Threat Modeling,not_verified,not_built,threat/failure handling; key/secret lifecycle; monitoring,allow/deny behavior; tenant isolation; least privilege; audit evidence; mapped security tests,"No threat model is written down. Individual controls name the threat they answer in comments, which is not the same as a model anyone can review. Blocked platform-wide by: threat/failure handling (partial), key/secret lifecycle (partial), monitoring (partial)."
P28-REQ-043,Attack Surface Management,not_verified,not_built,threat/failure handling; key/secret lifecycle; monitoring,allow/deny behavior; tenant isolation; least privilege; audit evidence; mapped security tests,"No inventory of exposed surface and no monitoring of it. Blocked platform-wide by: threat/failure handling (partial), key/secret lifecycle (partial), monitoring (partial)."
P28-REQ-044,Security Logging,not_verified,built,threat/failure handling; key/secret lifecycle; monitoring,allow/deny behavior; tenant isolation; least privilege; audit evidence; mapped security tests,"Blocked platform-wide by: threat/failure handling (partial), key/secret lifecycle (partial), monitoring (partial)."
P28-REQ-045,Audit Integrity,not_verified,built,threat/failure handling; key/secret lifecycle; monitoring,allow/deny behavior; tenant isolation; least privilege; audit evidence; mapped security tests,"Blocked platform-wide by: threat/failure handling (partial), key/secret lifecycle (partial), monitoring (partial)."
P28-REQ-046,Threat Detection,not_verified,not_built,threat/failure handling; key/secret lifecycle; monitoring,allow/deny behavior; tenant isolation; least privilege; audit evidence; mapped security tests,"No detection of any kind. Blocked platform-wide by: threat/failure handling (partial), key/secret lifecycle (partial), monitoring (partial)."
P28-REQ-047,Anomaly Detection,not_verified,not_built,threat/failure handling; key/secret lifecycle; monitoring,allow/deny behavior; tenant isolation; least privilege; audit evidence; mapped security tests,"Nothing establishes a baseline or notices departure from it. Blocked platform-wide by: threat/failure handling (partial), key/secret lifecycle (partial), monitoring (partial)."
P28-REQ-048,Security Alerting,not_verified,not_built,threat/failure handling; key/secret lifecycle; monitoring,allow/deny behavior; tenant isolation; least privilege; audit evidence; mapped security tests,"Nothing alerts. Structured logs and metrics now exist, but nothing consumes them. Blocked platform-wide by: threat/failure handling (partial), key/secret lifecycle (partial), monitoring (partial)."
P28-REQ-049,Incident Response,not_verified,not_built,threat/failure handling; key/secret lifecycle; monitoring,allow/deny behavior; tenant isolation; least privilege; audit evidence; mapped security tests,"No runbook, no severity model, no containment procedure. Blocked platform-wide by: threat/failure handling (partial), key/secret lifecycle (partial), monitoring (partial)."
P28-REQ-050,Forensic Evidence,not_verified,not_built,threat/failure handling; key/secret lifecycle; monitoring,allow/deny behavior; tenant isolation; least privilege; audit evidence; mapped security tests,"The audit ledger and API request log would serve as evidence, but nothing preserves, exports or chains custody of it. Blocked platform-wide by: threat/failure handling (partial), key/secret lifecycle (partial), monitoring (partial)."
P28-REQ-051,Access Reviews,not_verified,not_built,threat/failure handling; key/secret lifecycle; monitoring,allow/deny behavior; tenant isolation; least privilege; audit evidence; mapped security tests,"No periodic review of who holds what. Blocked platform-wide by: threat/failure handling (partial), key/secret lifecycle (partial), monitoring (partial)."
P28-REQ-052,Segregation of Duties,not_verified,built,threat/failure handling; key/secret lifecycle; monitoring,allow/deny behavior; tenant isolation; least privilege; audit evidence; mapped security tests,"Blocked platform-wide by: threat/failure handling (partial), key/secret lifecycle (partial), monitoring (partial)."
P28-REQ-053,Compliance Evidence,not_verified,not_built,threat/failure handling; key/secret lifecycle; monitoring,allow/deny behavior; tenant isolation; least privilege; audit evidence; mapped security tests,"No control mapping to any framework and no evidence collection. Blocked platform-wide by: threat/failure handling (partial), key/secret lifecycle (partial), monitoring (partial)."
P28-REQ-054,Policy Attestation,not_verified,not_built,threat/failure handling; key/secret lifecycle; monitoring,allow/deny behavior; tenant isolation; least privilege; audit evidence; mapped security tests,"No policies to attest to and no attestation record. Blocked platform-wide by: threat/failure handling (partial), key/secret lifecycle (partial), monitoring (partial)."
P28-REQ-055,Backup Security,not_verified,not_built,threat/failure handling; key/secret lifecycle; monitoring,allow/deny behavior; tenant isolation; least privilege; audit evidence; mapped security tests,"No backup configuration owned by this platform. P31. Blocked platform-wide by: threat/failure handling (partial), key/secret lifecycle (partial), monitoring (partial)."
P28-REQ-056,Disaster Recovery Security,not_verified,not_built,threat/failure handling; key/secret lifecycle; monitoring,allow/deny behavior; tenant isolation; least privilege; audit evidence; mapped security tests,"No disaster recovery. P31. Blocked platform-wide by: threat/failure handling (partial), key/secret lifecycle (partial), monitoring (partial)."
P28-REQ-057,Security Exceptions,not_verified,not_built,threat/failure handling; key/secret lifecycle; monitoring,allow/deny behavior; tenant isolation; least privilege; audit evidence; mapped security tests,"No exception register, so a knowingly accepted risk has nowhere to live. Blocked platform-wide by: threat/failure handling (partial), key/secret lifecycle (partial), monitoring (partial)."
P28-REQ-058,Security Metrics,not_verified,partial,threat/failure handling; key/secret lifecycle; monitoring,allow/deny behavior; tenant isolation; least privilege; audit evidence; mapped security tests,"The metrics engine exists and the API emits request and latency metrics. No security metric is defined — nothing counts failed authorizations, privilege changes or anomalous access. Blocked platform-wide by: threat/failure handling (partial), key/secret lifecycle (partial), monitoring (partial)."
P28-REQ-059,Security Administration,not_verified,not_built,threat/failure handling; key/secret lifecycle; monitoring,allow/deny behavior; tenant isolation; least privilege; audit evidence; mapped security tests,"No security administration surface — no console for policy, keys, sessions or reviews. Blocked platform-wide by: threat/failure handling (partial), key/secret lifecycle (partial), monitoring (partial)."
P28-REQ-060,Security Architecture,not_verified,built,threat/failure handling; key/secret lifecycle; monitoring,allow/deny behavior; tenant isolation; least privilege; audit evidence; mapped security tests,"Blocked platform-wide by: threat/failure handling (partial), key/secret lifecycle (partial), monitoring (partial)."
P28-REQ-061,Identity Governance,not_verified,partial,threat/failure handling; key/secret lifecycle; monitoring,allow/deny behavior; tenant isolation; least privilege; audit evidence; mapped security tests,"Memberships, invitations and roles exist with an owner flag and approval tiers. There is no joiner/mover/leaver lifecycle: nothing drives access from an employment change, and nothing reviews it afterwards. Blocked platform-wide by: threat/failure handling (partial), key/secret lifecycle (partial), monitoring (partial)."
P28-REQ-062,Authentication,not_verified,built,threat/failure handling; key/secret lifecycle; monitoring,allow/deny behavior; tenant isolation; least privilege; audit evidence; mapped security tests,"Blocked platform-wide by: threat/failure handling (partial), key/secret lifecycle (partial), monitoring (partial)."
P28-REQ-063,MFA,not_verified,not_built,threat/failure handling; key/secret lifecycle; monitoring,allow/deny behavior; tenant isolation; least privilege; audit evidence; mapped security tests,"Not implemented. The company settings screen previously displayed a 'Require multi-factor authentication' toggle that nothing enforced; it has been removed and MFA is now named as unavailable. The capability itself remains absent. Blocked platform-wide by: threat/failure handling (partial), key/secret lifecycle (partial), monitoring (partial)."
P28-REQ-064,SSO Federation,not_verified,not_built,threat/failure handling; key/secret lifecycle; monitoring,allow/deny behavior; tenant isolation; least privilege; audit evidence; mapped security tests,"No SAML or OIDC federation. Every user authenticates directly. Blocked platform-wide by: threat/failure handling (partial), key/secret lifecycle (partial), monitoring (partial)."
P28-REQ-065,SCIM Provisioning,not_verified,not_built,threat/failure handling; key/secret lifecycle; monitoring,allow/deny behavior; tenant isolation; least privilege; audit evidence; mapped security tests,"No SCIM endpoint. Membership is managed in the application only. Blocked platform-wide by: threat/failure handling (partial), key/secret lifecycle (partial), monitoring (partial)."
P28-REQ-066,Role-Based Access,not_verified,built,threat/failure handling; key/secret lifecycle; monitoring,allow/deny behavior; tenant isolation; least privilege; audit evidence; mapped security tests,"Blocked platform-wide by: threat/failure handling (partial), key/secret lifecycle (partial), monitoring (partial)."
P28-REQ-067,Attribute-Based Access,not_verified,not_built,threat/failure handling; key/secret lifecycle; monitoring,allow/deny behavior; tenant isolation; least privilege; audit evidence; mapped security tests,"Access is role and membership based. There is no attribute policy — nothing decides on project, region, classification or time of day. Blocked platform-wide by: threat/failure handling (partial), key/secret lifecycle (partial), monitoring (partial)."
P28-REQ-068,Policy Decision,not_verified,built,threat/failure handling; key/secret lifecycle; monitoring,allow/deny behavior; tenant isolation; least privilege; audit evidence; mapped security tests,"Blocked platform-wide by: threat/failure handling (partial), key/secret lifecycle (partial), monitoring (partial)."
P28-REQ-069,Policy Enforcement,not_verified,built,threat/failure handling; key/secret lifecycle; monitoring,allow/deny behavior; tenant isolation; least privilege; audit evidence; mapped security tests,"Blocked platform-wide by: threat/failure handling (partial), key/secret lifecycle (partial), monitoring (partial)."
P28-REQ-070,Privileged Access,not_verified,partial,threat/failure handling; key/secret lifecycle; monitoring,allow/deny behavior; tenant isolation; least privilege; audit evidence; mapped security tests,"Approval tiers and an owner flag gate consequential actions, and self-approval is refused. There is no just-in-time elevation, no time-bounded grant, and no separate review of what privileged accounts did. Blocked platform-wide by: threat/failure handling (partial), key/secret lifecycle (partial), monitoring (partial)."
P28-REQ-071,Service Identities,not_verified,built,threat/failure handling; key/secret lifecycle; monitoring,allow/deny behavior; tenant isolation; least privilege; audit evidence; mapped security tests,"Blocked platform-wide by: threat/failure handling (partial), key/secret lifecycle (partial), monitoring (partial)."
P28-REQ-072,Machine Identities,not_verified,built,threat/failure handling; key/secret lifecycle; monitoring,allow/deny behavior; tenant isolation; least privilege; audit evidence; mapped security tests,"Blocked platform-wide by: threat/failure handling (partial), key/secret lifecycle (partial), monitoring (partial)."
P28-REQ-073,Session Security,not_verified,partial,threat/failure handling; key/secret lifecycle; monitoring,allow/deny behavior; tenant isolation; least privilege; audit evidence; mapped security tests,"Supabase issues and validates sessions. This platform sets no session policy of its own — no inactivity bound it enforces, no step-up for a privileged action, no way to revoke one session rather than all. Blocked platform-wide by: threat/failure handling (partial), key/secret lifecycle (partial), monitoring (partial)."
P28-REQ-074,Zero Trust,not_verified,partial,threat/failure handling; key/secret lifecycle; monitoring,allow/deny behavior; tenant isolation; least privilege; audit evidence; mapped security tests,"Several of the properties hold in practice — every request is authorized on its own, nothing is trusted by network position, and the anon role holds no table privilege. It is not stated or verified as a model, so it is a set of habits rather than an architecture anyone can audit. Blocked platform-wide by: threat/failure handling (partial), key/secret lifecycle (partial), monitoring (partial)."
P28-REQ-075,Tenant Isolation,not_verified,built,threat/failure handling; key/secret lifecycle; monitoring,allow/deny behavior; tenant isolation; least privilege; audit evidence; mapped security tests,"Blocked platform-wide by: threat/failure handling (partial), key/secret lifecycle (partial), monitoring (partial)."
P28-REQ-076,Project/Record Access,not_verified,built,threat/failure handling; key/secret lifecycle; monitoring,allow/deny behavior; tenant isolation; least privilege; audit evidence; mapped security tests,"Blocked platform-wide by: threat/failure handling (partial), key/secret lifecycle (partial), monitoring (partial)."
P28-REQ-077,Data Classification,not_verified,not_built,threat/failure handling; key/secret lifecycle; monitoring,allow/deny behavior; tenant isolation; least privilege; audit evidence; mapped security tests,"No classification exists. Every column is treated alike, so nothing can be handled according to its sensitivity. Blocked platform-wide by: threat/failure handling (partial), key/secret lifecycle (partial), monitoring (partial)."
P28-REQ-078,Privacy Controls,not_verified,partial,threat/failure handling; key/secret lifecycle; monitoring,allow/deny behavior; tenant isolation; least privilege; audit evidence; mapped security tests,"Raw card data is never stored — Stripe holds it and only a brand and last four reach this platform. Beyond payment there is no privacy control: no consent record, no subject access path, no export or erasure. Blocked platform-wide by: threat/failure handling (partial), key/secret lifecycle (partial), monitoring (partial)."
P28-REQ-079,Data Minimization,not_verified,partial,threat/failure handling; key/secret lifecycle; monitoring,allow/deny behavior; tenant isolation; least privilege; audit evidence; mapped security tests,"Some by construction: the API returns named columns rather than rows wholesale, and logs are redacted. Nothing states what may be collected or for how long. Blocked platform-wide by: threat/failure handling (partial), key/secret lifecycle (partial), monitoring (partial)."
P28-REQ-080,Retention & Deletion,not_verified,not_built,threat/failure handling; key/secret lifecycle; monitoring,allow/deny behavior; tenant isolation; least privilege; audit evidence; mapped security tests,"No retention policy, no scheduled deletion, no legal hold. The settings screen displays 'Retention: Indefinite', which is a description rather than a control. Blocked platform-wide by: threat/failure handling (partial), key/secret lifecycle (partial), monitoring (partial)."
P28-REQ-081,Encryption at Rest,not_verified,partial,threat/failure handling; key/secret lifecycle; monitoring,allow/deny behavior; tenant isolation; least privilege; audit evidence; mapped security tests,"Supabase encrypts storage and the database at rest. The platform neither configures nor evidences it, so the control is inherited rather than owned, and nothing here would notice if it changed. Blocked platform-wide by: threat/failure handling (partial), key/secret lifecycle (partial), monitoring (partial)."
P28-REQ-082,Encryption in Transit,not_verified,partial,threat/failure handling; key/secret lifecycle; monitoring,allow/deny behavior; tenant isolation; least privilege; audit evidence; mapped security tests,"Traffic is HTTPS by deployment. Same as at rest: inherited, not owned or evidenced. Blocked platform-wide by: threat/failure handling (partial), key/secret lifecycle (partial), monitoring (partial)."
P28-REQ-083,Key Management,not_verified,not_built,threat/failure handling; key/secret lifecycle; monitoring,allow/deny behavior; tenant isolation; least privilege; audit evidence; mapped security tests,"No key management. Nothing rotates, escrows or records the lifecycle of a key. Blocked platform-wide by: threat/failure handling (partial), key/secret lifecycle (partial), monitoring (partial)."
P28-REQ-084,Secrets Management,not_verified,partial,threat/failure handling; key/secret lifecycle; monitoring,allow/deny behavior; tenant isolation; least privilege; audit evidence; mapped security tests,"Secrets live in server-side environment variables and never reach the browser, connector credentials are held as handles into a secret store rather than values, and API keys are stored only as a SHA-256 hash. What is missing is lifecycle: no rotation, no expiry policy, no vault integration, no record of when a secret was last changed. Blocked platform-wide by: threat/failure handling (partial), key/secret lifecycle (partial), monitoring (partial)."
P28-REQ-085,Certificate Management,not_verified,not_built,threat/failure handling; key/secret lifecycle; monitoring,allow/deny behavior; tenant isolation; least privilege; audit evidence; mapped security tests,"No certificate inventory, expiry monitoring or renewal. Blocked platform-wide by: threat/failure handling (partial), key/secret lifecycle (partial), monitoring (partial)."
P28-REQ-086,Token Security,not_verified,built,threat/failure handling; key/secret lifecycle; monitoring,allow/deny behavior; tenant isolation; least privilege; audit evidence; mapped security tests,"Blocked platform-wide by: threat/failure handling (partial), key/secret lifecycle (partial), monitoring (partial)."
P28-REQ-087,API Security,not_verified,built,threat/failure handling; key/secret lifecycle; monitoring,allow/deny behavior; tenant isolation; least privilege; audit evidence; mapped security tests,"Blocked platform-wide by: threat/failure handling (partial), key/secret lifecycle (partial), monitoring (partial)."
P28-REQ-088,Event Security,not_verified,not_built,threat/failure handling; key/secret lifecycle; monitoring,allow/deny behavior; tenant isolation; least privilege; audit evidence; mapped security tests,"There is no event bus, so there is nothing to secure. Dependent on the Domain Events gap named in P24. Blocked platform-wide by: threat/failure handling (partial), key/secret lifecycle (partial), monitoring (partial)."
P28-REQ-089,File/Object Security,not_verified,built,threat/failure handling; key/secret lifecycle; monitoring,allow/deny behavior; tenant isolation; least privilege; audit evidence; mapped security tests,"Blocked platform-wide by: threat/failure handling (partial), key/secret lifecycle (partial), monitoring (partial)."
P28-REQ-090,Search Security,not_verified,built,threat/failure handling; key/secret lifecycle; monitoring,allow/deny behavior; tenant isolation; least privilege; audit evidence; mapped security tests,"Blocked platform-wide by: threat/failure handling (partial), key/secret lifecycle (partial), monitoring (partial)."
P28-REQ-091,AI Security,not_verified,built,threat/failure handling; key/secret lifecycle; monitoring,allow/deny behavior; tenant isolation; least privilege; audit evidence; mapped security tests,"Blocked platform-wide by: threat/failure handling (partial), key/secret lifecycle (partial), monitoring (partial)."
P28-REQ-092,Prompt/Tool Security,not_verified,built,threat/failure handling; key/secret lifecycle; monitoring,allow/deny behavior; tenant isolation; least privilege; audit evidence; mapped security tests,"Blocked platform-wide by: threat/failure handling (partial), key/secret lifecycle (partial), monitoring (partial)."
P28-REQ-093,Network Security,not_verified,not_built,threat/failure handling; key/secret lifecycle; monitoring,allow/deny behavior; tenant isolation; least privilege; audit evidence; mapped security tests,"No network policy, segmentation or egress control. Belongs to P31 infrastructure, which is separately unverified. Blocked platform-wide by: threat/failure handling (partial), key/secret lifecycle (partial), monitoring (partial)."
P28-REQ-094,Runtime Security,not_verified,not_built,threat/failure handling; key/secret lifecycle; monitoring,allow/deny behavior; tenant isolation; least privilege; audit evidence; mapped security tests,"No runtime protection or workload hardening. P31. Blocked platform-wide by: threat/failure handling (partial), key/secret lifecycle (partial), monitoring (partial)."
P28-REQ-095,Database Security,not_verified,built,threat/failure handling; key/secret lifecycle; monitoring,allow/deny behavior; tenant isolation; least privilege; audit evidence; mapped security tests,"Blocked platform-wide by: threat/failure handling (partial), key/secret lifecycle (partial), monitoring (partial)."
P28-REQ-096,Vulnerability Management,not_verified,not_built,threat/failure handling; key/secret lifecycle; monitoring,allow/deny behavior; tenant isolation; least privilege; audit evidence; mapped security tests,"No scanning, triage or remediation tracking. Blocked platform-wide by: threat/failure handling (partial), key/secret lifecycle (partial), monitoring (partial)."
P28-REQ-097,Dependency Security,not_verified,not_built,threat/failure handling; key/secret lifecycle; monitoring,allow/deny behavior; tenant isolation; least privilege; audit evidence; mapped security tests,"No dependency scanning or advisory monitoring. The engine and PDF packages have zero runtime dependencies, which shrinks the surface but is not a program. Blocked platform-wide by: threat/failure handling (partial), key/secret lifecycle (partial), monitoring (partial)."
P28-REQ-098,Container Security,not_verified,not_built,threat/failure handling; key/secret lifecycle; monitoring,allow/deny behavior; tenant isolation; least privilege; audit evidence; mapped security tests,"No container build or hardening. P31. Blocked platform-wide by: threat/failure handling (partial), key/secret lifecycle (partial), monitoring (partial)."
P28-REQ-099,Infrastructure Security,not_verified,not_built,threat/failure handling; key/secret lifecycle; monitoring,allow/deny behavior; tenant isolation; least privilege; audit evidence; mapped security tests,"No infrastructure as code and no infrastructure controls. P31. Blocked platform-wide by: threat/failure handling (partial), key/secret lifecycle (partial), monitoring (partial)."
P28-REQ-100,SAST/DAST,not_verified,not_built,threat/failure handling; key/secret lifecycle; monitoring,allow/deny behavior; tenant isolation; least privilege; audit evidence; mapped security tests,"No static or dynamic security analysis in the pipeline. Blocked platform-wide by: threat/failure handling (partial), key/secret lifecycle (partial), monitoring (partial)."
P28-REQ-101,Threat Modeling,not_verified,not_built,threat/failure handling; key/secret lifecycle; monitoring,allow/deny behavior; tenant isolation; least privilege; audit evidence; mapped security tests,"No threat model is written down. Individual controls name the threat they answer in comments, which is not the same as a model anyone can review. Blocked platform-wide by: threat/failure handling (partial), key/secret lifecycle (partial), monitoring (partial)."
P28-REQ-102,Attack Surface Management,not_verified,not_built,threat/failure handling; key/secret lifecycle; monitoring,allow/deny behavior; tenant isolation; least privilege; audit evidence; mapped security tests,"No inventory of exposed surface and no monitoring of it. Blocked platform-wide by: threat/failure handling (partial), key/secret lifecycle (partial), monitoring (partial)."
P28-REQ-103,Security Logging,not_verified,built,threat/failure handling; key/secret lifecycle; monitoring,allow/deny behavior; tenant isolation; least privilege; audit evidence; mapped security tests,"Blocked platform-wide by: threat/failure handling (partial), key/secret lifecycle (partial), monitoring (partial)."
P28-REQ-104,Audit Integrity,not_verified,built,threat/failure handling; key/secret lifecycle; monitoring,allow/deny behavior; tenant isolation; least privilege; audit evidence; mapped security tests,"Blocked platform-wide by: threat/failure handling (partial), key/secret lifecycle (partial), monitoring (partial)."
P28-REQ-105,Threat Detection,not_verified,not_built,threat/failure handling; key/secret lifecycle; monitoring,allow/deny behavior; tenant isolation; least privilege; audit evidence; mapped security tests,"No detection of any kind. Blocked platform-wide by: threat/failure handling (partial), key/secret lifecycle (partial), monitoring (partial)."
P28-REQ-106,Anomaly Detection,not_verified,not_built,threat/failure handling; key/secret lifecycle; monitoring,allow/deny behavior; tenant isolation; least privilege; audit evidence; mapped security tests,"Nothing establishes a baseline or notices departure from it. Blocked platform-wide by: threat/failure handling (partial), key/secret lifecycle (partial), monitoring (partial)."
P28-REQ-107,Security Alerting,not_verified,not_built,threat/failure handling; key/secret lifecycle; monitoring,allow/deny behavior; tenant isolation; least privilege; audit evidence; mapped security tests,"Nothing alerts. Structured logs and metrics now exist, but nothing consumes them. Blocked platform-wide by: threat/failure handling (partial), key/secret lifecycle (partial), monitoring (partial)."
P28-REQ-108,Incident Response,not_verified,not_built,threat/failure handling; key/secret lifecycle; monitoring,allow/deny behavior; tenant isolation; least privilege; audit evidence; mapped security tests,"No runbook, no severity model, no containment procedure. Blocked platform-wide by: threat/failure handling (partial), key/secret lifecycle (partial), monitoring (partial)."
P28-REQ-109,Forensic Evidence,not_verified,not_built,threat/failure handling; key/secret lifecycle; monitoring,allow/deny behavior; tenant isolation; least privilege; audit evidence; mapped security tests,"The audit ledger and API request log would serve as evidence, but nothing preserves, exports or chains custody of it. Blocked platform-wide by: threat/failure handling (partial), key/secret lifecycle (partial), monitoring (partial)."
P28-REQ-110,Access Reviews,not_verified,not_built,threat/failure handling; key/secret lifecycle; monitoring,allow/deny behavior; tenant isolation; least privilege; audit evidence; mapped security tests,"No periodic review of who holds what. Blocked platform-wide by: threat/failure handling (partial), key/secret lifecycle (partial), monitoring (partial)."
P28-REQ-111,Segregation of Duties,not_verified,built,threat/failure handling; key/secret lifecycle; monitoring,allow/deny behavior; tenant isolation; least privilege; audit evidence; mapped security tests,"Blocked platform-wide by: threat/failure handling (partial), key/secret lifecycle (partial), monitoring (partial)."
P28-REQ-112,Compliance Evidence,not_verified,not_built,threat/failure handling; key/secret lifecycle; monitoring,allow/deny behavior; tenant isolation; least privilege; audit evidence; mapped security tests,"No control mapping to any framework and no evidence collection. Blocked platform-wide by: threat/failure handling (partial), key/secret lifecycle (partial), monitoring (partial)."
P28-REQ-113,Policy Attestation,not_verified,not_built,threat/failure handling; key/secret lifecycle; monitoring,allow/deny behavior; tenant isolation; least privilege; audit evidence; mapped security tests,"No policies to attest to and no attestation record. Blocked platform-wide by: threat/failure handling (partial), key/secret lifecycle (partial), monitoring (partial)."
P28-REQ-114,Backup Security,not_verified,not_built,threat/failure handling; key/secret lifecycle; monitoring,allow/deny behavior; tenant isolation; least privilege; audit evidence; mapped security tests,"No backup configuration owned by this platform. P31. Blocked platform-wide by: threat/failure handling (partial), key/secret lifecycle (partial), monitoring (partial)."
P28-REQ-115,Disaster Recovery Security,not_verified,not_built,threat/failure handling; key/secret lifecycle; monitoring,allow/deny behavior; tenant isolation; least privilege; audit evidence; mapped security tests,"No disaster recovery. P31. Blocked platform-wide by: threat/failure handling (partial), key/secret lifecycle (partial), monitoring (partial)."
P28-REQ-116,Security Exceptions,not_verified,not_built,threat/failure handling; key/secret lifecycle; monitoring,allow/deny behavior; tenant isolation; least privilege; audit evidence; mapped security tests,"No exception register, so a knowingly accepted risk has nowhere to live. Blocked platform-wide by: threat/failure handling (partial), key/secret lifecycle (partial), monitoring (partial)."
P28-REQ-117,Security Metrics,not_verified,partial,threat/failure handling; key/secret lifecycle; monitoring,allow/deny behavior; tenant isolation; least privilege; audit evidence; mapped security tests,"The metrics engine exists and the API emits request and latency metrics. No security metric is defined — nothing counts failed authorizations, privilege changes or anomalous access. Blocked platform-wide by: threat/failure handling (partial), key/secret lifecycle (partial), monitoring (partial)."
P28-REQ-118,Security Administration,not_verified,not_built,threat/failure handling; key/secret lifecycle; monitoring,allow/deny behavior; tenant isolation; least privilege; audit evidence; mapped security tests,"No security administration surface — no console for policy, keys, sessions or reviews. Blocked platform-wide by: threat/failure handling (partial), key/secret lifecycle (partial), monitoring (partial)."
P28-REQ-119,Security Architecture,not_verified,built,threat/failure handling; key/secret lifecycle; monitoring,allow/deny behavior; tenant isolation; least privilege; audit evidence; mapped security tests,"Blocked platform-wide by: threat/failure handling (partial), key/secret lifecycle (partial), monitoring (partial)."
P28-REQ-120,Identity Governance,not_verified,partial,threat/failure handling; key/secret lifecycle; monitoring,allow/deny behavior; tenant isolation; least privilege; audit evidence; mapped security tests,"Memberships, invitations and roles exist with an owner flag and approval tiers. There is no joiner/mover/leaver lifecycle: nothing drives access from an employment change, and nothing reviews it afterwards. Blocked platform-wide by: threat/failure handling (partial), key/secret lifecycle (partial), monitoring (partial)."
P28-REQ-121,Authentication,not_verified,built,threat/failure handling; key/secret lifecycle; monitoring,allow/deny behavior; tenant isolation; least privilege; audit evidence; mapped security tests,"Blocked platform-wide by: threat/failure handling (partial), key/secret lifecycle (partial), monitoring (partial)."
P28-REQ-122,MFA,not_verified,not_built,threat/failure handling; key/secret lifecycle; monitoring,allow/deny behavior; tenant isolation; least privilege; audit evidence; mapped security tests,"Not implemented. The company settings screen previously displayed a 'Require multi-factor authentication' toggle that nothing enforced; it has been removed and MFA is now named as unavailable. The capability itself remains absent. Blocked platform-wide by: threat/failure handling (partial), key/secret lifecycle (partial), monitoring (partial)."
P28-REQ-123,SSO Federation,not_verified,not_built,threat/failure handling; key/secret lifecycle; monitoring,allow/deny behavior; tenant isolation; least privilege; audit evidence; mapped security tests,"No SAML or OIDC federation. Every user authenticates directly. Blocked platform-wide by: threat/failure handling (partial), key/secret lifecycle (partial), monitoring (partial)."
P28-REQ-124,SCIM Provisioning,not_verified,not_built,threat/failure handling; key/secret lifecycle; monitoring,allow/deny behavior; tenant isolation; least privilege; audit evidence; mapped security tests,"No SCIM endpoint. Membership is managed in the application only. Blocked platform-wide by: threat/failure handling (partial), key/secret lifecycle (partial), monitoring (partial)."
P28-REQ-125,Role-Based Access,not_verified,built,threat/failure handling; key/secret lifecycle; monitoring,allow/deny behavior; tenant isolation; least privilege; audit evidence; mapped security tests,"Blocked platform-wide by: threat/failure handling (partial), key/secret lifecycle (partial), monitoring (partial)."
P28-REQ-126,Attribute-Based Access,not_verified,not_built,threat/failure handling; key/secret lifecycle; monitoring,allow/deny behavior; tenant isolation; least privilege; audit evidence; mapped security tests,"Access is role and membership based. There is no attribute policy — nothing decides on project, region, classification or time of day. Blocked platform-wide by: threat/failure handling (partial), key/secret lifecycle (partial), monitoring (partial)."
P28-REQ-127,Policy Decision,not_verified,built,threat/failure handling; key/secret lifecycle; monitoring,allow/deny behavior; tenant isolation; least privilege; audit evidence; mapped security tests,"Blocked platform-wide by: threat/failure handling (partial), key/secret lifecycle (partial), monitoring (partial)."
P28-REQ-128,Policy Enforcement,not_verified,built,threat/failure handling; key/secret lifecycle; monitoring,allow/deny behavior; tenant isolation; least privilege; audit evidence; mapped security tests,"Blocked platform-wide by: threat/failure handling (partial), key/secret lifecycle (partial), monitoring (partial)."
P28-REQ-129,Privileged Access,not_verified,partial,threat/failure handling; key/secret lifecycle; monitoring,allow/deny behavior; tenant isolation; least privilege; audit evidence; mapped security tests,"Approval tiers and an owner flag gate consequential actions, and self-approval is refused. There is no just-in-time elevation, no time-bounded grant, and no separate review of what privileged accounts did. Blocked platform-wide by: threat/failure handling (partial), key/secret lifecycle (partial), monitoring (partial)."
P28-REQ-130,Service Identities,not_verified,built,threat/failure handling; key/secret lifecycle; monitoring,allow/deny behavior; tenant isolation; least privilege; audit evidence; mapped security tests,"Blocked platform-wide by: threat/failure handling (partial), key/secret lifecycle (partial), monitoring (partial)."
P28-REQ-131,Machine Identities,not_verified,built,threat/failure handling; key/secret lifecycle; monitoring,allow/deny behavior; tenant isolation; least privilege; audit evidence; mapped security tests,"Blocked platform-wide by: threat/failure handling (partial), key/secret lifecycle (partial), monitoring (partial)."
P28-REQ-132,Session Security,not_verified,partial,threat/failure handling; key/secret lifecycle; monitoring,allow/deny behavior; tenant isolation; least privilege; audit evidence; mapped security tests,"Supabase issues and validates sessions. This platform sets no session policy of its own — no inactivity bound it enforces, no step-up for a privileged action, no way to revoke one session rather than all. Blocked platform-wide by: threat/failure handling (partial), key/secret lifecycle (partial), monitoring (partial)."
P28-REQ-133,Zero Trust,not_verified,partial,threat/failure handling; key/secret lifecycle; monitoring,allow/deny behavior; tenant isolation; least privilege; audit evidence; mapped security tests,"Several of the properties hold in practice — every request is authorized on its own, nothing is trusted by network position, and the anon role holds no table privilege. It is not stated or verified as a model, so it is a set of habits rather than an architecture anyone can audit. Blocked platform-wide by: threat/failure handling (partial), key/secret lifecycle (partial), monitoring (partial)."
P28-REQ-134,Tenant Isolation,not_verified,built,threat/failure handling; key/secret lifecycle; monitoring,allow/deny behavior; tenant isolation; least privilege; audit evidence; mapped security tests,"Blocked platform-wide by: threat/failure handling (partial), key/secret lifecycle (partial), monitoring (partial)."
P28-REQ-135,Project/Record Access,not_verified,built,threat/failure handling; key/secret lifecycle; monitoring,allow/deny behavior; tenant isolation; least privilege; audit evidence; mapped security tests,"Blocked platform-wide by: threat/failure handling (partial), key/secret lifecycle (partial), monitoring (partial)."
P28-REQ-136,Data Classification,not_verified,not_built,threat/failure handling; key/secret lifecycle; monitoring,allow/deny behavior; tenant isolation; least privilege; audit evidence; mapped security tests,"No classification exists. Every column is treated alike, so nothing can be handled according to its sensitivity. Blocked platform-wide by: threat/failure handling (partial), key/secret lifecycle (partial), monitoring (partial)."
P28-REQ-137,Privacy Controls,not_verified,partial,threat/failure handling; key/secret lifecycle; monitoring,allow/deny behavior; tenant isolation; least privilege; audit evidence; mapped security tests,"Raw card data is never stored — Stripe holds it and only a brand and last four reach this platform. Beyond payment there is no privacy control: no consent record, no subject access path, no export or erasure. Blocked platform-wide by: threat/failure handling (partial), key/secret lifecycle (partial), monitoring (partial)."
P28-REQ-138,Data Minimization,not_verified,partial,threat/failure handling; key/secret lifecycle; monitoring,allow/deny behavior; tenant isolation; least privilege; audit evidence; mapped security tests,"Some by construction: the API returns named columns rather than rows wholesale, and logs are redacted. Nothing states what may be collected or for how long. Blocked platform-wide by: threat/failure handling (partial), key/secret lifecycle (partial), monitoring (partial)."
P28-REQ-139,Retention & Deletion,not_verified,not_built,threat/failure handling; key/secret lifecycle; monitoring,allow/deny behavior; tenant isolation; least privilege; audit evidence; mapped security tests,"No retention policy, no scheduled deletion, no legal hold. The settings screen displays 'Retention: Indefinite', which is a description rather than a control. Blocked platform-wide by: threat/failure handling (partial), key/secret lifecycle (partial), monitoring (partial)."
P28-REQ-140,Encryption at Rest,not_verified,partial,threat/failure handling; key/secret lifecycle; monitoring,allow/deny behavior; tenant isolation; least privilege; audit evidence; mapped security tests,"Supabase encrypts storage and the database at rest. The platform neither configures nor evidences it, so the control is inherited rather than owned, and nothing here would notice if it changed. Blocked platform-wide by: threat/failure handling (partial), key/secret lifecycle (partial), monitoring (partial)."
P28-REQ-141,Encryption in Transit,not_verified,partial,threat/failure handling; key/secret lifecycle; monitoring,allow/deny behavior; tenant isolation; least privilege; audit evidence; mapped security tests,"Traffic is HTTPS by deployment. Same as at rest: inherited, not owned or evidenced. Blocked platform-wide by: threat/failure handling (partial), key/secret lifecycle (partial), monitoring (partial)."
P28-REQ-142,Key Management,not_verified,not_built,threat/failure handling; key/secret lifecycle; monitoring,allow/deny behavior; tenant isolation; least privilege; audit evidence; mapped security tests,"No key management. Nothing rotates, escrows or records the lifecycle of a key. Blocked platform-wide by: threat/failure handling (partial), key/secret lifecycle (partial), monitoring (partial)."
P28-REQ-143,Secrets Management,not_verified,partial,threat/failure handling; key/secret lifecycle; monitoring,allow/deny behavior; tenant isolation; least privilege; audit evidence; mapped security tests,"Secrets live in server-side environment variables and never reach the browser, connector credentials are held as handles into a secret store rather than values, and API keys are stored only as a SHA-256 hash. What is missing is lifecycle: no rotation, no expiry policy, no vault integration, no record of when a secret was last changed. Blocked platform-wide by: threat/failure handling (partial), key/secret lifecycle (partial), monitoring (partial)."
P28-REQ-144,Certificate Management,not_verified,not_built,threat/failure handling; key/secret lifecycle; monitoring,allow/deny behavior; tenant isolation; least privilege; audit evidence; mapped security tests,"No certificate inventory, expiry monitoring or renewal. Blocked platform-wide by: threat/failure handling (partial), key/secret lifecycle (partial), monitoring (partial)."
P28-REQ-145,Token Security,not_verified,built,threat/failure handling; key/secret lifecycle; monitoring,allow/deny behavior; tenant isolation; least privilege; audit evidence; mapped security tests,"Blocked platform-wide by: threat/failure handling (partial), key/secret lifecycle (partial), monitoring (partial)."
P28-REQ-146,API Security,not_verified,built,threat/failure handling; key/secret lifecycle; monitoring,allow/deny behavior; tenant isolation; least privilege; audit evidence; mapped security tests,"Blocked platform-wide by: threat/failure handling (partial), key/secret lifecycle (partial), monitoring (partial)."
P28-REQ-147,Event Security,not_verified,not_built,threat/failure handling; key/secret lifecycle; monitoring,allow/deny behavior; tenant isolation; least privilege; audit evidence; mapped security tests,"There is no event bus, so there is nothing to secure. Dependent on the Domain Events gap named in P24. Blocked platform-wide by: threat/failure handling (partial), key/secret lifecycle (partial), monitoring (partial)."
P28-REQ-148,File/Object Security,not_verified,built,threat/failure handling; key/secret lifecycle; monitoring,allow/deny behavior; tenant isolation; least privilege; audit evidence; mapped security tests,"Blocked platform-wide by: threat/failure handling (partial), key/secret lifecycle (partial), monitoring (partial)."
P28-REQ-149,Search Security,not_verified,built,threat/failure handling; key/secret lifecycle; monitoring,allow/deny behavior; tenant isolation; least privilege; audit evidence; mapped security tests,"Blocked platform-wide by: threat/failure handling (partial), key/secret lifecycle (partial), monitoring (partial)."
P28-REQ-150,AI Security,not_verified,built,threat/failure handling; key/secret lifecycle; monitoring,allow/deny behavior; tenant isolation; least privilege; audit evidence; mapped security tests,"Blocked platform-wide by: threat/failure handling (partial), key/secret lifecycle (partial), monitoring (partial)."
P28-REQ-151,Prompt/Tool Security,not_verified,built,threat/failure handling; key/secret lifecycle; monitoring,allow/deny behavior; tenant isolation; least privilege; audit evidence; mapped security tests,"Blocked platform-wide by: threat/failure handling (partial), key/secret lifecycle (partial), monitoring (partial)."
P28-REQ-152,Network Security,not_verified,not_built,threat/failure handling; key/secret lifecycle; monitoring,allow/deny behavior; tenant isolation; least privilege; audit evidence; mapped security tests,"No network policy, segmentation or egress control. Belongs to P31 infrastructure, which is separately unverified. Blocked platform-wide by: threat/failure handling (partial), key/secret lifecycle (partial), monitoring (partial)."
P28-REQ-153,Runtime Security,not_verified,not_built,threat/failure handling; key/secret lifecycle; monitoring,allow/deny behavior; tenant isolation; least privilege; audit evidence; mapped security tests,"No runtime protection or workload hardening. P31. Blocked platform-wide by: threat/failure handling (partial), key/secret lifecycle (partial), monitoring (partial)."
P28-REQ-154,Database Security,not_verified,built,threat/failure handling; key/secret lifecycle; monitoring,allow/deny behavior; tenant isolation; least privilege; audit evidence; mapped security tests,"Blocked platform-wide by: threat/failure handling (partial), key/secret lifecycle (partial), monitoring (partial)."
P28-REQ-155,Vulnerability Management,not_verified,not_built,threat/failure handling; key/secret lifecycle; monitoring,allow/deny behavior; tenant isolation; least privilege; audit evidence; mapped security tests,"No scanning, triage or remediation tracking. Blocked platform-wide by: threat/failure handling (partial), key/secret lifecycle (partial), monitoring (partial)."
P28-REQ-156,Dependency Security,not_verified,not_built,threat/failure handling; key/secret lifecycle; monitoring,allow/deny behavior; tenant isolation; least privilege; audit evidence; mapped security tests,"No dependency scanning or advisory monitoring. The engine and PDF packages have zero runtime dependencies, which shrinks the surface but is not a program. Blocked platform-wide by: threat/failure handling (partial), key/secret lifecycle (partial), monitoring (partial)."
P28-REQ-157,Container Security,not_verified,not_built,threat/failure handling; key/secret lifecycle; monitoring,allow/deny behavior; tenant isolation; least privilege; audit evidence; mapped security tests,"No container build or hardening. P31. Blocked platform-wide by: threat/failure handling (partial), key/secret lifecycle (partial), monitoring (partial)."
P28-REQ-158,Infrastructure Security,not_verified,not_built,threat/failure handling; key/secret lifecycle; monitoring,allow/deny behavior; tenant isolation; least privilege; audit evidence; mapped security tests,"No infrastructure as code and no infrastructure controls. P31. Blocked platform-wide by: threat/failure handling (partial), key/secret lifecycle (partial), monitoring (partial)."
P28-REQ-159,SAST/DAST,not_verified,not_built,threat/failure handling; key/secret lifecycle; monitoring,allow/deny behavior; tenant isolation; least privilege; audit evidence; mapped security tests,"No static or dynamic security analysis in the pipeline. Blocked platform-wide by: threat/failure handling (partial), key/secret lifecycle (partial), monitoring (partial)."
P28-REQ-160,Threat Modeling,not_verified,not_built,threat/failure handling; key/secret lifecycle; monitoring,allow/deny behavior; tenant isolation; least privilege; audit evidence; mapped security tests,"No threat model is written down. Individual controls name the threat they answer in comments, which is not the same as a model anyone can review. Blocked platform-wide by: threat/failure handling (partial), key/secret lifecycle (partial), monitoring (partial)."
P28-REQ-161,Attack Surface Management,not_verified,not_built,threat/failure handling; key/secret lifecycle; monitoring,allow/deny behavior; tenant isolation; least privilege; audit evidence; mapped security tests,"No inventory of exposed surface and no monitoring of it. Blocked platform-wide by: threat/failure handling (partial), key/secret lifecycle (partial), monitoring (partial)."
P28-REQ-162,Security Logging,not_verified,built,threat/failure handling; key/secret lifecycle; monitoring,allow/deny behavior; tenant isolation; least privilege; audit evidence; mapped security tests,"Blocked platform-wide by: threat/failure handling (partial), key/secret lifecycle (partial), monitoring (partial)."
P28-REQ-163,Audit Integrity,not_verified,built,threat/failure handling; key/secret lifecycle; monitoring,allow/deny behavior; tenant isolation; least privilege; audit evidence; mapped security tests,"Blocked platform-wide by: threat/failure handling (partial), key/secret lifecycle (partial), monitoring (partial)."
P28-REQ-164,Threat Detection,not_verified,not_built,threat/failure handling; key/secret lifecycle; monitoring,allow/deny behavior; tenant isolation; least privilege; audit evidence; mapped security tests,"No detection of any kind. Blocked platform-wide by: threat/failure handling (partial), key/secret lifecycle (partial), monitoring (partial)."
P28-REQ-165,Anomaly Detection,not_verified,not_built,threat/failure handling; key/secret lifecycle; monitoring,allow/deny behavior; tenant isolation; least privilege; audit evidence; mapped security tests,"Nothing establishes a baseline or notices departure from it. Blocked platform-wide by: threat/failure handling (partial), key/secret lifecycle (partial), monitoring (partial)."
P28-REQ-166,Security Alerting,not_verified,not_built,threat/failure handling; key/secret lifecycle; monitoring,allow/deny behavior; tenant isolation; least privilege; audit evidence; mapped security tests,"Nothing alerts. Structured logs and metrics now exist, but nothing consumes them. Blocked platform-wide by: threat/failure handling (partial), key/secret lifecycle (partial), monitoring (partial)."
P28-REQ-167,Incident Response,not_verified,not_built,threat/failure handling; key/secret lifecycle; monitoring,allow/deny behavior; tenant isolation; least privilege; audit evidence; mapped security tests,"No runbook, no severity model, no containment procedure. Blocked platform-wide by: threat/failure handling (partial), key/secret lifecycle (partial), monitoring (partial)."
P28-REQ-168,Forensic Evidence,not_verified,not_built,threat/failure handling; key/secret lifecycle; monitoring,allow/deny behavior; tenant isolation; least privilege; audit evidence; mapped security tests,"The audit ledger and API request log would serve as evidence, but nothing preserves, exports or chains custody of it. Blocked platform-wide by: threat/failure handling (partial), key/secret lifecycle (partial), monitoring (partial)."
P28-REQ-169,Access Reviews,not_verified,not_built,threat/failure handling; key/secret lifecycle; monitoring,allow/deny behavior; tenant isolation; least privilege; audit evidence; mapped security tests,"No periodic review of who holds what. Blocked platform-wide by: threat/failure handling (partial), key/secret lifecycle (partial), monitoring (partial)."
P28-REQ-170,Segregation of Duties,not_verified,built,threat/failure handling; key/secret lifecycle; monitoring,allow/deny behavior; tenant isolation; least privilege; audit evidence; mapped security tests,"Blocked platform-wide by: threat/failure handling (partial), key/secret lifecycle (partial), monitoring (partial)."
P28-REQ-171,Compliance Evidence,not_verified,not_built,threat/failure handling; key/secret lifecycle; monitoring,allow/deny behavior; tenant isolation; least privilege; audit evidence; mapped security tests,"No control mapping to any framework and no evidence collection. Blocked platform-wide by: threat/failure handling (partial), key/secret lifecycle (partial), monitoring (partial)."
P28-REQ-172,Policy Attestation,not_verified,not_built,threat/failure handling; key/secret lifecycle; monitoring,allow/deny behavior; tenant isolation; least privilege; audit evidence; mapped security tests,"No policies to attest to and no attestation record. Blocked platform-wide by: threat/failure handling (partial), key/secret lifecycle (partial), monitoring (partial)."
P28-REQ-173,Backup Security,not_verified,not_built,threat/failure handling; key/secret lifecycle; monitoring,allow/deny behavior; tenant isolation; least privilege; audit evidence; mapped security tests,"No backup configuration owned by this platform. P31. Blocked platform-wide by: threat/failure handling (partial), key/secret lifecycle (partial), monitoring (partial)."
P28-REQ-174,Disaster Recovery Security,not_verified,not_built,threat/failure handling; key/secret lifecycle; monitoring,allow/deny behavior; tenant isolation; least privilege; audit evidence; mapped security tests,"No disaster recovery. P31. Blocked platform-wide by: threat/failure handling (partial), key/secret lifecycle (partial), monitoring (partial)."
P28-REQ-175,Security Exceptions,not_verified,not_built,threat/failure handling; key/secret lifecycle; monitoring,allow/deny behavior; tenant isolation; least privilege; audit evidence; mapped security tests,"No exception register, so a knowingly accepted risk has nowhere to live. Blocked platform-wide by: threat/failure handling (partial), key/secret lifecycle (partial), monitoring (partial)."
P28-REQ-176,Security Metrics,not_verified,partial,threat/failure handling; key/secret lifecycle; monitoring,allow/deny behavior; tenant isolation; least privilege; audit evidence; mapped security tests,"The metrics engine exists and the API emits request and latency metrics. No security metric is defined — nothing counts failed authorizations, privilege changes or anomalous access. Blocked platform-wide by: threat/failure handling (partial), key/secret lifecycle (partial), monitoring (partial)."
P28-REQ-177,Security Administration,not_verified,not_built,threat/failure handling; key/secret lifecycle; monitoring,allow/deny behavior; tenant isolation; least privilege; audit evidence; mapped security tests,"No security administration surface — no console for policy, keys, sessions or reviews. Blocked platform-wide by: threat/failure handling (partial), key/secret lifecycle (partial), monitoring (partial)."
P28-REQ-178,Security Architecture,not_verified,built,threat/failure handling; key/secret lifecycle; monitoring,allow/deny behavior; tenant isolation; least privilege; audit evidence; mapped security tests,"Blocked platform-wide by: threat/failure handling (partial), key/secret lifecycle (partial), monitoring (partial)."
P28-REQ-179,Identity Governance,not_verified,partial,threat/failure handling; key/secret lifecycle; monitoring,allow/deny behavior; tenant isolation; least privilege; audit evidence; mapped security tests,"Memberships, invitations and roles exist with an owner flag and approval tiers. There is no joiner/mover/leaver lifecycle: nothing drives access from an employment change, and nothing reviews it afterwards. Blocked platform-wide by: threat/failure handling (partial), key/secret lifecycle (partial), monitoring (partial)."
P28-REQ-180,Authentication,not_verified,built,threat/failure handling; key/secret lifecycle; monitoring,allow/deny behavior; tenant isolation; least privilege; audit evidence; mapped security tests,"Blocked platform-wide by: threat/failure handling (partial), key/secret lifecycle (partial), monitoring (partial)."
P28-REQ-181,MFA,not_verified,not_built,threat/failure handling; key/secret lifecycle; monitoring,allow/deny behavior; tenant isolation; least privilege; audit evidence; mapped security tests,"Not implemented. The company settings screen previously displayed a 'Require multi-factor authentication' toggle that nothing enforced; it has been removed and MFA is now named as unavailable. The capability itself remains absent. Blocked platform-wide by: threat/failure handling (partial), key/secret lifecycle (partial), monitoring (partial)."
P28-REQ-182,SSO Federation,not_verified,not_built,threat/failure handling; key/secret lifecycle; monitoring,allow/deny behavior; tenant isolation; least privilege; audit evidence; mapped security tests,"No SAML or OIDC federation. Every user authenticates directly. Blocked platform-wide by: threat/failure handling (partial), key/secret lifecycle (partial), monitoring (partial)."
P28-REQ-183,SCIM Provisioning,not_verified,not_built,threat/failure handling; key/secret lifecycle; monitoring,allow/deny behavior; tenant isolation; least privilege; audit evidence; mapped security tests,"No SCIM endpoint. Membership is managed in the application only. Blocked platform-wide by: threat/failure handling (partial), key/secret lifecycle (partial), monitoring (partial)."
P28-REQ-184,Role-Based Access,not_verified,built,threat/failure handling; key/secret lifecycle; monitoring,allow/deny behavior; tenant isolation; least privilege; audit evidence; mapped security tests,"Blocked platform-wide by: threat/failure handling (partial), key/secret lifecycle (partial), monitoring (partial)."
P28-REQ-185,Attribute-Based Access,not_verified,not_built,threat/failure handling; key/secret lifecycle; monitoring,allow/deny behavior; tenant isolation; least privilege; audit evidence; mapped security tests,"Access is role and membership based. There is no attribute policy — nothing decides on project, region, classification or time of day. Blocked platform-wide by: threat/failure handling (partial), key/secret lifecycle (partial), monitoring (partial)."
P28-REQ-186,Policy Decision,not_verified,built,threat/failure handling; key/secret lifecycle; monitoring,allow/deny behavior; tenant isolation; least privilege; audit evidence; mapped security tests,"Blocked platform-wide by: threat/failure handling (partial), key/secret lifecycle (partial), monitoring (partial)."
P28-REQ-187,Policy Enforcement,not_verified,built,threat/failure handling; key/secret lifecycle; monitoring,allow/deny behavior; tenant isolation; least privilege; audit evidence; mapped security tests,"Blocked platform-wide by: threat/failure handling (partial), key/secret lifecycle (partial), monitoring (partial)."
P28-REQ-188,Privileged Access,not_verified,partial,threat/failure handling; key/secret lifecycle; monitoring,allow/deny behavior; tenant isolation; least privilege; audit evidence; mapped security tests,"Approval tiers and an owner flag gate consequential actions, and self-approval is refused. There is no just-in-time elevation, no time-bounded grant, and no separate review of what privileged accounts did. Blocked platform-wide by: threat/failure handling (partial), key/secret lifecycle (partial), monitoring (partial)."
P28-REQ-189,Service Identities,not_verified,built,threat/failure handling; key/secret lifecycle; monitoring,allow/deny behavior; tenant isolation; least privilege; audit evidence; mapped security tests,"Blocked platform-wide by: threat/failure handling (partial), key/secret lifecycle (partial), monitoring (partial)."
P28-REQ-190,Machine Identities,not_verified,built,threat/failure handling; key/secret lifecycle; monitoring,allow/deny behavior; tenant isolation; least privilege; audit evidence; mapped security tests,"Blocked platform-wide by: threat/failure handling (partial), key/secret lifecycle (partial), monitoring (partial)."
P28-REQ-191,Session Security,not_verified,partial,threat/failure handling; key/secret lifecycle; monitoring,allow/deny behavior; tenant isolation; least privilege; audit evidence; mapped security tests,"Supabase issues and validates sessions. This platform sets no session policy of its own — no inactivity bound it enforces, no step-up for a privileged action, no way to revoke one session rather than all. Blocked platform-wide by: threat/failure handling (partial), key/secret lifecycle (partial), monitoring (partial)."
P28-REQ-192,Zero Trust,not_verified,partial,threat/failure handling; key/secret lifecycle; monitoring,allow/deny behavior; tenant isolation; least privilege; audit evidence; mapped security tests,"Several of the properties hold in practice — every request is authorized on its own, nothing is trusted by network position, and the anon role holds no table privilege. It is not stated or verified as a model, so it is a set of habits rather than an architecture anyone can audit. Blocked platform-wide by: threat/failure handling (partial), key/secret lifecycle (partial), monitoring (partial)."
P28-REQ-193,Tenant Isolation,not_verified,built,threat/failure handling; key/secret lifecycle; monitoring,allow/deny behavior; tenant isolation; least privilege; audit evidence; mapped security tests,"Blocked platform-wide by: threat/failure handling (partial), key/secret lifecycle (partial), monitoring (partial)."
P28-REQ-194,Project/Record Access,not_verified,built,threat/failure handling; key/secret lifecycle; monitoring,allow/deny behavior; tenant isolation; least privilege; audit evidence; mapped security tests,"Blocked platform-wide by: threat/failure handling (partial), key/secret lifecycle (partial), monitoring (partial)."
P28-REQ-195,Data Classification,not_verified,not_built,threat/failure handling; key/secret lifecycle; monitoring,allow/deny behavior; tenant isolation; least privilege; audit evidence; mapped security tests,"No classification exists. Every column is treated alike, so nothing can be handled according to its sensitivity. Blocked platform-wide by: threat/failure handling (partial), key/secret lifecycle (partial), monitoring (partial)."
P28-REQ-196,Privacy Controls,not_verified,partial,threat/failure handling; key/secret lifecycle; monitoring,allow/deny behavior; tenant isolation; least privilege; audit evidence; mapped security tests,"Raw card data is never stored — Stripe holds it and only a brand and last four reach this platform. Beyond payment there is no privacy control: no consent record, no subject access path, no export or erasure. Blocked platform-wide by: threat/failure handling (partial), key/secret lifecycle (partial), monitoring (partial)."
P28-REQ-197,Data Minimization,not_verified,partial,threat/failure handling; key/secret lifecycle; monitoring,allow/deny behavior; tenant isolation; least privilege; audit evidence; mapped security tests,"Some by construction: the API returns named columns rather than rows wholesale, and logs are redacted. Nothing states what may be collected or for how long. Blocked platform-wide by: threat/failure handling (partial), key/secret lifecycle (partial), monitoring (partial)."
P28-REQ-198,Retention & Deletion,not_verified,not_built,threat/failure handling; key/secret lifecycle; monitoring,allow/deny behavior; tenant isolation; least privilege; audit evidence; mapped security tests,"No retention policy, no scheduled deletion, no legal hold. The settings screen displays 'Retention: Indefinite', which is a description rather than a control. Blocked platform-wide by: threat/failure handling (partial), key/secret lifecycle (partial), monitoring (partial)."
P28-REQ-199,Encryption at Rest,not_verified,partial,threat/failure handling; key/secret lifecycle; monitoring,allow/deny behavior; tenant isolation; least privilege; audit evidence; mapped security tests,"Supabase encrypts storage and the database at rest. The platform neither configures nor evidences it, so the control is inherited rather than owned, and nothing here would notice if it changed. Blocked platform-wide by: threat/failure handling (partial), key/secret lifecycle (partial), monitoring (partial)."
P28-REQ-200,Encryption in Transit,not_verified,partial,threat/failure handling; key/secret lifecycle; monitoring,allow/deny behavior; tenant isolation; least privilege; audit evidence; mapped security tests,"Traffic is HTTPS by deployment. Same as at rest: inherited, not owned or evidenced. Blocked platform-wide by: threat/failure handling (partial), key/secret lifecycle (partial), monitoring (partial)."
P28-REQ-201,Key Management,not_verified,not_built,threat/failure handling; key/secret lifecycle; monitoring,allow/deny behavior; tenant isolation; least privilege; audit evidence; mapped security tests,"No key management. Nothing rotates, escrows or records the lifecycle of a key. Blocked platform-wide by: threat/failure handling (partial), key/secret lifecycle (partial), monitoring (partial)."
P28-REQ-202,Secrets Management,not_verified,partial,threat/failure handling; key/secret lifecycle; monitoring,allow/deny behavior; tenant isolation; least privilege; audit evidence; mapped security tests,"Secrets live in server-side environment variables and never reach the browser, connector credentials are held as handles into a secret store rather than values, and API keys are stored only as a SHA-256 hash. What is missing is lifecycle: no rotation, no expiry policy, no vault integration, no record of when a secret was last changed. Blocked platform-wide by: threat/failure handling (partial), key/secret lifecycle (partial), monitoring (partial)."
P28-REQ-203,Certificate Management,not_verified,not_built,threat/failure handling; key/secret lifecycle; monitoring,allow/deny behavior; tenant isolation; least privilege; audit evidence; mapped security tests,"No certificate inventory, expiry monitoring or renewal. Blocked platform-wide by: threat/failure handling (partial), key/secret lifecycle (partial), monitoring (partial)."
P28-REQ-204,Token Security,not_verified,built,threat/failure handling; key/secret lifecycle; monitoring,allow/deny behavior; tenant isolation; least privilege; audit evidence; mapped security tests,"Blocked platform-wide by: threat/failure handling (partial), key/secret lifecycle (partial), monitoring (partial)."
P28-REQ-205,API Security,not_verified,built,threat/failure handling; key/secret lifecycle; monitoring,allow/deny behavior; tenant isolation; least privilege; audit evidence; mapped security tests,"Blocked platform-wide by: threat/failure handling (partial), key/secret lifecycle (partial), monitoring (partial)."
P28-REQ-206,Event Security,not_verified,not_built,threat/failure handling; key/secret lifecycle; monitoring,allow/deny behavior; tenant isolation; least privilege; audit evidence; mapped security tests,"There is no event bus, so there is nothing to secure. Dependent on the Domain Events gap named in P24. Blocked platform-wide by: threat/failure handling (partial), key/secret lifecycle (partial), monitoring (partial)."
P28-REQ-207,File/Object Security,not_verified,built,threat/failure handling; key/secret lifecycle; monitoring,allow/deny behavior; tenant isolation; least privilege; audit evidence; mapped security tests,"Blocked platform-wide by: threat/failure handling (partial), key/secret lifecycle (partial), monitoring (partial)."
P28-REQ-208,Search Security,not_verified,built,threat/failure handling; key/secret lifecycle; monitoring,allow/deny behavior; tenant isolation; least privilege; audit evidence; mapped security tests,"Blocked platform-wide by: threat/failure handling (partial), key/secret lifecycle (partial), monitoring (partial)."
P28-REQ-209,AI Security,not_verified,built,threat/failure handling; key/secret lifecycle; monitoring,allow/deny behavior; tenant isolation; least privilege; audit evidence; mapped security tests,"Blocked platform-wide by: threat/failure handling (partial), key/secret lifecycle (partial), monitoring (partial)."
P28-REQ-210,Prompt/Tool Security,not_verified,built,threat/failure handling; key/secret lifecycle; monitoring,allow/deny behavior; tenant isolation; least privilege; audit evidence; mapped security tests,"Blocked platform-wide by: threat/failure handling (partial), key/secret lifecycle (partial), monitoring (partial)."
P28-REQ-211,Network Security,not_verified,not_built,threat/failure handling; key/secret lifecycle; monitoring,allow/deny behavior; tenant isolation; least privilege; audit evidence; mapped security tests,"No network policy, segmentation or egress control. Belongs to P31 infrastructure, which is separately unverified. Blocked platform-wide by: threat/failure handling (partial), key/secret lifecycle (partial), monitoring (partial)."
P28-REQ-212,Runtime Security,not_verified,not_built,threat/failure handling; key/secret lifecycle; monitoring,allow/deny behavior; tenant isolation; least privilege; audit evidence; mapped security tests,"No runtime protection or workload hardening. P31. Blocked platform-wide by: threat/failure handling (partial), key/secret lifecycle (partial), monitoring (partial)."
P28-REQ-213,Database Security,not_verified,built,threat/failure handling; key/secret lifecycle; monitoring,allow/deny behavior; tenant isolation; least privilege; audit evidence; mapped security tests,"Blocked platform-wide by: threat/failure handling (partial), key/secret lifecycle (partial), monitoring (partial)."
P28-REQ-214,Vulnerability Management,not_verified,not_built,threat/failure handling; key/secret lifecycle; monitoring,allow/deny behavior; tenant isolation; least privilege; audit evidence; mapped security tests,"No scanning, triage or remediation tracking. Blocked platform-wide by: threat/failure handling (partial), key/secret lifecycle (partial), monitoring (partial)."
P28-REQ-215,Dependency Security,not_verified,not_built,threat/failure handling; key/secret lifecycle; monitoring,allow/deny behavior; tenant isolation; least privilege; audit evidence; mapped security tests,"No dependency scanning or advisory monitoring. The engine and PDF packages have zero runtime dependencies, which shrinks the surface but is not a program. Blocked platform-wide by: threat/failure handling (partial), key/secret lifecycle (partial), monitoring (partial)."
P28-REQ-216,Container Security,not_verified,not_built,threat/failure handling; key/secret lifecycle; monitoring,allow/deny behavior; tenant isolation; least privilege; audit evidence; mapped security tests,"No container build or hardening. P31. Blocked platform-wide by: threat/failure handling (partial), key/secret lifecycle (partial), monitoring (partial)."
P28-REQ-217,Infrastructure Security,not_verified,not_built,threat/failure handling; key/secret lifecycle; monitoring,allow/deny behavior; tenant isolation; least privilege; audit evidence; mapped security tests,"No infrastructure as code and no infrastructure controls. P31. Blocked platform-wide by: threat/failure handling (partial), key/secret lifecycle (partial), monitoring (partial)."
P28-REQ-218,SAST/DAST,not_verified,not_built,threat/failure handling; key/secret lifecycle; monitoring,allow/deny behavior; tenant isolation; least privilege; audit evidence; mapped security tests,"No static or dynamic security analysis in the pipeline. Blocked platform-wide by: threat/failure handling (partial), key/secret lifecycle (partial), monitoring (partial)."
P28-REQ-219,Threat Modeling,not_verified,not_built,threat/failure handling; key/secret lifecycle; monitoring,allow/deny behavior; tenant isolation; least privilege; audit evidence; mapped security tests,"No threat model is written down. Individual controls name the threat they answer in comments, which is not the same as a model anyone can review. Blocked platform-wide by: threat/failure handling (partial), key/secret lifecycle (partial), monitoring (partial)."
P28-REQ-220,Attack Surface Management,not_verified,not_built,threat/failure handling; key/secret lifecycle; monitoring,allow/deny behavior; tenant isolation; least privilege; audit evidence; mapped security tests,"No inventory of exposed surface and no monitoring of it. Blocked platform-wide by: threat/failure handling (partial), key/secret lifecycle (partial), monitoring (partial)."
P28-REQ-221,Security Logging,not_verified,built,threat/failure handling; key/secret lifecycle; monitoring,allow/deny behavior; tenant isolation; least privilege; audit evidence; mapped security tests,"Blocked platform-wide by: threat/failure handling (partial), key/secret lifecycle (partial), monitoring (partial)."
P28-REQ-222,Audit Integrity,not_verified,built,threat/failure handling; key/secret lifecycle; monitoring,allow/deny behavior; tenant isolation; least privilege; audit evidence; mapped security tests,"Blocked platform-wide by: threat/failure handling (partial), key/secret lifecycle (partial), monitoring (partial)."
P28-REQ-223,Threat Detection,not_verified,not_built,threat/failure handling; key/secret lifecycle; monitoring,allow/deny behavior; tenant isolation; least privilege; audit evidence; mapped security tests,"No detection of any kind. Blocked platform-wide by: threat/failure handling (partial), key/secret lifecycle (partial), monitoring (partial)."
P28-REQ-224,Anomaly Detection,not_verified,not_built,threat/failure handling; key/secret lifecycle; monitoring,allow/deny behavior; tenant isolation; least privilege; audit evidence; mapped security tests,"Nothing establishes a baseline or notices departure from it. Blocked platform-wide by: threat/failure handling (partial), key/secret lifecycle (partial), monitoring (partial)."
P28-REQ-225,Security Alerting,not_verified,not_built,threat/failure handling; key/secret lifecycle; monitoring,allow/deny behavior; tenant isolation; least privilege; audit evidence; mapped security tests,"Nothing alerts. Structured logs and metrics now exist, but nothing consumes them. Blocked platform-wide by: threat/failure handling (partial), key/secret lifecycle (partial), monitoring (partial)."
P28-REQ-226,Incident Response,not_verified,not_built,threat/failure handling; key/secret lifecycle; monitoring,allow/deny behavior; tenant isolation; least privilege; audit evidence; mapped security tests,"No runbook, no severity model, no containment procedure. Blocked platform-wide by: threat/failure handling (partial), key/secret lifecycle (partial), monitoring (partial)."
P28-REQ-227,Forensic Evidence,not_verified,not_built,threat/failure handling; key/secret lifecycle; monitoring,allow/deny behavior; tenant isolation; least privilege; audit evidence; mapped security tests,"The audit ledger and API request log would serve as evidence, but nothing preserves, exports or chains custody of it. Blocked platform-wide by: threat/failure handling (partial), key/secret lifecycle (partial), monitoring (partial)."
P28-REQ-228,Access Reviews,not_verified,not_built,threat/failure handling; key/secret lifecycle; monitoring,allow/deny behavior; tenant isolation; least privilege; audit evidence; mapped security tests,"No periodic review of who holds what. Blocked platform-wide by: threat/failure handling (partial), key/secret lifecycle (partial), monitoring (partial)."
P28-REQ-229,Segregation of Duties,not_verified,built,threat/failure handling; key/secret lifecycle; monitoring,allow/deny behavior; tenant isolation; least privilege; audit evidence; mapped security tests,"Blocked platform-wide by: threat/failure handling (partial), key/secret lifecycle (partial), monitoring (partial)."
P28-REQ-230,Compliance Evidence,not_verified,not_built,threat/failure handling; key/secret lifecycle; monitoring,allow/deny behavior; tenant isolation; least privilege; audit evidence; mapped security tests,"No control mapping to any framework and no evidence collection. Blocked platform-wide by: threat/failure handling (partial), key/secret lifecycle (partial), monitoring (partial)."
P28-REQ-231,Policy Attestation,not_verified,not_built,threat/failure handling; key/secret lifecycle; monitoring,allow/deny behavior; tenant isolation; least privilege; audit evidence; mapped security tests,"No policies to attest to and no attestation record. Blocked platform-wide by: threat/failure handling (partial), key/secret lifecycle (partial), monitoring (partial)."
P28-REQ-232,Backup Security,not_verified,not_built,threat/failure handling; key/secret lifecycle; monitoring,allow/deny behavior; tenant isolation; least privilege; audit evidence; mapped security tests,"No backup configuration owned by this platform. P31. Blocked platform-wide by: threat/failure handling (partial), key/secret lifecycle (partial), monitoring (partial)."
P28-REQ-233,Disaster Recovery Security,not_verified,not_built,threat/failure handling; key/secret lifecycle; monitoring,allow/deny behavior; tenant isolation; least privilege; audit evidence; mapped security tests,"No disaster recovery. P31. Blocked platform-wide by: threat/failure handling (partial), key/secret lifecycle (partial), monitoring (partial)."
P28-REQ-234,Security Exceptions,not_verified,not_built,threat/failure handling; key/secret lifecycle; monitoring,allow/deny behavior; tenant isolation; least privilege; audit evidence; mapped security tests,"No exception register, so a knowingly accepted risk has nowhere to live. Blocked platform-wide by: threat/failure handling (partial), key/secret lifecycle (partial), monitoring (partial)."
P28-REQ-235,Security Metrics,not_verified,partial,threat/failure handling; key/secret lifecycle; monitoring,allow/deny behavior; tenant isolation; least privilege; audit evidence; mapped security tests,"The metrics engine exists and the API emits request and latency metrics. No security metric is defined — nothing counts failed authorizations, privilege changes or anomalous access. Blocked platform-wide by: threat/failure handling (partial), key/secret lifecycle (partial), monitoring (partial)."
P28-REQ-236,Security Administration,not_verified,not_built,threat/failure handling; key/secret lifecycle; monitoring,allow/deny behavior; tenant isolation; least privilege; audit evidence; mapped security tests,"No security administration surface — no console for policy, keys, sessions or reviews. Blocked platform-wide by: threat/failure handling (partial), key/secret lifecycle (partial), monitoring (partial)."
P28-REQ-237,Security Architecture,not_verified,built,threat/failure handling; key/secret lifecycle; monitoring,allow/deny behavior; tenant isolation; least privilege; audit evidence; mapped security tests,"Blocked platform-wide by: threat/failure handling (partial), key/secret lifecycle (partial), monitoring (partial)."
P28-REQ-238,Identity Governance,not_verified,partial,threat/failure handling; key/secret lifecycle; monitoring,allow/deny behavior; tenant isolation; least privilege; audit evidence; mapped security tests,"Memberships, invitations and roles exist with an owner flag and approval tiers. There is no joiner/mover/leaver lifecycle: nothing drives access from an employment change, and nothing reviews it afterwards. Blocked platform-wide by: threat/failure handling (partial), key/secret lifecycle (partial), monitoring (partial)."
P28-REQ-239,Authentication,not_verified,built,threat/failure handling; key/secret lifecycle; monitoring,allow/deny behavior; tenant isolation; least privilege; audit evidence; mapped security tests,"Blocked platform-wide by: threat/failure handling (partial), key/secret lifecycle (partial), monitoring (partial)."
P28-REQ-240,MFA,not_verified,not_built,threat/failure handling; key/secret lifecycle; monitoring,allow/deny behavior; tenant isolation; least privilege; audit evidence; mapped security tests,"Not implemented. The company settings screen previously displayed a 'Require multi-factor authentication' toggle that nothing enforced; it has been removed and MFA is now named as unavailable. The capability itself remains absent. Blocked platform-wide by: threat/failure handling (partial), key/secret lifecycle (partial), monitoring (partial)."
P28-REQ-241,SSO Federation,not_verified,not_built,threat/failure handling; key/secret lifecycle; monitoring,allow/deny behavior; tenant isolation; least privilege; audit evidence; mapped security tests,"No SAML or OIDC federation. Every user authenticates directly. Blocked platform-wide by: threat/failure handling (partial), key/secret lifecycle (partial), monitoring (partial)."
P28-REQ-242,SCIM Provisioning,not_verified,not_built,threat/failure handling; key/secret lifecycle; monitoring,allow/deny behavior; tenant isolation; least privilege; audit evidence; mapped security tests,"No SCIM endpoint. Membership is managed in the application only. Blocked platform-wide by: threat/failure handling (partial), key/secret lifecycle (partial), monitoring (partial)."
P28-REQ-243,Role-Based Access,not_verified,built,threat/failure handling; key/secret lifecycle; monitoring,allow/deny behavior; tenant isolation; least privilege; audit evidence; mapped security tests,"Blocked platform-wide by: threat/failure handling (partial), key/secret lifecycle (partial), monitoring (partial)."
P28-REQ-244,Attribute-Based Access,not_verified,not_built,threat/failure handling; key/secret lifecycle; monitoring,allow/deny behavior; tenant isolation; least privilege; audit evidence; mapped security tests,"Access is role and membership based. There is no attribute policy — nothing decides on project, region, classification or time of day. Blocked platform-wide by: threat/failure handling (partial), key/secret lifecycle (partial), monitoring (partial)."
P28-REQ-245,Policy Decision,not_verified,built,threat/failure handling; key/secret lifecycle; monitoring,allow/deny behavior; tenant isolation; least privilege; audit evidence; mapped security tests,"Blocked platform-wide by: threat/failure handling (partial), key/secret lifecycle (partial), monitoring (partial)."
P28-REQ-246,Policy Enforcement,not_verified,built,threat/failure handling; key/secret lifecycle; monitoring,allow/deny behavior; tenant isolation; least privilege; audit evidence; mapped security tests,"Blocked platform-wide by: threat/failure handling (partial), key/secret lifecycle (partial), monitoring (partial)."
P28-REQ-247,Privileged Access,not_verified,partial,threat/failure handling; key/secret lifecycle; monitoring,allow/deny behavior; tenant isolation; least privilege; audit evidence; mapped security tests,"Approval tiers and an owner flag gate consequential actions, and self-approval is refused. There is no just-in-time elevation, no time-bounded grant, and no separate review of what privileged accounts did. Blocked platform-wide by: threat/failure handling (partial), key/secret lifecycle (partial), monitoring (partial)."
P28-REQ-248,Service Identities,not_verified,built,threat/failure handling; key/secret lifecycle; monitoring,allow/deny behavior; tenant isolation; least privilege; audit evidence; mapped security tests,"Blocked platform-wide by: threat/failure handling (partial), key/secret lifecycle (partial), monitoring (partial)."
P28-REQ-249,Machine Identities,not_verified,built,threat/failure handling; key/secret lifecycle; monitoring,allow/deny behavior; tenant isolation; least privilege; audit evidence; mapped security tests,"Blocked platform-wide by: threat/failure handling (partial), key/secret lifecycle (partial), monitoring (partial)."
P28-REQ-250,Session Security,not_verified,partial,threat/failure handling; key/secret lifecycle; monitoring,allow/deny behavior; tenant isolation; least privilege; audit evidence; mapped security tests,"Supabase issues and validates sessions. This platform sets no session policy of its own — no inactivity bound it enforces, no step-up for a privileged action, no way to revoke one session rather than all. Blocked platform-wide by: threat/failure handling (partial), key/secret lifecycle (partial), monitoring (partial)."
P28-REQ-251,Zero Trust,not_verified,partial,threat/failure handling; key/secret lifecycle; monitoring,allow/deny behavior; tenant isolation; least privilege; audit evidence; mapped security tests,"Several of the properties hold in practice — every request is authorized on its own, nothing is trusted by network position, and the anon role holds no table privilege. It is not stated or verified as a model, so it is a set of habits rather than an architecture anyone can audit. Blocked platform-wide by: threat/failure handling (partial), key/secret lifecycle (partial), monitoring (partial)."
P28-REQ-252,Tenant Isolation,not_verified,built,threat/failure handling; key/secret lifecycle; monitoring,allow/deny behavior; tenant isolation; least privilege; audit evidence; mapped security tests,"Blocked platform-wide by: threat/failure handling (partial), key/secret lifecycle (partial), monitoring (partial)."
P28-REQ-253,Project/Record Access,not_verified,built,threat/failure handling; key/secret lifecycle; monitoring,allow/deny behavior; tenant isolation; least privilege; audit evidence; mapped security tests,"Blocked platform-wide by: threat/failure handling (partial), key/secret lifecycle (partial), monitoring (partial)."
P28-REQ-254,Data Classification,not_verified,not_built,threat/failure handling; key/secret lifecycle; monitoring,allow/deny behavior; tenant isolation; least privilege; audit evidence; mapped security tests,"No classification exists. Every column is treated alike, so nothing can be handled according to its sensitivity. Blocked platform-wide by: threat/failure handling (partial), key/secret lifecycle (partial), monitoring (partial)."
P28-REQ-255,Privacy Controls,not_verified,partial,threat/failure handling; key/secret lifecycle; monitoring,allow/deny behavior; tenant isolation; least privilege; audit evidence; mapped security tests,"Raw card data is never stored — Stripe holds it and only a brand and last four reach this platform. Beyond payment there is no privacy control: no consent record, no subject access path, no export or erasure. Blocked platform-wide by: threat/failure handling (partial), key/secret lifecycle (partial), monitoring (partial)."
P28-REQ-256,Data Minimization,not_verified,partial,threat/failure handling; key/secret lifecycle; monitoring,allow/deny behavior; tenant isolation; least privilege; audit evidence; mapped security tests,"Some by construction: the API returns named columns rather than rows wholesale, and logs are redacted. Nothing states what may be collected or for how long. Blocked platform-wide by: threat/failure handling (partial), key/secret lifecycle (partial), monitoring (partial)."
P28-REQ-257,Retention & Deletion,not_verified,not_built,threat/failure handling; key/secret lifecycle; monitoring,allow/deny behavior; tenant isolation; least privilege; audit evidence; mapped security tests,"No retention policy, no scheduled deletion, no legal hold. The settings screen displays 'Retention: Indefinite', which is a description rather than a control. Blocked platform-wide by: threat/failure handling (partial), key/secret lifecycle (partial), monitoring (partial)."
P28-REQ-258,Encryption at Rest,not_verified,partial,threat/failure handling; key/secret lifecycle; monitoring,allow/deny behavior; tenant isolation; least privilege; audit evidence; mapped security tests,"Supabase encrypts storage and the database at rest. The platform neither configures nor evidences it, so the control is inherited rather than owned, and nothing here would notice if it changed. Blocked platform-wide by: threat/failure handling (partial), key/secret lifecycle (partial), monitoring (partial)."
P28-REQ-259,Encryption in Transit,not_verified,partial,threat/failure handling; key/secret lifecycle; monitoring,allow/deny behavior; tenant isolation; least privilege; audit evidence; mapped security tests,"Traffic is HTTPS by deployment. Same as at rest: inherited, not owned or evidenced. Blocked platform-wide by: threat/failure handling (partial), key/secret lifecycle (partial), monitoring (partial)."
P28-REQ-260,Key Management,not_verified,not_built,threat/failure handling; key/secret lifecycle; monitoring,allow/deny behavior; tenant isolation; least privilege; audit evidence; mapped security tests,"No key management. Nothing rotates, escrows or records the lifecycle of a key. Blocked platform-wide by: threat/failure handling (partial), key/secret lifecycle (partial), monitoring (partial)."
P28-REQ-261,Secrets Management,not_verified,partial,threat/failure handling; key/secret lifecycle; monitoring,allow/deny behavior; tenant isolation; least privilege; audit evidence; mapped security tests,"Secrets live in server-side environment variables and never reach the browser, connector credentials are held as handles into a secret store rather than values, and API keys are stored only as a SHA-256 hash. What is missing is lifecycle: no rotation, no expiry policy, no vault integration, no record of when a secret was last changed. Blocked platform-wide by: threat/failure handling (partial), key/secret lifecycle (partial), monitoring (partial)."
P28-REQ-262,Certificate Management,not_verified,not_built,threat/failure handling; key/secret lifecycle; monitoring,allow/deny behavior; tenant isolation; least privilege; audit evidence; mapped security tests,"No certificate inventory, expiry monitoring or renewal. Blocked platform-wide by: threat/failure handling (partial), key/secret lifecycle (partial), monitoring (partial)."
P28-REQ-263,Token Security,not_verified,built,threat/failure handling; key/secret lifecycle; monitoring,allow/deny behavior; tenant isolation; least privilege; audit evidence; mapped security tests,"Blocked platform-wide by: threat/failure handling (partial), key/secret lifecycle (partial), monitoring (partial)."
P28-REQ-264,API Security,not_verified,built,threat/failure handling; key/secret lifecycle; monitoring,allow/deny behavior; tenant isolation; least privilege; audit evidence; mapped security tests,"Blocked platform-wide by: threat/failure handling (partial), key/secret lifecycle (partial), monitoring (partial)."
P28-REQ-265,Event Security,not_verified,not_built,threat/failure handling; key/secret lifecycle; monitoring,allow/deny behavior; tenant isolation; least privilege; audit evidence; mapped security tests,"There is no event bus, so there is nothing to secure. Dependent on the Domain Events gap named in P24. Blocked platform-wide by: threat/failure handling (partial), key/secret lifecycle (partial), monitoring (partial)."
P28-REQ-266,File/Object Security,not_verified,built,threat/failure handling; key/secret lifecycle; monitoring,allow/deny behavior; tenant isolation; least privilege; audit evidence; mapped security tests,"Blocked platform-wide by: threat/failure handling (partial), key/secret lifecycle (partial), monitoring (partial)."
P28-REQ-267,Search Security,not_verified,built,threat/failure handling; key/secret lifecycle; monitoring,allow/deny behavior; tenant isolation; least privilege; audit evidence; mapped security tests,"Blocked platform-wide by: threat/failure handling (partial), key/secret lifecycle (partial), monitoring (partial)."
P28-REQ-268,AI Security,not_verified,built,threat/failure handling; key/secret lifecycle; monitoring,allow/deny behavior; tenant isolation; least privilege; audit evidence; mapped security tests,"Blocked platform-wide by: threat/failure handling (partial), key/secret lifecycle (partial), monitoring (partial)."
P28-REQ-269,Prompt/Tool Security,not_verified,built,threat/failure handling; key/secret lifecycle; monitoring,allow/deny behavior; tenant isolation; least privilege; audit evidence; mapped security tests,"Blocked platform-wide by: threat/failure handling (partial), key/secret lifecycle (partial), monitoring (partial)."
P28-REQ-270,Network Security,not_verified,not_built,threat/failure handling; key/secret lifecycle; monitoring,allow/deny behavior; tenant isolation; least privilege; audit evidence; mapped security tests,"No network policy, segmentation or egress control. Belongs to P31 infrastructure, which is separately unverified. Blocked platform-wide by: threat/failure handling (partial), key/secret lifecycle (partial), monitoring (partial)."
P28-REQ-271,Runtime Security,not_verified,not_built,threat/failure handling; key/secret lifecycle; monitoring,allow/deny behavior; tenant isolation; least privilege; audit evidence; mapped security tests,"No runtime protection or workload hardening. P31. Blocked platform-wide by: threat/failure handling (partial), key/secret lifecycle (partial), monitoring (partial)."
P28-REQ-272,Database Security,not_verified,built,threat/failure handling; key/secret lifecycle; monitoring,allow/deny behavior; tenant isolation; least privilege; audit evidence; mapped security tests,"Blocked platform-wide by: threat/failure handling (partial), key/secret lifecycle (partial), monitoring (partial)."
P28-REQ-273,Vulnerability Management,not_verified,not_built,threat/failure handling; key/secret lifecycle; monitoring,allow/deny behavior; tenant isolation; least privilege; audit evidence; mapped security tests,"No scanning, triage or remediation tracking. Blocked platform-wide by: threat/failure handling (partial), key/secret lifecycle (partial), monitoring (partial)."
P28-REQ-274,Dependency Security,not_verified,not_built,threat/failure handling; key/secret lifecycle; monitoring,allow/deny behavior; tenant isolation; least privilege; audit evidence; mapped security tests,"No dependency scanning or advisory monitoring. The engine and PDF packages have zero runtime dependencies, which shrinks the surface but is not a program. Blocked platform-wide by: threat/failure handling (partial), key/secret lifecycle (partial), monitoring (partial)."
P28-REQ-275,Container Security,not_verified,not_built,threat/failure handling; key/secret lifecycle; monitoring,allow/deny behavior; tenant isolation; least privilege; audit evidence; mapped security tests,"No container build or hardening. P31. Blocked platform-wide by: threat/failure handling (partial), key/secret lifecycle (partial), monitoring (partial)."
P28-REQ-276,Infrastructure Security,not_verified,not_built,threat/failure handling; key/secret lifecycle; monitoring,allow/deny behavior; tenant isolation; least privilege; audit evidence; mapped security tests,"No infrastructure as code and no infrastructure controls. P31. Blocked platform-wide by: threat/failure handling (partial), key/secret lifecycle (partial), monitoring (partial)."
P28-REQ-277,SAST/DAST,not_verified,not_built,threat/failure handling; key/secret lifecycle; monitoring,allow/deny behavior; tenant isolation; least privilege; audit evidence; mapped security tests,"No static or dynamic security analysis in the pipeline. Blocked platform-wide by: threat/failure handling (partial), key/secret lifecycle (partial), monitoring (partial)."
P28-REQ-278,Threat Modeling,not_verified,not_built,threat/failure handling; key/secret lifecycle; monitoring,allow/deny behavior; tenant isolation; least privilege; audit evidence; mapped security tests,"No threat model is written down. Individual controls name the threat they answer in comments, which is not the same as a model anyone can review. Blocked platform-wide by: threat/failure handling (partial), key/secret lifecycle (partial), monitoring (partial)."
P28-REQ-279,Attack Surface Management,not_verified,not_built,threat/failure handling; key/secret lifecycle; monitoring,allow/deny behavior; tenant isolation; least privilege; audit evidence; mapped security tests,"No inventory of exposed surface and no monitoring of it. Blocked platform-wide by: threat/failure handling (partial), key/secret lifecycle (partial), monitoring (partial)."
P28-REQ-280,Security Logging,not_verified,built,threat/failure handling; key/secret lifecycle; monitoring,allow/deny behavior; tenant isolation; least privilege; audit evidence; mapped security tests,"Blocked platform-wide by: threat/failure handling (partial), key/secret lifecycle (partial), monitoring (partial)."
P28-REQ-281,Audit Integrity,not_verified,built,threat/failure handling; key/secret lifecycle; monitoring,allow/deny behavior; tenant isolation; least privilege; audit evidence; mapped security tests,"Blocked platform-wide by: threat/failure handling (partial), key/secret lifecycle (partial), monitoring (partial)."
P28-REQ-282,Threat Detection,not_verified,not_built,threat/failure handling; key/secret lifecycle; monitoring,allow/deny behavior; tenant isolation; least privilege; audit evidence; mapped security tests,"No detection of any kind. Blocked platform-wide by: threat/failure handling (partial), key/secret lifecycle (partial), monitoring (partial)."
P28-REQ-283,Anomaly Detection,not_verified,not_built,threat/failure handling; key/secret lifecycle; monitoring,allow/deny behavior; tenant isolation; least privilege; audit evidence; mapped security tests,"Nothing establishes a baseline or notices departure from it. Blocked platform-wide by: threat/failure handling (partial), key/secret lifecycle (partial), monitoring (partial)."
P28-REQ-284,Security Alerting,not_verified,not_built,threat/failure handling; key/secret lifecycle; monitoring,allow/deny behavior; tenant isolation; least privilege; audit evidence; mapped security tests,"Nothing alerts. Structured logs and metrics now exist, but nothing consumes them. Blocked platform-wide by: threat/failure handling (partial), key/secret lifecycle (partial), monitoring (partial)."
P28-REQ-285,Incident Response,not_verified,not_built,threat/failure handling; key/secret lifecycle; monitoring,allow/deny behavior; tenant isolation; least privilege; audit evidence; mapped security tests,"No runbook, no severity model, no containment procedure. Blocked platform-wide by: threat/failure handling (partial), key/secret lifecycle (partial), monitoring (partial)."
P28-REQ-286,Forensic Evidence,not_verified,not_built,threat/failure handling; key/secret lifecycle; monitoring,allow/deny behavior; tenant isolation; least privilege; audit evidence; mapped security tests,"The audit ledger and API request log would serve as evidence, but nothing preserves, exports or chains custody of it. Blocked platform-wide by: threat/failure handling (partial), key/secret lifecycle (partial), monitoring (partial)."
P28-REQ-287,Access Reviews,not_verified,not_built,threat/failure handling; key/secret lifecycle; monitoring,allow/deny behavior; tenant isolation; least privilege; audit evidence; mapped security tests,"No periodic review of who holds what. Blocked platform-wide by: threat/failure handling (partial), key/secret lifecycle (partial), monitoring (partial)."
P28-REQ-288,Segregation of Duties,not_verified,built,threat/failure handling; key/secret lifecycle; monitoring,allow/deny behavior; tenant isolation; least privilege; audit evidence; mapped security tests,"Blocked platform-wide by: threat/failure handling (partial), key/secret lifecycle (partial), monitoring (partial)."
P28-REQ-289,Compliance Evidence,not_verified,not_built,threat/failure handling; key/secret lifecycle; monitoring,allow/deny behavior; tenant isolation; least privilege; audit evidence; mapped security tests,"No control mapping to any framework and no evidence collection. Blocked platform-wide by: threat/failure handling (partial), key/secret lifecycle (partial), monitoring (partial)."
P28-REQ-290,Policy Attestation,not_verified,not_built,threat/failure handling; key/secret lifecycle; monitoring,allow/deny behavior; tenant isolation; least privilege; audit evidence; mapped security tests,"No policies to attest to and no attestation record. Blocked platform-wide by: threat/failure handling (partial), key/secret lifecycle (partial), monitoring (partial)."
P28-REQ-291,Backup Security,not_verified,not_built,threat/failure handling; key/secret lifecycle; monitoring,allow/deny behavior; tenant isolation; least privilege; audit evidence; mapped security tests,"No backup configuration owned by this platform. P31. Blocked platform-wide by: threat/failure handling (partial), key/secret lifecycle (partial), monitoring (partial)."
P28-REQ-292,Disaster Recovery Security,not_verified,not_built,threat/failure handling; key/secret lifecycle; monitoring,allow/deny behavior; tenant isolation; least privilege; audit evidence; mapped security tests,"No disaster recovery. P31. Blocked platform-wide by: threat/failure handling (partial), key/secret lifecycle (partial), monitoring (partial)."
P28-REQ-293,Security Exceptions,not_verified,not_built,threat/failure handling; key/secret lifecycle; monitoring,allow/deny behavior; tenant isolation; least privilege; audit evidence; mapped security tests,"No exception register, so a knowingly accepted risk has nowhere to live. Blocked platform-wide by: threat/failure handling (partial), key/secret lifecycle (partial), monitoring (partial)."
P28-REQ-294,Security Metrics,not_verified,partial,threat/failure handling; key/secret lifecycle; monitoring,allow/deny behavior; tenant isolation; least privilege; audit evidence; mapped security tests,"The metrics engine exists and the API emits request and latency metrics. No security metric is defined — nothing counts failed authorizations, privilege changes or anomalous access. Blocked platform-wide by: threat/failure handling (partial), key/secret lifecycle (partial), monitoring (partial)."
P28-REQ-295,Security Administration,not_verified,not_built,threat/failure handling; key/secret lifecycle; monitoring,allow/deny behavior; tenant isolation; least privilege; audit evidence; mapped security tests,"No security administration surface — no console for policy, keys, sessions or reviews. Blocked platform-wide by: threat/failure handling (partial), key/secret lifecycle (partial), monitoring (partial)."
P28-REQ-296,Security Architecture,not_verified,built,threat/failure handling; key/secret lifecycle; monitoring,allow/deny behavior; tenant isolation; least privilege; audit evidence; mapped security tests,"Blocked platform-wide by: threat/failure handling (partial), key/secret lifecycle (partial), monitoring (partial)."
P28-REQ-297,Identity Governance,not_verified,partial,threat/failure handling; key/secret lifecycle; monitoring,allow/deny behavior; tenant isolation; least privilege; audit evidence; mapped security tests,"Memberships, invitations and roles exist with an owner flag and approval tiers. There is no joiner/mover/leaver lifecycle: nothing drives access from an employment change, and nothing reviews it afterwards. Blocked platform-wide by: threat/failure handling (partial), key/secret lifecycle (partial), monitoring (partial)."
P28-REQ-298,Authentication,not_verified,built,threat/failure handling; key/secret lifecycle; monitoring,allow/deny behavior; tenant isolation; least privilege; audit evidence; mapped security tests,"Blocked platform-wide by: threat/failure handling (partial), key/secret lifecycle (partial), monitoring (partial)."
P28-REQ-299,MFA,not_verified,not_built,threat/failure handling; key/secret lifecycle; monitoring,allow/deny behavior; tenant isolation; least privilege; audit evidence; mapped security tests,"Not implemented. The company settings screen previously displayed a 'Require multi-factor authentication' toggle that nothing enforced; it has been removed and MFA is now named as unavailable. The capability itself remains absent. Blocked platform-wide by: threat/failure handling (partial), key/secret lifecycle (partial), monitoring (partial)."
P28-REQ-300,SSO Federation,not_verified,not_built,threat/failure handling; key/secret lifecycle; monitoring,allow/deny behavior; tenant isolation; least privilege; audit evidence; mapped security tests,"No SAML or OIDC federation. Every user authenticates directly. Blocked platform-wide by: threat/failure handling (partial), key/secret lifecycle (partial), monitoring (partial)."
P28-REQ-301,SCIM Provisioning,not_verified,not_built,threat/failure handling; key/secret lifecycle; monitoring,allow/deny behavior; tenant isolation; least privilege; audit evidence; mapped security tests,"No SCIM endpoint. Membership is managed in the application only. Blocked platform-wide by: threat/failure handling (partial), key/secret lifecycle (partial), monitoring (partial)."
P28-REQ-302,Role-Based Access,not_verified,built,threat/failure handling; key/secret lifecycle; monitoring,allow/deny behavior; tenant isolation; least privilege; audit evidence; mapped security tests,"Blocked platform-wide by: threat/failure handling (partial), key/secret lifecycle (partial), monitoring (partial)."
P28-REQ-303,Attribute-Based Access,not_verified,not_built,threat/failure handling; key/secret lifecycle; monitoring,allow/deny behavior; tenant isolation; least privilege; audit evidence; mapped security tests,"Access is role and membership based. There is no attribute policy — nothing decides on project, region, classification or time of day. Blocked platform-wide by: threat/failure handling (partial), key/secret lifecycle (partial), monitoring (partial)."
P28-REQ-304,Policy Decision,not_verified,built,threat/failure handling; key/secret lifecycle; monitoring,allow/deny behavior; tenant isolation; least privilege; audit evidence; mapped security tests,"Blocked platform-wide by: threat/failure handling (partial), key/secret lifecycle (partial), monitoring (partial)."
P28-REQ-305,Policy Enforcement,not_verified,built,threat/failure handling; key/secret lifecycle; monitoring,allow/deny behavior; tenant isolation; least privilege; audit evidence; mapped security tests,"Blocked platform-wide by: threat/failure handling (partial), key/secret lifecycle (partial), monitoring (partial)."
P28-REQ-306,Privileged Access,not_verified,partial,threat/failure handling; key/secret lifecycle; monitoring,allow/deny behavior; tenant isolation; least privilege; audit evidence; mapped security tests,"Approval tiers and an owner flag gate consequential actions, and self-approval is refused. There is no just-in-time elevation, no time-bounded grant, and no separate review of what privileged accounts did. Blocked platform-wide by: threat/failure handling (partial), key/secret lifecycle (partial), monitoring (partial)."
P28-REQ-307,Service Identities,not_verified,built,threat/failure handling; key/secret lifecycle; monitoring,allow/deny behavior; tenant isolation; least privilege; audit evidence; mapped security tests,"Blocked platform-wide by: threat/failure handling (partial), key/secret lifecycle (partial), monitoring (partial)."
P28-REQ-308,Machine Identities,not_verified,built,threat/failure handling; key/secret lifecycle; monitoring,allow/deny behavior; tenant isolation; least privilege; audit evidence; mapped security tests,"Blocked platform-wide by: threat/failure handling (partial), key/secret lifecycle (partial), monitoring (partial)."
P28-REQ-309,Session Security,not_verified,partial,threat/failure handling; key/secret lifecycle; monitoring,allow/deny behavior; tenant isolation; least privilege; audit evidence; mapped security tests,"Supabase issues and validates sessions. This platform sets no session policy of its own — no inactivity bound it enforces, no step-up for a privileged action, no way to revoke one session rather than all. Blocked platform-wide by: threat/failure handling (partial), key/secret lifecycle (partial), monitoring (partial)."
P28-REQ-310,Zero Trust,not_verified,partial,threat/failure handling; key/secret lifecycle; monitoring,allow/deny behavior; tenant isolation; least privilege; audit evidence; mapped security tests,"Several of the properties hold in practice — every request is authorized on its own, nothing is trusted by network position, and the anon role holds no table privilege. It is not stated or verified as a model, so it is a set of habits rather than an architecture anyone can audit. Blocked platform-wide by: threat/failure handling (partial), key/secret lifecycle (partial), monitoring (partial)."
P28-REQ-311,Tenant Isolation,not_verified,built,threat/failure handling; key/secret lifecycle; monitoring,allow/deny behavior; tenant isolation; least privilege; audit evidence; mapped security tests,"Blocked platform-wide by: threat/failure handling (partial), key/secret lifecycle (partial), monitoring (partial)."
P28-REQ-312,Project/Record Access,not_verified,built,threat/failure handling; key/secret lifecycle; monitoring,allow/deny behavior; tenant isolation; least privilege; audit evidence; mapped security tests,"Blocked platform-wide by: threat/failure handling (partial), key/secret lifecycle (partial), monitoring (partial)."
P28-REQ-313,Data Classification,not_verified,not_built,threat/failure handling; key/secret lifecycle; monitoring,allow/deny behavior; tenant isolation; least privilege; audit evidence; mapped security tests,"No classification exists. Every column is treated alike, so nothing can be handled according to its sensitivity. Blocked platform-wide by: threat/failure handling (partial), key/secret lifecycle (partial), monitoring (partial)."
P28-REQ-314,Privacy Controls,not_verified,partial,threat/failure handling; key/secret lifecycle; monitoring,allow/deny behavior; tenant isolation; least privilege; audit evidence; mapped security tests,"Raw card data is never stored — Stripe holds it and only a brand and last four reach this platform. Beyond payment there is no privacy control: no consent record, no subject access path, no export or erasure. Blocked platform-wide by: threat/failure handling (partial), key/secret lifecycle (partial), monitoring (partial)."
P28-REQ-315,Data Minimization,not_verified,partial,threat/failure handling; key/secret lifecycle; monitoring,allow/deny behavior; tenant isolation; least privilege; audit evidence; mapped security tests,"Some by construction: the API returns named columns rather than rows wholesale, and logs are redacted. Nothing states what may be collected or for how long. Blocked platform-wide by: threat/failure handling (partial), key/secret lifecycle (partial), monitoring (partial)."
P28-REQ-316,Retention & Deletion,not_verified,not_built,threat/failure handling; key/secret lifecycle; monitoring,allow/deny behavior; tenant isolation; least privilege; audit evidence; mapped security tests,"No retention policy, no scheduled deletion, no legal hold. The settings screen displays 'Retention: Indefinite', which is a description rather than a control. Blocked platform-wide by: threat/failure handling (partial), key/secret lifecycle (partial), monitoring (partial)."
P28-REQ-317,Encryption at Rest,not_verified,partial,threat/failure handling; key/secret lifecycle; monitoring,allow/deny behavior; tenant isolation; least privilege; audit evidence; mapped security tests,"Supabase encrypts storage and the database at rest. The platform neither configures nor evidences it, so the control is inherited rather than owned, and nothing here would notice if it changed. Blocked platform-wide by: threat/failure handling (partial), key/secret lifecycle (partial), monitoring (partial)."
P28-REQ-318,Encryption in Transit,not_verified,partial,threat/failure handling; key/secret lifecycle; monitoring,allow/deny behavior; tenant isolation; least privilege; audit evidence; mapped security tests,"Traffic is HTTPS by deployment. Same as at rest: inherited, not owned or evidenced. Blocked platform-wide by: threat/failure handling (partial), key/secret lifecycle (partial), monitoring (partial)."
P28-REQ-319,Key Management,not_verified,not_built,threat/failure handling; key/secret lifecycle; monitoring,allow/deny behavior; tenant isolation; least privilege; audit evidence; mapped security tests,"No key management. Nothing rotates, escrows or records the lifecycle of a key. Blocked platform-wide by: threat/failure handling (partial), key/secret lifecycle (partial), monitoring (partial)."
P28-REQ-320,Secrets Management,not_verified,partial,threat/failure handling; key/secret lifecycle; monitoring,allow/deny behavior; tenant isolation; least privilege; audit evidence; mapped security tests,"Secrets live in server-side environment variables and never reach the browser, connector credentials are held as handles into a secret store rather than values, and API keys are stored only as a SHA-256 hash. What is missing is lifecycle: no rotation, no expiry policy, no vault integration, no record of when a secret was last changed. Blocked platform-wide by: threat/failure handling (partial), key/secret lifecycle (partial), monitoring (partial)."
P28-REQ-321,Certificate Management,not_verified,not_built,threat/failure handling; key/secret lifecycle; monitoring,allow/deny behavior; tenant isolation; least privilege; audit evidence; mapped security tests,"No certificate inventory, expiry monitoring or renewal. Blocked platform-wide by: threat/failure handling (partial), key/secret lifecycle (partial), monitoring (partial)."
P28-REQ-322,Token Security,not_verified,built,threat/failure handling; key/secret lifecycle; monitoring,allow/deny behavior; tenant isolation; least privilege; audit evidence; mapped security tests,"Blocked platform-wide by: threat/failure handling (partial), key/secret lifecycle (partial), monitoring (partial)."
P28-REQ-323,API Security,not_verified,built,threat/failure handling; key/secret lifecycle; monitoring,allow/deny behavior; tenant isolation; least privilege; audit evidence; mapped security tests,"Blocked platform-wide by: threat/failure handling (partial), key/secret lifecycle (partial), monitoring (partial)."
P28-REQ-324,Event Security,not_verified,not_built,threat/failure handling; key/secret lifecycle; monitoring,allow/deny behavior; tenant isolation; least privilege; audit evidence; mapped security tests,"There is no event bus, so there is nothing to secure. Dependent on the Domain Events gap named in P24. Blocked platform-wide by: threat/failure handling (partial), key/secret lifecycle (partial), monitoring (partial)."
P28-REQ-325,File/Object Security,not_verified,built,threat/failure handling; key/secret lifecycle; monitoring,allow/deny behavior; tenant isolation; least privilege; audit evidence; mapped security tests,"Blocked platform-wide by: threat/failure handling (partial), key/secret lifecycle (partial), monitoring (partial)."
P28-REQ-326,Search Security,not_verified,built,threat/failure handling; key/secret lifecycle; monitoring,allow/deny behavior; tenant isolation; least privilege; audit evidence; mapped security tests,"Blocked platform-wide by: threat/failure handling (partial), key/secret lifecycle (partial), monitoring (partial)."
P28-REQ-327,AI Security,not_verified,built,threat/failure handling; key/secret lifecycle; monitoring,allow/deny behavior; tenant isolation; least privilege; audit evidence; mapped security tests,"Blocked platform-wide by: threat/failure handling (partial), key/secret lifecycle (partial), monitoring (partial)."
P28-REQ-328,Prompt/Tool Security,not_verified,built,threat/failure handling; key/secret lifecycle; monitoring,allow/deny behavior; tenant isolation; least privilege; audit evidence; mapped security tests,"Blocked platform-wide by: threat/failure handling (partial), key/secret lifecycle (partial), monitoring (partial)."
P28-REQ-329,Network Security,not_verified,not_built,threat/failure handling; key/secret lifecycle; monitoring,allow/deny behavior; tenant isolation; least privilege; audit evidence; mapped security tests,"No network policy, segmentation or egress control. Belongs to P31 infrastructure, which is separately unverified. Blocked platform-wide by: threat/failure handling (partial), key/secret lifecycle (partial), monitoring (partial)."
P28-REQ-330,Runtime Security,not_verified,not_built,threat/failure handling; key/secret lifecycle; monitoring,allow/deny behavior; tenant isolation; least privilege; audit evidence; mapped security tests,"No runtime protection or workload hardening. P31. Blocked platform-wide by: threat/failure handling (partial), key/secret lifecycle (partial), monitoring (partial)."
P28-REQ-331,Database Security,not_verified,built,threat/failure handling; key/secret lifecycle; monitoring,allow/deny behavior; tenant isolation; least privilege; audit evidence; mapped security tests,"Blocked platform-wide by: threat/failure handling (partial), key/secret lifecycle (partial), monitoring (partial)."
P28-REQ-332,Vulnerability Management,not_verified,not_built,threat/failure handling; key/secret lifecycle; monitoring,allow/deny behavior; tenant isolation; least privilege; audit evidence; mapped security tests,"No scanning, triage or remediation tracking. Blocked platform-wide by: threat/failure handling (partial), key/secret lifecycle (partial), monitoring (partial)."
P28-REQ-333,Dependency Security,not_verified,not_built,threat/failure handling; key/secret lifecycle; monitoring,allow/deny behavior; tenant isolation; least privilege; audit evidence; mapped security tests,"No dependency scanning or advisory monitoring. The engine and PDF packages have zero runtime dependencies, which shrinks the surface but is not a program. Blocked platform-wide by: threat/failure handling (partial), key/secret lifecycle (partial), monitoring (partial)."
P28-REQ-334,Container Security,not_verified,not_built,threat/failure handling; key/secret lifecycle; monitoring,allow/deny behavior; tenant isolation; least privilege; audit evidence; mapped security tests,"No container build or hardening. P31. Blocked platform-wide by: threat/failure handling (partial), key/secret lifecycle (partial), monitoring (partial)."
P28-REQ-335,Infrastructure Security,not_verified,not_built,threat/failure handling; key/secret lifecycle; monitoring,allow/deny behavior; tenant isolation; least privilege; audit evidence; mapped security tests,"No infrastructure as code and no infrastructure controls. P31. Blocked platform-wide by: threat/failure handling (partial), key/secret lifecycle (partial), monitoring (partial)."
P28-REQ-336,SAST/DAST,not_verified,not_built,threat/failure handling; key/secret lifecycle; monitoring,allow/deny behavior; tenant isolation; least privilege; audit evidence; mapped security tests,"No static or dynamic security analysis in the pipeline. Blocked platform-wide by: threat/failure handling (partial), key/secret lifecycle (partial), monitoring (partial)."
P28-REQ-337,Threat Modeling,not_verified,not_built,threat/failure handling; key/secret lifecycle; monitoring,allow/deny behavior; tenant isolation; least privilege; audit evidence; mapped security tests,"No threat model is written down. Individual controls name the threat they answer in comments, which is not the same as a model anyone can review. Blocked platform-wide by: threat/failure handling (partial), key/secret lifecycle (partial), monitoring (partial)."
P28-REQ-338,Attack Surface Management,not_verified,not_built,threat/failure handling; key/secret lifecycle; monitoring,allow/deny behavior; tenant isolation; least privilege; audit evidence; mapped security tests,"No inventory of exposed surface and no monitoring of it. Blocked platform-wide by: threat/failure handling (partial), key/secret lifecycle (partial), monitoring (partial)."
P28-REQ-339,Security Logging,not_verified,built,threat/failure handling; key/secret lifecycle; monitoring,allow/deny behavior; tenant isolation; least privilege; audit evidence; mapped security tests,"Blocked platform-wide by: threat/failure handling (partial), key/secret lifecycle (partial), monitoring (partial)."
P28-REQ-340,Audit Integrity,not_verified,built,threat/failure handling; key/secret lifecycle; monitoring,allow/deny behavior; tenant isolation; least privilege; audit evidence; mapped security tests,"Blocked platform-wide by: threat/failure handling (partial), key/secret lifecycle (partial), monitoring (partial)."
P28-REQ-341,Threat Detection,not_verified,not_built,threat/failure handling; key/secret lifecycle; monitoring,allow/deny behavior; tenant isolation; least privilege; audit evidence; mapped security tests,"No detection of any kind. Blocked platform-wide by: threat/failure handling (partial), key/secret lifecycle (partial), monitoring (partial)."
P28-REQ-342,Anomaly Detection,not_verified,not_built,threat/failure handling; key/secret lifecycle; monitoring,allow/deny behavior; tenant isolation; least privilege; audit evidence; mapped security tests,"Nothing establishes a baseline or notices departure from it. Blocked platform-wide by: threat/failure handling (partial), key/secret lifecycle (partial), monitoring (partial)."
P28-REQ-343,Security Alerting,not_verified,not_built,threat/failure handling; key/secret lifecycle; monitoring,allow/deny behavior; tenant isolation; least privilege; audit evidence; mapped security tests,"Nothing alerts. Structured logs and metrics now exist, but nothing consumes them. Blocked platform-wide by: threat/failure handling (partial), key/secret lifecycle (partial), monitoring (partial)."
P28-REQ-344,Incident Response,not_verified,not_built,threat/failure handling; key/secret lifecycle; monitoring,allow/deny behavior; tenant isolation; least privilege; audit evidence; mapped security tests,"No runbook, no severity model, no containment procedure. Blocked platform-wide by: threat/failure handling (partial), key/secret lifecycle (partial), monitoring (partial)."
P28-REQ-345,Forensic Evidence,not_verified,not_built,threat/failure handling; key/secret lifecycle; monitoring,allow/deny behavior; tenant isolation; least privilege; audit evidence; mapped security tests,"The audit ledger and API request log would serve as evidence, but nothing preserves, exports or chains custody of it. Blocked platform-wide by: threat/failure handling (partial), key/secret lifecycle (partial), monitoring (partial)."
P28-REQ-346,Access Reviews,not_verified,not_built,threat/failure handling; key/secret lifecycle; monitoring,allow/deny behavior; tenant isolation; least privilege; audit evidence; mapped security tests,"No periodic review of who holds what. Blocked platform-wide by: threat/failure handling (partial), key/secret lifecycle (partial), monitoring (partial)."
P28-REQ-347,Segregation of Duties,not_verified,built,threat/failure handling; key/secret lifecycle; monitoring,allow/deny behavior; tenant isolation; least privilege; audit evidence; mapped security tests,"Blocked platform-wide by: threat/failure handling (partial), key/secret lifecycle (partial), monitoring (partial)."
P28-REQ-348,Compliance Evidence,not_verified,not_built,threat/failure handling; key/secret lifecycle; monitoring,allow/deny behavior; tenant isolation; least privilege; audit evidence; mapped security tests,"No control mapping to any framework and no evidence collection. Blocked platform-wide by: threat/failure handling (partial), key/secret lifecycle (partial), monitoring (partial)."
P28-REQ-349,Policy Attestation,not_verified,not_built,threat/failure handling; key/secret lifecycle; monitoring,allow/deny behavior; tenant isolation; least privilege; audit evidence; mapped security tests,"No policies to attest to and no attestation record. Blocked platform-wide by: threat/failure handling (partial), key/secret lifecycle (partial), monitoring (partial)."
P28-REQ-350,Backup Security,not_verified,not_built,threat/failure handling; key/secret lifecycle; monitoring,allow/deny behavior; tenant isolation; least privilege; audit evidence; mapped security tests,"No backup configuration owned by this platform. P31. Blocked platform-wide by: threat/failure handling (partial), key/secret lifecycle (partial), monitoring (partial)."
P28-REQ-351,Disaster Recovery Security,not_verified,not_built,threat/failure handling; key/secret lifecycle; monitoring,allow/deny behavior; tenant isolation; least privilege; audit evidence; mapped security tests,"No disaster recovery. P31. Blocked platform-wide by: threat/failure handling (partial), key/secret lifecycle (partial), monitoring (partial)."
P28-REQ-352,Security Exceptions,not_verified,not_built,threat/failure handling; key/secret lifecycle; monitoring,allow/deny behavior; tenant isolation; least privilege; audit evidence; mapped security tests,"No exception register, so a knowingly accepted risk has nowhere to live. Blocked platform-wide by: threat/failure handling (partial), key/secret lifecycle (partial), monitoring (partial)."
P28-REQ-353,Security Metrics,not_verified,partial,threat/failure handling; key/secret lifecycle; monitoring,allow/deny behavior; tenant isolation; least privilege; audit evidence; mapped security tests,"The metrics engine exists and the API emits request and latency metrics. No security metric is defined — nothing counts failed authorizations, privilege changes or anomalous access. Blocked platform-wide by: threat/failure handling (partial), key/secret lifecycle (partial), monitoring (partial)."
P28-REQ-354,Security Administration,not_verified,not_built,threat/failure handling; key/secret lifecycle; monitoring,allow/deny behavior; tenant isolation; least privilege; audit evidence; mapped security tests,"No security administration surface — no console for policy, keys, sessions or reviews. Blocked platform-wide by: threat/failure handling (partial), key/secret lifecycle (partial), monitoring (partial)."
P28-REQ-355,Security Architecture,not_verified,built,threat/failure handling; key/secret lifecycle; monitoring,allow/deny behavior; tenant isolation; least privilege; audit evidence; mapped security tests,"Blocked platform-wide by: threat/failure handling (partial), key/secret lifecycle (partial), monitoring (partial)."
P28-REQ-356,Identity Governance,not_verified,partial,threat/failure handling; key/secret lifecycle; monitoring,allow/deny behavior; tenant isolation; least privilege; audit evidence; mapped security tests,"Memberships, invitations and roles exist with an owner flag and approval tiers. There is no joiner/mover/leaver lifecycle: nothing drives access from an employment change, and nothing reviews it afterwards. Blocked platform-wide by: threat/failure handling (partial), key/secret lifecycle (partial), monitoring (partial)."
P28-REQ-357,Authentication,not_verified,built,threat/failure handling; key/secret lifecycle; monitoring,allow/deny behavior; tenant isolation; least privilege; audit evidence; mapped security tests,"Blocked platform-wide by: threat/failure handling (partial), key/secret lifecycle (partial), monitoring (partial)."
P28-REQ-358,MFA,not_verified,not_built,threat/failure handling; key/secret lifecycle; monitoring,allow/deny behavior; tenant isolation; least privilege; audit evidence; mapped security tests,"Not implemented. The company settings screen previously displayed a 'Require multi-factor authentication' toggle that nothing enforced; it has been removed and MFA is now named as unavailable. The capability itself remains absent. Blocked platform-wide by: threat/failure handling (partial), key/secret lifecycle (partial), monitoring (partial)."
P28-REQ-359,SSO Federation,not_verified,not_built,threat/failure handling; key/secret lifecycle; monitoring,allow/deny behavior; tenant isolation; least privilege; audit evidence; mapped security tests,"No SAML or OIDC federation. Every user authenticates directly. Blocked platform-wide by: threat/failure handling (partial), key/secret lifecycle (partial), monitoring (partial)."
P28-REQ-360,SCIM Provisioning,not_verified,not_built,threat/failure handling; key/secret lifecycle; monitoring,allow/deny behavior; tenant isolation; least privilege; audit evidence; mapped security tests,"No SCIM endpoint. Membership is managed in the application only. Blocked platform-wide by: threat/failure handling (partial), key/secret lifecycle (partial), monitoring (partial)."
P28-REQ-361,Role-Based Access,not_verified,built,threat/failure handling; key/secret lifecycle; monitoring,allow/deny behavior; tenant isolation; least privilege; audit evidence; mapped security tests,"Blocked platform-wide by: threat/failure handling (partial), key/secret lifecycle (partial), monitoring (partial)."
P28-REQ-362,Attribute-Based Access,not_verified,not_built,threat/failure handling; key/secret lifecycle; monitoring,allow/deny behavior; tenant isolation; least privilege; audit evidence; mapped security tests,"Access is role and membership based. There is no attribute policy — nothing decides on project, region, classification or time of day. Blocked platform-wide by: threat/failure handling (partial), key/secret lifecycle (partial), monitoring (partial)."
P28-REQ-363,Policy Decision,not_verified,built,threat/failure handling; key/secret lifecycle; monitoring,allow/deny behavior; tenant isolation; least privilege; audit evidence; mapped security tests,"Blocked platform-wide by: threat/failure handling (partial), key/secret lifecycle (partial), monitoring (partial)."
P28-REQ-364,Policy Enforcement,not_verified,built,threat/failure handling; key/secret lifecycle; monitoring,allow/deny behavior; tenant isolation; least privilege; audit evidence; mapped security tests,"Blocked platform-wide by: threat/failure handling (partial), key/secret lifecycle (partial), monitoring (partial)."
P28-REQ-365,Privileged Access,not_verified,partial,threat/failure handling; key/secret lifecycle; monitoring,allow/deny behavior; tenant isolation; least privilege; audit evidence; mapped security tests,"Approval tiers and an owner flag gate consequential actions, and self-approval is refused. There is no just-in-time elevation, no time-bounded grant, and no separate review of what privileged accounts did. Blocked platform-wide by: threat/failure handling (partial), key/secret lifecycle (partial), monitoring (partial)."
P28-REQ-366,Service Identities,not_verified,built,threat/failure handling; key/secret lifecycle; monitoring,allow/deny behavior; tenant isolation; least privilege; audit evidence; mapped security tests,"Blocked platform-wide by: threat/failure handling (partial), key/secret lifecycle (partial), monitoring (partial)."
P28-REQ-367,Machine Identities,not_verified,built,threat/failure handling; key/secret lifecycle; monitoring,allow/deny behavior; tenant isolation; least privilege; audit evidence; mapped security tests,"Blocked platform-wide by: threat/failure handling (partial), key/secret lifecycle (partial), monitoring (partial)."
P28-REQ-368,Session Security,not_verified,partial,threat/failure handling; key/secret lifecycle; monitoring,allow/deny behavior; tenant isolation; least privilege; audit evidence; mapped security tests,"Supabase issues and validates sessions. This platform sets no session policy of its own — no inactivity bound it enforces, no step-up for a privileged action, no way to revoke one session rather than all. Blocked platform-wide by: threat/failure handling (partial), key/secret lifecycle (partial), monitoring (partial)."
P28-REQ-369,Zero Trust,not_verified,partial,threat/failure handling; key/secret lifecycle; monitoring,allow/deny behavior; tenant isolation; least privilege; audit evidence; mapped security tests,"Several of the properties hold in practice — every request is authorized on its own, nothing is trusted by network position, and the anon role holds no table privilege. It is not stated or verified as a model, so it is a set of habits rather than an architecture anyone can audit. Blocked platform-wide by: threat/failure handling (partial), key/secret lifecycle (partial), monitoring (partial)."
P28-REQ-370,Tenant Isolation,not_verified,built,threat/failure handling; key/secret lifecycle; monitoring,allow/deny behavior; tenant isolation; least privilege; audit evidence; mapped security tests,"Blocked platform-wide by: threat/failure handling (partial), key/secret lifecycle (partial), monitoring (partial)."
P28-REQ-371,Project/Record Access,not_verified,built,threat/failure handling; key/secret lifecycle; monitoring,allow/deny behavior; tenant isolation; least privilege; audit evidence; mapped security tests,"Blocked platform-wide by: threat/failure handling (partial), key/secret lifecycle (partial), monitoring (partial)."
P28-REQ-372,Data Classification,not_verified,not_built,threat/failure handling; key/secret lifecycle; monitoring,allow/deny behavior; tenant isolation; least privilege; audit evidence; mapped security tests,"No classification exists. Every column is treated alike, so nothing can be handled according to its sensitivity. Blocked platform-wide by: threat/failure handling (partial), key/secret lifecycle (partial), monitoring (partial)."
P28-REQ-373,Privacy Controls,not_verified,partial,threat/failure handling; key/secret lifecycle; monitoring,allow/deny behavior; tenant isolation; least privilege; audit evidence; mapped security tests,"Raw card data is never stored — Stripe holds it and only a brand and last four reach this platform. Beyond payment there is no privacy control: no consent record, no subject access path, no export or erasure. Blocked platform-wide by: threat/failure handling (partial), key/secret lifecycle (partial), monitoring (partial)."
P28-REQ-374,Data Minimization,not_verified,partial,threat/failure handling; key/secret lifecycle; monitoring,allow/deny behavior; tenant isolation; least privilege; audit evidence; mapped security tests,"Some by construction: the API returns named columns rather than rows wholesale, and logs are redacted. Nothing states what may be collected or for how long. Blocked platform-wide by: threat/failure handling (partial), key/secret lifecycle (partial), monitoring (partial)."
P28-REQ-375,Retention & Deletion,not_verified,not_built,threat/failure handling; key/secret lifecycle; monitoring,allow/deny behavior; tenant isolation; least privilege; audit evidence; mapped security tests,"No retention policy, no scheduled deletion, no legal hold. The settings screen displays 'Retention: Indefinite', which is a description rather than a control. Blocked platform-wide by: threat/failure handling (partial), key/secret lifecycle (partial), monitoring (partial)."
P28-REQ-376,Encryption at Rest,not_verified,partial,threat/failure handling; key/secret lifecycle; monitoring,allow/deny behavior; tenant isolation; least privilege; audit evidence; mapped security tests,"Supabase encrypts storage and the database at rest. The platform neither configures nor evidences it, so the control is inherited rather than owned, and nothing here would notice if it changed. Blocked platform-wide by: threat/failure handling (partial), key/secret lifecycle (partial), monitoring (partial)."
P28-REQ-377,Encryption in Transit,not_verified,partial,threat/failure handling; key/secret lifecycle; monitoring,allow/deny behavior; tenant isolation; least privilege; audit evidence; mapped security tests,"Traffic is HTTPS by deployment. Same as at rest: inherited, not owned or evidenced. Blocked platform-wide by: threat/failure handling (partial), key/secret lifecycle (partial), monitoring (partial)."
P28-REQ-378,Key Management,not_verified,not_built,threat/failure handling; key/secret lifecycle; monitoring,allow/deny behavior; tenant isolation; least privilege; audit evidence; mapped security tests,"No key management. Nothing rotates, escrows or records the lifecycle of a key. Blocked platform-wide by: threat/failure handling (partial), key/secret lifecycle (partial), monitoring (partial)."
P28-REQ-379,Secrets Management,not_verified,partial,threat/failure handling; key/secret lifecycle; monitoring,allow/deny behavior; tenant isolation; least privilege; audit evidence; mapped security tests,"Secrets live in server-side environment variables and never reach the browser, connector credentials are held as handles into a secret store rather than values, and API keys are stored only as a SHA-256 hash. What is missing is lifecycle: no rotation, no expiry policy, no vault integration, no record of when a secret was last changed. Blocked platform-wide by: threat/failure handling (partial), key/secret lifecycle (partial), monitoring (partial)."
P28-REQ-380,Certificate Management,not_verified,not_built,threat/failure handling; key/secret lifecycle; monitoring,allow/deny behavior; tenant isolation; least privilege; audit evidence; mapped security tests,"No certificate inventory, expiry monitoring or renewal. Blocked platform-wide by: threat/failure handling (partial), key/secret lifecycle (partial), monitoring (partial)."
P28-REQ-381,Token Security,not_verified,built,threat/failure handling; key/secret lifecycle; monitoring,allow/deny behavior; tenant isolation; least privilege; audit evidence; mapped security tests,"Blocked platform-wide by: threat/failure handling (partial), key/secret lifecycle (partial), monitoring (partial)."
P28-REQ-382,API Security,not_verified,built,threat/failure handling; key/secret lifecycle; monitoring,allow/deny behavior; tenant isolation; least privilege; audit evidence; mapped security tests,"Blocked platform-wide by: threat/failure handling (partial), key/secret lifecycle (partial), monitoring (partial)."
P28-REQ-383,Event Security,not_verified,not_built,threat/failure handling; key/secret lifecycle; monitoring,allow/deny behavior; tenant isolation; least privilege; audit evidence; mapped security tests,"There is no event bus, so there is nothing to secure. Dependent on the Domain Events gap named in P24. Blocked platform-wide by: threat/failure handling (partial), key/secret lifecycle (partial), monitoring (partial)."
P28-REQ-384,File/Object Security,not_verified,built,threat/failure handling; key/secret lifecycle; monitoring,allow/deny behavior; tenant isolation; least privilege; audit evidence; mapped security tests,"Blocked platform-wide by: threat/failure handling (partial), key/secret lifecycle (partial), monitoring (partial)."
P28-REQ-385,Search Security,not_verified,built,threat/failure handling; key/secret lifecycle; monitoring,allow/deny behavior; tenant isolation; least privilege; audit evidence; mapped security tests,"Blocked platform-wide by: threat/failure handling (partial), key/secret lifecycle (partial), monitoring (partial)."
P28-REQ-386,AI Security,not_verified,built,threat/failure handling; key/secret lifecycle; monitoring,allow/deny behavior; tenant isolation; least privilege; audit evidence; mapped security tests,"Blocked platform-wide by: threat/failure handling (partial), key/secret lifecycle (partial), monitoring (partial)."
P28-REQ-387,Prompt/Tool Security,not_verified,built,threat/failure handling; key/secret lifecycle; monitoring,allow/deny behavior; tenant isolation; least privilege; audit evidence; mapped security tests,"Blocked platform-wide by: threat/failure handling (partial), key/secret lifecycle (partial), monitoring (partial)."
P28-REQ-388,Network Security,not_verified,not_built,threat/failure handling; key/secret lifecycle; monitoring,allow/deny behavior; tenant isolation; least privilege; audit evidence; mapped security tests,"No network policy, segmentation or egress control. Belongs to P31 infrastructure, which is separately unverified. Blocked platform-wide by: threat/failure handling (partial), key/secret lifecycle (partial), monitoring (partial)."
P28-REQ-389,Runtime Security,not_verified,not_built,threat/failure handling; key/secret lifecycle; monitoring,allow/deny behavior; tenant isolation; least privilege; audit evidence; mapped security tests,"No runtime protection or workload hardening. P31. Blocked platform-wide by: threat/failure handling (partial), key/secret lifecycle (partial), monitoring (partial)."
P28-REQ-390,Database Security,not_verified,built,threat/failure handling; key/secret lifecycle; monitoring,allow/deny behavior; tenant isolation; least privilege; audit evidence; mapped security tests,"Blocked platform-wide by: threat/failure handling (partial), key/secret lifecycle (partial), monitoring (partial)."
P28-REQ-391,Vulnerability Management,not_verified,not_built,threat/failure handling; key/secret lifecycle; monitoring,allow/deny behavior; tenant isolation; least privilege; audit evidence; mapped security tests,"No scanning, triage or remediation tracking. Blocked platform-wide by: threat/failure handling (partial), key/secret lifecycle (partial), monitoring (partial)."
P28-REQ-392,Dependency Security,not_verified,not_built,threat/failure handling; key/secret lifecycle; monitoring,allow/deny behavior; tenant isolation; least privilege; audit evidence; mapped security tests,"No dependency scanning or advisory monitoring. The engine and PDF packages have zero runtime dependencies, which shrinks the surface but is not a program. Blocked platform-wide by: threat/failure handling (partial), key/secret lifecycle (partial), monitoring (partial)."
P28-REQ-393,Container Security,not_verified,not_built,threat/failure handling; key/secret lifecycle; monitoring,allow/deny behavior; tenant isolation; least privilege; audit evidence; mapped security tests,"No container build or hardening. P31. Blocked platform-wide by: threat/failure handling (partial), key/secret lifecycle (partial), monitoring (partial)."
P28-REQ-394,Infrastructure Security,not_verified,not_built,threat/failure handling; key/secret lifecycle; monitoring,allow/deny behavior; tenant isolation; least privilege; audit evidence; mapped security tests,"No infrastructure as code and no infrastructure controls. P31. Blocked platform-wide by: threat/failure handling (partial), key/secret lifecycle (partial), monitoring (partial)."
P28-REQ-395,SAST/DAST,not_verified,not_built,threat/failure handling; key/secret lifecycle; monitoring,allow/deny behavior; tenant isolation; least privilege; audit evidence; mapped security tests,"No static or dynamic security analysis in the pipeline. Blocked platform-wide by: threat/failure handling (partial), key/secret lifecycle (partial), monitoring (partial)."
P28-REQ-396,Threat Modeling,not_verified,not_built,threat/failure handling; key/secret lifecycle; monitoring,allow/deny behavior; tenant isolation; least privilege; audit evidence; mapped security tests,"No threat model is written down. Individual controls name the threat they answer in comments, which is not the same as a model anyone can review. Blocked platform-wide by: threat/failure handling (partial), key/secret lifecycle (partial), monitoring (partial)."
P28-REQ-397,Attack Surface Management,not_verified,not_built,threat/failure handling; key/secret lifecycle; monitoring,allow/deny behavior; tenant isolation; least privilege; audit evidence; mapped security tests,"No inventory of exposed surface and no monitoring of it. Blocked platform-wide by: threat/failure handling (partial), key/secret lifecycle (partial), monitoring (partial)."
P28-REQ-398,Security Logging,not_verified,built,threat/failure handling; key/secret lifecycle; monitoring,allow/deny behavior; tenant isolation; least privilege; audit evidence; mapped security tests,"Blocked platform-wide by: threat/failure handling (partial), key/secret lifecycle (partial), monitoring (partial)."
P28-REQ-399,Audit Integrity,not_verified,built,threat/failure handling; key/secret lifecycle; monitoring,allow/deny behavior; tenant isolation; least privilege; audit evidence; mapped security tests,"Blocked platform-wide by: threat/failure handling (partial), key/secret lifecycle (partial), monitoring (partial)."
P28-REQ-400,Threat Detection,not_verified,not_built,threat/failure handling; key/secret lifecycle; monitoring,allow/deny behavior; tenant isolation; least privilege; audit evidence; mapped security tests,"No detection of any kind. Blocked platform-wide by: threat/failure handling (partial), key/secret lifecycle (partial), monitoring (partial)."
P28-REQ-401,Anomaly Detection,not_verified,not_built,threat/failure handling; key/secret lifecycle; monitoring,allow/deny behavior; tenant isolation; least privilege; audit evidence; mapped security tests,"Nothing establishes a baseline or notices departure from it. Blocked platform-wide by: threat/failure handling (partial), key/secret lifecycle (partial), monitoring (partial)."
P28-REQ-402,Security Alerting,not_verified,not_built,threat/failure handling; key/secret lifecycle; monitoring,allow/deny behavior; tenant isolation; least privilege; audit evidence; mapped security tests,"Nothing alerts. Structured logs and metrics now exist, but nothing consumes them. Blocked platform-wide by: threat/failure handling (partial), key/secret lifecycle (partial), monitoring (partial)."
P28-REQ-403,Incident Response,not_verified,not_built,threat/failure handling; key/secret lifecycle; monitoring,allow/deny behavior; tenant isolation; least privilege; audit evidence; mapped security tests,"No runbook, no severity model, no containment procedure. Blocked platform-wide by: threat/failure handling (partial), key/secret lifecycle (partial), monitoring (partial)."
P28-REQ-404,Forensic Evidence,not_verified,not_built,threat/failure handling; key/secret lifecycle; monitoring,allow/deny behavior; tenant isolation; least privilege; audit evidence; mapped security tests,"The audit ledger and API request log would serve as evidence, but nothing preserves, exports or chains custody of it. Blocked platform-wide by: threat/failure handling (partial), key/secret lifecycle (partial), monitoring (partial)."
P28-REQ-405,Access Reviews,not_verified,not_built,threat/failure handling; key/secret lifecycle; monitoring,allow/deny behavior; tenant isolation; least privilege; audit evidence; mapped security tests,"No periodic review of who holds what. Blocked platform-wide by: threat/failure handling (partial), key/secret lifecycle (partial), monitoring (partial)."
P28-REQ-406,Segregation of Duties,not_verified,built,threat/failure handling; key/secret lifecycle; monitoring,allow/deny behavior; tenant isolation; least privilege; audit evidence; mapped security tests,"Blocked platform-wide by: threat/failure handling (partial), key/secret lifecycle (partial), monitoring (partial)."
P28-REQ-407,Compliance Evidence,not_verified,not_built,threat/failure handling; key/secret lifecycle; monitoring,allow/deny behavior; tenant isolation; least privilege; audit evidence; mapped security tests,"No control mapping to any framework and no evidence collection. Blocked platform-wide by: threat/failure handling (partial), key/secret lifecycle (partial), monitoring (partial)."
P28-REQ-408,Policy Attestation,not_verified,not_built,threat/failure handling; key/secret lifecycle; monitoring,allow/deny behavior; tenant isolation; least privilege; audit evidence; mapped security tests,"No policies to attest to and no attestation record. Blocked platform-wide by: threat/failure handling (partial), key/secret lifecycle (partial), monitoring (partial)."
P28-REQ-409,Backup Security,not_verified,not_built,threat/failure handling; key/secret lifecycle; monitoring,allow/deny behavior; tenant isolation; least privilege; audit evidence; mapped security tests,"No backup configuration owned by this platform. P31. Blocked platform-wide by: threat/failure handling (partial), key/secret lifecycle (partial), monitoring (partial)."
P28-REQ-410,Disaster Recovery Security,not_verified,not_built,threat/failure handling; key/secret lifecycle; monitoring,allow/deny behavior; tenant isolation; least privilege; audit evidence; mapped security tests,"No disaster recovery. P31. Blocked platform-wide by: threat/failure handling (partial), key/secret lifecycle (partial), monitoring (partial)."
P28-REQ-411,Security Exceptions,not_verified,not_built,threat/failure handling; key/secret lifecycle; monitoring,allow/deny behavior; tenant isolation; least privilege; audit evidence; mapped security tests,"No exception register, so a knowingly accepted risk has nowhere to live. Blocked platform-wide by: threat/failure handling (partial), key/secret lifecycle (partial), monitoring (partial)."
P28-REQ-412,Security Metrics,not_verified,partial,threat/failure handling; key/secret lifecycle; monitoring,allow/deny behavior; tenant isolation; least privilege; audit evidence; mapped security tests,"The metrics engine exists and the API emits request and latency metrics. No security metric is defined — nothing counts failed authorizations, privilege changes or anomalous access. Blocked platform-wide by: threat/failure handling (partial), key/secret lifecycle (partial), monitoring (partial)."
P28-REQ-413,Security Administration,not_verified,not_built,threat/failure handling; key/secret lifecycle; monitoring,allow/deny behavior; tenant isolation; least privilege; audit evidence; mapped security tests,"No security administration surface — no console for policy, keys, sessions or reviews. Blocked platform-wide by: threat/failure handling (partial), key/secret lifecycle (partial), monitoring (partial)."
P28-REQ-414,Security Architecture,not_verified,built,threat/failure handling; key/secret lifecycle; monitoring,allow/deny behavior; tenant isolation; least privilege; audit evidence; mapped security tests,"Blocked platform-wide by: threat/failure handling (partial), key/secret lifecycle (partial), monitoring (partial)."
P28-REQ-415,Identity Governance,not_verified,partial,threat/failure handling; key/secret lifecycle; monitoring,allow/deny behavior; tenant isolation; least privilege; audit evidence; mapped security tests,"Memberships, invitations and roles exist with an owner flag and approval tiers. There is no joiner/mover/leaver lifecycle: nothing drives access from an employment change, and nothing reviews it afterwards. Blocked platform-wide by: threat/failure handling (partial), key/secret lifecycle (partial), monitoring (partial)."
P28-REQ-416,Authentication,not_verified,built,threat/failure handling; key/secret lifecycle; monitoring,allow/deny behavior; tenant isolation; least privilege; audit evidence; mapped security tests,"Blocked platform-wide by: threat/failure handling (partial), key/secret lifecycle (partial), monitoring (partial)."
P28-REQ-417,MFA,not_verified,not_built,threat/failure handling; key/secret lifecycle; monitoring,allow/deny behavior; tenant isolation; least privilege; audit evidence; mapped security tests,"Not implemented. The company settings screen previously displayed a 'Require multi-factor authentication' toggle that nothing enforced; it has been removed and MFA is now named as unavailable. The capability itself remains absent. Blocked platform-wide by: threat/failure handling (partial), key/secret lifecycle (partial), monitoring (partial)."
P28-REQ-418,SSO Federation,not_verified,not_built,threat/failure handling; key/secret lifecycle; monitoring,allow/deny behavior; tenant isolation; least privilege; audit evidence; mapped security tests,"No SAML or OIDC federation. Every user authenticates directly. Blocked platform-wide by: threat/failure handling (partial), key/secret lifecycle (partial), monitoring (partial)."
P28-REQ-419,SCIM Provisioning,not_verified,not_built,threat/failure handling; key/secret lifecycle; monitoring,allow/deny behavior; tenant isolation; least privilege; audit evidence; mapped security tests,"No SCIM endpoint. Membership is managed in the application only. Blocked platform-wide by: threat/failure handling (partial), key/secret lifecycle (partial), monitoring (partial)."
P28-REQ-420,Role-Based Access,not_verified,built,threat/failure handling; key/secret lifecycle; monitoring,allow/deny behavior; tenant isolation; least privilege; audit evidence; mapped security tests,"Blocked platform-wide by: threat/failure handling (partial), key/secret lifecycle (partial), monitoring (partial)."
P28-REQ-421,Attribute-Based Access,not_verified,not_built,threat/failure handling; key/secret lifecycle; monitoring,allow/deny behavior; tenant isolation; least privilege; audit evidence; mapped security tests,"Access is role and membership based. There is no attribute policy — nothing decides on project, region, classification or time of day. Blocked platform-wide by: threat/failure handling (partial), key/secret lifecycle (partial), monitoring (partial)."
P28-REQ-422,Policy Decision,not_verified,built,threat/failure handling; key/secret lifecycle; monitoring,allow/deny behavior; tenant isolation; least privilege; audit evidence; mapped security tests,"Blocked platform-wide by: threat/failure handling (partial), key/secret lifecycle (partial), monitoring (partial)."
P28-REQ-423,Policy Enforcement,not_verified,built,threat/failure handling; key/secret lifecycle; monitoring,allow/deny behavior; tenant isolation; least privilege; audit evidence; mapped security tests,"Blocked platform-wide by: threat/failure handling (partial), key/secret lifecycle (partial), monitoring (partial)."
P28-REQ-424,Privileged Access,not_verified,partial,threat/failure handling; key/secret lifecycle; monitoring,allow/deny behavior; tenant isolation; least privilege; audit evidence; mapped security tests,"Approval tiers and an owner flag gate consequential actions, and self-approval is refused. There is no just-in-time elevation, no time-bounded grant, and no separate review of what privileged accounts did. Blocked platform-wide by: threat/failure handling (partial), key/secret lifecycle (partial), monitoring (partial)."
P28-REQ-425,Service Identities,not_verified,built,threat/failure handling; key/secret lifecycle; monitoring,allow/deny behavior; tenant isolation; least privilege; audit evidence; mapped security tests,"Blocked platform-wide by: threat/failure handling (partial), key/secret lifecycle (partial), monitoring (partial)."
P28-REQ-426,Machine Identities,not_verified,built,threat/failure handling; key/secret lifecycle; monitoring,allow/deny behavior; tenant isolation; least privilege; audit evidence; mapped security tests,"Blocked platform-wide by: threat/failure handling (partial), key/secret lifecycle (partial), monitoring (partial)."
P28-REQ-427,Session Security,not_verified,partial,threat/failure handling; key/secret lifecycle; monitoring,allow/deny behavior; tenant isolation; least privilege; audit evidence; mapped security tests,"Supabase issues and validates sessions. This platform sets no session policy of its own — no inactivity bound it enforces, no step-up for a privileged action, no way to revoke one session rather than all. Blocked platform-wide by: threat/failure handling (partial), key/secret lifecycle (partial), monitoring (partial)."
P28-REQ-428,Zero Trust,not_verified,partial,threat/failure handling; key/secret lifecycle; monitoring,allow/deny behavior; tenant isolation; least privilege; audit evidence; mapped security tests,"Several of the properties hold in practice — every request is authorized on its own, nothing is trusted by network position, and the anon role holds no table privilege. It is not stated or verified as a model, so it is a set of habits rather than an architecture anyone can audit. Blocked platform-wide by: threat/failure handling (partial), key/secret lifecycle (partial), monitoring (partial)."
P28-REQ-429,Tenant Isolation,not_verified,built,threat/failure handling; key/secret lifecycle; monitoring,allow/deny behavior; tenant isolation; least privilege; audit evidence; mapped security tests,"Blocked platform-wide by: threat/failure handling (partial), key/secret lifecycle (partial), monitoring (partial)."
P28-REQ-430,Project/Record Access,not_verified,built,threat/failure handling; key/secret lifecycle; monitoring,allow/deny behavior; tenant isolation; least privilege; audit evidence; mapped security tests,"Blocked platform-wide by: threat/failure handling (partial), key/secret lifecycle (partial), monitoring (partial)."
P28-REQ-431,Data Classification,not_verified,not_built,threat/failure handling; key/secret lifecycle; monitoring,allow/deny behavior; tenant isolation; least privilege; audit evidence; mapped security tests,"No classification exists. Every column is treated alike, so nothing can be handled according to its sensitivity. Blocked platform-wide by: threat/failure handling (partial), key/secret lifecycle (partial), monitoring (partial)."
P28-REQ-432,Privacy Controls,not_verified,partial,threat/failure handling; key/secret lifecycle; monitoring,allow/deny behavior; tenant isolation; least privilege; audit evidence; mapped security tests,"Raw card data is never stored — Stripe holds it and only a brand and last four reach this platform. Beyond payment there is no privacy control: no consent record, no subject access path, no export or erasure. Blocked platform-wide by: threat/failure handling (partial), key/secret lifecycle (partial), monitoring (partial)."
P28-REQ-433,Data Minimization,not_verified,partial,threat/failure handling; key/secret lifecycle; monitoring,allow/deny behavior; tenant isolation; least privilege; audit evidence; mapped security tests,"Some by construction: the API returns named columns rather than rows wholesale, and logs are redacted. Nothing states what may be collected or for how long. Blocked platform-wide by: threat/failure handling (partial), key/secret lifecycle (partial), monitoring (partial)."
P28-REQ-434,Retention & Deletion,not_verified,not_built,threat/failure handling; key/secret lifecycle; monitoring,allow/deny behavior; tenant isolation; least privilege; audit evidence; mapped security tests,"No retention policy, no scheduled deletion, no legal hold. The settings screen displays 'Retention: Indefinite', which is a description rather than a control. Blocked platform-wide by: threat/failure handling (partial), key/secret lifecycle (partial), monitoring (partial)."
P28-REQ-435,Encryption at Rest,not_verified,partial,threat/failure handling; key/secret lifecycle; monitoring,allow/deny behavior; tenant isolation; least privilege; audit evidence; mapped security tests,"Supabase encrypts storage and the database at rest. The platform neither configures nor evidences it, so the control is inherited rather than owned, and nothing here would notice if it changed. Blocked platform-wide by: threat/failure handling (partial), key/secret lifecycle (partial), monitoring (partial)."
P28-REQ-436,Encryption in Transit,not_verified,partial,threat/failure handling; key/secret lifecycle; monitoring,allow/deny behavior; tenant isolation; least privilege; audit evidence; mapped security tests,"Traffic is HTTPS by deployment. Same as at rest: inherited, not owned or evidenced. Blocked platform-wide by: threat/failure handling (partial), key/secret lifecycle (partial), monitoring (partial)."
P28-REQ-437,Key Management,not_verified,not_built,threat/failure handling; key/secret lifecycle; monitoring,allow/deny behavior; tenant isolation; least privilege; audit evidence; mapped security tests,"No key management. Nothing rotates, escrows or records the lifecycle of a key. Blocked platform-wide by: threat/failure handling (partial), key/secret lifecycle (partial), monitoring (partial)."
P28-REQ-438,Secrets Management,not_verified,partial,threat/failure handling; key/secret lifecycle; monitoring,allow/deny behavior; tenant isolation; least privilege; audit evidence; mapped security tests,"Secrets live in server-side environment variables and never reach the browser, connector credentials are held as handles into a secret store rather than values, and API keys are stored only as a SHA-256 hash. What is missing is lifecycle: no rotation, no expiry policy, no vault integration, no record of when a secret was last changed. Blocked platform-wide by: threat/failure handling (partial), key/secret lifecycle (partial), monitoring (partial)."
P28-REQ-439,Certificate Management,not_verified,not_built,threat/failure handling; key/secret lifecycle; monitoring,allow/deny behavior; tenant isolation; least privilege; audit evidence; mapped security tests,"No certificate inventory, expiry monitoring or renewal. Blocked platform-wide by: threat/failure handling (partial), key/secret lifecycle (partial), monitoring (partial)."
P28-REQ-440,Token Security,not_verified,built,threat/failure handling; key/secret lifecycle; monitoring,allow/deny behavior; tenant isolation; least privilege; audit evidence; mapped security tests,"Blocked platform-wide by: threat/failure handling (partial), key/secret lifecycle (partial), monitoring (partial)."
P28-REQ-441,API Security,not_verified,built,threat/failure handling; key/secret lifecycle; monitoring,allow/deny behavior; tenant isolation; least privilege; audit evidence; mapped security tests,"Blocked platform-wide by: threat/failure handling (partial), key/secret lifecycle (partial), monitoring (partial)."
P28-REQ-442,Event Security,not_verified,not_built,threat/failure handling; key/secret lifecycle; monitoring,allow/deny behavior; tenant isolation; least privilege; audit evidence; mapped security tests,"There is no event bus, so there is nothing to secure. Dependent on the Domain Events gap named in P24. Blocked platform-wide by: threat/failure handling (partial), key/secret lifecycle (partial), monitoring (partial)."
P28-REQ-443,File/Object Security,not_verified,built,threat/failure handling; key/secret lifecycle; monitoring,allow/deny behavior; tenant isolation; least privilege; audit evidence; mapped security tests,"Blocked platform-wide by: threat/failure handling (partial), key/secret lifecycle (partial), monitoring (partial)."
P28-REQ-444,Search Security,not_verified,built,threat/failure handling; key/secret lifecycle; monitoring,allow/deny behavior; tenant isolation; least privilege; audit evidence; mapped security tests,"Blocked platform-wide by: threat/failure handling (partial), key/secret lifecycle (partial), monitoring (partial)."
P28-REQ-445,AI Security,not_verified,built,threat/failure handling; key/secret lifecycle; monitoring,allow/deny behavior; tenant isolation; least privilege; audit evidence; mapped security tests,"Blocked platform-wide by: threat/failure handling (partial), key/secret lifecycle (partial), monitoring (partial)."
P28-REQ-446,Prompt/Tool Security,not_verified,built,threat/failure handling; key/secret lifecycle; monitoring,allow/deny behavior; tenant isolation; least privilege; audit evidence; mapped security tests,"Blocked platform-wide by: threat/failure handling (partial), key/secret lifecycle (partial), monitoring (partial)."
P28-REQ-447,Network Security,not_verified,not_built,threat/failure handling; key/secret lifecycle; monitoring,allow/deny behavior; tenant isolation; least privilege; audit evidence; mapped security tests,"No network policy, segmentation or egress control. Belongs to P31 infrastructure, which is separately unverified. Blocked platform-wide by: threat/failure handling (partial), key/secret lifecycle (partial), monitoring (partial)."
P28-REQ-448,Runtime Security,not_verified,not_built,threat/failure handling; key/secret lifecycle; monitoring,allow/deny behavior; tenant isolation; least privilege; audit evidence; mapped security tests,"No runtime protection or workload hardening. P31. Blocked platform-wide by: threat/failure handling (partial), key/secret lifecycle (partial), monitoring (partial)."
P28-REQ-449,Database Security,not_verified,built,threat/failure handling; key/secret lifecycle; monitoring,allow/deny behavior; tenant isolation; least privilege; audit evidence; mapped security tests,"Blocked platform-wide by: threat/failure handling (partial), key/secret lifecycle (partial), monitoring (partial)."
P28-REQ-450,Vulnerability Management,not_verified,not_built,threat/failure handling; key/secret lifecycle; monitoring,allow/deny behavior; tenant isolation; least privilege; audit evidence; mapped security tests,"No scanning, triage or remediation tracking. Blocked platform-wide by: threat/failure handling (partial), key/secret lifecycle (partial), monitoring (partial)."
P28-REQ-451,Dependency Security,not_verified,not_built,threat/failure handling; key/secret lifecycle; monitoring,allow/deny behavior; tenant isolation; least privilege; audit evidence; mapped security tests,"No dependency scanning or advisory monitoring. The engine and PDF packages have zero runtime dependencies, which shrinks the surface but is not a program. Blocked platform-wide by: threat/failure handling (partial), key/secret lifecycle (partial), monitoring (partial)."
P28-REQ-452,Container Security,not_verified,not_built,threat/failure handling; key/secret lifecycle; monitoring,allow/deny behavior; tenant isolation; least privilege; audit evidence; mapped security tests,"No container build or hardening. P31. Blocked platform-wide by: threat/failure handling (partial), key/secret lifecycle (partial), monitoring (partial)."
P28-REQ-453,Infrastructure Security,not_verified,not_built,threat/failure handling; key/secret lifecycle; monitoring,allow/deny behavior; tenant isolation; least privilege; audit evidence; mapped security tests,"No infrastructure as code and no infrastructure controls. P31. Blocked platform-wide by: threat/failure handling (partial), key/secret lifecycle (partial), monitoring (partial)."
P28-REQ-454,SAST/DAST,not_verified,not_built,threat/failure handling; key/secret lifecycle; monitoring,allow/deny behavior; tenant isolation; least privilege; audit evidence; mapped security tests,"No static or dynamic security analysis in the pipeline. Blocked platform-wide by: threat/failure handling (partial), key/secret lifecycle (partial), monitoring (partial)."
P28-REQ-455,Threat Modeling,not_verified,not_built,threat/failure handling; key/secret lifecycle; monitoring,allow/deny behavior; tenant isolation; least privilege; audit evidence; mapped security tests,"No threat model is written down. Individual controls name the threat they answer in comments, which is not the same as a model anyone can review. Blocked platform-wide by: threat/failure handling (partial), key/secret lifecycle (partial), monitoring (partial)."
P28-REQ-456,Attack Surface Management,not_verified,not_built,threat/failure handling; key/secret lifecycle; monitoring,allow/deny behavior; tenant isolation; least privilege; audit evidence; mapped security tests,"No inventory of exposed surface and no monitoring of it. Blocked platform-wide by: threat/failure handling (partial), key/secret lifecycle (partial), monitoring (partial)."
P28-REQ-457,Security Logging,not_verified,built,threat/failure handling; key/secret lifecycle; monitoring,allow/deny behavior; tenant isolation; least privilege; audit evidence; mapped security tests,"Blocked platform-wide by: threat/failure handling (partial), key/secret lifecycle (partial), monitoring (partial)."
P28-REQ-458,Audit Integrity,not_verified,built,threat/failure handling; key/secret lifecycle; monitoring,allow/deny behavior; tenant isolation; least privilege; audit evidence; mapped security tests,"Blocked platform-wide by: threat/failure handling (partial), key/secret lifecycle (partial), monitoring (partial)."
P28-REQ-459,Threat Detection,not_verified,not_built,threat/failure handling; key/secret lifecycle; monitoring,allow/deny behavior; tenant isolation; least privilege; audit evidence; mapped security tests,"No detection of any kind. Blocked platform-wide by: threat/failure handling (partial), key/secret lifecycle (partial), monitoring (partial)."
P28-REQ-460,Anomaly Detection,not_verified,not_built,threat/failure handling; key/secret lifecycle; monitoring,allow/deny behavior; tenant isolation; least privilege; audit evidence; mapped security tests,"Nothing establishes a baseline or notices departure from it. Blocked platform-wide by: threat/failure handling (partial), key/secret lifecycle (partial), monitoring (partial)."
P28-REQ-461,Security Alerting,not_verified,not_built,threat/failure handling; key/secret lifecycle; monitoring,allow/deny behavior; tenant isolation; least privilege; audit evidence; mapped security tests,"Nothing alerts. Structured logs and metrics now exist, but nothing consumes them. Blocked platform-wide by: threat/failure handling (partial), key/secret lifecycle (partial), monitoring (partial)."
P28-REQ-462,Incident Response,not_verified,not_built,threat/failure handling; key/secret lifecycle; monitoring,allow/deny behavior; tenant isolation; least privilege; audit evidence; mapped security tests,"No runbook, no severity model, no containment procedure. Blocked platform-wide by: threat/failure handling (partial), key/secret lifecycle (partial), monitoring (partial)."
P28-REQ-463,Forensic Evidence,not_verified,not_built,threat/failure handling; key/secret lifecycle; monitoring,allow/deny behavior; tenant isolation; least privilege; audit evidence; mapped security tests,"The audit ledger and API request log would serve as evidence, but nothing preserves, exports or chains custody of it. Blocked platform-wide by: threat/failure handling (partial), key/secret lifecycle (partial), monitoring (partial)."
P28-REQ-464,Access Reviews,not_verified,not_built,threat/failure handling; key/secret lifecycle; monitoring,allow/deny behavior; tenant isolation; least privilege; audit evidence; mapped security tests,"No periodic review of who holds what. Blocked platform-wide by: threat/failure handling (partial), key/secret lifecycle (partial), monitoring (partial)."
P28-REQ-465,Segregation of Duties,not_verified,built,threat/failure handling; key/secret lifecycle; monitoring,allow/deny behavior; tenant isolation; least privilege; audit evidence; mapped security tests,"Blocked platform-wide by: threat/failure handling (partial), key/secret lifecycle (partial), monitoring (partial)."
P28-REQ-466,Compliance Evidence,not_verified,not_built,threat/failure handling; key/secret lifecycle; monitoring,allow/deny behavior; tenant isolation; least privilege; audit evidence; mapped security tests,"No control mapping to any framework and no evidence collection. Blocked platform-wide by: threat/failure handling (partial), key/secret lifecycle (partial), monitoring (partial)."
P28-REQ-467,Policy Attestation,not_verified,not_built,threat/failure handling; key/secret lifecycle; monitoring,allow/deny behavior; tenant isolation; least privilege; audit evidence; mapped security tests,"No policies to attest to and no attestation record. Blocked platform-wide by: threat/failure handling (partial), key/secret lifecycle (partial), monitoring (partial)."
P28-REQ-468,Backup Security,not_verified,not_built,threat/failure handling; key/secret lifecycle; monitoring,allow/deny behavior; tenant isolation; least privilege; audit evidence; mapped security tests,"No backup configuration owned by this platform. P31. Blocked platform-wide by: threat/failure handling (partial), key/secret lifecycle (partial), monitoring (partial)."
P28-REQ-469,Disaster Recovery Security,not_verified,not_built,threat/failure handling; key/secret lifecycle; monitoring,allow/deny behavior; tenant isolation; least privilege; audit evidence; mapped security tests,"No disaster recovery. P31. Blocked platform-wide by: threat/failure handling (partial), key/secret lifecycle (partial), monitoring (partial)."
P28-REQ-470,Security Exceptions,not_verified,not_built,threat/failure handling; key/secret lifecycle; monitoring,allow/deny behavior; tenant isolation; least privilege; audit evidence; mapped security tests,"No exception register, so a knowingly accepted risk has nowhere to live. Blocked platform-wide by: threat/failure handling (partial), key/secret lifecycle (partial), monitoring (partial)."
P28-REQ-471,Security Metrics,not_verified,partial,threat/failure handling; key/secret lifecycle; monitoring,allow/deny behavior; tenant isolation; least privilege; audit evidence; mapped security tests,"The metrics engine exists and the API emits request and latency metrics. No security metric is defined — nothing counts failed authorizations, privilege changes or anomalous access. Blocked platform-wide by: threat/failure handling (partial), key/secret lifecycle (partial), monitoring (partial)."
P28-REQ-472,Security Administration,not_verified,not_built,threat/failure handling; key/secret lifecycle; monitoring,allow/deny behavior; tenant isolation; least privilege; audit evidence; mapped security tests,"No security administration surface — no console for policy, keys, sessions or reviews. Blocked platform-wide by: threat/failure handling (partial), key/secret lifecycle (partial), monitoring (partial)."
P28-REQ-473,Security Architecture,not_verified,built,threat/failure handling; key/secret lifecycle; monitoring,allow/deny behavior; tenant isolation; least privilege; audit evidence; mapped security tests,"Blocked platform-wide by: threat/failure handling (partial), key/secret lifecycle (partial), monitoring (partial)."
P28-REQ-474,Identity Governance,not_verified,partial,threat/failure handling; key/secret lifecycle; monitoring,allow/deny behavior; tenant isolation; least privilege; audit evidence; mapped security tests,"Memberships, invitations and roles exist with an owner flag and approval tiers. There is no joiner/mover/leaver lifecycle: nothing drives access from an employment change, and nothing reviews it afterwards. Blocked platform-wide by: threat/failure handling (partial), key/secret lifecycle (partial), monitoring (partial)."
P28-REQ-475,Authentication,not_verified,built,threat/failure handling; key/secret lifecycle; monitoring,allow/deny behavior; tenant isolation; least privilege; audit evidence; mapped security tests,"Blocked platform-wide by: threat/failure handling (partial), key/secret lifecycle (partial), monitoring (partial)."
P28-REQ-476,MFA,not_verified,not_built,threat/failure handling; key/secret lifecycle; monitoring,allow/deny behavior; tenant isolation; least privilege; audit evidence; mapped security tests,"Not implemented. The company settings screen previously displayed a 'Require multi-factor authentication' toggle that nothing enforced; it has been removed and MFA is now named as unavailable. The capability itself remains absent. Blocked platform-wide by: threat/failure handling (partial), key/secret lifecycle (partial), monitoring (partial)."
P28-REQ-477,SSO Federation,not_verified,not_built,threat/failure handling; key/secret lifecycle; monitoring,allow/deny behavior; tenant isolation; least privilege; audit evidence; mapped security tests,"No SAML or OIDC federation. Every user authenticates directly. Blocked platform-wide by: threat/failure handling (partial), key/secret lifecycle (partial), monitoring (partial)."
P28-REQ-478,SCIM Provisioning,not_verified,not_built,threat/failure handling; key/secret lifecycle; monitoring,allow/deny behavior; tenant isolation; least privilege; audit evidence; mapped security tests,"No SCIM endpoint. Membership is managed in the application only. Blocked platform-wide by: threat/failure handling (partial), key/secret lifecycle (partial), monitoring (partial)."
P28-REQ-479,Role-Based Access,not_verified,built,threat/failure handling; key/secret lifecycle; monitoring,allow/deny behavior; tenant isolation; least privilege; audit evidence; mapped security tests,"Blocked platform-wide by: threat/failure handling (partial), key/secret lifecycle (partial), monitoring (partial)."
P28-REQ-480,Attribute-Based Access,not_verified,not_built,threat/failure handling; key/secret lifecycle; monitoring,allow/deny behavior; tenant isolation; least privilege; audit evidence; mapped security tests,"Access is role and membership based. There is no attribute policy — nothing decides on project, region, classification or time of day. Blocked platform-wide by: threat/failure handling (partial), key/secret lifecycle (partial), monitoring (partial)."
P28-REQ-481,Policy Decision,not_verified,built,threat/failure handling; key/secret lifecycle; monitoring,allow/deny behavior; tenant isolation; least privilege; audit evidence; mapped security tests,"Blocked platform-wide by: threat/failure handling (partial), key/secret lifecycle (partial), monitoring (partial)."
P28-REQ-482,Policy Enforcement,not_verified,built,threat/failure handling; key/secret lifecycle; monitoring,allow/deny behavior; tenant isolation; least privilege; audit evidence; mapped security tests,"Blocked platform-wide by: threat/failure handling (partial), key/secret lifecycle (partial), monitoring (partial)."
P28-REQ-483,Privileged Access,not_verified,partial,threat/failure handling; key/secret lifecycle; monitoring,allow/deny behavior; tenant isolation; least privilege; audit evidence; mapped security tests,"Approval tiers and an owner flag gate consequential actions, and self-approval is refused. There is no just-in-time elevation, no time-bounded grant, and no separate review of what privileged accounts did. Blocked platform-wide by: threat/failure handling (partial), key/secret lifecycle (partial), monitoring (partial)."
P28-REQ-484,Service Identities,not_verified,built,threat/failure handling; key/secret lifecycle; monitoring,allow/deny behavior; tenant isolation; least privilege; audit evidence; mapped security tests,"Blocked platform-wide by: threat/failure handling (partial), key/secret lifecycle (partial), monitoring (partial)."
P28-REQ-485,Machine Identities,not_verified,built,threat/failure handling; key/secret lifecycle; monitoring,allow/deny behavior; tenant isolation; least privilege; audit evidence; mapped security tests,"Blocked platform-wide by: threat/failure handling (partial), key/secret lifecycle (partial), monitoring (partial)."
P28-REQ-486,Session Security,not_verified,partial,threat/failure handling; key/secret lifecycle; monitoring,allow/deny behavior; tenant isolation; least privilege; audit evidence; mapped security tests,"Supabase issues and validates sessions. This platform sets no session policy of its own — no inactivity bound it enforces, no step-up for a privileged action, no way to revoke one session rather than all. Blocked platform-wide by: threat/failure handling (partial), key/secret lifecycle (partial), monitoring (partial)."
P28-REQ-487,Zero Trust,not_verified,partial,threat/failure handling; key/secret lifecycle; monitoring,allow/deny behavior; tenant isolation; least privilege; audit evidence; mapped security tests,"Several of the properties hold in practice — every request is authorized on its own, nothing is trusted by network position, and the anon role holds no table privilege. It is not stated or verified as a model, so it is a set of habits rather than an architecture anyone can audit. Blocked platform-wide by: threat/failure handling (partial), key/secret lifecycle (partial), monitoring (partial)."
P28-REQ-488,Tenant Isolation,not_verified,built,threat/failure handling; key/secret lifecycle; monitoring,allow/deny behavior; tenant isolation; least privilege; audit evidence; mapped security tests,"Blocked platform-wide by: threat/failure handling (partial), key/secret lifecycle (partial), monitoring (partial)."
P28-REQ-489,Project/Record Access,not_verified,built,threat/failure handling; key/secret lifecycle; monitoring,allow/deny behavior; tenant isolation; least privilege; audit evidence; mapped security tests,"Blocked platform-wide by: threat/failure handling (partial), key/secret lifecycle (partial), monitoring (partial)."
P28-REQ-490,Data Classification,not_verified,not_built,threat/failure handling; key/secret lifecycle; monitoring,allow/deny behavior; tenant isolation; least privilege; audit evidence; mapped security tests,"No classification exists. Every column is treated alike, so nothing can be handled according to its sensitivity. Blocked platform-wide by: threat/failure handling (partial), key/secret lifecycle (partial), monitoring (partial)."
P28-REQ-491,Privacy Controls,not_verified,partial,threat/failure handling; key/secret lifecycle; monitoring,allow/deny behavior; tenant isolation; least privilege; audit evidence; mapped security tests,"Raw card data is never stored — Stripe holds it and only a brand and last four reach this platform. Beyond payment there is no privacy control: no consent record, no subject access path, no export or erasure. Blocked platform-wide by: threat/failure handling (partial), key/secret lifecycle (partial), monitoring (partial)."
P28-REQ-492,Data Minimization,not_verified,partial,threat/failure handling; key/secret lifecycle; monitoring,allow/deny behavior; tenant isolation; least privilege; audit evidence; mapped security tests,"Some by construction: the API returns named columns rather than rows wholesale, and logs are redacted. Nothing states what may be collected or for how long. Blocked platform-wide by: threat/failure handling (partial), key/secret lifecycle (partial), monitoring (partial)."
P28-REQ-493,Retention & Deletion,not_verified,not_built,threat/failure handling; key/secret lifecycle; monitoring,allow/deny behavior; tenant isolation; least privilege; audit evidence; mapped security tests,"No retention policy, no scheduled deletion, no legal hold. The settings screen displays 'Retention: Indefinite', which is a description rather than a control. Blocked platform-wide by: threat/failure handling (partial), key/secret lifecycle (partial), monitoring (partial)."
P28-REQ-494,Encryption at Rest,not_verified,partial,threat/failure handling; key/secret lifecycle; monitoring,allow/deny behavior; tenant isolation; least privilege; audit evidence; mapped security tests,"Supabase encrypts storage and the database at rest. The platform neither configures nor evidences it, so the control is inherited rather than owned, and nothing here would notice if it changed. Blocked platform-wide by: threat/failure handling (partial), key/secret lifecycle (partial), monitoring (partial)."
P28-REQ-495,Encryption in Transit,not_verified,partial,threat/failure handling; key/secret lifecycle; monitoring,allow/deny behavior; tenant isolation; least privilege; audit evidence; mapped security tests,"Traffic is HTTPS by deployment. Same as at rest: inherited, not owned or evidenced. Blocked platform-wide by: threat/failure handling (partial), key/secret lifecycle (partial), monitoring (partial)."
P28-REQ-496,Key Management,not_verified,not_built,threat/failure handling; key/secret lifecycle; monitoring,allow/deny behavior; tenant isolation; least privilege; audit evidence; mapped security tests,"No key management. Nothing rotates, escrows or records the lifecycle of a key. Blocked platform-wide by: threat/failure handling (partial), key/secret lifecycle (partial), monitoring (partial)."
P28-REQ-497,Secrets Management,not_verified,partial,threat/failure handling; key/secret lifecycle; monitoring,allow/deny behavior; tenant isolation; least privilege; audit evidence; mapped security tests,"Secrets live in server-side environment variables and never reach the browser, connector credentials are held as handles into a secret store rather than values, and API keys are stored only as a SHA-256 hash. What is missing is lifecycle: no rotation, no expiry policy, no vault integration, no record of when a secret was last changed. Blocked platform-wide by: threat/failure handling (partial), key/secret lifecycle (partial), monitoring (partial)."
P28-REQ-498,Certificate Management,not_verified,not_built,threat/failure handling; key/secret lifecycle; monitoring,allow/deny behavior; tenant isolation; least privilege; audit evidence; mapped security tests,"No certificate inventory, expiry monitoring or renewal. Blocked platform-wide by: threat/failure handling (partial), key/secret lifecycle (partial), monitoring (partial)."
P28-REQ-499,Token Security,not_verified,built,threat/failure handling; key/secret lifecycle; monitoring,allow/deny behavior; tenant isolation; least privilege; audit evidence; mapped security tests,"Blocked platform-wide by: threat/failure handling (partial), key/secret lifecycle (partial), monitoring (partial)."
P28-REQ-500,API Security,not_verified,built,threat/failure handling; key/secret lifecycle; monitoring,allow/deny behavior; tenant isolation; least privilege; audit evidence; mapped security tests,"Blocked platform-wide by: threat/failure handling (partial), key/secret lifecycle (partial), monitoring (partial)."
