requirement_id,domain,verification,domain_status,unmet_conditions,met_conditions,gap
P29-REQ-001,Analytics Platform Architecture,not_verified,partial,transformation version; reconciliation; data quality; query/report behavior,source-to-target lineage; tenant/security scope; metric definition; freshness; mapped tests,"The architecture is deliberate and documented — a view layer over the normalized schema, governed metric definitions above it, one evaluation path, no copies. It is an architecture for a semantic layer, not for an analytics platform: no separate compute, no storage tier, no workload isolation. Blocked platform-wide by: transformation version (not_met), reconciliation (not_met), data quality (not_met), query/report behavior (not_met)."
P29-REQ-002,Operational Data Replication,not_verified,not_built,transformation version; reconciliation; data quality; query/report behavior,source-to-target lineage; tenant/security scope; metric definition; freshness; mapped tests,"No replica, no read-only analytics copy, no replication lag to monitor. Blocked platform-wide by: transformation version (not_met), reconciliation (not_met), data quality (not_met), query/report behavior (not_met)."
P29-REQ-003,Data Warehouse,not_verified,not_built,transformation version; reconciliation; data quality; query/report behavior,source-to-target lineage; tenant/security scope; metric definition; freshness; mapped tests,"No warehouse. Reporting reads the operational schema directly. Blocked platform-wide by: transformation version (not_met), reconciliation (not_met), data quality (not_met), query/report behavior (not_met)."
P29-REQ-004,Lakehouse/Object Analytics,not_verified,not_built,transformation version; reconciliation; data quality; query/report behavior,source-to-target lineage; tenant/security scope; metric definition; freshness; mapped tests,"No object storage analytics, no table format, no external tables. Blocked platform-wide by: transformation version (not_met), reconciliation (not_met), data quality (not_met), query/report behavior (not_met)."
P29-REQ-005,Bronze/Silver/Gold Layers,not_verified,not_built,transformation version; reconciliation; data quality; query/report behavior,source-to-target lineage; tenant/security scope; metric definition; freshness; mapped tests,"No layering. There is one layer, and it is the operational schema. Blocked platform-wide by: transformation version (not_met), reconciliation (not_met), data quality (not_met), query/report behavior (not_met)."
P29-REQ-006,ETL/ELT,not_verified,not_built,transformation version; reconciliation; data quality; query/report behavior,source-to-target lineage; tenant/security scope; metric definition; freshness; mapped tests,"No extract, transform or load of any kind. The views are the only transformation and they run at query time. Blocked platform-wide by: transformation version (not_met), reconciliation (not_met), data quality (not_met), query/report behavior (not_met)."
P29-REQ-007,CDC,not_verified,not_built,transformation version; reconciliation; data quality; query/report behavior,source-to-target lineage; tenant/security scope; metric definition; freshness; mapped tests,"No change data capture, no log reader, no stream of row changes. Blocked platform-wide by: transformation version (not_met), reconciliation (not_met), data quality (not_met), query/report behavior (not_met)."
P29-REQ-008,Batch Ingestion,not_verified,not_built,transformation version; reconciliation; data quality; query/report behavior,source-to-target lineage; tenant/security scope; metric definition; freshness; mapped tests,"No batch load, no staging area, no file-based ingestion into analytics. Blocked platform-wide by: transformation version (not_met), reconciliation (not_met), data quality (not_met), query/report behavior (not_met)."
P29-REQ-009,Streaming Ingestion,not_verified,not_built,transformation version; reconciliation; data quality; query/report behavior,source-to-target lineage; tenant/security scope; metric definition; freshness; mapped tests,"No stream, no event ingestion — the absence P20 and P30 both recorded from other sides. Blocked platform-wide by: transformation version (not_met), reconciliation (not_met), data quality (not_met), query/report behavior (not_met)."
P29-REQ-010,Pipeline Orchestration,not_verified,not_built,transformation version; reconciliation; data quality; query/report behavior,source-to-target lineage; tenant/security scope; metric definition; freshness; mapped tests,"No scheduler, no DAG, no dependency between transformations, no run history. Blocked platform-wide by: transformation version (not_met), reconciliation (not_met), data quality (not_met), query/report behavior (not_met)."
P29-REQ-011,Schema Evolution,not_verified,not_built,transformation version; reconciliation; data quality; query/report behavior,source-to-target lineage; tenant/security scope; metric definition; freshness; mapped tests,"Migrations are ordered and forward-only, which governs the operational schema. There is no analytics schema to evolve and no compatibility policy for one. Blocked platform-wide by: transformation version (not_met), reconciliation (not_met), data quality (not_met), query/report behavior (not_met)."
P29-REQ-012,Data Contracts,not_verified,not_built,transformation version; reconciliation; data quality; query/report behavior,source-to-target lineage; tenant/security scope; metric definition; freshness; mapped tests,"No contract between a producer and a consumer of analytics data, no schema registry, no breaking-change gate. Blocked platform-wide by: transformation version (not_met), reconciliation (not_met), data quality (not_met), query/report behavior (not_met)."
P29-REQ-013,Canonical Dimensions,not_verified,not_built,transformation version; reconciliation; data quality; query/report behavior,source-to-target lineage; tenant/security scope; metric definition; freshness; mapped tests,"No dimension tables, no conformed dimensions, no shared keys across marts. Blocked platform-wide by: transformation version (not_met), reconciliation (not_met), data quality (not_met), query/report behavior (not_met)."
P29-REQ-014,Fact Tables,not_verified,not_built,transformation version; reconciliation; data quality; query/report behavior,source-to-target lineage; tenant/security scope; metric definition; freshness; mapped tests,"No fact tables. Aggregation happens in views at query time. Blocked platform-wide by: transformation version (not_met), reconciliation (not_met), data quality (not_met), query/report behavior (not_met)."
P29-REQ-015,Slowly Changing Dimensions,not_verified,not_built,transformation version; reconciliation; data quality; query/report behavior,source-to-target lineage; tenant/security scope; metric definition; freshness; mapped tests,"No dimension history. The platform tracks history where it matters commercially — library rates, plan versions, document revisions, metric definitions — through append-only version tables rather than through a dimensional model. Blocked platform-wide by: transformation version (not_met), reconciliation (not_met), data quality (not_met), query/report behavior (not_met)."
P29-REQ-016,Semantic Model,not_verified,partial,transformation version; reconciliation; data quality; query/report behavior,source-to-target lineage; tenant/security scope; metric definition; freshness; mapped tests,"Ten views and sixteen governed metrics over a normalized schema, with lineage from metric to view enforced by test. There is no dimensional model: no conformed dimensions, no fact tables, no hierarchies and no drill path. Blocked platform-wide by: transformation version (not_met), reconciliation (not_met), data quality (not_met), query/report behavior (not_met)."
P29-REQ-017,Metric Definitions,not_verified,built,transformation version; reconciliation; data quality; query/report behavior,source-to-target lineage; tenant/security scope; metric definition; freshness; mapped tests,"Blocked platform-wide by: transformation version (not_met), reconciliation (not_met), data quality (not_met), query/report behavior (not_met)."
P29-REQ-018,KPI Registry,not_verified,partial,transformation version; reconciliation; data quality; query/report behavior,source-to-target lineage; tenant/security scope; metric definition; freshness; mapped tests,"The metric catalog is a registry in everything but name — keyed, described, unit-typed, grain-typed, targeted, versioned and permissioned. What is missing is the KPI layer above it: no scorecard, no owner, no review cadence, no threshold alerting against the targets it already stores. Blocked platform-wide by: transformation version (not_met), reconciliation (not_met), data quality (not_met), query/report behavior (not_met)."
P29-REQ-019,Measure Calculation,not_verified,partial,transformation version; reconciliation; data quality; query/report behavior,source-to-target lineage; tenant/security scope; metric definition; freshness; mapped tests,"One function evaluates every platform-defined measure, and the API and any screen read it rather than computing separately. Only platform definitions are executed, deliberately; there is no user-defined measure, no calculated column and no measure composition. Blocked platform-wide by: transformation version (not_met), reconciliation (not_met), data quality (not_met), query/report behavior (not_met)."
P29-REQ-020,Time Intelligence,not_verified,not_built,transformation version; reconciliation; data quality; query/report behavior,source-to-target lineage; tenant/security scope; metric definition; freshness; mapped tests,"No period-over-period comparison, no year-to-date, no rolling window, no fiscal calendar in the semantic layer. Financial periods exist as an accounting control and nothing reports across them. Blocked platform-wide by: transformation version (not_met), reconciliation (not_met), data quality (not_met), query/report behavior (not_met)."
P29-REQ-021,Financial Analytics,not_verified,partial,transformation version; reconciliation; data quality; query/report behavior,source-to-target lineage; tenant/security scope; metric definition; freshness; mapped tests,"`reporting_project_financials` computes cost, billing, retainage, margin and change order ratio per project, and nine metrics are defined over it. It is served through the public API and read by no screen. Blocked platform-wide by: transformation version (not_met), reconciliation (not_met), data quality (not_met), query/report behavior (not_met)."
P29-REQ-022,Estimating Analytics,not_verified,partial,transformation version; reconciliation; data quality; query/report behavior,source-to-target lineage; tenant/security scope; metric definition; freshness; mapped tests,"`reporting_bid_performance` computes bid hit rate and estimates submitted by month and division. There is no bid-versus-actual analysis, no estimator performance and no cost-model calibration. Blocked platform-wide by: transformation version (not_met), reconciliation (not_met), data quality (not_met), query/report behavior (not_met)."
P29-REQ-023,Production Analytics,not_verified,partial,transformation version; reconciliation; data quality; query/report behavior,source-to-target lineage; tenant/security scope; metric definition; freshness; mapped tests,"Quantities and hours are reconcilable against estimated production rates through the same view and the engine's own output. Nothing computes the comparison. Blocked platform-wide by: transformation version (not_met), reconciliation (not_met), data quality (not_met), query/report behavior (not_met)."
P29-REQ-024,Project Analytics,not_verified,partial,transformation version; reconciliation; data quality; query/report behavior,source-to-target lineage; tenant/security scope; metric definition; freshness; mapped tests,"The same view carries project-grain cost and billing. There is no project health score, no earned value, no trend and no portfolio roll-up. Blocked platform-wide by: transformation version (not_met), reconciliation (not_met), data quality (not_met), query/report behavior (not_met)."
P29-REQ-025,Schedule Analytics,not_verified,partial,transformation version; reconciliation; data quality; query/report behavior,source-to-target lineage; tenant/security scope; metric definition; freshness; mapped tests,"`reporting_schedule_variance` compares the current calculation against the current baseline, with float derivable only from an actual critical-path calculation. There is no trend, no schedule performance index and no look-ahead analytics. Blocked platform-wide by: transformation version (not_met), reconciliation (not_met), data quality (not_met), query/report behavior (not_met)."
P29-REQ-026,Commercial Analytics,not_verified,partial,transformation version; reconciliation; data quality; query/report behavior,source-to-target lineage; tenant/security scope; metric definition; freshness; mapped tests,"Change order ratio is computed and claims carry derived deadlines. There is no exposure analysis, no claim outcome history and no contract performance view. Blocked platform-wide by: transformation version (not_met), reconciliation (not_met), data quality (not_met), query/report behavior (not_met)."
P29-REQ-027,CRM Analytics,not_verified,partial,transformation version; reconciliation; data quality; query/report behavior,source-to-target lineage; tenant/security scope; metric definition; freshness; mapped tests,"Bid performance covers the win rate. There is no pipeline conversion, no source attribution, no customer lifetime value and no forecast. Blocked platform-wide by: transformation version (not_met), reconciliation (not_met), data quality (not_met), query/report behavior (not_met)."
P29-REQ-028,Workforce Analytics,not_verified,partial,transformation version; reconciliation; data quality; query/report behavior,source-to-target lineage; tenant/security scope; metric definition; freshness; mapped tests,"`reporting_labor_productivity` computes approved hours and premium-hour ratio by week, project and cost code. There is no crew productivity against estimate, no absence analysis and no turnover. Blocked platform-wide by: transformation version (not_met), reconciliation (not_met), data quality (not_met), query/report behavior (not_met)."
P29-REQ-029,Fleet Analytics,not_verified,not_built,transformation version; reconciliation; data quality; query/report behavior,source-to-target lineage; tenant/security scope; metric definition; freshness; mapped tests,"No reporting view for fleet at all. Utilization is computed on a screen from demonstration data; cost per hour, availability and replacement analysis do not exist. Blocked platform-wide by: transformation version (not_met), reconciliation (not_met), data quality (not_met), query/report behavior (not_met)."
P29-REQ-030,Procurement Analytics,not_verified,not_built,transformation version; reconciliation; data quality; query/report behavior,source-to-target lineage; tenant/security scope; metric definition; freshness; mapped tests,"No reporting view. No spend analysis, no vendor performance, no commitment versus actual. Blocked platform-wide by: transformation version (not_met), reconciliation (not_met), data quality (not_met), query/report behavior (not_met)."
P29-REQ-031,Safety Analytics,not_verified,partial,transformation version; reconciliation; data quality; query/report behavior,source-to-target lineage; tenant/security scope; metric definition; freshness; mapped tests,"The strongest of the analytics domains after this phase: incidents by month, and TRIR and DART correctly computed against approved hours, with the definition errors found and fixed. There is no leading indicator, no observation rate, no trend and no benchmark. Blocked platform-wide by: transformation version (not_met), reconciliation (not_met), data quality (not_met), query/report behavior (not_met)."
P29-REQ-032,Document/AI Analytics,not_verified,not_built,transformation version; reconciliation; data quality; query/report behavior,source-to-target lineage; tenant/security scope; metric definition; freshness; mapped tests,"No reporting view. AI requests are metered for billing and nothing analyzes finding accuracy, acceptance rate or model performance. Blocked platform-wide by: transformation version (not_met), reconciliation (not_met), data quality (not_met), query/report behavior (not_met)."
P29-REQ-033,Regional Pricing Analytics,not_verified,not_built,transformation version; reconciliation; data quality; query/report behavior,source-to-target lineage; tenant/security scope; metric definition; freshness; mapped tests,"Regional pricing exists in the estimating libraries as condition modifiers. Nothing analyzes it: no regional benchmark, no price trend, no market comparison. Blocked platform-wide by: transformation version (not_met), reconciliation (not_met), data quality (not_met), query/report behavior (not_met)."
P29-REQ-034,Benchmarking,not_verified,not_built,transformation version; reconciliation; data quality; query/report behavior,source-to-target lineage; tenant/security scope; metric definition; freshness; mapped tests,"No internal benchmark, no peer comparison, no industry reference. Blocked platform-wide by: transformation version (not_met), reconciliation (not_met), data quality (not_met), query/report behavior (not_met)."
P29-REQ-035,Historical Trends,not_verified,not_built,transformation version; reconciliation; data quality; query/report behavior,source-to-target lineage; tenant/security scope; metric definition; freshness; mapped tests,"No trend of anything. Every metric returns a current value. Blocked platform-wide by: transformation version (not_met), reconciliation (not_met), data quality (not_met), query/report behavior (not_met)."
P29-REQ-036,Forecasting,not_verified,not_built,transformation version; reconciliation; data quality; query/report behavior,source-to-target lineage; tenant/security scope; metric definition; freshness; mapped tests,"No forecast, no projection, no model of any kind. Blocked platform-wide by: transformation version (not_met), reconciliation (not_met), data quality (not_met), query/report behavior (not_met)."
P29-REQ-037,Scenario Analytics,not_verified,not_built,transformation version; reconciliation; data quality; query/report behavior,source-to-target lineage; tenant/security scope; metric definition; freshness; mapped tests,"No scenario, no what-if, no sensitivity analysis over analytics data. The estimating engine supports scenario comparison; nothing carries it into reporting. Blocked platform-wide by: transformation version (not_met), reconciliation (not_met), data quality (not_met), query/report behavior (not_met)."
P29-REQ-038,Portfolio Analytics,not_verified,not_built,transformation version; reconciliation; data quality; query/report behavior,source-to-target lineage; tenant/security scope; metric definition; freshness; mapped tests,"No portfolio roll-up, no cross-project aggregation above the company grain, no capital allocation view. Blocked platform-wide by: transformation version (not_met), reconciliation (not_met), data quality (not_met), query/report behavior (not_met)."
P29-REQ-039,Executive Dashboards,not_verified,partial,transformation version; reconciliation; data quality; query/report behavior,source-to-target lineage; tenant/security scope; metric definition; freshness; mapped tests,"A dashboard screen exists and reads demonstration fixtures. Nothing on it comes from the semantic layer. Blocked platform-wide by: transformation version (not_met), reconciliation (not_met), data quality (not_met), query/report behavior (not_met)."
P29-REQ-040,Operational Dashboards,not_verified,partial,transformation version; reconciliation; data quality; query/report behavior,source-to-target lineage; tenant/security scope; metric definition; freshness; mapped tests,"Same: the screens are built, complete and fed by static data. Blocked platform-wide by: transformation version (not_met), reconciliation (not_met), data quality (not_met), query/report behavior (not_met)."
P29-REQ-041,Self-Service Reporting,not_verified,not_built,transformation version; reconciliation; data quality; query/report behavior,source-to-target lineage; tenant/security scope; metric definition; freshness; mapped tests,"No report builder, no saved report, no user-defined visualization. Blocked platform-wide by: transformation version (not_met), reconciliation (not_met), data quality (not_met), query/report behavior (not_met)."
P29-REQ-042,Ad Hoc Analysis,not_verified,not_built,transformation version; reconciliation; data quality; query/report behavior,source-to-target lineage; tenant/security scope; metric definition; freshness; mapped tests,"No query surface, no exploration, no pivot. Blocked platform-wide by: transformation version (not_met), reconciliation (not_met), data quality (not_met), query/report behavior (not_met)."
P29-REQ-043,Report Scheduling,not_verified,not_built,transformation version; reconciliation; data quality; query/report behavior,source-to-target lineage; tenant/security scope; metric definition; freshness; mapped tests,"No schedule, no recurrence, no delivery. Blocked platform-wide by: transformation version (not_met), reconciliation (not_met), data quality (not_met), query/report behavior (not_met)."
P29-REQ-044,Exports/Subscriptions,not_verified,partial,transformation version; reconciliation; data quality; query/report behavior,source-to-target lineage; tenant/security scope; metric definition; freshness; mapped tests,"An Export button with no handler. Nothing exports in any format, and there is no subscription or delivery of any kind. Blocked platform-wide by: transformation version (not_met), reconciliation (not_met), data quality (not_met), query/report behavior (not_met)."
P29-REQ-045,Data Quality,not_verified,not_built,transformation version; reconciliation; data quality; query/report behavior,source-to-target lineage; tenant/security scope; metric definition; freshness; mapped tests,"No rule, no profile, no score, no threshold, no alert. Blocked platform-wide by: transformation version (not_met), reconciliation (not_met), data quality (not_met), query/report behavior (not_met)."
P29-REQ-046,Reconciliation,not_verified,not_built,transformation version; reconciliation; data quality; query/report behavior,source-to-target lineage; tenant/security scope; metric definition; freshness; mapped tests,"No control total, no tie-out, no variance between the semantic layer and the records beneath it. Blocked platform-wide by: transformation version (not_met), reconciliation (not_met), data quality (not_met), query/report behavior (not_met)."
P29-REQ-047,Freshness Monitoring,not_verified,partial,transformation version; reconciliation; data quality; query/report behavior,source-to-target lineage; tenant/security scope; metric definition; freshness; mapped tests,"Nothing is materialized and a test keeps it that way, so no figure can be stale. There is no monitor, because there is nothing yet that could go stale — and no watch on that assumption beyond the test. Blocked platform-wide by: transformation version (not_met), reconciliation (not_met), data quality (not_met), query/report behavior (not_met)."
P29-REQ-048,Data Lineage,not_verified,partial,transformation version; reconciliation; data quality; query/report behavior,source-to-target lineage; tenant/security scope; metric definition; freshness; mapped tests,"Metric-to-view lineage is recorded and enforced by test, which is the part that can go wrong silently. There is no column-level lineage, no lineage graph, no impact analysis and no catalog to browse it in. Blocked platform-wide by: transformation version (not_met), reconciliation (not_met), data quality (not_met), query/report behavior (not_met)."
P29-REQ-049,Metadata Catalog,not_verified,not_built,transformation version; reconciliation; data quality; query/report behavior,source-to-target lineage; tenant/security scope; metric definition; freshness; mapped tests,"No catalog, no glossary, no searchable description of what exists. The metric definitions carry descriptions and are the closest thing to one. Blocked platform-wide by: transformation version (not_met), reconciliation (not_met), data quality (not_met), query/report behavior (not_met)."
P29-REQ-050,Master Data Alignment,not_verified,not_built,transformation version; reconciliation; data quality; query/report behavior,source-to-target lineage; tenant/security scope; metric definition; freshness; mapped tests,"No master data management, no golden record, no cross-system entity resolution. Blocked platform-wide by: transformation version (not_met), reconciliation (not_met), data quality (not_met), query/report behavior (not_met)."
P29-REQ-051,Tenant Analytics Isolation,not_verified,built,transformation version; reconciliation; data quality; query/report behavior,source-to-target lineage; tenant/security scope; metric definition; freshness; mapped tests,"Blocked platform-wide by: transformation version (not_met), reconciliation (not_met), data quality (not_met), query/report behavior (not_met)."
P29-REQ-052,Row/Column Security,not_verified,partial,transformation version; reconciliation; data quality; query/report behavior,source-to-target lineage; tenant/security scope; metric definition; freshness; mapped tests,"Row security is thorough and proven: forced row level security, security_invoker on every reporting view, company_id on every one, an explicit tenant argument where the service role is in play. Column security does not exist — no masking, no column-level grants, no classification driving either. Blocked platform-wide by: transformation version (not_met), reconciliation (not_met), data quality (not_met), query/report behavior (not_met)."
P29-REQ-053,Privacy in Analytics,not_verified,partial,transformation version; reconciliation; data quality; query/report behavior,source-to-target lineage; tenant/security scope; metric definition; freshness; mapped tests,"Tenant isolation is enforced and proven. There is no anonymization, no aggregation threshold, no differential access to person-level data, and the platform-wide absence of a retention schedule or erasure path recorded in F7 applies here in full. Blocked platform-wide by: transformation version (not_met), reconciliation (not_met), data quality (not_met), query/report behavior (not_met)."
P29-REQ-054,Retention/Archive,not_verified,partial,transformation version; reconciliation; data quality; query/report behavior,source-to-target lineage; tenant/security scope; metric definition; freshness; mapped tests,"Analytics data is the operational data, so it is retained exactly as long as the records are — which, per F7, is forever, because a company cannot be deleted. There is no archive tier, no purge, no retention policy and nothing that says any of this out loud. Blocked platform-wide by: transformation version (not_met), reconciliation (not_met), data quality (not_met), query/report behavior (not_met)."
P29-REQ-055,Analytics Audit,not_verified,partial,transformation version; reconciliation; data quality; query/report behavior,source-to-target lineage; tenant/security scope; metric definition; freshness; mapped tests,"Every metric definition change is audited and versioned, and every API request for a metric is logged with its key, status and duration. There is no analytics-specific audit: no record of who viewed which figure, no export log, no access review. Blocked platform-wide by: transformation version (not_met), reconciliation (not_met), data quality (not_met), query/report behavior (not_met)."
P29-REQ-056,Cost/Performance Optimization,not_verified,partial,transformation version; reconciliation; data quality; query/report behavior,source-to-target lineage; tenant/security scope; metric definition; freshness; mapped tests,"Indexes support the reporting views' group-by columns and the metric version lookup. There is no query budget, no performance baseline, no materialization strategy and no cost measurement. Blocked platform-wide by: transformation version (not_met), reconciliation (not_met), data quality (not_met), query/report behavior (not_met)."
P29-REQ-057,AI-Ready Feature Data,not_verified,not_built,transformation version; reconciliation; data quality; query/report behavior,source-to-target lineage; tenant/security scope; metric definition; freshness; mapped tests,"No feature store, no feature definition, no training dataset. Blocked platform-wide by: transformation version (not_met), reconciliation (not_met), data quality (not_met), query/report behavior (not_met)."
P29-REQ-058,Vector/Embedding Metadata,not_verified,not_built,transformation version; reconciliation; data quality; query/report behavior,source-to-target lineage; tenant/security scope; metric definition; freshness; mapped tests,"No embeddings, no vector index, no similarity search. Blocked platform-wide by: transformation version (not_met), reconciliation (not_met), data quality (not_met), query/report behavior (not_met)."
P29-REQ-059,Model Feature Governance,not_verified,not_built,transformation version; reconciliation; data quality; query/report behavior,source-to-target lineage; tenant/security scope; metric definition; freshness; mapped tests,"No model registry, no feature lineage, no drift monitoring — the same absence P20 recorded for AI/ML production governance. Blocked platform-wide by: transformation version (not_met), reconciliation (not_met), data quality (not_met), query/report behavior (not_met)."
P29-REQ-060,Analytics Observability,not_verified,partial,transformation version; reconciliation; data quality; query/report behavior,source-to-target lineage; tenant/security scope; metric definition; freshness; mapped tests,"The observability library produces structured logs and metrics with request correlation, and API requests to the metric route are recorded. Nothing is deployed, so nothing consumes them — the same absence P20 recorded. Blocked platform-wide by: transformation version (not_met), reconciliation (not_met), data quality (not_met), query/report behavior (not_met)."
P29-REQ-061,Analytics Incident Response,not_verified,not_built,transformation version; reconciliation; data quality; query/report behavior,source-to-target lineage; tenant/security scope; metric definition; freshness; mapped tests,"No incident model at all, analytics or otherwise — the operational face of what P20 and P28 both named. Blocked platform-wide by: transformation version (not_met), reconciliation (not_met), data quality (not_met), query/report behavior (not_met)."
P29-REQ-062,Analytics Platform Architecture,not_verified,partial,transformation version; reconciliation; data quality; query/report behavior,source-to-target lineage; tenant/security scope; metric definition; freshness; mapped tests,"The architecture is deliberate and documented — a view layer over the normalized schema, governed metric definitions above it, one evaluation path, no copies. It is an architecture for a semantic layer, not for an analytics platform: no separate compute, no storage tier, no workload isolation. Blocked platform-wide by: transformation version (not_met), reconciliation (not_met), data quality (not_met), query/report behavior (not_met)."
P29-REQ-063,Operational Data Replication,not_verified,not_built,transformation version; reconciliation; data quality; query/report behavior,source-to-target lineage; tenant/security scope; metric definition; freshness; mapped tests,"No replica, no read-only analytics copy, no replication lag to monitor. Blocked platform-wide by: transformation version (not_met), reconciliation (not_met), data quality (not_met), query/report behavior (not_met)."
P29-REQ-064,Data Warehouse,not_verified,not_built,transformation version; reconciliation; data quality; query/report behavior,source-to-target lineage; tenant/security scope; metric definition; freshness; mapped tests,"No warehouse. Reporting reads the operational schema directly. Blocked platform-wide by: transformation version (not_met), reconciliation (not_met), data quality (not_met), query/report behavior (not_met)."
P29-REQ-065,Lakehouse/Object Analytics,not_verified,not_built,transformation version; reconciliation; data quality; query/report behavior,source-to-target lineage; tenant/security scope; metric definition; freshness; mapped tests,"No object storage analytics, no table format, no external tables. Blocked platform-wide by: transformation version (not_met), reconciliation (not_met), data quality (not_met), query/report behavior (not_met)."
P29-REQ-066,Bronze/Silver/Gold Layers,not_verified,not_built,transformation version; reconciliation; data quality; query/report behavior,source-to-target lineage; tenant/security scope; metric definition; freshness; mapped tests,"No layering. There is one layer, and it is the operational schema. Blocked platform-wide by: transformation version (not_met), reconciliation (not_met), data quality (not_met), query/report behavior (not_met)."
P29-REQ-067,ETL/ELT,not_verified,not_built,transformation version; reconciliation; data quality; query/report behavior,source-to-target lineage; tenant/security scope; metric definition; freshness; mapped tests,"No extract, transform or load of any kind. The views are the only transformation and they run at query time. Blocked platform-wide by: transformation version (not_met), reconciliation (not_met), data quality (not_met), query/report behavior (not_met)."
P29-REQ-068,CDC,not_verified,not_built,transformation version; reconciliation; data quality; query/report behavior,source-to-target lineage; tenant/security scope; metric definition; freshness; mapped tests,"No change data capture, no log reader, no stream of row changes. Blocked platform-wide by: transformation version (not_met), reconciliation (not_met), data quality (not_met), query/report behavior (not_met)."
P29-REQ-069,Batch Ingestion,not_verified,not_built,transformation version; reconciliation; data quality; query/report behavior,source-to-target lineage; tenant/security scope; metric definition; freshness; mapped tests,"No batch load, no staging area, no file-based ingestion into analytics. Blocked platform-wide by: transformation version (not_met), reconciliation (not_met), data quality (not_met), query/report behavior (not_met)."
P29-REQ-070,Streaming Ingestion,not_verified,not_built,transformation version; reconciliation; data quality; query/report behavior,source-to-target lineage; tenant/security scope; metric definition; freshness; mapped tests,"No stream, no event ingestion — the absence P20 and P30 both recorded from other sides. Blocked platform-wide by: transformation version (not_met), reconciliation (not_met), data quality (not_met), query/report behavior (not_met)."
P29-REQ-071,Pipeline Orchestration,not_verified,not_built,transformation version; reconciliation; data quality; query/report behavior,source-to-target lineage; tenant/security scope; metric definition; freshness; mapped tests,"No scheduler, no DAG, no dependency between transformations, no run history. Blocked platform-wide by: transformation version (not_met), reconciliation (not_met), data quality (not_met), query/report behavior (not_met)."
P29-REQ-072,Schema Evolution,not_verified,not_built,transformation version; reconciliation; data quality; query/report behavior,source-to-target lineage; tenant/security scope; metric definition; freshness; mapped tests,"Migrations are ordered and forward-only, which governs the operational schema. There is no analytics schema to evolve and no compatibility policy for one. Blocked platform-wide by: transformation version (not_met), reconciliation (not_met), data quality (not_met), query/report behavior (not_met)."
P29-REQ-073,Data Contracts,not_verified,not_built,transformation version; reconciliation; data quality; query/report behavior,source-to-target lineage; tenant/security scope; metric definition; freshness; mapped tests,"No contract between a producer and a consumer of analytics data, no schema registry, no breaking-change gate. Blocked platform-wide by: transformation version (not_met), reconciliation (not_met), data quality (not_met), query/report behavior (not_met)."
P29-REQ-074,Canonical Dimensions,not_verified,not_built,transformation version; reconciliation; data quality; query/report behavior,source-to-target lineage; tenant/security scope; metric definition; freshness; mapped tests,"No dimension tables, no conformed dimensions, no shared keys across marts. Blocked platform-wide by: transformation version (not_met), reconciliation (not_met), data quality (not_met), query/report behavior (not_met)."
P29-REQ-075,Fact Tables,not_verified,not_built,transformation version; reconciliation; data quality; query/report behavior,source-to-target lineage; tenant/security scope; metric definition; freshness; mapped tests,"No fact tables. Aggregation happens in views at query time. Blocked platform-wide by: transformation version (not_met), reconciliation (not_met), data quality (not_met), query/report behavior (not_met)."
P29-REQ-076,Slowly Changing Dimensions,not_verified,not_built,transformation version; reconciliation; data quality; query/report behavior,source-to-target lineage; tenant/security scope; metric definition; freshness; mapped tests,"No dimension history. The platform tracks history where it matters commercially — library rates, plan versions, document revisions, metric definitions — through append-only version tables rather than through a dimensional model. Blocked platform-wide by: transformation version (not_met), reconciliation (not_met), data quality (not_met), query/report behavior (not_met)."
P29-REQ-077,Semantic Model,not_verified,partial,transformation version; reconciliation; data quality; query/report behavior,source-to-target lineage; tenant/security scope; metric definition; freshness; mapped tests,"Ten views and sixteen governed metrics over a normalized schema, with lineage from metric to view enforced by test. There is no dimensional model: no conformed dimensions, no fact tables, no hierarchies and no drill path. Blocked platform-wide by: transformation version (not_met), reconciliation (not_met), data quality (not_met), query/report behavior (not_met)."
P29-REQ-078,Metric Definitions,not_verified,built,transformation version; reconciliation; data quality; query/report behavior,source-to-target lineage; tenant/security scope; metric definition; freshness; mapped tests,"Blocked platform-wide by: transformation version (not_met), reconciliation (not_met), data quality (not_met), query/report behavior (not_met)."
P29-REQ-079,KPI Registry,not_verified,partial,transformation version; reconciliation; data quality; query/report behavior,source-to-target lineage; tenant/security scope; metric definition; freshness; mapped tests,"The metric catalog is a registry in everything but name — keyed, described, unit-typed, grain-typed, targeted, versioned and permissioned. What is missing is the KPI layer above it: no scorecard, no owner, no review cadence, no threshold alerting against the targets it already stores. Blocked platform-wide by: transformation version (not_met), reconciliation (not_met), data quality (not_met), query/report behavior (not_met)."
P29-REQ-080,Measure Calculation,not_verified,partial,transformation version; reconciliation; data quality; query/report behavior,source-to-target lineage; tenant/security scope; metric definition; freshness; mapped tests,"One function evaluates every platform-defined measure, and the API and any screen read it rather than computing separately. Only platform definitions are executed, deliberately; there is no user-defined measure, no calculated column and no measure composition. Blocked platform-wide by: transformation version (not_met), reconciliation (not_met), data quality (not_met), query/report behavior (not_met)."
P29-REQ-081,Time Intelligence,not_verified,not_built,transformation version; reconciliation; data quality; query/report behavior,source-to-target lineage; tenant/security scope; metric definition; freshness; mapped tests,"No period-over-period comparison, no year-to-date, no rolling window, no fiscal calendar in the semantic layer. Financial periods exist as an accounting control and nothing reports across them. Blocked platform-wide by: transformation version (not_met), reconciliation (not_met), data quality (not_met), query/report behavior (not_met)."
P29-REQ-082,Financial Analytics,not_verified,partial,transformation version; reconciliation; data quality; query/report behavior,source-to-target lineage; tenant/security scope; metric definition; freshness; mapped tests,"`reporting_project_financials` computes cost, billing, retainage, margin and change order ratio per project, and nine metrics are defined over it. It is served through the public API and read by no screen. Blocked platform-wide by: transformation version (not_met), reconciliation (not_met), data quality (not_met), query/report behavior (not_met)."
P29-REQ-083,Estimating Analytics,not_verified,partial,transformation version; reconciliation; data quality; query/report behavior,source-to-target lineage; tenant/security scope; metric definition; freshness; mapped tests,"`reporting_bid_performance` computes bid hit rate and estimates submitted by month and division. There is no bid-versus-actual analysis, no estimator performance and no cost-model calibration. Blocked platform-wide by: transformation version (not_met), reconciliation (not_met), data quality (not_met), query/report behavior (not_met)."
P29-REQ-084,Production Analytics,not_verified,partial,transformation version; reconciliation; data quality; query/report behavior,source-to-target lineage; tenant/security scope; metric definition; freshness; mapped tests,"Quantities and hours are reconcilable against estimated production rates through the same view and the engine's own output. Nothing computes the comparison. Blocked platform-wide by: transformation version (not_met), reconciliation (not_met), data quality (not_met), query/report behavior (not_met)."
P29-REQ-085,Project Analytics,not_verified,partial,transformation version; reconciliation; data quality; query/report behavior,source-to-target lineage; tenant/security scope; metric definition; freshness; mapped tests,"The same view carries project-grain cost and billing. There is no project health score, no earned value, no trend and no portfolio roll-up. Blocked platform-wide by: transformation version (not_met), reconciliation (not_met), data quality (not_met), query/report behavior (not_met)."
P29-REQ-086,Schedule Analytics,not_verified,partial,transformation version; reconciliation; data quality; query/report behavior,source-to-target lineage; tenant/security scope; metric definition; freshness; mapped tests,"`reporting_schedule_variance` compares the current calculation against the current baseline, with float derivable only from an actual critical-path calculation. There is no trend, no schedule performance index and no look-ahead analytics. Blocked platform-wide by: transformation version (not_met), reconciliation (not_met), data quality (not_met), query/report behavior (not_met)."
P29-REQ-087,Commercial Analytics,not_verified,partial,transformation version; reconciliation; data quality; query/report behavior,source-to-target lineage; tenant/security scope; metric definition; freshness; mapped tests,"Change order ratio is computed and claims carry derived deadlines. There is no exposure analysis, no claim outcome history and no contract performance view. Blocked platform-wide by: transformation version (not_met), reconciliation (not_met), data quality (not_met), query/report behavior (not_met)."
P29-REQ-088,CRM Analytics,not_verified,partial,transformation version; reconciliation; data quality; query/report behavior,source-to-target lineage; tenant/security scope; metric definition; freshness; mapped tests,"Bid performance covers the win rate. There is no pipeline conversion, no source attribution, no customer lifetime value and no forecast. Blocked platform-wide by: transformation version (not_met), reconciliation (not_met), data quality (not_met), query/report behavior (not_met)."
P29-REQ-089,Workforce Analytics,not_verified,partial,transformation version; reconciliation; data quality; query/report behavior,source-to-target lineage; tenant/security scope; metric definition; freshness; mapped tests,"`reporting_labor_productivity` computes approved hours and premium-hour ratio by week, project and cost code. There is no crew productivity against estimate, no absence analysis and no turnover. Blocked platform-wide by: transformation version (not_met), reconciliation (not_met), data quality (not_met), query/report behavior (not_met)."
P29-REQ-090,Fleet Analytics,not_verified,not_built,transformation version; reconciliation; data quality; query/report behavior,source-to-target lineage; tenant/security scope; metric definition; freshness; mapped tests,"No reporting view for fleet at all. Utilization is computed on a screen from demonstration data; cost per hour, availability and replacement analysis do not exist. Blocked platform-wide by: transformation version (not_met), reconciliation (not_met), data quality (not_met), query/report behavior (not_met)."
P29-REQ-091,Procurement Analytics,not_verified,not_built,transformation version; reconciliation; data quality; query/report behavior,source-to-target lineage; tenant/security scope; metric definition; freshness; mapped tests,"No reporting view. No spend analysis, no vendor performance, no commitment versus actual. Blocked platform-wide by: transformation version (not_met), reconciliation (not_met), data quality (not_met), query/report behavior (not_met)."
P29-REQ-092,Safety Analytics,not_verified,partial,transformation version; reconciliation; data quality; query/report behavior,source-to-target lineage; tenant/security scope; metric definition; freshness; mapped tests,"The strongest of the analytics domains after this phase: incidents by month, and TRIR and DART correctly computed against approved hours, with the definition errors found and fixed. There is no leading indicator, no observation rate, no trend and no benchmark. Blocked platform-wide by: transformation version (not_met), reconciliation (not_met), data quality (not_met), query/report behavior (not_met)."
P29-REQ-093,Document/AI Analytics,not_verified,not_built,transformation version; reconciliation; data quality; query/report behavior,source-to-target lineage; tenant/security scope; metric definition; freshness; mapped tests,"No reporting view. AI requests are metered for billing and nothing analyzes finding accuracy, acceptance rate or model performance. Blocked platform-wide by: transformation version (not_met), reconciliation (not_met), data quality (not_met), query/report behavior (not_met)."
P29-REQ-094,Regional Pricing Analytics,not_verified,not_built,transformation version; reconciliation; data quality; query/report behavior,source-to-target lineage; tenant/security scope; metric definition; freshness; mapped tests,"Regional pricing exists in the estimating libraries as condition modifiers. Nothing analyzes it: no regional benchmark, no price trend, no market comparison. Blocked platform-wide by: transformation version (not_met), reconciliation (not_met), data quality (not_met), query/report behavior (not_met)."
P29-REQ-095,Benchmarking,not_verified,not_built,transformation version; reconciliation; data quality; query/report behavior,source-to-target lineage; tenant/security scope; metric definition; freshness; mapped tests,"No internal benchmark, no peer comparison, no industry reference. Blocked platform-wide by: transformation version (not_met), reconciliation (not_met), data quality (not_met), query/report behavior (not_met)."
P29-REQ-096,Historical Trends,not_verified,not_built,transformation version; reconciliation; data quality; query/report behavior,source-to-target lineage; tenant/security scope; metric definition; freshness; mapped tests,"No trend of anything. Every metric returns a current value. Blocked platform-wide by: transformation version (not_met), reconciliation (not_met), data quality (not_met), query/report behavior (not_met)."
P29-REQ-097,Forecasting,not_verified,not_built,transformation version; reconciliation; data quality; query/report behavior,source-to-target lineage; tenant/security scope; metric definition; freshness; mapped tests,"No forecast, no projection, no model of any kind. Blocked platform-wide by: transformation version (not_met), reconciliation (not_met), data quality (not_met), query/report behavior (not_met)."
P29-REQ-098,Scenario Analytics,not_verified,not_built,transformation version; reconciliation; data quality; query/report behavior,source-to-target lineage; tenant/security scope; metric definition; freshness; mapped tests,"No scenario, no what-if, no sensitivity analysis over analytics data. The estimating engine supports scenario comparison; nothing carries it into reporting. Blocked platform-wide by: transformation version (not_met), reconciliation (not_met), data quality (not_met), query/report behavior (not_met)."
P29-REQ-099,Portfolio Analytics,not_verified,not_built,transformation version; reconciliation; data quality; query/report behavior,source-to-target lineage; tenant/security scope; metric definition; freshness; mapped tests,"No portfolio roll-up, no cross-project aggregation above the company grain, no capital allocation view. Blocked platform-wide by: transformation version (not_met), reconciliation (not_met), data quality (not_met), query/report behavior (not_met)."
P29-REQ-100,Executive Dashboards,not_verified,partial,transformation version; reconciliation; data quality; query/report behavior,source-to-target lineage; tenant/security scope; metric definition; freshness; mapped tests,"A dashboard screen exists and reads demonstration fixtures. Nothing on it comes from the semantic layer. Blocked platform-wide by: transformation version (not_met), reconciliation (not_met), data quality (not_met), query/report behavior (not_met)."
P29-REQ-101,Operational Dashboards,not_verified,partial,transformation version; reconciliation; data quality; query/report behavior,source-to-target lineage; tenant/security scope; metric definition; freshness; mapped tests,"Same: the screens are built, complete and fed by static data. Blocked platform-wide by: transformation version (not_met), reconciliation (not_met), data quality (not_met), query/report behavior (not_met)."
P29-REQ-102,Self-Service Reporting,not_verified,not_built,transformation version; reconciliation; data quality; query/report behavior,source-to-target lineage; tenant/security scope; metric definition; freshness; mapped tests,"No report builder, no saved report, no user-defined visualization. Blocked platform-wide by: transformation version (not_met), reconciliation (not_met), data quality (not_met), query/report behavior (not_met)."
P29-REQ-103,Ad Hoc Analysis,not_verified,not_built,transformation version; reconciliation; data quality; query/report behavior,source-to-target lineage; tenant/security scope; metric definition; freshness; mapped tests,"No query surface, no exploration, no pivot. Blocked platform-wide by: transformation version (not_met), reconciliation (not_met), data quality (not_met), query/report behavior (not_met)."
P29-REQ-104,Report Scheduling,not_verified,not_built,transformation version; reconciliation; data quality; query/report behavior,source-to-target lineage; tenant/security scope; metric definition; freshness; mapped tests,"No schedule, no recurrence, no delivery. Blocked platform-wide by: transformation version (not_met), reconciliation (not_met), data quality (not_met), query/report behavior (not_met)."
P29-REQ-105,Exports/Subscriptions,not_verified,partial,transformation version; reconciliation; data quality; query/report behavior,source-to-target lineage; tenant/security scope; metric definition; freshness; mapped tests,"An Export button with no handler. Nothing exports in any format, and there is no subscription or delivery of any kind. Blocked platform-wide by: transformation version (not_met), reconciliation (not_met), data quality (not_met), query/report behavior (not_met)."
P29-REQ-106,Data Quality,not_verified,not_built,transformation version; reconciliation; data quality; query/report behavior,source-to-target lineage; tenant/security scope; metric definition; freshness; mapped tests,"No rule, no profile, no score, no threshold, no alert. Blocked platform-wide by: transformation version (not_met), reconciliation (not_met), data quality (not_met), query/report behavior (not_met)."
P29-REQ-107,Reconciliation,not_verified,not_built,transformation version; reconciliation; data quality; query/report behavior,source-to-target lineage; tenant/security scope; metric definition; freshness; mapped tests,"No control total, no tie-out, no variance between the semantic layer and the records beneath it. Blocked platform-wide by: transformation version (not_met), reconciliation (not_met), data quality (not_met), query/report behavior (not_met)."
P29-REQ-108,Freshness Monitoring,not_verified,partial,transformation version; reconciliation; data quality; query/report behavior,source-to-target lineage; tenant/security scope; metric definition; freshness; mapped tests,"Nothing is materialized and a test keeps it that way, so no figure can be stale. There is no monitor, because there is nothing yet that could go stale — and no watch on that assumption beyond the test. Blocked platform-wide by: transformation version (not_met), reconciliation (not_met), data quality (not_met), query/report behavior (not_met)."
P29-REQ-109,Data Lineage,not_verified,partial,transformation version; reconciliation; data quality; query/report behavior,source-to-target lineage; tenant/security scope; metric definition; freshness; mapped tests,"Metric-to-view lineage is recorded and enforced by test, which is the part that can go wrong silently. There is no column-level lineage, no lineage graph, no impact analysis and no catalog to browse it in. Blocked platform-wide by: transformation version (not_met), reconciliation (not_met), data quality (not_met), query/report behavior (not_met)."
P29-REQ-110,Metadata Catalog,not_verified,not_built,transformation version; reconciliation; data quality; query/report behavior,source-to-target lineage; tenant/security scope; metric definition; freshness; mapped tests,"No catalog, no glossary, no searchable description of what exists. The metric definitions carry descriptions and are the closest thing to one. Blocked platform-wide by: transformation version (not_met), reconciliation (not_met), data quality (not_met), query/report behavior (not_met)."
P29-REQ-111,Master Data Alignment,not_verified,not_built,transformation version; reconciliation; data quality; query/report behavior,source-to-target lineage; tenant/security scope; metric definition; freshness; mapped tests,"No master data management, no golden record, no cross-system entity resolution. Blocked platform-wide by: transformation version (not_met), reconciliation (not_met), data quality (not_met), query/report behavior (not_met)."
P29-REQ-112,Tenant Analytics Isolation,not_verified,built,transformation version; reconciliation; data quality; query/report behavior,source-to-target lineage; tenant/security scope; metric definition; freshness; mapped tests,"Blocked platform-wide by: transformation version (not_met), reconciliation (not_met), data quality (not_met), query/report behavior (not_met)."
P29-REQ-113,Row/Column Security,not_verified,partial,transformation version; reconciliation; data quality; query/report behavior,source-to-target lineage; tenant/security scope; metric definition; freshness; mapped tests,"Row security is thorough and proven: forced row level security, security_invoker on every reporting view, company_id on every one, an explicit tenant argument where the service role is in play. Column security does not exist — no masking, no column-level grants, no classification driving either. Blocked platform-wide by: transformation version (not_met), reconciliation (not_met), data quality (not_met), query/report behavior (not_met)."
P29-REQ-114,Privacy in Analytics,not_verified,partial,transformation version; reconciliation; data quality; query/report behavior,source-to-target lineage; tenant/security scope; metric definition; freshness; mapped tests,"Tenant isolation is enforced and proven. There is no anonymization, no aggregation threshold, no differential access to person-level data, and the platform-wide absence of a retention schedule or erasure path recorded in F7 applies here in full. Blocked platform-wide by: transformation version (not_met), reconciliation (not_met), data quality (not_met), query/report behavior (not_met)."
P29-REQ-115,Retention/Archive,not_verified,partial,transformation version; reconciliation; data quality; query/report behavior,source-to-target lineage; tenant/security scope; metric definition; freshness; mapped tests,"Analytics data is the operational data, so it is retained exactly as long as the records are — which, per F7, is forever, because a company cannot be deleted. There is no archive tier, no purge, no retention policy and nothing that says any of this out loud. Blocked platform-wide by: transformation version (not_met), reconciliation (not_met), data quality (not_met), query/report behavior (not_met)."
P29-REQ-116,Analytics Audit,not_verified,partial,transformation version; reconciliation; data quality; query/report behavior,source-to-target lineage; tenant/security scope; metric definition; freshness; mapped tests,"Every metric definition change is audited and versioned, and every API request for a metric is logged with its key, status and duration. There is no analytics-specific audit: no record of who viewed which figure, no export log, no access review. Blocked platform-wide by: transformation version (not_met), reconciliation (not_met), data quality (not_met), query/report behavior (not_met)."
P29-REQ-117,Cost/Performance Optimization,not_verified,partial,transformation version; reconciliation; data quality; query/report behavior,source-to-target lineage; tenant/security scope; metric definition; freshness; mapped tests,"Indexes support the reporting views' group-by columns and the metric version lookup. There is no query budget, no performance baseline, no materialization strategy and no cost measurement. Blocked platform-wide by: transformation version (not_met), reconciliation (not_met), data quality (not_met), query/report behavior (not_met)."
P29-REQ-118,AI-Ready Feature Data,not_verified,not_built,transformation version; reconciliation; data quality; query/report behavior,source-to-target lineage; tenant/security scope; metric definition; freshness; mapped tests,"No feature store, no feature definition, no training dataset. Blocked platform-wide by: transformation version (not_met), reconciliation (not_met), data quality (not_met), query/report behavior (not_met)."
P29-REQ-119,Vector/Embedding Metadata,not_verified,not_built,transformation version; reconciliation; data quality; query/report behavior,source-to-target lineage; tenant/security scope; metric definition; freshness; mapped tests,"No embeddings, no vector index, no similarity search. Blocked platform-wide by: transformation version (not_met), reconciliation (not_met), data quality (not_met), query/report behavior (not_met)."
P29-REQ-120,Model Feature Governance,not_verified,not_built,transformation version; reconciliation; data quality; query/report behavior,source-to-target lineage; tenant/security scope; metric definition; freshness; mapped tests,"No model registry, no feature lineage, no drift monitoring — the same absence P20 recorded for AI/ML production governance. Blocked platform-wide by: transformation version (not_met), reconciliation (not_met), data quality (not_met), query/report behavior (not_met)."
P29-REQ-121,Analytics Observability,not_verified,partial,transformation version; reconciliation; data quality; query/report behavior,source-to-target lineage; tenant/security scope; metric definition; freshness; mapped tests,"The observability library produces structured logs and metrics with request correlation, and API requests to the metric route are recorded. Nothing is deployed, so nothing consumes them — the same absence P20 recorded. Blocked platform-wide by: transformation version (not_met), reconciliation (not_met), data quality (not_met), query/report behavior (not_met)."
P29-REQ-122,Analytics Incident Response,not_verified,not_built,transformation version; reconciliation; data quality; query/report behavior,source-to-target lineage; tenant/security scope; metric definition; freshness; mapped tests,"No incident model at all, analytics or otherwise — the operational face of what P20 and P28 both named. Blocked platform-wide by: transformation version (not_met), reconciliation (not_met), data quality (not_met), query/report behavior (not_met)."
P29-REQ-123,Analytics Platform Architecture,not_verified,partial,transformation version; reconciliation; data quality; query/report behavior,source-to-target lineage; tenant/security scope; metric definition; freshness; mapped tests,"The architecture is deliberate and documented — a view layer over the normalized schema, governed metric definitions above it, one evaluation path, no copies. It is an architecture for a semantic layer, not for an analytics platform: no separate compute, no storage tier, no workload isolation. Blocked platform-wide by: transformation version (not_met), reconciliation (not_met), data quality (not_met), query/report behavior (not_met)."
P29-REQ-124,Operational Data Replication,not_verified,not_built,transformation version; reconciliation; data quality; query/report behavior,source-to-target lineage; tenant/security scope; metric definition; freshness; mapped tests,"No replica, no read-only analytics copy, no replication lag to monitor. Blocked platform-wide by: transformation version (not_met), reconciliation (not_met), data quality (not_met), query/report behavior (not_met)."
P29-REQ-125,Data Warehouse,not_verified,not_built,transformation version; reconciliation; data quality; query/report behavior,source-to-target lineage; tenant/security scope; metric definition; freshness; mapped tests,"No warehouse. Reporting reads the operational schema directly. Blocked platform-wide by: transformation version (not_met), reconciliation (not_met), data quality (not_met), query/report behavior (not_met)."
P29-REQ-126,Lakehouse/Object Analytics,not_verified,not_built,transformation version; reconciliation; data quality; query/report behavior,source-to-target lineage; tenant/security scope; metric definition; freshness; mapped tests,"No object storage analytics, no table format, no external tables. Blocked platform-wide by: transformation version (not_met), reconciliation (not_met), data quality (not_met), query/report behavior (not_met)."
P29-REQ-127,Bronze/Silver/Gold Layers,not_verified,not_built,transformation version; reconciliation; data quality; query/report behavior,source-to-target lineage; tenant/security scope; metric definition; freshness; mapped tests,"No layering. There is one layer, and it is the operational schema. Blocked platform-wide by: transformation version (not_met), reconciliation (not_met), data quality (not_met), query/report behavior (not_met)."
P29-REQ-128,ETL/ELT,not_verified,not_built,transformation version; reconciliation; data quality; query/report behavior,source-to-target lineage; tenant/security scope; metric definition; freshness; mapped tests,"No extract, transform or load of any kind. The views are the only transformation and they run at query time. Blocked platform-wide by: transformation version (not_met), reconciliation (not_met), data quality (not_met), query/report behavior (not_met)."
P29-REQ-129,CDC,not_verified,not_built,transformation version; reconciliation; data quality; query/report behavior,source-to-target lineage; tenant/security scope; metric definition; freshness; mapped tests,"No change data capture, no log reader, no stream of row changes. Blocked platform-wide by: transformation version (not_met), reconciliation (not_met), data quality (not_met), query/report behavior (not_met)."
P29-REQ-130,Batch Ingestion,not_verified,not_built,transformation version; reconciliation; data quality; query/report behavior,source-to-target lineage; tenant/security scope; metric definition; freshness; mapped tests,"No batch load, no staging area, no file-based ingestion into analytics. Blocked platform-wide by: transformation version (not_met), reconciliation (not_met), data quality (not_met), query/report behavior (not_met)."
P29-REQ-131,Streaming Ingestion,not_verified,not_built,transformation version; reconciliation; data quality; query/report behavior,source-to-target lineage; tenant/security scope; metric definition; freshness; mapped tests,"No stream, no event ingestion — the absence P20 and P30 both recorded from other sides. Blocked platform-wide by: transformation version (not_met), reconciliation (not_met), data quality (not_met), query/report behavior (not_met)."
P29-REQ-132,Pipeline Orchestration,not_verified,not_built,transformation version; reconciliation; data quality; query/report behavior,source-to-target lineage; tenant/security scope; metric definition; freshness; mapped tests,"No scheduler, no DAG, no dependency between transformations, no run history. Blocked platform-wide by: transformation version (not_met), reconciliation (not_met), data quality (not_met), query/report behavior (not_met)."
P29-REQ-133,Schema Evolution,not_verified,not_built,transformation version; reconciliation; data quality; query/report behavior,source-to-target lineage; tenant/security scope; metric definition; freshness; mapped tests,"Migrations are ordered and forward-only, which governs the operational schema. There is no analytics schema to evolve and no compatibility policy for one. Blocked platform-wide by: transformation version (not_met), reconciliation (not_met), data quality (not_met), query/report behavior (not_met)."
P29-REQ-134,Data Contracts,not_verified,not_built,transformation version; reconciliation; data quality; query/report behavior,source-to-target lineage; tenant/security scope; metric definition; freshness; mapped tests,"No contract between a producer and a consumer of analytics data, no schema registry, no breaking-change gate. Blocked platform-wide by: transformation version (not_met), reconciliation (not_met), data quality (not_met), query/report behavior (not_met)."
P29-REQ-135,Canonical Dimensions,not_verified,not_built,transformation version; reconciliation; data quality; query/report behavior,source-to-target lineage; tenant/security scope; metric definition; freshness; mapped tests,"No dimension tables, no conformed dimensions, no shared keys across marts. Blocked platform-wide by: transformation version (not_met), reconciliation (not_met), data quality (not_met), query/report behavior (not_met)."
P29-REQ-136,Fact Tables,not_verified,not_built,transformation version; reconciliation; data quality; query/report behavior,source-to-target lineage; tenant/security scope; metric definition; freshness; mapped tests,"No fact tables. Aggregation happens in views at query time. Blocked platform-wide by: transformation version (not_met), reconciliation (not_met), data quality (not_met), query/report behavior (not_met)."
P29-REQ-137,Slowly Changing Dimensions,not_verified,not_built,transformation version; reconciliation; data quality; query/report behavior,source-to-target lineage; tenant/security scope; metric definition; freshness; mapped tests,"No dimension history. The platform tracks history where it matters commercially — library rates, plan versions, document revisions, metric definitions — through append-only version tables rather than through a dimensional model. Blocked platform-wide by: transformation version (not_met), reconciliation (not_met), data quality (not_met), query/report behavior (not_met)."
P29-REQ-138,Semantic Model,not_verified,partial,transformation version; reconciliation; data quality; query/report behavior,source-to-target lineage; tenant/security scope; metric definition; freshness; mapped tests,"Ten views and sixteen governed metrics over a normalized schema, with lineage from metric to view enforced by test. There is no dimensional model: no conformed dimensions, no fact tables, no hierarchies and no drill path. Blocked platform-wide by: transformation version (not_met), reconciliation (not_met), data quality (not_met), query/report behavior (not_met)."
P29-REQ-139,Metric Definitions,not_verified,built,transformation version; reconciliation; data quality; query/report behavior,source-to-target lineage; tenant/security scope; metric definition; freshness; mapped tests,"Blocked platform-wide by: transformation version (not_met), reconciliation (not_met), data quality (not_met), query/report behavior (not_met)."
P29-REQ-140,KPI Registry,not_verified,partial,transformation version; reconciliation; data quality; query/report behavior,source-to-target lineage; tenant/security scope; metric definition; freshness; mapped tests,"The metric catalog is a registry in everything but name — keyed, described, unit-typed, grain-typed, targeted, versioned and permissioned. What is missing is the KPI layer above it: no scorecard, no owner, no review cadence, no threshold alerting against the targets it already stores. Blocked platform-wide by: transformation version (not_met), reconciliation (not_met), data quality (not_met), query/report behavior (not_met)."
P29-REQ-141,Measure Calculation,not_verified,partial,transformation version; reconciliation; data quality; query/report behavior,source-to-target lineage; tenant/security scope; metric definition; freshness; mapped tests,"One function evaluates every platform-defined measure, and the API and any screen read it rather than computing separately. Only platform definitions are executed, deliberately; there is no user-defined measure, no calculated column and no measure composition. Blocked platform-wide by: transformation version (not_met), reconciliation (not_met), data quality (not_met), query/report behavior (not_met)."
P29-REQ-142,Time Intelligence,not_verified,not_built,transformation version; reconciliation; data quality; query/report behavior,source-to-target lineage; tenant/security scope; metric definition; freshness; mapped tests,"No period-over-period comparison, no year-to-date, no rolling window, no fiscal calendar in the semantic layer. Financial periods exist as an accounting control and nothing reports across them. Blocked platform-wide by: transformation version (not_met), reconciliation (not_met), data quality (not_met), query/report behavior (not_met)."
P29-REQ-143,Financial Analytics,not_verified,partial,transformation version; reconciliation; data quality; query/report behavior,source-to-target lineage; tenant/security scope; metric definition; freshness; mapped tests,"`reporting_project_financials` computes cost, billing, retainage, margin and change order ratio per project, and nine metrics are defined over it. It is served through the public API and read by no screen. Blocked platform-wide by: transformation version (not_met), reconciliation (not_met), data quality (not_met), query/report behavior (not_met)."
P29-REQ-144,Estimating Analytics,not_verified,partial,transformation version; reconciliation; data quality; query/report behavior,source-to-target lineage; tenant/security scope; metric definition; freshness; mapped tests,"`reporting_bid_performance` computes bid hit rate and estimates submitted by month and division. There is no bid-versus-actual analysis, no estimator performance and no cost-model calibration. Blocked platform-wide by: transformation version (not_met), reconciliation (not_met), data quality (not_met), query/report behavior (not_met)."
P29-REQ-145,Production Analytics,not_verified,partial,transformation version; reconciliation; data quality; query/report behavior,source-to-target lineage; tenant/security scope; metric definition; freshness; mapped tests,"Quantities and hours are reconcilable against estimated production rates through the same view and the engine's own output. Nothing computes the comparison. Blocked platform-wide by: transformation version (not_met), reconciliation (not_met), data quality (not_met), query/report behavior (not_met)."
P29-REQ-146,Project Analytics,not_verified,partial,transformation version; reconciliation; data quality; query/report behavior,source-to-target lineage; tenant/security scope; metric definition; freshness; mapped tests,"The same view carries project-grain cost and billing. There is no project health score, no earned value, no trend and no portfolio roll-up. Blocked platform-wide by: transformation version (not_met), reconciliation (not_met), data quality (not_met), query/report behavior (not_met)."
P29-REQ-147,Schedule Analytics,not_verified,partial,transformation version; reconciliation; data quality; query/report behavior,source-to-target lineage; tenant/security scope; metric definition; freshness; mapped tests,"`reporting_schedule_variance` compares the current calculation against the current baseline, with float derivable only from an actual critical-path calculation. There is no trend, no schedule performance index and no look-ahead analytics. Blocked platform-wide by: transformation version (not_met), reconciliation (not_met), data quality (not_met), query/report behavior (not_met)."
P29-REQ-148,Commercial Analytics,not_verified,partial,transformation version; reconciliation; data quality; query/report behavior,source-to-target lineage; tenant/security scope; metric definition; freshness; mapped tests,"Change order ratio is computed and claims carry derived deadlines. There is no exposure analysis, no claim outcome history and no contract performance view. Blocked platform-wide by: transformation version (not_met), reconciliation (not_met), data quality (not_met), query/report behavior (not_met)."
P29-REQ-149,CRM Analytics,not_verified,partial,transformation version; reconciliation; data quality; query/report behavior,source-to-target lineage; tenant/security scope; metric definition; freshness; mapped tests,"Bid performance covers the win rate. There is no pipeline conversion, no source attribution, no customer lifetime value and no forecast. Blocked platform-wide by: transformation version (not_met), reconciliation (not_met), data quality (not_met), query/report behavior (not_met)."
P29-REQ-150,Workforce Analytics,not_verified,partial,transformation version; reconciliation; data quality; query/report behavior,source-to-target lineage; tenant/security scope; metric definition; freshness; mapped tests,"`reporting_labor_productivity` computes approved hours and premium-hour ratio by week, project and cost code. There is no crew productivity against estimate, no absence analysis and no turnover. Blocked platform-wide by: transformation version (not_met), reconciliation (not_met), data quality (not_met), query/report behavior (not_met)."
P29-REQ-151,Fleet Analytics,not_verified,not_built,transformation version; reconciliation; data quality; query/report behavior,source-to-target lineage; tenant/security scope; metric definition; freshness; mapped tests,"No reporting view for fleet at all. Utilization is computed on a screen from demonstration data; cost per hour, availability and replacement analysis do not exist. Blocked platform-wide by: transformation version (not_met), reconciliation (not_met), data quality (not_met), query/report behavior (not_met)."
P29-REQ-152,Procurement Analytics,not_verified,not_built,transformation version; reconciliation; data quality; query/report behavior,source-to-target lineage; tenant/security scope; metric definition; freshness; mapped tests,"No reporting view. No spend analysis, no vendor performance, no commitment versus actual. Blocked platform-wide by: transformation version (not_met), reconciliation (not_met), data quality (not_met), query/report behavior (not_met)."
P29-REQ-153,Safety Analytics,not_verified,partial,transformation version; reconciliation; data quality; query/report behavior,source-to-target lineage; tenant/security scope; metric definition; freshness; mapped tests,"The strongest of the analytics domains after this phase: incidents by month, and TRIR and DART correctly computed against approved hours, with the definition errors found and fixed. There is no leading indicator, no observation rate, no trend and no benchmark. Blocked platform-wide by: transformation version (not_met), reconciliation (not_met), data quality (not_met), query/report behavior (not_met)."
P29-REQ-154,Document/AI Analytics,not_verified,not_built,transformation version; reconciliation; data quality; query/report behavior,source-to-target lineage; tenant/security scope; metric definition; freshness; mapped tests,"No reporting view. AI requests are metered for billing and nothing analyzes finding accuracy, acceptance rate or model performance. Blocked platform-wide by: transformation version (not_met), reconciliation (not_met), data quality (not_met), query/report behavior (not_met)."
P29-REQ-155,Regional Pricing Analytics,not_verified,not_built,transformation version; reconciliation; data quality; query/report behavior,source-to-target lineage; tenant/security scope; metric definition; freshness; mapped tests,"Regional pricing exists in the estimating libraries as condition modifiers. Nothing analyzes it: no regional benchmark, no price trend, no market comparison. Blocked platform-wide by: transformation version (not_met), reconciliation (not_met), data quality (not_met), query/report behavior (not_met)."
P29-REQ-156,Benchmarking,not_verified,not_built,transformation version; reconciliation; data quality; query/report behavior,source-to-target lineage; tenant/security scope; metric definition; freshness; mapped tests,"No internal benchmark, no peer comparison, no industry reference. Blocked platform-wide by: transformation version (not_met), reconciliation (not_met), data quality (not_met), query/report behavior (not_met)."
P29-REQ-157,Historical Trends,not_verified,not_built,transformation version; reconciliation; data quality; query/report behavior,source-to-target lineage; tenant/security scope; metric definition; freshness; mapped tests,"No trend of anything. Every metric returns a current value. Blocked platform-wide by: transformation version (not_met), reconciliation (not_met), data quality (not_met), query/report behavior (not_met)."
P29-REQ-158,Forecasting,not_verified,not_built,transformation version; reconciliation; data quality; query/report behavior,source-to-target lineage; tenant/security scope; metric definition; freshness; mapped tests,"No forecast, no projection, no model of any kind. Blocked platform-wide by: transformation version (not_met), reconciliation (not_met), data quality (not_met), query/report behavior (not_met)."
P29-REQ-159,Scenario Analytics,not_verified,not_built,transformation version; reconciliation; data quality; query/report behavior,source-to-target lineage; tenant/security scope; metric definition; freshness; mapped tests,"No scenario, no what-if, no sensitivity analysis over analytics data. The estimating engine supports scenario comparison; nothing carries it into reporting. Blocked platform-wide by: transformation version (not_met), reconciliation (not_met), data quality (not_met), query/report behavior (not_met)."
P29-REQ-160,Portfolio Analytics,not_verified,not_built,transformation version; reconciliation; data quality; query/report behavior,source-to-target lineage; tenant/security scope; metric definition; freshness; mapped tests,"No portfolio roll-up, no cross-project aggregation above the company grain, no capital allocation view. Blocked platform-wide by: transformation version (not_met), reconciliation (not_met), data quality (not_met), query/report behavior (not_met)."
P29-REQ-161,Executive Dashboards,not_verified,partial,transformation version; reconciliation; data quality; query/report behavior,source-to-target lineage; tenant/security scope; metric definition; freshness; mapped tests,"A dashboard screen exists and reads demonstration fixtures. Nothing on it comes from the semantic layer. Blocked platform-wide by: transformation version (not_met), reconciliation (not_met), data quality (not_met), query/report behavior (not_met)."
P29-REQ-162,Operational Dashboards,not_verified,partial,transformation version; reconciliation; data quality; query/report behavior,source-to-target lineage; tenant/security scope; metric definition; freshness; mapped tests,"Same: the screens are built, complete and fed by static data. Blocked platform-wide by: transformation version (not_met), reconciliation (not_met), data quality (not_met), query/report behavior (not_met)."
P29-REQ-163,Self-Service Reporting,not_verified,not_built,transformation version; reconciliation; data quality; query/report behavior,source-to-target lineage; tenant/security scope; metric definition; freshness; mapped tests,"No report builder, no saved report, no user-defined visualization. Blocked platform-wide by: transformation version (not_met), reconciliation (not_met), data quality (not_met), query/report behavior (not_met)."
P29-REQ-164,Ad Hoc Analysis,not_verified,not_built,transformation version; reconciliation; data quality; query/report behavior,source-to-target lineage; tenant/security scope; metric definition; freshness; mapped tests,"No query surface, no exploration, no pivot. Blocked platform-wide by: transformation version (not_met), reconciliation (not_met), data quality (not_met), query/report behavior (not_met)."
P29-REQ-165,Report Scheduling,not_verified,not_built,transformation version; reconciliation; data quality; query/report behavior,source-to-target lineage; tenant/security scope; metric definition; freshness; mapped tests,"No schedule, no recurrence, no delivery. Blocked platform-wide by: transformation version (not_met), reconciliation (not_met), data quality (not_met), query/report behavior (not_met)."
P29-REQ-166,Exports/Subscriptions,not_verified,partial,transformation version; reconciliation; data quality; query/report behavior,source-to-target lineage; tenant/security scope; metric definition; freshness; mapped tests,"An Export button with no handler. Nothing exports in any format, and there is no subscription or delivery of any kind. Blocked platform-wide by: transformation version (not_met), reconciliation (not_met), data quality (not_met), query/report behavior (not_met)."
P29-REQ-167,Data Quality,not_verified,not_built,transformation version; reconciliation; data quality; query/report behavior,source-to-target lineage; tenant/security scope; metric definition; freshness; mapped tests,"No rule, no profile, no score, no threshold, no alert. Blocked platform-wide by: transformation version (not_met), reconciliation (not_met), data quality (not_met), query/report behavior (not_met)."
P29-REQ-168,Reconciliation,not_verified,not_built,transformation version; reconciliation; data quality; query/report behavior,source-to-target lineage; tenant/security scope; metric definition; freshness; mapped tests,"No control total, no tie-out, no variance between the semantic layer and the records beneath it. Blocked platform-wide by: transformation version (not_met), reconciliation (not_met), data quality (not_met), query/report behavior (not_met)."
P29-REQ-169,Freshness Monitoring,not_verified,partial,transformation version; reconciliation; data quality; query/report behavior,source-to-target lineage; tenant/security scope; metric definition; freshness; mapped tests,"Nothing is materialized and a test keeps it that way, so no figure can be stale. There is no monitor, because there is nothing yet that could go stale — and no watch on that assumption beyond the test. Blocked platform-wide by: transformation version (not_met), reconciliation (not_met), data quality (not_met), query/report behavior (not_met)."
P29-REQ-170,Data Lineage,not_verified,partial,transformation version; reconciliation; data quality; query/report behavior,source-to-target lineage; tenant/security scope; metric definition; freshness; mapped tests,"Metric-to-view lineage is recorded and enforced by test, which is the part that can go wrong silently. There is no column-level lineage, no lineage graph, no impact analysis and no catalog to browse it in. Blocked platform-wide by: transformation version (not_met), reconciliation (not_met), data quality (not_met), query/report behavior (not_met)."
P29-REQ-171,Metadata Catalog,not_verified,not_built,transformation version; reconciliation; data quality; query/report behavior,source-to-target lineage; tenant/security scope; metric definition; freshness; mapped tests,"No catalog, no glossary, no searchable description of what exists. The metric definitions carry descriptions and are the closest thing to one. Blocked platform-wide by: transformation version (not_met), reconciliation (not_met), data quality (not_met), query/report behavior (not_met)."
P29-REQ-172,Master Data Alignment,not_verified,not_built,transformation version; reconciliation; data quality; query/report behavior,source-to-target lineage; tenant/security scope; metric definition; freshness; mapped tests,"No master data management, no golden record, no cross-system entity resolution. Blocked platform-wide by: transformation version (not_met), reconciliation (not_met), data quality (not_met), query/report behavior (not_met)."
P29-REQ-173,Tenant Analytics Isolation,not_verified,built,transformation version; reconciliation; data quality; query/report behavior,source-to-target lineage; tenant/security scope; metric definition; freshness; mapped tests,"Blocked platform-wide by: transformation version (not_met), reconciliation (not_met), data quality (not_met), query/report behavior (not_met)."
P29-REQ-174,Row/Column Security,not_verified,partial,transformation version; reconciliation; data quality; query/report behavior,source-to-target lineage; tenant/security scope; metric definition; freshness; mapped tests,"Row security is thorough and proven: forced row level security, security_invoker on every reporting view, company_id on every one, an explicit tenant argument where the service role is in play. Column security does not exist — no masking, no column-level grants, no classification driving either. Blocked platform-wide by: transformation version (not_met), reconciliation (not_met), data quality (not_met), query/report behavior (not_met)."
P29-REQ-175,Privacy in Analytics,not_verified,partial,transformation version; reconciliation; data quality; query/report behavior,source-to-target lineage; tenant/security scope; metric definition; freshness; mapped tests,"Tenant isolation is enforced and proven. There is no anonymization, no aggregation threshold, no differential access to person-level data, and the platform-wide absence of a retention schedule or erasure path recorded in F7 applies here in full. Blocked platform-wide by: transformation version (not_met), reconciliation (not_met), data quality (not_met), query/report behavior (not_met)."
P29-REQ-176,Retention/Archive,not_verified,partial,transformation version; reconciliation; data quality; query/report behavior,source-to-target lineage; tenant/security scope; metric definition; freshness; mapped tests,"Analytics data is the operational data, so it is retained exactly as long as the records are — which, per F7, is forever, because a company cannot be deleted. There is no archive tier, no purge, no retention policy and nothing that says any of this out loud. Blocked platform-wide by: transformation version (not_met), reconciliation (not_met), data quality (not_met), query/report behavior (not_met)."
P29-REQ-177,Analytics Audit,not_verified,partial,transformation version; reconciliation; data quality; query/report behavior,source-to-target lineage; tenant/security scope; metric definition; freshness; mapped tests,"Every metric definition change is audited and versioned, and every API request for a metric is logged with its key, status and duration. There is no analytics-specific audit: no record of who viewed which figure, no export log, no access review. Blocked platform-wide by: transformation version (not_met), reconciliation (not_met), data quality (not_met), query/report behavior (not_met)."
P29-REQ-178,Cost/Performance Optimization,not_verified,partial,transformation version; reconciliation; data quality; query/report behavior,source-to-target lineage; tenant/security scope; metric definition; freshness; mapped tests,"Indexes support the reporting views' group-by columns and the metric version lookup. There is no query budget, no performance baseline, no materialization strategy and no cost measurement. Blocked platform-wide by: transformation version (not_met), reconciliation (not_met), data quality (not_met), query/report behavior (not_met)."
P29-REQ-179,AI-Ready Feature Data,not_verified,not_built,transformation version; reconciliation; data quality; query/report behavior,source-to-target lineage; tenant/security scope; metric definition; freshness; mapped tests,"No feature store, no feature definition, no training dataset. Blocked platform-wide by: transformation version (not_met), reconciliation (not_met), data quality (not_met), query/report behavior (not_met)."
P29-REQ-180,Vector/Embedding Metadata,not_verified,not_built,transformation version; reconciliation; data quality; query/report behavior,source-to-target lineage; tenant/security scope; metric definition; freshness; mapped tests,"No embeddings, no vector index, no similarity search. Blocked platform-wide by: transformation version (not_met), reconciliation (not_met), data quality (not_met), query/report behavior (not_met)."
P29-REQ-181,Model Feature Governance,not_verified,not_built,transformation version; reconciliation; data quality; query/report behavior,source-to-target lineage; tenant/security scope; metric definition; freshness; mapped tests,"No model registry, no feature lineage, no drift monitoring — the same absence P20 recorded for AI/ML production governance. Blocked platform-wide by: transformation version (not_met), reconciliation (not_met), data quality (not_met), query/report behavior (not_met)."
P29-REQ-182,Analytics Observability,not_verified,partial,transformation version; reconciliation; data quality; query/report behavior,source-to-target lineage; tenant/security scope; metric definition; freshness; mapped tests,"The observability library produces structured logs and metrics with request correlation, and API requests to the metric route are recorded. Nothing is deployed, so nothing consumes them — the same absence P20 recorded. Blocked platform-wide by: transformation version (not_met), reconciliation (not_met), data quality (not_met), query/report behavior (not_met)."
P29-REQ-183,Analytics Incident Response,not_verified,not_built,transformation version; reconciliation; data quality; query/report behavior,source-to-target lineage; tenant/security scope; metric definition; freshness; mapped tests,"No incident model at all, analytics or otherwise — the operational face of what P20 and P28 both named. Blocked platform-wide by: transformation version (not_met), reconciliation (not_met), data quality (not_met), query/report behavior (not_met)."
P29-REQ-184,Analytics Platform Architecture,not_verified,partial,transformation version; reconciliation; data quality; query/report behavior,source-to-target lineage; tenant/security scope; metric definition; freshness; mapped tests,"The architecture is deliberate and documented — a view layer over the normalized schema, governed metric definitions above it, one evaluation path, no copies. It is an architecture for a semantic layer, not for an analytics platform: no separate compute, no storage tier, no workload isolation. Blocked platform-wide by: transformation version (not_met), reconciliation (not_met), data quality (not_met), query/report behavior (not_met)."
P29-REQ-185,Operational Data Replication,not_verified,not_built,transformation version; reconciliation; data quality; query/report behavior,source-to-target lineage; tenant/security scope; metric definition; freshness; mapped tests,"No replica, no read-only analytics copy, no replication lag to monitor. Blocked platform-wide by: transformation version (not_met), reconciliation (not_met), data quality (not_met), query/report behavior (not_met)."
P29-REQ-186,Data Warehouse,not_verified,not_built,transformation version; reconciliation; data quality; query/report behavior,source-to-target lineage; tenant/security scope; metric definition; freshness; mapped tests,"No warehouse. Reporting reads the operational schema directly. Blocked platform-wide by: transformation version (not_met), reconciliation (not_met), data quality (not_met), query/report behavior (not_met)."
P29-REQ-187,Lakehouse/Object Analytics,not_verified,not_built,transformation version; reconciliation; data quality; query/report behavior,source-to-target lineage; tenant/security scope; metric definition; freshness; mapped tests,"No object storage analytics, no table format, no external tables. Blocked platform-wide by: transformation version (not_met), reconciliation (not_met), data quality (not_met), query/report behavior (not_met)."
P29-REQ-188,Bronze/Silver/Gold Layers,not_verified,not_built,transformation version; reconciliation; data quality; query/report behavior,source-to-target lineage; tenant/security scope; metric definition; freshness; mapped tests,"No layering. There is one layer, and it is the operational schema. Blocked platform-wide by: transformation version (not_met), reconciliation (not_met), data quality (not_met), query/report behavior (not_met)."
P29-REQ-189,ETL/ELT,not_verified,not_built,transformation version; reconciliation; data quality; query/report behavior,source-to-target lineage; tenant/security scope; metric definition; freshness; mapped tests,"No extract, transform or load of any kind. The views are the only transformation and they run at query time. Blocked platform-wide by: transformation version (not_met), reconciliation (not_met), data quality (not_met), query/report behavior (not_met)."
P29-REQ-190,CDC,not_verified,not_built,transformation version; reconciliation; data quality; query/report behavior,source-to-target lineage; tenant/security scope; metric definition; freshness; mapped tests,"No change data capture, no log reader, no stream of row changes. Blocked platform-wide by: transformation version (not_met), reconciliation (not_met), data quality (not_met), query/report behavior (not_met)."
P29-REQ-191,Batch Ingestion,not_verified,not_built,transformation version; reconciliation; data quality; query/report behavior,source-to-target lineage; tenant/security scope; metric definition; freshness; mapped tests,"No batch load, no staging area, no file-based ingestion into analytics. Blocked platform-wide by: transformation version (not_met), reconciliation (not_met), data quality (not_met), query/report behavior (not_met)."
P29-REQ-192,Streaming Ingestion,not_verified,not_built,transformation version; reconciliation; data quality; query/report behavior,source-to-target lineage; tenant/security scope; metric definition; freshness; mapped tests,"No stream, no event ingestion — the absence P20 and P30 both recorded from other sides. Blocked platform-wide by: transformation version (not_met), reconciliation (not_met), data quality (not_met), query/report behavior (not_met)."
P29-REQ-193,Pipeline Orchestration,not_verified,not_built,transformation version; reconciliation; data quality; query/report behavior,source-to-target lineage; tenant/security scope; metric definition; freshness; mapped tests,"No scheduler, no DAG, no dependency between transformations, no run history. Blocked platform-wide by: transformation version (not_met), reconciliation (not_met), data quality (not_met), query/report behavior (not_met)."
P29-REQ-194,Schema Evolution,not_verified,not_built,transformation version; reconciliation; data quality; query/report behavior,source-to-target lineage; tenant/security scope; metric definition; freshness; mapped tests,"Migrations are ordered and forward-only, which governs the operational schema. There is no analytics schema to evolve and no compatibility policy for one. Blocked platform-wide by: transformation version (not_met), reconciliation (not_met), data quality (not_met), query/report behavior (not_met)."
P29-REQ-195,Data Contracts,not_verified,not_built,transformation version; reconciliation; data quality; query/report behavior,source-to-target lineage; tenant/security scope; metric definition; freshness; mapped tests,"No contract between a producer and a consumer of analytics data, no schema registry, no breaking-change gate. Blocked platform-wide by: transformation version (not_met), reconciliation (not_met), data quality (not_met), query/report behavior (not_met)."
P29-REQ-196,Canonical Dimensions,not_verified,not_built,transformation version; reconciliation; data quality; query/report behavior,source-to-target lineage; tenant/security scope; metric definition; freshness; mapped tests,"No dimension tables, no conformed dimensions, no shared keys across marts. Blocked platform-wide by: transformation version (not_met), reconciliation (not_met), data quality (not_met), query/report behavior (not_met)."
P29-REQ-197,Fact Tables,not_verified,not_built,transformation version; reconciliation; data quality; query/report behavior,source-to-target lineage; tenant/security scope; metric definition; freshness; mapped tests,"No fact tables. Aggregation happens in views at query time. Blocked platform-wide by: transformation version (not_met), reconciliation (not_met), data quality (not_met), query/report behavior (not_met)."
P29-REQ-198,Slowly Changing Dimensions,not_verified,not_built,transformation version; reconciliation; data quality; query/report behavior,source-to-target lineage; tenant/security scope; metric definition; freshness; mapped tests,"No dimension history. The platform tracks history where it matters commercially — library rates, plan versions, document revisions, metric definitions — through append-only version tables rather than through a dimensional model. Blocked platform-wide by: transformation version (not_met), reconciliation (not_met), data quality (not_met), query/report behavior (not_met)."
P29-REQ-199,Semantic Model,not_verified,partial,transformation version; reconciliation; data quality; query/report behavior,source-to-target lineage; tenant/security scope; metric definition; freshness; mapped tests,"Ten views and sixteen governed metrics over a normalized schema, with lineage from metric to view enforced by test. There is no dimensional model: no conformed dimensions, no fact tables, no hierarchies and no drill path. Blocked platform-wide by: transformation version (not_met), reconciliation (not_met), data quality (not_met), query/report behavior (not_met)."
P29-REQ-200,Metric Definitions,not_verified,built,transformation version; reconciliation; data quality; query/report behavior,source-to-target lineage; tenant/security scope; metric definition; freshness; mapped tests,"Blocked platform-wide by: transformation version (not_met), reconciliation (not_met), data quality (not_met), query/report behavior (not_met)."
P29-REQ-201,KPI Registry,not_verified,partial,transformation version; reconciliation; data quality; query/report behavior,source-to-target lineage; tenant/security scope; metric definition; freshness; mapped tests,"The metric catalog is a registry in everything but name — keyed, described, unit-typed, grain-typed, targeted, versioned and permissioned. What is missing is the KPI layer above it: no scorecard, no owner, no review cadence, no threshold alerting against the targets it already stores. Blocked platform-wide by: transformation version (not_met), reconciliation (not_met), data quality (not_met), query/report behavior (not_met)."
P29-REQ-202,Measure Calculation,not_verified,partial,transformation version; reconciliation; data quality; query/report behavior,source-to-target lineage; tenant/security scope; metric definition; freshness; mapped tests,"One function evaluates every platform-defined measure, and the API and any screen read it rather than computing separately. Only platform definitions are executed, deliberately; there is no user-defined measure, no calculated column and no measure composition. Blocked platform-wide by: transformation version (not_met), reconciliation (not_met), data quality (not_met), query/report behavior (not_met)."
P29-REQ-203,Time Intelligence,not_verified,not_built,transformation version; reconciliation; data quality; query/report behavior,source-to-target lineage; tenant/security scope; metric definition; freshness; mapped tests,"No period-over-period comparison, no year-to-date, no rolling window, no fiscal calendar in the semantic layer. Financial periods exist as an accounting control and nothing reports across them. Blocked platform-wide by: transformation version (not_met), reconciliation (not_met), data quality (not_met), query/report behavior (not_met)."
P29-REQ-204,Financial Analytics,not_verified,partial,transformation version; reconciliation; data quality; query/report behavior,source-to-target lineage; tenant/security scope; metric definition; freshness; mapped tests,"`reporting_project_financials` computes cost, billing, retainage, margin and change order ratio per project, and nine metrics are defined over it. It is served through the public API and read by no screen. Blocked platform-wide by: transformation version (not_met), reconciliation (not_met), data quality (not_met), query/report behavior (not_met)."
P29-REQ-205,Estimating Analytics,not_verified,partial,transformation version; reconciliation; data quality; query/report behavior,source-to-target lineage; tenant/security scope; metric definition; freshness; mapped tests,"`reporting_bid_performance` computes bid hit rate and estimates submitted by month and division. There is no bid-versus-actual analysis, no estimator performance and no cost-model calibration. Blocked platform-wide by: transformation version (not_met), reconciliation (not_met), data quality (not_met), query/report behavior (not_met)."
P29-REQ-206,Production Analytics,not_verified,partial,transformation version; reconciliation; data quality; query/report behavior,source-to-target lineage; tenant/security scope; metric definition; freshness; mapped tests,"Quantities and hours are reconcilable against estimated production rates through the same view and the engine's own output. Nothing computes the comparison. Blocked platform-wide by: transformation version (not_met), reconciliation (not_met), data quality (not_met), query/report behavior (not_met)."
P29-REQ-207,Project Analytics,not_verified,partial,transformation version; reconciliation; data quality; query/report behavior,source-to-target lineage; tenant/security scope; metric definition; freshness; mapped tests,"The same view carries project-grain cost and billing. There is no project health score, no earned value, no trend and no portfolio roll-up. Blocked platform-wide by: transformation version (not_met), reconciliation (not_met), data quality (not_met), query/report behavior (not_met)."
P29-REQ-208,Schedule Analytics,not_verified,partial,transformation version; reconciliation; data quality; query/report behavior,source-to-target lineage; tenant/security scope; metric definition; freshness; mapped tests,"`reporting_schedule_variance` compares the current calculation against the current baseline, with float derivable only from an actual critical-path calculation. There is no trend, no schedule performance index and no look-ahead analytics. Blocked platform-wide by: transformation version (not_met), reconciliation (not_met), data quality (not_met), query/report behavior (not_met)."
P29-REQ-209,Commercial Analytics,not_verified,partial,transformation version; reconciliation; data quality; query/report behavior,source-to-target lineage; tenant/security scope; metric definition; freshness; mapped tests,"Change order ratio is computed and claims carry derived deadlines. There is no exposure analysis, no claim outcome history and no contract performance view. Blocked platform-wide by: transformation version (not_met), reconciliation (not_met), data quality (not_met), query/report behavior (not_met)."
P29-REQ-210,CRM Analytics,not_verified,partial,transformation version; reconciliation; data quality; query/report behavior,source-to-target lineage; tenant/security scope; metric definition; freshness; mapped tests,"Bid performance covers the win rate. There is no pipeline conversion, no source attribution, no customer lifetime value and no forecast. Blocked platform-wide by: transformation version (not_met), reconciliation (not_met), data quality (not_met), query/report behavior (not_met)."
P29-REQ-211,Workforce Analytics,not_verified,partial,transformation version; reconciliation; data quality; query/report behavior,source-to-target lineage; tenant/security scope; metric definition; freshness; mapped tests,"`reporting_labor_productivity` computes approved hours and premium-hour ratio by week, project and cost code. There is no crew productivity against estimate, no absence analysis and no turnover. Blocked platform-wide by: transformation version (not_met), reconciliation (not_met), data quality (not_met), query/report behavior (not_met)."
P29-REQ-212,Fleet Analytics,not_verified,not_built,transformation version; reconciliation; data quality; query/report behavior,source-to-target lineage; tenant/security scope; metric definition; freshness; mapped tests,"No reporting view for fleet at all. Utilization is computed on a screen from demonstration data; cost per hour, availability and replacement analysis do not exist. Blocked platform-wide by: transformation version (not_met), reconciliation (not_met), data quality (not_met), query/report behavior (not_met)."
P29-REQ-213,Procurement Analytics,not_verified,not_built,transformation version; reconciliation; data quality; query/report behavior,source-to-target lineage; tenant/security scope; metric definition; freshness; mapped tests,"No reporting view. No spend analysis, no vendor performance, no commitment versus actual. Blocked platform-wide by: transformation version (not_met), reconciliation (not_met), data quality (not_met), query/report behavior (not_met)."
P29-REQ-214,Safety Analytics,not_verified,partial,transformation version; reconciliation; data quality; query/report behavior,source-to-target lineage; tenant/security scope; metric definition; freshness; mapped tests,"The strongest of the analytics domains after this phase: incidents by month, and TRIR and DART correctly computed against approved hours, with the definition errors found and fixed. There is no leading indicator, no observation rate, no trend and no benchmark. Blocked platform-wide by: transformation version (not_met), reconciliation (not_met), data quality (not_met), query/report behavior (not_met)."
P29-REQ-215,Document/AI Analytics,not_verified,not_built,transformation version; reconciliation; data quality; query/report behavior,source-to-target lineage; tenant/security scope; metric definition; freshness; mapped tests,"No reporting view. AI requests are metered for billing and nothing analyzes finding accuracy, acceptance rate or model performance. Blocked platform-wide by: transformation version (not_met), reconciliation (not_met), data quality (not_met), query/report behavior (not_met)."
P29-REQ-216,Regional Pricing Analytics,not_verified,not_built,transformation version; reconciliation; data quality; query/report behavior,source-to-target lineage; tenant/security scope; metric definition; freshness; mapped tests,"Regional pricing exists in the estimating libraries as condition modifiers. Nothing analyzes it: no regional benchmark, no price trend, no market comparison. Blocked platform-wide by: transformation version (not_met), reconciliation (not_met), data quality (not_met), query/report behavior (not_met)."
P29-REQ-217,Benchmarking,not_verified,not_built,transformation version; reconciliation; data quality; query/report behavior,source-to-target lineage; tenant/security scope; metric definition; freshness; mapped tests,"No internal benchmark, no peer comparison, no industry reference. Blocked platform-wide by: transformation version (not_met), reconciliation (not_met), data quality (not_met), query/report behavior (not_met)."
P29-REQ-218,Historical Trends,not_verified,not_built,transformation version; reconciliation; data quality; query/report behavior,source-to-target lineage; tenant/security scope; metric definition; freshness; mapped tests,"No trend of anything. Every metric returns a current value. Blocked platform-wide by: transformation version (not_met), reconciliation (not_met), data quality (not_met), query/report behavior (not_met)."
P29-REQ-219,Forecasting,not_verified,not_built,transformation version; reconciliation; data quality; query/report behavior,source-to-target lineage; tenant/security scope; metric definition; freshness; mapped tests,"No forecast, no projection, no model of any kind. Blocked platform-wide by: transformation version (not_met), reconciliation (not_met), data quality (not_met), query/report behavior (not_met)."
P29-REQ-220,Scenario Analytics,not_verified,not_built,transformation version; reconciliation; data quality; query/report behavior,source-to-target lineage; tenant/security scope; metric definition; freshness; mapped tests,"No scenario, no what-if, no sensitivity analysis over analytics data. The estimating engine supports scenario comparison; nothing carries it into reporting. Blocked platform-wide by: transformation version (not_met), reconciliation (not_met), data quality (not_met), query/report behavior (not_met)."
P29-REQ-221,Portfolio Analytics,not_verified,not_built,transformation version; reconciliation; data quality; query/report behavior,source-to-target lineage; tenant/security scope; metric definition; freshness; mapped tests,"No portfolio roll-up, no cross-project aggregation above the company grain, no capital allocation view. Blocked platform-wide by: transformation version (not_met), reconciliation (not_met), data quality (not_met), query/report behavior (not_met)."
P29-REQ-222,Executive Dashboards,not_verified,partial,transformation version; reconciliation; data quality; query/report behavior,source-to-target lineage; tenant/security scope; metric definition; freshness; mapped tests,"A dashboard screen exists and reads demonstration fixtures. Nothing on it comes from the semantic layer. Blocked platform-wide by: transformation version (not_met), reconciliation (not_met), data quality (not_met), query/report behavior (not_met)."
P29-REQ-223,Operational Dashboards,not_verified,partial,transformation version; reconciliation; data quality; query/report behavior,source-to-target lineage; tenant/security scope; metric definition; freshness; mapped tests,"Same: the screens are built, complete and fed by static data. Blocked platform-wide by: transformation version (not_met), reconciliation (not_met), data quality (not_met), query/report behavior (not_met)."
P29-REQ-224,Self-Service Reporting,not_verified,not_built,transformation version; reconciliation; data quality; query/report behavior,source-to-target lineage; tenant/security scope; metric definition; freshness; mapped tests,"No report builder, no saved report, no user-defined visualization. Blocked platform-wide by: transformation version (not_met), reconciliation (not_met), data quality (not_met), query/report behavior (not_met)."
P29-REQ-225,Ad Hoc Analysis,not_verified,not_built,transformation version; reconciliation; data quality; query/report behavior,source-to-target lineage; tenant/security scope; metric definition; freshness; mapped tests,"No query surface, no exploration, no pivot. Blocked platform-wide by: transformation version (not_met), reconciliation (not_met), data quality (not_met), query/report behavior (not_met)."
P29-REQ-226,Report Scheduling,not_verified,not_built,transformation version; reconciliation; data quality; query/report behavior,source-to-target lineage; tenant/security scope; metric definition; freshness; mapped tests,"No schedule, no recurrence, no delivery. Blocked platform-wide by: transformation version (not_met), reconciliation (not_met), data quality (not_met), query/report behavior (not_met)."
P29-REQ-227,Exports/Subscriptions,not_verified,partial,transformation version; reconciliation; data quality; query/report behavior,source-to-target lineage; tenant/security scope; metric definition; freshness; mapped tests,"An Export button with no handler. Nothing exports in any format, and there is no subscription or delivery of any kind. Blocked platform-wide by: transformation version (not_met), reconciliation (not_met), data quality (not_met), query/report behavior (not_met)."
P29-REQ-228,Data Quality,not_verified,not_built,transformation version; reconciliation; data quality; query/report behavior,source-to-target lineage; tenant/security scope; metric definition; freshness; mapped tests,"No rule, no profile, no score, no threshold, no alert. Blocked platform-wide by: transformation version (not_met), reconciliation (not_met), data quality (not_met), query/report behavior (not_met)."
P29-REQ-229,Reconciliation,not_verified,not_built,transformation version; reconciliation; data quality; query/report behavior,source-to-target lineage; tenant/security scope; metric definition; freshness; mapped tests,"No control total, no tie-out, no variance between the semantic layer and the records beneath it. Blocked platform-wide by: transformation version (not_met), reconciliation (not_met), data quality (not_met), query/report behavior (not_met)."
P29-REQ-230,Freshness Monitoring,not_verified,partial,transformation version; reconciliation; data quality; query/report behavior,source-to-target lineage; tenant/security scope; metric definition; freshness; mapped tests,"Nothing is materialized and a test keeps it that way, so no figure can be stale. There is no monitor, because there is nothing yet that could go stale — and no watch on that assumption beyond the test. Blocked platform-wide by: transformation version (not_met), reconciliation (not_met), data quality (not_met), query/report behavior (not_met)."
P29-REQ-231,Data Lineage,not_verified,partial,transformation version; reconciliation; data quality; query/report behavior,source-to-target lineage; tenant/security scope; metric definition; freshness; mapped tests,"Metric-to-view lineage is recorded and enforced by test, which is the part that can go wrong silently. There is no column-level lineage, no lineage graph, no impact analysis and no catalog to browse it in. Blocked platform-wide by: transformation version (not_met), reconciliation (not_met), data quality (not_met), query/report behavior (not_met)."
P29-REQ-232,Metadata Catalog,not_verified,not_built,transformation version; reconciliation; data quality; query/report behavior,source-to-target lineage; tenant/security scope; metric definition; freshness; mapped tests,"No catalog, no glossary, no searchable description of what exists. The metric definitions carry descriptions and are the closest thing to one. Blocked platform-wide by: transformation version (not_met), reconciliation (not_met), data quality (not_met), query/report behavior (not_met)."
P29-REQ-233,Master Data Alignment,not_verified,not_built,transformation version; reconciliation; data quality; query/report behavior,source-to-target lineage; tenant/security scope; metric definition; freshness; mapped tests,"No master data management, no golden record, no cross-system entity resolution. Blocked platform-wide by: transformation version (not_met), reconciliation (not_met), data quality (not_met), query/report behavior (not_met)."
P29-REQ-234,Tenant Analytics Isolation,not_verified,built,transformation version; reconciliation; data quality; query/report behavior,source-to-target lineage; tenant/security scope; metric definition; freshness; mapped tests,"Blocked platform-wide by: transformation version (not_met), reconciliation (not_met), data quality (not_met), query/report behavior (not_met)."
P29-REQ-235,Row/Column Security,not_verified,partial,transformation version; reconciliation; data quality; query/report behavior,source-to-target lineage; tenant/security scope; metric definition; freshness; mapped tests,"Row security is thorough and proven: forced row level security, security_invoker on every reporting view, company_id on every one, an explicit tenant argument where the service role is in play. Column security does not exist — no masking, no column-level grants, no classification driving either. Blocked platform-wide by: transformation version (not_met), reconciliation (not_met), data quality (not_met), query/report behavior (not_met)."
P29-REQ-236,Privacy in Analytics,not_verified,partial,transformation version; reconciliation; data quality; query/report behavior,source-to-target lineage; tenant/security scope; metric definition; freshness; mapped tests,"Tenant isolation is enforced and proven. There is no anonymization, no aggregation threshold, no differential access to person-level data, and the platform-wide absence of a retention schedule or erasure path recorded in F7 applies here in full. Blocked platform-wide by: transformation version (not_met), reconciliation (not_met), data quality (not_met), query/report behavior (not_met)."
P29-REQ-237,Retention/Archive,not_verified,partial,transformation version; reconciliation; data quality; query/report behavior,source-to-target lineage; tenant/security scope; metric definition; freshness; mapped tests,"Analytics data is the operational data, so it is retained exactly as long as the records are — which, per F7, is forever, because a company cannot be deleted. There is no archive tier, no purge, no retention policy and nothing that says any of this out loud. Blocked platform-wide by: transformation version (not_met), reconciliation (not_met), data quality (not_met), query/report behavior (not_met)."
P29-REQ-238,Analytics Audit,not_verified,partial,transformation version; reconciliation; data quality; query/report behavior,source-to-target lineage; tenant/security scope; metric definition; freshness; mapped tests,"Every metric definition change is audited and versioned, and every API request for a metric is logged with its key, status and duration. There is no analytics-specific audit: no record of who viewed which figure, no export log, no access review. Blocked platform-wide by: transformation version (not_met), reconciliation (not_met), data quality (not_met), query/report behavior (not_met)."
P29-REQ-239,Cost/Performance Optimization,not_verified,partial,transformation version; reconciliation; data quality; query/report behavior,source-to-target lineage; tenant/security scope; metric definition; freshness; mapped tests,"Indexes support the reporting views' group-by columns and the metric version lookup. There is no query budget, no performance baseline, no materialization strategy and no cost measurement. Blocked platform-wide by: transformation version (not_met), reconciliation (not_met), data quality (not_met), query/report behavior (not_met)."
P29-REQ-240,AI-Ready Feature Data,not_verified,not_built,transformation version; reconciliation; data quality; query/report behavior,source-to-target lineage; tenant/security scope; metric definition; freshness; mapped tests,"No feature store, no feature definition, no training dataset. Blocked platform-wide by: transformation version (not_met), reconciliation (not_met), data quality (not_met), query/report behavior (not_met)."
P29-REQ-241,Vector/Embedding Metadata,not_verified,not_built,transformation version; reconciliation; data quality; query/report behavior,source-to-target lineage; tenant/security scope; metric definition; freshness; mapped tests,"No embeddings, no vector index, no similarity search. Blocked platform-wide by: transformation version (not_met), reconciliation (not_met), data quality (not_met), query/report behavior (not_met)."
P29-REQ-242,Model Feature Governance,not_verified,not_built,transformation version; reconciliation; data quality; query/report behavior,source-to-target lineage; tenant/security scope; metric definition; freshness; mapped tests,"No model registry, no feature lineage, no drift monitoring — the same absence P20 recorded for AI/ML production governance. Blocked platform-wide by: transformation version (not_met), reconciliation (not_met), data quality (not_met), query/report behavior (not_met)."
P29-REQ-243,Analytics Observability,not_verified,partial,transformation version; reconciliation; data quality; query/report behavior,source-to-target lineage; tenant/security scope; metric definition; freshness; mapped tests,"The observability library produces structured logs and metrics with request correlation, and API requests to the metric route are recorded. Nothing is deployed, so nothing consumes them — the same absence P20 recorded. Blocked platform-wide by: transformation version (not_met), reconciliation (not_met), data quality (not_met), query/report behavior (not_met)."
P29-REQ-244,Analytics Incident Response,not_verified,not_built,transformation version; reconciliation; data quality; query/report behavior,source-to-target lineage; tenant/security scope; metric definition; freshness; mapped tests,"No incident model at all, analytics or otherwise — the operational face of what P20 and P28 both named. Blocked platform-wide by: transformation version (not_met), reconciliation (not_met), data quality (not_met), query/report behavior (not_met)."
P29-REQ-245,Analytics Platform Architecture,not_verified,partial,transformation version; reconciliation; data quality; query/report behavior,source-to-target lineage; tenant/security scope; metric definition; freshness; mapped tests,"The architecture is deliberate and documented — a view layer over the normalized schema, governed metric definitions above it, one evaluation path, no copies. It is an architecture for a semantic layer, not for an analytics platform: no separate compute, no storage tier, no workload isolation. Blocked platform-wide by: transformation version (not_met), reconciliation (not_met), data quality (not_met), query/report behavior (not_met)."
P29-REQ-246,Operational Data Replication,not_verified,not_built,transformation version; reconciliation; data quality; query/report behavior,source-to-target lineage; tenant/security scope; metric definition; freshness; mapped tests,"No replica, no read-only analytics copy, no replication lag to monitor. Blocked platform-wide by: transformation version (not_met), reconciliation (not_met), data quality (not_met), query/report behavior (not_met)."
P29-REQ-247,Data Warehouse,not_verified,not_built,transformation version; reconciliation; data quality; query/report behavior,source-to-target lineage; tenant/security scope; metric definition; freshness; mapped tests,"No warehouse. Reporting reads the operational schema directly. Blocked platform-wide by: transformation version (not_met), reconciliation (not_met), data quality (not_met), query/report behavior (not_met)."
P29-REQ-248,Lakehouse/Object Analytics,not_verified,not_built,transformation version; reconciliation; data quality; query/report behavior,source-to-target lineage; tenant/security scope; metric definition; freshness; mapped tests,"No object storage analytics, no table format, no external tables. Blocked platform-wide by: transformation version (not_met), reconciliation (not_met), data quality (not_met), query/report behavior (not_met)."
P29-REQ-249,Bronze/Silver/Gold Layers,not_verified,not_built,transformation version; reconciliation; data quality; query/report behavior,source-to-target lineage; tenant/security scope; metric definition; freshness; mapped tests,"No layering. There is one layer, and it is the operational schema. Blocked platform-wide by: transformation version (not_met), reconciliation (not_met), data quality (not_met), query/report behavior (not_met)."
P29-REQ-250,ETL/ELT,not_verified,not_built,transformation version; reconciliation; data quality; query/report behavior,source-to-target lineage; tenant/security scope; metric definition; freshness; mapped tests,"No extract, transform or load of any kind. The views are the only transformation and they run at query time. Blocked platform-wide by: transformation version (not_met), reconciliation (not_met), data quality (not_met), query/report behavior (not_met)."
P29-REQ-251,CDC,not_verified,not_built,transformation version; reconciliation; data quality; query/report behavior,source-to-target lineage; tenant/security scope; metric definition; freshness; mapped tests,"No change data capture, no log reader, no stream of row changes. Blocked platform-wide by: transformation version (not_met), reconciliation (not_met), data quality (not_met), query/report behavior (not_met)."
P29-REQ-252,Batch Ingestion,not_verified,not_built,transformation version; reconciliation; data quality; query/report behavior,source-to-target lineage; tenant/security scope; metric definition; freshness; mapped tests,"No batch load, no staging area, no file-based ingestion into analytics. Blocked platform-wide by: transformation version (not_met), reconciliation (not_met), data quality (not_met), query/report behavior (not_met)."
P29-REQ-253,Streaming Ingestion,not_verified,not_built,transformation version; reconciliation; data quality; query/report behavior,source-to-target lineage; tenant/security scope; metric definition; freshness; mapped tests,"No stream, no event ingestion — the absence P20 and P30 both recorded from other sides. Blocked platform-wide by: transformation version (not_met), reconciliation (not_met), data quality (not_met), query/report behavior (not_met)."
P29-REQ-254,Pipeline Orchestration,not_verified,not_built,transformation version; reconciliation; data quality; query/report behavior,source-to-target lineage; tenant/security scope; metric definition; freshness; mapped tests,"No scheduler, no DAG, no dependency between transformations, no run history. Blocked platform-wide by: transformation version (not_met), reconciliation (not_met), data quality (not_met), query/report behavior (not_met)."
P29-REQ-255,Schema Evolution,not_verified,not_built,transformation version; reconciliation; data quality; query/report behavior,source-to-target lineage; tenant/security scope; metric definition; freshness; mapped tests,"Migrations are ordered and forward-only, which governs the operational schema. There is no analytics schema to evolve and no compatibility policy for one. Blocked platform-wide by: transformation version (not_met), reconciliation (not_met), data quality (not_met), query/report behavior (not_met)."
P29-REQ-256,Data Contracts,not_verified,not_built,transformation version; reconciliation; data quality; query/report behavior,source-to-target lineage; tenant/security scope; metric definition; freshness; mapped tests,"No contract between a producer and a consumer of analytics data, no schema registry, no breaking-change gate. Blocked platform-wide by: transformation version (not_met), reconciliation (not_met), data quality (not_met), query/report behavior (not_met)."
P29-REQ-257,Canonical Dimensions,not_verified,not_built,transformation version; reconciliation; data quality; query/report behavior,source-to-target lineage; tenant/security scope; metric definition; freshness; mapped tests,"No dimension tables, no conformed dimensions, no shared keys across marts. Blocked platform-wide by: transformation version (not_met), reconciliation (not_met), data quality (not_met), query/report behavior (not_met)."
P29-REQ-258,Fact Tables,not_verified,not_built,transformation version; reconciliation; data quality; query/report behavior,source-to-target lineage; tenant/security scope; metric definition; freshness; mapped tests,"No fact tables. Aggregation happens in views at query time. Blocked platform-wide by: transformation version (not_met), reconciliation (not_met), data quality (not_met), query/report behavior (not_met)."
P29-REQ-259,Slowly Changing Dimensions,not_verified,not_built,transformation version; reconciliation; data quality; query/report behavior,source-to-target lineage; tenant/security scope; metric definition; freshness; mapped tests,"No dimension history. The platform tracks history where it matters commercially — library rates, plan versions, document revisions, metric definitions — through append-only version tables rather than through a dimensional model. Blocked platform-wide by: transformation version (not_met), reconciliation (not_met), data quality (not_met), query/report behavior (not_met)."
P29-REQ-260,Semantic Model,not_verified,partial,transformation version; reconciliation; data quality; query/report behavior,source-to-target lineage; tenant/security scope; metric definition; freshness; mapped tests,"Ten views and sixteen governed metrics over a normalized schema, with lineage from metric to view enforced by test. There is no dimensional model: no conformed dimensions, no fact tables, no hierarchies and no drill path. Blocked platform-wide by: transformation version (not_met), reconciliation (not_met), data quality (not_met), query/report behavior (not_met)."
P29-REQ-261,Metric Definitions,not_verified,built,transformation version; reconciliation; data quality; query/report behavior,source-to-target lineage; tenant/security scope; metric definition; freshness; mapped tests,"Blocked platform-wide by: transformation version (not_met), reconciliation (not_met), data quality (not_met), query/report behavior (not_met)."
P29-REQ-262,KPI Registry,not_verified,partial,transformation version; reconciliation; data quality; query/report behavior,source-to-target lineage; tenant/security scope; metric definition; freshness; mapped tests,"The metric catalog is a registry in everything but name — keyed, described, unit-typed, grain-typed, targeted, versioned and permissioned. What is missing is the KPI layer above it: no scorecard, no owner, no review cadence, no threshold alerting against the targets it already stores. Blocked platform-wide by: transformation version (not_met), reconciliation (not_met), data quality (not_met), query/report behavior (not_met)."
P29-REQ-263,Measure Calculation,not_verified,partial,transformation version; reconciliation; data quality; query/report behavior,source-to-target lineage; tenant/security scope; metric definition; freshness; mapped tests,"One function evaluates every platform-defined measure, and the API and any screen read it rather than computing separately. Only platform definitions are executed, deliberately; there is no user-defined measure, no calculated column and no measure composition. Blocked platform-wide by: transformation version (not_met), reconciliation (not_met), data quality (not_met), query/report behavior (not_met)."
P29-REQ-264,Time Intelligence,not_verified,not_built,transformation version; reconciliation; data quality; query/report behavior,source-to-target lineage; tenant/security scope; metric definition; freshness; mapped tests,"No period-over-period comparison, no year-to-date, no rolling window, no fiscal calendar in the semantic layer. Financial periods exist as an accounting control and nothing reports across them. Blocked platform-wide by: transformation version (not_met), reconciliation (not_met), data quality (not_met), query/report behavior (not_met)."
P29-REQ-265,Financial Analytics,not_verified,partial,transformation version; reconciliation; data quality; query/report behavior,source-to-target lineage; tenant/security scope; metric definition; freshness; mapped tests,"`reporting_project_financials` computes cost, billing, retainage, margin and change order ratio per project, and nine metrics are defined over it. It is served through the public API and read by no screen. Blocked platform-wide by: transformation version (not_met), reconciliation (not_met), data quality (not_met), query/report behavior (not_met)."
P29-REQ-266,Estimating Analytics,not_verified,partial,transformation version; reconciliation; data quality; query/report behavior,source-to-target lineage; tenant/security scope; metric definition; freshness; mapped tests,"`reporting_bid_performance` computes bid hit rate and estimates submitted by month and division. There is no bid-versus-actual analysis, no estimator performance and no cost-model calibration. Blocked platform-wide by: transformation version (not_met), reconciliation (not_met), data quality (not_met), query/report behavior (not_met)."
P29-REQ-267,Production Analytics,not_verified,partial,transformation version; reconciliation; data quality; query/report behavior,source-to-target lineage; tenant/security scope; metric definition; freshness; mapped tests,"Quantities and hours are reconcilable against estimated production rates through the same view and the engine's own output. Nothing computes the comparison. Blocked platform-wide by: transformation version (not_met), reconciliation (not_met), data quality (not_met), query/report behavior (not_met)."
P29-REQ-268,Project Analytics,not_verified,partial,transformation version; reconciliation; data quality; query/report behavior,source-to-target lineage; tenant/security scope; metric definition; freshness; mapped tests,"The same view carries project-grain cost and billing. There is no project health score, no earned value, no trend and no portfolio roll-up. Blocked platform-wide by: transformation version (not_met), reconciliation (not_met), data quality (not_met), query/report behavior (not_met)."
P29-REQ-269,Schedule Analytics,not_verified,partial,transformation version; reconciliation; data quality; query/report behavior,source-to-target lineage; tenant/security scope; metric definition; freshness; mapped tests,"`reporting_schedule_variance` compares the current calculation against the current baseline, with float derivable only from an actual critical-path calculation. There is no trend, no schedule performance index and no look-ahead analytics. Blocked platform-wide by: transformation version (not_met), reconciliation (not_met), data quality (not_met), query/report behavior (not_met)."
P29-REQ-270,Commercial Analytics,not_verified,partial,transformation version; reconciliation; data quality; query/report behavior,source-to-target lineage; tenant/security scope; metric definition; freshness; mapped tests,"Change order ratio is computed and claims carry derived deadlines. There is no exposure analysis, no claim outcome history and no contract performance view. Blocked platform-wide by: transformation version (not_met), reconciliation (not_met), data quality (not_met), query/report behavior (not_met)."
P29-REQ-271,CRM Analytics,not_verified,partial,transformation version; reconciliation; data quality; query/report behavior,source-to-target lineage; tenant/security scope; metric definition; freshness; mapped tests,"Bid performance covers the win rate. There is no pipeline conversion, no source attribution, no customer lifetime value and no forecast. Blocked platform-wide by: transformation version (not_met), reconciliation (not_met), data quality (not_met), query/report behavior (not_met)."
P29-REQ-272,Workforce Analytics,not_verified,partial,transformation version; reconciliation; data quality; query/report behavior,source-to-target lineage; tenant/security scope; metric definition; freshness; mapped tests,"`reporting_labor_productivity` computes approved hours and premium-hour ratio by week, project and cost code. There is no crew productivity against estimate, no absence analysis and no turnover. Blocked platform-wide by: transformation version (not_met), reconciliation (not_met), data quality (not_met), query/report behavior (not_met)."
P29-REQ-273,Fleet Analytics,not_verified,not_built,transformation version; reconciliation; data quality; query/report behavior,source-to-target lineage; tenant/security scope; metric definition; freshness; mapped tests,"No reporting view for fleet at all. Utilization is computed on a screen from demonstration data; cost per hour, availability and replacement analysis do not exist. Blocked platform-wide by: transformation version (not_met), reconciliation (not_met), data quality (not_met), query/report behavior (not_met)."
P29-REQ-274,Procurement Analytics,not_verified,not_built,transformation version; reconciliation; data quality; query/report behavior,source-to-target lineage; tenant/security scope; metric definition; freshness; mapped tests,"No reporting view. No spend analysis, no vendor performance, no commitment versus actual. Blocked platform-wide by: transformation version (not_met), reconciliation (not_met), data quality (not_met), query/report behavior (not_met)."
P29-REQ-275,Safety Analytics,not_verified,partial,transformation version; reconciliation; data quality; query/report behavior,source-to-target lineage; tenant/security scope; metric definition; freshness; mapped tests,"The strongest of the analytics domains after this phase: incidents by month, and TRIR and DART correctly computed against approved hours, with the definition errors found and fixed. There is no leading indicator, no observation rate, no trend and no benchmark. Blocked platform-wide by: transformation version (not_met), reconciliation (not_met), data quality (not_met), query/report behavior (not_met)."
P29-REQ-276,Document/AI Analytics,not_verified,not_built,transformation version; reconciliation; data quality; query/report behavior,source-to-target lineage; tenant/security scope; metric definition; freshness; mapped tests,"No reporting view. AI requests are metered for billing and nothing analyzes finding accuracy, acceptance rate or model performance. Blocked platform-wide by: transformation version (not_met), reconciliation (not_met), data quality (not_met), query/report behavior (not_met)."
P29-REQ-277,Regional Pricing Analytics,not_verified,not_built,transformation version; reconciliation; data quality; query/report behavior,source-to-target lineage; tenant/security scope; metric definition; freshness; mapped tests,"Regional pricing exists in the estimating libraries as condition modifiers. Nothing analyzes it: no regional benchmark, no price trend, no market comparison. Blocked platform-wide by: transformation version (not_met), reconciliation (not_met), data quality (not_met), query/report behavior (not_met)."
P29-REQ-278,Benchmarking,not_verified,not_built,transformation version; reconciliation; data quality; query/report behavior,source-to-target lineage; tenant/security scope; metric definition; freshness; mapped tests,"No internal benchmark, no peer comparison, no industry reference. Blocked platform-wide by: transformation version (not_met), reconciliation (not_met), data quality (not_met), query/report behavior (not_met)."
P29-REQ-279,Historical Trends,not_verified,not_built,transformation version; reconciliation; data quality; query/report behavior,source-to-target lineage; tenant/security scope; metric definition; freshness; mapped tests,"No trend of anything. Every metric returns a current value. Blocked platform-wide by: transformation version (not_met), reconciliation (not_met), data quality (not_met), query/report behavior (not_met)."
P29-REQ-280,Forecasting,not_verified,not_built,transformation version; reconciliation; data quality; query/report behavior,source-to-target lineage; tenant/security scope; metric definition; freshness; mapped tests,"No forecast, no projection, no model of any kind. Blocked platform-wide by: transformation version (not_met), reconciliation (not_met), data quality (not_met), query/report behavior (not_met)."
P29-REQ-281,Scenario Analytics,not_verified,not_built,transformation version; reconciliation; data quality; query/report behavior,source-to-target lineage; tenant/security scope; metric definition; freshness; mapped tests,"No scenario, no what-if, no sensitivity analysis over analytics data. The estimating engine supports scenario comparison; nothing carries it into reporting. Blocked platform-wide by: transformation version (not_met), reconciliation (not_met), data quality (not_met), query/report behavior (not_met)."
P29-REQ-282,Portfolio Analytics,not_verified,not_built,transformation version; reconciliation; data quality; query/report behavior,source-to-target lineage; tenant/security scope; metric definition; freshness; mapped tests,"No portfolio roll-up, no cross-project aggregation above the company grain, no capital allocation view. Blocked platform-wide by: transformation version (not_met), reconciliation (not_met), data quality (not_met), query/report behavior (not_met)."
P29-REQ-283,Executive Dashboards,not_verified,partial,transformation version; reconciliation; data quality; query/report behavior,source-to-target lineage; tenant/security scope; metric definition; freshness; mapped tests,"A dashboard screen exists and reads demonstration fixtures. Nothing on it comes from the semantic layer. Blocked platform-wide by: transformation version (not_met), reconciliation (not_met), data quality (not_met), query/report behavior (not_met)."
P29-REQ-284,Operational Dashboards,not_verified,partial,transformation version; reconciliation; data quality; query/report behavior,source-to-target lineage; tenant/security scope; metric definition; freshness; mapped tests,"Same: the screens are built, complete and fed by static data. Blocked platform-wide by: transformation version (not_met), reconciliation (not_met), data quality (not_met), query/report behavior (not_met)."
P29-REQ-285,Self-Service Reporting,not_verified,not_built,transformation version; reconciliation; data quality; query/report behavior,source-to-target lineage; tenant/security scope; metric definition; freshness; mapped tests,"No report builder, no saved report, no user-defined visualization. Blocked platform-wide by: transformation version (not_met), reconciliation (not_met), data quality (not_met), query/report behavior (not_met)."
P29-REQ-286,Ad Hoc Analysis,not_verified,not_built,transformation version; reconciliation; data quality; query/report behavior,source-to-target lineage; tenant/security scope; metric definition; freshness; mapped tests,"No query surface, no exploration, no pivot. Blocked platform-wide by: transformation version (not_met), reconciliation (not_met), data quality (not_met), query/report behavior (not_met)."
P29-REQ-287,Report Scheduling,not_verified,not_built,transformation version; reconciliation; data quality; query/report behavior,source-to-target lineage; tenant/security scope; metric definition; freshness; mapped tests,"No schedule, no recurrence, no delivery. Blocked platform-wide by: transformation version (not_met), reconciliation (not_met), data quality (not_met), query/report behavior (not_met)."
P29-REQ-288,Exports/Subscriptions,not_verified,partial,transformation version; reconciliation; data quality; query/report behavior,source-to-target lineage; tenant/security scope; metric definition; freshness; mapped tests,"An Export button with no handler. Nothing exports in any format, and there is no subscription or delivery of any kind. Blocked platform-wide by: transformation version (not_met), reconciliation (not_met), data quality (not_met), query/report behavior (not_met)."
P29-REQ-289,Data Quality,not_verified,not_built,transformation version; reconciliation; data quality; query/report behavior,source-to-target lineage; tenant/security scope; metric definition; freshness; mapped tests,"No rule, no profile, no score, no threshold, no alert. Blocked platform-wide by: transformation version (not_met), reconciliation (not_met), data quality (not_met), query/report behavior (not_met)."
P29-REQ-290,Reconciliation,not_verified,not_built,transformation version; reconciliation; data quality; query/report behavior,source-to-target lineage; tenant/security scope; metric definition; freshness; mapped tests,"No control total, no tie-out, no variance between the semantic layer and the records beneath it. Blocked platform-wide by: transformation version (not_met), reconciliation (not_met), data quality (not_met), query/report behavior (not_met)."
P29-REQ-291,Freshness Monitoring,not_verified,partial,transformation version; reconciliation; data quality; query/report behavior,source-to-target lineage; tenant/security scope; metric definition; freshness; mapped tests,"Nothing is materialized and a test keeps it that way, so no figure can be stale. There is no monitor, because there is nothing yet that could go stale — and no watch on that assumption beyond the test. Blocked platform-wide by: transformation version (not_met), reconciliation (not_met), data quality (not_met), query/report behavior (not_met)."
P29-REQ-292,Data Lineage,not_verified,partial,transformation version; reconciliation; data quality; query/report behavior,source-to-target lineage; tenant/security scope; metric definition; freshness; mapped tests,"Metric-to-view lineage is recorded and enforced by test, which is the part that can go wrong silently. There is no column-level lineage, no lineage graph, no impact analysis and no catalog to browse it in. Blocked platform-wide by: transformation version (not_met), reconciliation (not_met), data quality (not_met), query/report behavior (not_met)."
P29-REQ-293,Metadata Catalog,not_verified,not_built,transformation version; reconciliation; data quality; query/report behavior,source-to-target lineage; tenant/security scope; metric definition; freshness; mapped tests,"No catalog, no glossary, no searchable description of what exists. The metric definitions carry descriptions and are the closest thing to one. Blocked platform-wide by: transformation version (not_met), reconciliation (not_met), data quality (not_met), query/report behavior (not_met)."
P29-REQ-294,Master Data Alignment,not_verified,not_built,transformation version; reconciliation; data quality; query/report behavior,source-to-target lineage; tenant/security scope; metric definition; freshness; mapped tests,"No master data management, no golden record, no cross-system entity resolution. Blocked platform-wide by: transformation version (not_met), reconciliation (not_met), data quality (not_met), query/report behavior (not_met)."
P29-REQ-295,Tenant Analytics Isolation,not_verified,built,transformation version; reconciliation; data quality; query/report behavior,source-to-target lineage; tenant/security scope; metric definition; freshness; mapped tests,"Blocked platform-wide by: transformation version (not_met), reconciliation (not_met), data quality (not_met), query/report behavior (not_met)."
P29-REQ-296,Row/Column Security,not_verified,partial,transformation version; reconciliation; data quality; query/report behavior,source-to-target lineage; tenant/security scope; metric definition; freshness; mapped tests,"Row security is thorough and proven: forced row level security, security_invoker on every reporting view, company_id on every one, an explicit tenant argument where the service role is in play. Column security does not exist — no masking, no column-level grants, no classification driving either. Blocked platform-wide by: transformation version (not_met), reconciliation (not_met), data quality (not_met), query/report behavior (not_met)."
P29-REQ-297,Privacy in Analytics,not_verified,partial,transformation version; reconciliation; data quality; query/report behavior,source-to-target lineage; tenant/security scope; metric definition; freshness; mapped tests,"Tenant isolation is enforced and proven. There is no anonymization, no aggregation threshold, no differential access to person-level data, and the platform-wide absence of a retention schedule or erasure path recorded in F7 applies here in full. Blocked platform-wide by: transformation version (not_met), reconciliation (not_met), data quality (not_met), query/report behavior (not_met)."
P29-REQ-298,Retention/Archive,not_verified,partial,transformation version; reconciliation; data quality; query/report behavior,source-to-target lineage; tenant/security scope; metric definition; freshness; mapped tests,"Analytics data is the operational data, so it is retained exactly as long as the records are — which, per F7, is forever, because a company cannot be deleted. There is no archive tier, no purge, no retention policy and nothing that says any of this out loud. Blocked platform-wide by: transformation version (not_met), reconciliation (not_met), data quality (not_met), query/report behavior (not_met)."
P29-REQ-299,Analytics Audit,not_verified,partial,transformation version; reconciliation; data quality; query/report behavior,source-to-target lineage; tenant/security scope; metric definition; freshness; mapped tests,"Every metric definition change is audited and versioned, and every API request for a metric is logged with its key, status and duration. There is no analytics-specific audit: no record of who viewed which figure, no export log, no access review. Blocked platform-wide by: transformation version (not_met), reconciliation (not_met), data quality (not_met), query/report behavior (not_met)."
P29-REQ-300,Cost/Performance Optimization,not_verified,partial,transformation version; reconciliation; data quality; query/report behavior,source-to-target lineage; tenant/security scope; metric definition; freshness; mapped tests,"Indexes support the reporting views' group-by columns and the metric version lookup. There is no query budget, no performance baseline, no materialization strategy and no cost measurement. Blocked platform-wide by: transformation version (not_met), reconciliation (not_met), data quality (not_met), query/report behavior (not_met)."
P29-REQ-301,AI-Ready Feature Data,not_verified,not_built,transformation version; reconciliation; data quality; query/report behavior,source-to-target lineage; tenant/security scope; metric definition; freshness; mapped tests,"No feature store, no feature definition, no training dataset. Blocked platform-wide by: transformation version (not_met), reconciliation (not_met), data quality (not_met), query/report behavior (not_met)."
P29-REQ-302,Vector/Embedding Metadata,not_verified,not_built,transformation version; reconciliation; data quality; query/report behavior,source-to-target lineage; tenant/security scope; metric definition; freshness; mapped tests,"No embeddings, no vector index, no similarity search. Blocked platform-wide by: transformation version (not_met), reconciliation (not_met), data quality (not_met), query/report behavior (not_met)."
P29-REQ-303,Model Feature Governance,not_verified,not_built,transformation version; reconciliation; data quality; query/report behavior,source-to-target lineage; tenant/security scope; metric definition; freshness; mapped tests,"No model registry, no feature lineage, no drift monitoring — the same absence P20 recorded for AI/ML production governance. Blocked platform-wide by: transformation version (not_met), reconciliation (not_met), data quality (not_met), query/report behavior (not_met)."
P29-REQ-304,Analytics Observability,not_verified,partial,transformation version; reconciliation; data quality; query/report behavior,source-to-target lineage; tenant/security scope; metric definition; freshness; mapped tests,"The observability library produces structured logs and metrics with request correlation, and API requests to the metric route are recorded. Nothing is deployed, so nothing consumes them — the same absence P20 recorded. Blocked platform-wide by: transformation version (not_met), reconciliation (not_met), data quality (not_met), query/report behavior (not_met)."
P29-REQ-305,Analytics Incident Response,not_verified,not_built,transformation version; reconciliation; data quality; query/report behavior,source-to-target lineage; tenant/security scope; metric definition; freshness; mapped tests,"No incident model at all, analytics or otherwise — the operational face of what P20 and P28 both named. Blocked platform-wide by: transformation version (not_met), reconciliation (not_met), data quality (not_met), query/report behavior (not_met)."
P29-REQ-306,Analytics Platform Architecture,not_verified,partial,transformation version; reconciliation; data quality; query/report behavior,source-to-target lineage; tenant/security scope; metric definition; freshness; mapped tests,"The architecture is deliberate and documented — a view layer over the normalized schema, governed metric definitions above it, one evaluation path, no copies. It is an architecture for a semantic layer, not for an analytics platform: no separate compute, no storage tier, no workload isolation. Blocked platform-wide by: transformation version (not_met), reconciliation (not_met), data quality (not_met), query/report behavior (not_met)."
P29-REQ-307,Operational Data Replication,not_verified,not_built,transformation version; reconciliation; data quality; query/report behavior,source-to-target lineage; tenant/security scope; metric definition; freshness; mapped tests,"No replica, no read-only analytics copy, no replication lag to monitor. Blocked platform-wide by: transformation version (not_met), reconciliation (not_met), data quality (not_met), query/report behavior (not_met)."
P29-REQ-308,Data Warehouse,not_verified,not_built,transformation version; reconciliation; data quality; query/report behavior,source-to-target lineage; tenant/security scope; metric definition; freshness; mapped tests,"No warehouse. Reporting reads the operational schema directly. Blocked platform-wide by: transformation version (not_met), reconciliation (not_met), data quality (not_met), query/report behavior (not_met)."
P29-REQ-309,Lakehouse/Object Analytics,not_verified,not_built,transformation version; reconciliation; data quality; query/report behavior,source-to-target lineage; tenant/security scope; metric definition; freshness; mapped tests,"No object storage analytics, no table format, no external tables. Blocked platform-wide by: transformation version (not_met), reconciliation (not_met), data quality (not_met), query/report behavior (not_met)."
P29-REQ-310,Bronze/Silver/Gold Layers,not_verified,not_built,transformation version; reconciliation; data quality; query/report behavior,source-to-target lineage; tenant/security scope; metric definition; freshness; mapped tests,"No layering. There is one layer, and it is the operational schema. Blocked platform-wide by: transformation version (not_met), reconciliation (not_met), data quality (not_met), query/report behavior (not_met)."
P29-REQ-311,ETL/ELT,not_verified,not_built,transformation version; reconciliation; data quality; query/report behavior,source-to-target lineage; tenant/security scope; metric definition; freshness; mapped tests,"No extract, transform or load of any kind. The views are the only transformation and they run at query time. Blocked platform-wide by: transformation version (not_met), reconciliation (not_met), data quality (not_met), query/report behavior (not_met)."
P29-REQ-312,CDC,not_verified,not_built,transformation version; reconciliation; data quality; query/report behavior,source-to-target lineage; tenant/security scope; metric definition; freshness; mapped tests,"No change data capture, no log reader, no stream of row changes. Blocked platform-wide by: transformation version (not_met), reconciliation (not_met), data quality (not_met), query/report behavior (not_met)."
P29-REQ-313,Batch Ingestion,not_verified,not_built,transformation version; reconciliation; data quality; query/report behavior,source-to-target lineage; tenant/security scope; metric definition; freshness; mapped tests,"No batch load, no staging area, no file-based ingestion into analytics. Blocked platform-wide by: transformation version (not_met), reconciliation (not_met), data quality (not_met), query/report behavior (not_met)."
P29-REQ-314,Streaming Ingestion,not_verified,not_built,transformation version; reconciliation; data quality; query/report behavior,source-to-target lineage; tenant/security scope; metric definition; freshness; mapped tests,"No stream, no event ingestion — the absence P20 and P30 both recorded from other sides. Blocked platform-wide by: transformation version (not_met), reconciliation (not_met), data quality (not_met), query/report behavior (not_met)."
P29-REQ-315,Pipeline Orchestration,not_verified,not_built,transformation version; reconciliation; data quality; query/report behavior,source-to-target lineage; tenant/security scope; metric definition; freshness; mapped tests,"No scheduler, no DAG, no dependency between transformations, no run history. Blocked platform-wide by: transformation version (not_met), reconciliation (not_met), data quality (not_met), query/report behavior (not_met)."
P29-REQ-316,Schema Evolution,not_verified,not_built,transformation version; reconciliation; data quality; query/report behavior,source-to-target lineage; tenant/security scope; metric definition; freshness; mapped tests,"Migrations are ordered and forward-only, which governs the operational schema. There is no analytics schema to evolve and no compatibility policy for one. Blocked platform-wide by: transformation version (not_met), reconciliation (not_met), data quality (not_met), query/report behavior (not_met)."
P29-REQ-317,Data Contracts,not_verified,not_built,transformation version; reconciliation; data quality; query/report behavior,source-to-target lineage; tenant/security scope; metric definition; freshness; mapped tests,"No contract between a producer and a consumer of analytics data, no schema registry, no breaking-change gate. Blocked platform-wide by: transformation version (not_met), reconciliation (not_met), data quality (not_met), query/report behavior (not_met)."
P29-REQ-318,Canonical Dimensions,not_verified,not_built,transformation version; reconciliation; data quality; query/report behavior,source-to-target lineage; tenant/security scope; metric definition; freshness; mapped tests,"No dimension tables, no conformed dimensions, no shared keys across marts. Blocked platform-wide by: transformation version (not_met), reconciliation (not_met), data quality (not_met), query/report behavior (not_met)."
P29-REQ-319,Fact Tables,not_verified,not_built,transformation version; reconciliation; data quality; query/report behavior,source-to-target lineage; tenant/security scope; metric definition; freshness; mapped tests,"No fact tables. Aggregation happens in views at query time. Blocked platform-wide by: transformation version (not_met), reconciliation (not_met), data quality (not_met), query/report behavior (not_met)."
P29-REQ-320,Slowly Changing Dimensions,not_verified,not_built,transformation version; reconciliation; data quality; query/report behavior,source-to-target lineage; tenant/security scope; metric definition; freshness; mapped tests,"No dimension history. The platform tracks history where it matters commercially — library rates, plan versions, document revisions, metric definitions — through append-only version tables rather than through a dimensional model. Blocked platform-wide by: transformation version (not_met), reconciliation (not_met), data quality (not_met), query/report behavior (not_met)."
P29-REQ-321,Semantic Model,not_verified,partial,transformation version; reconciliation; data quality; query/report behavior,source-to-target lineage; tenant/security scope; metric definition; freshness; mapped tests,"Ten views and sixteen governed metrics over a normalized schema, with lineage from metric to view enforced by test. There is no dimensional model: no conformed dimensions, no fact tables, no hierarchies and no drill path. Blocked platform-wide by: transformation version (not_met), reconciliation (not_met), data quality (not_met), query/report behavior (not_met)."
P29-REQ-322,Metric Definitions,not_verified,built,transformation version; reconciliation; data quality; query/report behavior,source-to-target lineage; tenant/security scope; metric definition; freshness; mapped tests,"Blocked platform-wide by: transformation version (not_met), reconciliation (not_met), data quality (not_met), query/report behavior (not_met)."
P29-REQ-323,KPI Registry,not_verified,partial,transformation version; reconciliation; data quality; query/report behavior,source-to-target lineage; tenant/security scope; metric definition; freshness; mapped tests,"The metric catalog is a registry in everything but name — keyed, described, unit-typed, grain-typed, targeted, versioned and permissioned. What is missing is the KPI layer above it: no scorecard, no owner, no review cadence, no threshold alerting against the targets it already stores. Blocked platform-wide by: transformation version (not_met), reconciliation (not_met), data quality (not_met), query/report behavior (not_met)."
P29-REQ-324,Measure Calculation,not_verified,partial,transformation version; reconciliation; data quality; query/report behavior,source-to-target lineage; tenant/security scope; metric definition; freshness; mapped tests,"One function evaluates every platform-defined measure, and the API and any screen read it rather than computing separately. Only platform definitions are executed, deliberately; there is no user-defined measure, no calculated column and no measure composition. Blocked platform-wide by: transformation version (not_met), reconciliation (not_met), data quality (not_met), query/report behavior (not_met)."
P29-REQ-325,Time Intelligence,not_verified,not_built,transformation version; reconciliation; data quality; query/report behavior,source-to-target lineage; tenant/security scope; metric definition; freshness; mapped tests,"No period-over-period comparison, no year-to-date, no rolling window, no fiscal calendar in the semantic layer. Financial periods exist as an accounting control and nothing reports across them. Blocked platform-wide by: transformation version (not_met), reconciliation (not_met), data quality (not_met), query/report behavior (not_met)."
P29-REQ-326,Financial Analytics,not_verified,partial,transformation version; reconciliation; data quality; query/report behavior,source-to-target lineage; tenant/security scope; metric definition; freshness; mapped tests,"`reporting_project_financials` computes cost, billing, retainage, margin and change order ratio per project, and nine metrics are defined over it. It is served through the public API and read by no screen. Blocked platform-wide by: transformation version (not_met), reconciliation (not_met), data quality (not_met), query/report behavior (not_met)."
P29-REQ-327,Estimating Analytics,not_verified,partial,transformation version; reconciliation; data quality; query/report behavior,source-to-target lineage; tenant/security scope; metric definition; freshness; mapped tests,"`reporting_bid_performance` computes bid hit rate and estimates submitted by month and division. There is no bid-versus-actual analysis, no estimator performance and no cost-model calibration. Blocked platform-wide by: transformation version (not_met), reconciliation (not_met), data quality (not_met), query/report behavior (not_met)."
P29-REQ-328,Production Analytics,not_verified,partial,transformation version; reconciliation; data quality; query/report behavior,source-to-target lineage; tenant/security scope; metric definition; freshness; mapped tests,"Quantities and hours are reconcilable against estimated production rates through the same view and the engine's own output. Nothing computes the comparison. Blocked platform-wide by: transformation version (not_met), reconciliation (not_met), data quality (not_met), query/report behavior (not_met)."
P29-REQ-329,Project Analytics,not_verified,partial,transformation version; reconciliation; data quality; query/report behavior,source-to-target lineage; tenant/security scope; metric definition; freshness; mapped tests,"The same view carries project-grain cost and billing. There is no project health score, no earned value, no trend and no portfolio roll-up. Blocked platform-wide by: transformation version (not_met), reconciliation (not_met), data quality (not_met), query/report behavior (not_met)."
P29-REQ-330,Schedule Analytics,not_verified,partial,transformation version; reconciliation; data quality; query/report behavior,source-to-target lineage; tenant/security scope; metric definition; freshness; mapped tests,"`reporting_schedule_variance` compares the current calculation against the current baseline, with float derivable only from an actual critical-path calculation. There is no trend, no schedule performance index and no look-ahead analytics. Blocked platform-wide by: transformation version (not_met), reconciliation (not_met), data quality (not_met), query/report behavior (not_met)."
P29-REQ-331,Commercial Analytics,not_verified,partial,transformation version; reconciliation; data quality; query/report behavior,source-to-target lineage; tenant/security scope; metric definition; freshness; mapped tests,"Change order ratio is computed and claims carry derived deadlines. There is no exposure analysis, no claim outcome history and no contract performance view. Blocked platform-wide by: transformation version (not_met), reconciliation (not_met), data quality (not_met), query/report behavior (not_met)."
P29-REQ-332,CRM Analytics,not_verified,partial,transformation version; reconciliation; data quality; query/report behavior,source-to-target lineage; tenant/security scope; metric definition; freshness; mapped tests,"Bid performance covers the win rate. There is no pipeline conversion, no source attribution, no customer lifetime value and no forecast. Blocked platform-wide by: transformation version (not_met), reconciliation (not_met), data quality (not_met), query/report behavior (not_met)."
P29-REQ-333,Workforce Analytics,not_verified,partial,transformation version; reconciliation; data quality; query/report behavior,source-to-target lineage; tenant/security scope; metric definition; freshness; mapped tests,"`reporting_labor_productivity` computes approved hours and premium-hour ratio by week, project and cost code. There is no crew productivity against estimate, no absence analysis and no turnover. Blocked platform-wide by: transformation version (not_met), reconciliation (not_met), data quality (not_met), query/report behavior (not_met)."
P29-REQ-334,Fleet Analytics,not_verified,not_built,transformation version; reconciliation; data quality; query/report behavior,source-to-target lineage; tenant/security scope; metric definition; freshness; mapped tests,"No reporting view for fleet at all. Utilization is computed on a screen from demonstration data; cost per hour, availability and replacement analysis do not exist. Blocked platform-wide by: transformation version (not_met), reconciliation (not_met), data quality (not_met), query/report behavior (not_met)."
P29-REQ-335,Procurement Analytics,not_verified,not_built,transformation version; reconciliation; data quality; query/report behavior,source-to-target lineage; tenant/security scope; metric definition; freshness; mapped tests,"No reporting view. No spend analysis, no vendor performance, no commitment versus actual. Blocked platform-wide by: transformation version (not_met), reconciliation (not_met), data quality (not_met), query/report behavior (not_met)."
P29-REQ-336,Safety Analytics,not_verified,partial,transformation version; reconciliation; data quality; query/report behavior,source-to-target lineage; tenant/security scope; metric definition; freshness; mapped tests,"The strongest of the analytics domains after this phase: incidents by month, and TRIR and DART correctly computed against approved hours, with the definition errors found and fixed. There is no leading indicator, no observation rate, no trend and no benchmark. Blocked platform-wide by: transformation version (not_met), reconciliation (not_met), data quality (not_met), query/report behavior (not_met)."
P29-REQ-337,Document/AI Analytics,not_verified,not_built,transformation version; reconciliation; data quality; query/report behavior,source-to-target lineage; tenant/security scope; metric definition; freshness; mapped tests,"No reporting view. AI requests are metered for billing and nothing analyzes finding accuracy, acceptance rate or model performance. Blocked platform-wide by: transformation version (not_met), reconciliation (not_met), data quality (not_met), query/report behavior (not_met)."
P29-REQ-338,Regional Pricing Analytics,not_verified,not_built,transformation version; reconciliation; data quality; query/report behavior,source-to-target lineage; tenant/security scope; metric definition; freshness; mapped tests,"Regional pricing exists in the estimating libraries as condition modifiers. Nothing analyzes it: no regional benchmark, no price trend, no market comparison. Blocked platform-wide by: transformation version (not_met), reconciliation (not_met), data quality (not_met), query/report behavior (not_met)."
P29-REQ-339,Benchmarking,not_verified,not_built,transformation version; reconciliation; data quality; query/report behavior,source-to-target lineage; tenant/security scope; metric definition; freshness; mapped tests,"No internal benchmark, no peer comparison, no industry reference. Blocked platform-wide by: transformation version (not_met), reconciliation (not_met), data quality (not_met), query/report behavior (not_met)."
P29-REQ-340,Historical Trends,not_verified,not_built,transformation version; reconciliation; data quality; query/report behavior,source-to-target lineage; tenant/security scope; metric definition; freshness; mapped tests,"No trend of anything. Every metric returns a current value. Blocked platform-wide by: transformation version (not_met), reconciliation (not_met), data quality (not_met), query/report behavior (not_met)."
P29-REQ-341,Forecasting,not_verified,not_built,transformation version; reconciliation; data quality; query/report behavior,source-to-target lineage; tenant/security scope; metric definition; freshness; mapped tests,"No forecast, no projection, no model of any kind. Blocked platform-wide by: transformation version (not_met), reconciliation (not_met), data quality (not_met), query/report behavior (not_met)."
P29-REQ-342,Scenario Analytics,not_verified,not_built,transformation version; reconciliation; data quality; query/report behavior,source-to-target lineage; tenant/security scope; metric definition; freshness; mapped tests,"No scenario, no what-if, no sensitivity analysis over analytics data. The estimating engine supports scenario comparison; nothing carries it into reporting. Blocked platform-wide by: transformation version (not_met), reconciliation (not_met), data quality (not_met), query/report behavior (not_met)."
P29-REQ-343,Portfolio Analytics,not_verified,not_built,transformation version; reconciliation; data quality; query/report behavior,source-to-target lineage; tenant/security scope; metric definition; freshness; mapped tests,"No portfolio roll-up, no cross-project aggregation above the company grain, no capital allocation view. Blocked platform-wide by: transformation version (not_met), reconciliation (not_met), data quality (not_met), query/report behavior (not_met)."
P29-REQ-344,Executive Dashboards,not_verified,partial,transformation version; reconciliation; data quality; query/report behavior,source-to-target lineage; tenant/security scope; metric definition; freshness; mapped tests,"A dashboard screen exists and reads demonstration fixtures. Nothing on it comes from the semantic layer. Blocked platform-wide by: transformation version (not_met), reconciliation (not_met), data quality (not_met), query/report behavior (not_met)."
P29-REQ-345,Operational Dashboards,not_verified,partial,transformation version; reconciliation; data quality; query/report behavior,source-to-target lineage; tenant/security scope; metric definition; freshness; mapped tests,"Same: the screens are built, complete and fed by static data. Blocked platform-wide by: transformation version (not_met), reconciliation (not_met), data quality (not_met), query/report behavior (not_met)."
P29-REQ-346,Self-Service Reporting,not_verified,not_built,transformation version; reconciliation; data quality; query/report behavior,source-to-target lineage; tenant/security scope; metric definition; freshness; mapped tests,"No report builder, no saved report, no user-defined visualization. Blocked platform-wide by: transformation version (not_met), reconciliation (not_met), data quality (not_met), query/report behavior (not_met)."
P29-REQ-347,Ad Hoc Analysis,not_verified,not_built,transformation version; reconciliation; data quality; query/report behavior,source-to-target lineage; tenant/security scope; metric definition; freshness; mapped tests,"No query surface, no exploration, no pivot. Blocked platform-wide by: transformation version (not_met), reconciliation (not_met), data quality (not_met), query/report behavior (not_met)."
P29-REQ-348,Report Scheduling,not_verified,not_built,transformation version; reconciliation; data quality; query/report behavior,source-to-target lineage; tenant/security scope; metric definition; freshness; mapped tests,"No schedule, no recurrence, no delivery. Blocked platform-wide by: transformation version (not_met), reconciliation (not_met), data quality (not_met), query/report behavior (not_met)."
P29-REQ-349,Exports/Subscriptions,not_verified,partial,transformation version; reconciliation; data quality; query/report behavior,source-to-target lineage; tenant/security scope; metric definition; freshness; mapped tests,"An Export button with no handler. Nothing exports in any format, and there is no subscription or delivery of any kind. Blocked platform-wide by: transformation version (not_met), reconciliation (not_met), data quality (not_met), query/report behavior (not_met)."
P29-REQ-350,Data Quality,not_verified,not_built,transformation version; reconciliation; data quality; query/report behavior,source-to-target lineage; tenant/security scope; metric definition; freshness; mapped tests,"No rule, no profile, no score, no threshold, no alert. Blocked platform-wide by: transformation version (not_met), reconciliation (not_met), data quality (not_met), query/report behavior (not_met)."
P29-REQ-351,Reconciliation,not_verified,not_built,transformation version; reconciliation; data quality; query/report behavior,source-to-target lineage; tenant/security scope; metric definition; freshness; mapped tests,"No control total, no tie-out, no variance between the semantic layer and the records beneath it. Blocked platform-wide by: transformation version (not_met), reconciliation (not_met), data quality (not_met), query/report behavior (not_met)."
P29-REQ-352,Freshness Monitoring,not_verified,partial,transformation version; reconciliation; data quality; query/report behavior,source-to-target lineage; tenant/security scope; metric definition; freshness; mapped tests,"Nothing is materialized and a test keeps it that way, so no figure can be stale. There is no monitor, because there is nothing yet that could go stale — and no watch on that assumption beyond the test. Blocked platform-wide by: transformation version (not_met), reconciliation (not_met), data quality (not_met), query/report behavior (not_met)."
P29-REQ-353,Data Lineage,not_verified,partial,transformation version; reconciliation; data quality; query/report behavior,source-to-target lineage; tenant/security scope; metric definition; freshness; mapped tests,"Metric-to-view lineage is recorded and enforced by test, which is the part that can go wrong silently. There is no column-level lineage, no lineage graph, no impact analysis and no catalog to browse it in. Blocked platform-wide by: transformation version (not_met), reconciliation (not_met), data quality (not_met), query/report behavior (not_met)."
P29-REQ-354,Metadata Catalog,not_verified,not_built,transformation version; reconciliation; data quality; query/report behavior,source-to-target lineage; tenant/security scope; metric definition; freshness; mapped tests,"No catalog, no glossary, no searchable description of what exists. The metric definitions carry descriptions and are the closest thing to one. Blocked platform-wide by: transformation version (not_met), reconciliation (not_met), data quality (not_met), query/report behavior (not_met)."
P29-REQ-355,Master Data Alignment,not_verified,not_built,transformation version; reconciliation; data quality; query/report behavior,source-to-target lineage; tenant/security scope; metric definition; freshness; mapped tests,"No master data management, no golden record, no cross-system entity resolution. Blocked platform-wide by: transformation version (not_met), reconciliation (not_met), data quality (not_met), query/report behavior (not_met)."
P29-REQ-356,Tenant Analytics Isolation,not_verified,built,transformation version; reconciliation; data quality; query/report behavior,source-to-target lineage; tenant/security scope; metric definition; freshness; mapped tests,"Blocked platform-wide by: transformation version (not_met), reconciliation (not_met), data quality (not_met), query/report behavior (not_met)."
P29-REQ-357,Row/Column Security,not_verified,partial,transformation version; reconciliation; data quality; query/report behavior,source-to-target lineage; tenant/security scope; metric definition; freshness; mapped tests,"Row security is thorough and proven: forced row level security, security_invoker on every reporting view, company_id on every one, an explicit tenant argument where the service role is in play. Column security does not exist — no masking, no column-level grants, no classification driving either. Blocked platform-wide by: transformation version (not_met), reconciliation (not_met), data quality (not_met), query/report behavior (not_met)."
P29-REQ-358,Privacy in Analytics,not_verified,partial,transformation version; reconciliation; data quality; query/report behavior,source-to-target lineage; tenant/security scope; metric definition; freshness; mapped tests,"Tenant isolation is enforced and proven. There is no anonymization, no aggregation threshold, no differential access to person-level data, and the platform-wide absence of a retention schedule or erasure path recorded in F7 applies here in full. Blocked platform-wide by: transformation version (not_met), reconciliation (not_met), data quality (not_met), query/report behavior (not_met)."
P29-REQ-359,Retention/Archive,not_verified,partial,transformation version; reconciliation; data quality; query/report behavior,source-to-target lineage; tenant/security scope; metric definition; freshness; mapped tests,"Analytics data is the operational data, so it is retained exactly as long as the records are — which, per F7, is forever, because a company cannot be deleted. There is no archive tier, no purge, no retention policy and nothing that says any of this out loud. Blocked platform-wide by: transformation version (not_met), reconciliation (not_met), data quality (not_met), query/report behavior (not_met)."
P29-REQ-360,Analytics Audit,not_verified,partial,transformation version; reconciliation; data quality; query/report behavior,source-to-target lineage; tenant/security scope; metric definition; freshness; mapped tests,"Every metric definition change is audited and versioned, and every API request for a metric is logged with its key, status and duration. There is no analytics-specific audit: no record of who viewed which figure, no export log, no access review. Blocked platform-wide by: transformation version (not_met), reconciliation (not_met), data quality (not_met), query/report behavior (not_met)."
P29-REQ-361,Cost/Performance Optimization,not_verified,partial,transformation version; reconciliation; data quality; query/report behavior,source-to-target lineage; tenant/security scope; metric definition; freshness; mapped tests,"Indexes support the reporting views' group-by columns and the metric version lookup. There is no query budget, no performance baseline, no materialization strategy and no cost measurement. Blocked platform-wide by: transformation version (not_met), reconciliation (not_met), data quality (not_met), query/report behavior (not_met)."
P29-REQ-362,AI-Ready Feature Data,not_verified,not_built,transformation version; reconciliation; data quality; query/report behavior,source-to-target lineage; tenant/security scope; metric definition; freshness; mapped tests,"No feature store, no feature definition, no training dataset. Blocked platform-wide by: transformation version (not_met), reconciliation (not_met), data quality (not_met), query/report behavior (not_met)."
P29-REQ-363,Vector/Embedding Metadata,not_verified,not_built,transformation version; reconciliation; data quality; query/report behavior,source-to-target lineage; tenant/security scope; metric definition; freshness; mapped tests,"No embeddings, no vector index, no similarity search. Blocked platform-wide by: transformation version (not_met), reconciliation (not_met), data quality (not_met), query/report behavior (not_met)."
P29-REQ-364,Model Feature Governance,not_verified,not_built,transformation version; reconciliation; data quality; query/report behavior,source-to-target lineage; tenant/security scope; metric definition; freshness; mapped tests,"No model registry, no feature lineage, no drift monitoring — the same absence P20 recorded for AI/ML production governance. Blocked platform-wide by: transformation version (not_met), reconciliation (not_met), data quality (not_met), query/report behavior (not_met)."
P29-REQ-365,Analytics Observability,not_verified,partial,transformation version; reconciliation; data quality; query/report behavior,source-to-target lineage; tenant/security scope; metric definition; freshness; mapped tests,"The observability library produces structured logs and metrics with request correlation, and API requests to the metric route are recorded. Nothing is deployed, so nothing consumes them — the same absence P20 recorded. Blocked platform-wide by: transformation version (not_met), reconciliation (not_met), data quality (not_met), query/report behavior (not_met)."
P29-REQ-366,Analytics Incident Response,not_verified,not_built,transformation version; reconciliation; data quality; query/report behavior,source-to-target lineage; tenant/security scope; metric definition; freshness; mapped tests,"No incident model at all, analytics or otherwise — the operational face of what P20 and P28 both named. Blocked platform-wide by: transformation version (not_met), reconciliation (not_met), data quality (not_met), query/report behavior (not_met)."
P29-REQ-367,Analytics Platform Architecture,not_verified,partial,transformation version; reconciliation; data quality; query/report behavior,source-to-target lineage; tenant/security scope; metric definition; freshness; mapped tests,"The architecture is deliberate and documented — a view layer over the normalized schema, governed metric definitions above it, one evaluation path, no copies. It is an architecture for a semantic layer, not for an analytics platform: no separate compute, no storage tier, no workload isolation. Blocked platform-wide by: transformation version (not_met), reconciliation (not_met), data quality (not_met), query/report behavior (not_met)."
P29-REQ-368,Operational Data Replication,not_verified,not_built,transformation version; reconciliation; data quality; query/report behavior,source-to-target lineage; tenant/security scope; metric definition; freshness; mapped tests,"No replica, no read-only analytics copy, no replication lag to monitor. Blocked platform-wide by: transformation version (not_met), reconciliation (not_met), data quality (not_met), query/report behavior (not_met)."
P29-REQ-369,Data Warehouse,not_verified,not_built,transformation version; reconciliation; data quality; query/report behavior,source-to-target lineage; tenant/security scope; metric definition; freshness; mapped tests,"No warehouse. Reporting reads the operational schema directly. Blocked platform-wide by: transformation version (not_met), reconciliation (not_met), data quality (not_met), query/report behavior (not_met)."
P29-REQ-370,Lakehouse/Object Analytics,not_verified,not_built,transformation version; reconciliation; data quality; query/report behavior,source-to-target lineage; tenant/security scope; metric definition; freshness; mapped tests,"No object storage analytics, no table format, no external tables. Blocked platform-wide by: transformation version (not_met), reconciliation (not_met), data quality (not_met), query/report behavior (not_met)."
P29-REQ-371,Bronze/Silver/Gold Layers,not_verified,not_built,transformation version; reconciliation; data quality; query/report behavior,source-to-target lineage; tenant/security scope; metric definition; freshness; mapped tests,"No layering. There is one layer, and it is the operational schema. Blocked platform-wide by: transformation version (not_met), reconciliation (not_met), data quality (not_met), query/report behavior (not_met)."
P29-REQ-372,ETL/ELT,not_verified,not_built,transformation version; reconciliation; data quality; query/report behavior,source-to-target lineage; tenant/security scope; metric definition; freshness; mapped tests,"No extract, transform or load of any kind. The views are the only transformation and they run at query time. Blocked platform-wide by: transformation version (not_met), reconciliation (not_met), data quality (not_met), query/report behavior (not_met)."
P29-REQ-373,CDC,not_verified,not_built,transformation version; reconciliation; data quality; query/report behavior,source-to-target lineage; tenant/security scope; metric definition; freshness; mapped tests,"No change data capture, no log reader, no stream of row changes. Blocked platform-wide by: transformation version (not_met), reconciliation (not_met), data quality (not_met), query/report behavior (not_met)."
P29-REQ-374,Batch Ingestion,not_verified,not_built,transformation version; reconciliation; data quality; query/report behavior,source-to-target lineage; tenant/security scope; metric definition; freshness; mapped tests,"No batch load, no staging area, no file-based ingestion into analytics. Blocked platform-wide by: transformation version (not_met), reconciliation (not_met), data quality (not_met), query/report behavior (not_met)."
P29-REQ-375,Streaming Ingestion,not_verified,not_built,transformation version; reconciliation; data quality; query/report behavior,source-to-target lineage; tenant/security scope; metric definition; freshness; mapped tests,"No stream, no event ingestion — the absence P20 and P30 both recorded from other sides. Blocked platform-wide by: transformation version (not_met), reconciliation (not_met), data quality (not_met), query/report behavior (not_met)."
P29-REQ-376,Pipeline Orchestration,not_verified,not_built,transformation version; reconciliation; data quality; query/report behavior,source-to-target lineage; tenant/security scope; metric definition; freshness; mapped tests,"No scheduler, no DAG, no dependency between transformations, no run history. Blocked platform-wide by: transformation version (not_met), reconciliation (not_met), data quality (not_met), query/report behavior (not_met)."
P29-REQ-377,Schema Evolution,not_verified,not_built,transformation version; reconciliation; data quality; query/report behavior,source-to-target lineage; tenant/security scope; metric definition; freshness; mapped tests,"Migrations are ordered and forward-only, which governs the operational schema. There is no analytics schema to evolve and no compatibility policy for one. Blocked platform-wide by: transformation version (not_met), reconciliation (not_met), data quality (not_met), query/report behavior (not_met)."
P29-REQ-378,Data Contracts,not_verified,not_built,transformation version; reconciliation; data quality; query/report behavior,source-to-target lineage; tenant/security scope; metric definition; freshness; mapped tests,"No contract between a producer and a consumer of analytics data, no schema registry, no breaking-change gate. Blocked platform-wide by: transformation version (not_met), reconciliation (not_met), data quality (not_met), query/report behavior (not_met)."
P29-REQ-379,Canonical Dimensions,not_verified,not_built,transformation version; reconciliation; data quality; query/report behavior,source-to-target lineage; tenant/security scope; metric definition; freshness; mapped tests,"No dimension tables, no conformed dimensions, no shared keys across marts. Blocked platform-wide by: transformation version (not_met), reconciliation (not_met), data quality (not_met), query/report behavior (not_met)."
P29-REQ-380,Fact Tables,not_verified,not_built,transformation version; reconciliation; data quality; query/report behavior,source-to-target lineage; tenant/security scope; metric definition; freshness; mapped tests,"No fact tables. Aggregation happens in views at query time. Blocked platform-wide by: transformation version (not_met), reconciliation (not_met), data quality (not_met), query/report behavior (not_met)."
P29-REQ-381,Slowly Changing Dimensions,not_verified,not_built,transformation version; reconciliation; data quality; query/report behavior,source-to-target lineage; tenant/security scope; metric definition; freshness; mapped tests,"No dimension history. The platform tracks history where it matters commercially — library rates, plan versions, document revisions, metric definitions — through append-only version tables rather than through a dimensional model. Blocked platform-wide by: transformation version (not_met), reconciliation (not_met), data quality (not_met), query/report behavior (not_met)."
P29-REQ-382,Semantic Model,not_verified,partial,transformation version; reconciliation; data quality; query/report behavior,source-to-target lineage; tenant/security scope; metric definition; freshness; mapped tests,"Ten views and sixteen governed metrics over a normalized schema, with lineage from metric to view enforced by test. There is no dimensional model: no conformed dimensions, no fact tables, no hierarchies and no drill path. Blocked platform-wide by: transformation version (not_met), reconciliation (not_met), data quality (not_met), query/report behavior (not_met)."
P29-REQ-383,Metric Definitions,not_verified,built,transformation version; reconciliation; data quality; query/report behavior,source-to-target lineage; tenant/security scope; metric definition; freshness; mapped tests,"Blocked platform-wide by: transformation version (not_met), reconciliation (not_met), data quality (not_met), query/report behavior (not_met)."
P29-REQ-384,KPI Registry,not_verified,partial,transformation version; reconciliation; data quality; query/report behavior,source-to-target lineage; tenant/security scope; metric definition; freshness; mapped tests,"The metric catalog is a registry in everything but name — keyed, described, unit-typed, grain-typed, targeted, versioned and permissioned. What is missing is the KPI layer above it: no scorecard, no owner, no review cadence, no threshold alerting against the targets it already stores. Blocked platform-wide by: transformation version (not_met), reconciliation (not_met), data quality (not_met), query/report behavior (not_met)."
P29-REQ-385,Measure Calculation,not_verified,partial,transformation version; reconciliation; data quality; query/report behavior,source-to-target lineage; tenant/security scope; metric definition; freshness; mapped tests,"One function evaluates every platform-defined measure, and the API and any screen read it rather than computing separately. Only platform definitions are executed, deliberately; there is no user-defined measure, no calculated column and no measure composition. Blocked platform-wide by: transformation version (not_met), reconciliation (not_met), data quality (not_met), query/report behavior (not_met)."
P29-REQ-386,Time Intelligence,not_verified,not_built,transformation version; reconciliation; data quality; query/report behavior,source-to-target lineage; tenant/security scope; metric definition; freshness; mapped tests,"No period-over-period comparison, no year-to-date, no rolling window, no fiscal calendar in the semantic layer. Financial periods exist as an accounting control and nothing reports across them. Blocked platform-wide by: transformation version (not_met), reconciliation (not_met), data quality (not_met), query/report behavior (not_met)."
P29-REQ-387,Financial Analytics,not_verified,partial,transformation version; reconciliation; data quality; query/report behavior,source-to-target lineage; tenant/security scope; metric definition; freshness; mapped tests,"`reporting_project_financials` computes cost, billing, retainage, margin and change order ratio per project, and nine metrics are defined over it. It is served through the public API and read by no screen. Blocked platform-wide by: transformation version (not_met), reconciliation (not_met), data quality (not_met), query/report behavior (not_met)."
P29-REQ-388,Estimating Analytics,not_verified,partial,transformation version; reconciliation; data quality; query/report behavior,source-to-target lineage; tenant/security scope; metric definition; freshness; mapped tests,"`reporting_bid_performance` computes bid hit rate and estimates submitted by month and division. There is no bid-versus-actual analysis, no estimator performance and no cost-model calibration. Blocked platform-wide by: transformation version (not_met), reconciliation (not_met), data quality (not_met), query/report behavior (not_met)."
P29-REQ-389,Production Analytics,not_verified,partial,transformation version; reconciliation; data quality; query/report behavior,source-to-target lineage; tenant/security scope; metric definition; freshness; mapped tests,"Quantities and hours are reconcilable against estimated production rates through the same view and the engine's own output. Nothing computes the comparison. Blocked platform-wide by: transformation version (not_met), reconciliation (not_met), data quality (not_met), query/report behavior (not_met)."
P29-REQ-390,Project Analytics,not_verified,partial,transformation version; reconciliation; data quality; query/report behavior,source-to-target lineage; tenant/security scope; metric definition; freshness; mapped tests,"The same view carries project-grain cost and billing. There is no project health score, no earned value, no trend and no portfolio roll-up. Blocked platform-wide by: transformation version (not_met), reconciliation (not_met), data quality (not_met), query/report behavior (not_met)."
P29-REQ-391,Schedule Analytics,not_verified,partial,transformation version; reconciliation; data quality; query/report behavior,source-to-target lineage; tenant/security scope; metric definition; freshness; mapped tests,"`reporting_schedule_variance` compares the current calculation against the current baseline, with float derivable only from an actual critical-path calculation. There is no trend, no schedule performance index and no look-ahead analytics. Blocked platform-wide by: transformation version (not_met), reconciliation (not_met), data quality (not_met), query/report behavior (not_met)."
P29-REQ-392,Commercial Analytics,not_verified,partial,transformation version; reconciliation; data quality; query/report behavior,source-to-target lineage; tenant/security scope; metric definition; freshness; mapped tests,"Change order ratio is computed and claims carry derived deadlines. There is no exposure analysis, no claim outcome history and no contract performance view. Blocked platform-wide by: transformation version (not_met), reconciliation (not_met), data quality (not_met), query/report behavior (not_met)."
P29-REQ-393,CRM Analytics,not_verified,partial,transformation version; reconciliation; data quality; query/report behavior,source-to-target lineage; tenant/security scope; metric definition; freshness; mapped tests,"Bid performance covers the win rate. There is no pipeline conversion, no source attribution, no customer lifetime value and no forecast. Blocked platform-wide by: transformation version (not_met), reconciliation (not_met), data quality (not_met), query/report behavior (not_met)."
P29-REQ-394,Workforce Analytics,not_verified,partial,transformation version; reconciliation; data quality; query/report behavior,source-to-target lineage; tenant/security scope; metric definition; freshness; mapped tests,"`reporting_labor_productivity` computes approved hours and premium-hour ratio by week, project and cost code. There is no crew productivity against estimate, no absence analysis and no turnover. Blocked platform-wide by: transformation version (not_met), reconciliation (not_met), data quality (not_met), query/report behavior (not_met)."
P29-REQ-395,Fleet Analytics,not_verified,not_built,transformation version; reconciliation; data quality; query/report behavior,source-to-target lineage; tenant/security scope; metric definition; freshness; mapped tests,"No reporting view for fleet at all. Utilization is computed on a screen from demonstration data; cost per hour, availability and replacement analysis do not exist. Blocked platform-wide by: transformation version (not_met), reconciliation (not_met), data quality (not_met), query/report behavior (not_met)."
P29-REQ-396,Procurement Analytics,not_verified,not_built,transformation version; reconciliation; data quality; query/report behavior,source-to-target lineage; tenant/security scope; metric definition; freshness; mapped tests,"No reporting view. No spend analysis, no vendor performance, no commitment versus actual. Blocked platform-wide by: transformation version (not_met), reconciliation (not_met), data quality (not_met), query/report behavior (not_met)."
P29-REQ-397,Safety Analytics,not_verified,partial,transformation version; reconciliation; data quality; query/report behavior,source-to-target lineage; tenant/security scope; metric definition; freshness; mapped tests,"The strongest of the analytics domains after this phase: incidents by month, and TRIR and DART correctly computed against approved hours, with the definition errors found and fixed. There is no leading indicator, no observation rate, no trend and no benchmark. Blocked platform-wide by: transformation version (not_met), reconciliation (not_met), data quality (not_met), query/report behavior (not_met)."
P29-REQ-398,Document/AI Analytics,not_verified,not_built,transformation version; reconciliation; data quality; query/report behavior,source-to-target lineage; tenant/security scope; metric definition; freshness; mapped tests,"No reporting view. AI requests are metered for billing and nothing analyzes finding accuracy, acceptance rate or model performance. Blocked platform-wide by: transformation version (not_met), reconciliation (not_met), data quality (not_met), query/report behavior (not_met)."
P29-REQ-399,Regional Pricing Analytics,not_verified,not_built,transformation version; reconciliation; data quality; query/report behavior,source-to-target lineage; tenant/security scope; metric definition; freshness; mapped tests,"Regional pricing exists in the estimating libraries as condition modifiers. Nothing analyzes it: no regional benchmark, no price trend, no market comparison. Blocked platform-wide by: transformation version (not_met), reconciliation (not_met), data quality (not_met), query/report behavior (not_met)."
P29-REQ-400,Benchmarking,not_verified,not_built,transformation version; reconciliation; data quality; query/report behavior,source-to-target lineage; tenant/security scope; metric definition; freshness; mapped tests,"No internal benchmark, no peer comparison, no industry reference. Blocked platform-wide by: transformation version (not_met), reconciliation (not_met), data quality (not_met), query/report behavior (not_met)."
P29-REQ-401,Historical Trends,not_verified,not_built,transformation version; reconciliation; data quality; query/report behavior,source-to-target lineage; tenant/security scope; metric definition; freshness; mapped tests,"No trend of anything. Every metric returns a current value. Blocked platform-wide by: transformation version (not_met), reconciliation (not_met), data quality (not_met), query/report behavior (not_met)."
P29-REQ-402,Forecasting,not_verified,not_built,transformation version; reconciliation; data quality; query/report behavior,source-to-target lineage; tenant/security scope; metric definition; freshness; mapped tests,"No forecast, no projection, no model of any kind. Blocked platform-wide by: transformation version (not_met), reconciliation (not_met), data quality (not_met), query/report behavior (not_met)."
P29-REQ-403,Scenario Analytics,not_verified,not_built,transformation version; reconciliation; data quality; query/report behavior,source-to-target lineage; tenant/security scope; metric definition; freshness; mapped tests,"No scenario, no what-if, no sensitivity analysis over analytics data. The estimating engine supports scenario comparison; nothing carries it into reporting. Blocked platform-wide by: transformation version (not_met), reconciliation (not_met), data quality (not_met), query/report behavior (not_met)."
P29-REQ-404,Portfolio Analytics,not_verified,not_built,transformation version; reconciliation; data quality; query/report behavior,source-to-target lineage; tenant/security scope; metric definition; freshness; mapped tests,"No portfolio roll-up, no cross-project aggregation above the company grain, no capital allocation view. Blocked platform-wide by: transformation version (not_met), reconciliation (not_met), data quality (not_met), query/report behavior (not_met)."
P29-REQ-405,Executive Dashboards,not_verified,partial,transformation version; reconciliation; data quality; query/report behavior,source-to-target lineage; tenant/security scope; metric definition; freshness; mapped tests,"A dashboard screen exists and reads demonstration fixtures. Nothing on it comes from the semantic layer. Blocked platform-wide by: transformation version (not_met), reconciliation (not_met), data quality (not_met), query/report behavior (not_met)."
P29-REQ-406,Operational Dashboards,not_verified,partial,transformation version; reconciliation; data quality; query/report behavior,source-to-target lineage; tenant/security scope; metric definition; freshness; mapped tests,"Same: the screens are built, complete and fed by static data. Blocked platform-wide by: transformation version (not_met), reconciliation (not_met), data quality (not_met), query/report behavior (not_met)."
P29-REQ-407,Self-Service Reporting,not_verified,not_built,transformation version; reconciliation; data quality; query/report behavior,source-to-target lineage; tenant/security scope; metric definition; freshness; mapped tests,"No report builder, no saved report, no user-defined visualization. Blocked platform-wide by: transformation version (not_met), reconciliation (not_met), data quality (not_met), query/report behavior (not_met)."
P29-REQ-408,Ad Hoc Analysis,not_verified,not_built,transformation version; reconciliation; data quality; query/report behavior,source-to-target lineage; tenant/security scope; metric definition; freshness; mapped tests,"No query surface, no exploration, no pivot. Blocked platform-wide by: transformation version (not_met), reconciliation (not_met), data quality (not_met), query/report behavior (not_met)."
P29-REQ-409,Report Scheduling,not_verified,not_built,transformation version; reconciliation; data quality; query/report behavior,source-to-target lineage; tenant/security scope; metric definition; freshness; mapped tests,"No schedule, no recurrence, no delivery. Blocked platform-wide by: transformation version (not_met), reconciliation (not_met), data quality (not_met), query/report behavior (not_met)."
P29-REQ-410,Exports/Subscriptions,not_verified,partial,transformation version; reconciliation; data quality; query/report behavior,source-to-target lineage; tenant/security scope; metric definition; freshness; mapped tests,"An Export button with no handler. Nothing exports in any format, and there is no subscription or delivery of any kind. Blocked platform-wide by: transformation version (not_met), reconciliation (not_met), data quality (not_met), query/report behavior (not_met)."
P29-REQ-411,Data Quality,not_verified,not_built,transformation version; reconciliation; data quality; query/report behavior,source-to-target lineage; tenant/security scope; metric definition; freshness; mapped tests,"No rule, no profile, no score, no threshold, no alert. Blocked platform-wide by: transformation version (not_met), reconciliation (not_met), data quality (not_met), query/report behavior (not_met)."
P29-REQ-412,Reconciliation,not_verified,not_built,transformation version; reconciliation; data quality; query/report behavior,source-to-target lineage; tenant/security scope; metric definition; freshness; mapped tests,"No control total, no tie-out, no variance between the semantic layer and the records beneath it. Blocked platform-wide by: transformation version (not_met), reconciliation (not_met), data quality (not_met), query/report behavior (not_met)."
P29-REQ-413,Freshness Monitoring,not_verified,partial,transformation version; reconciliation; data quality; query/report behavior,source-to-target lineage; tenant/security scope; metric definition; freshness; mapped tests,"Nothing is materialized and a test keeps it that way, so no figure can be stale. There is no monitor, because there is nothing yet that could go stale — and no watch on that assumption beyond the test. Blocked platform-wide by: transformation version (not_met), reconciliation (not_met), data quality (not_met), query/report behavior (not_met)."
P29-REQ-414,Data Lineage,not_verified,partial,transformation version; reconciliation; data quality; query/report behavior,source-to-target lineage; tenant/security scope; metric definition; freshness; mapped tests,"Metric-to-view lineage is recorded and enforced by test, which is the part that can go wrong silently. There is no column-level lineage, no lineage graph, no impact analysis and no catalog to browse it in. Blocked platform-wide by: transformation version (not_met), reconciliation (not_met), data quality (not_met), query/report behavior (not_met)."
P29-REQ-415,Metadata Catalog,not_verified,not_built,transformation version; reconciliation; data quality; query/report behavior,source-to-target lineage; tenant/security scope; metric definition; freshness; mapped tests,"No catalog, no glossary, no searchable description of what exists. The metric definitions carry descriptions and are the closest thing to one. Blocked platform-wide by: transformation version (not_met), reconciliation (not_met), data quality (not_met), query/report behavior (not_met)."
P29-REQ-416,Master Data Alignment,not_verified,not_built,transformation version; reconciliation; data quality; query/report behavior,source-to-target lineage; tenant/security scope; metric definition; freshness; mapped tests,"No master data management, no golden record, no cross-system entity resolution. Blocked platform-wide by: transformation version (not_met), reconciliation (not_met), data quality (not_met), query/report behavior (not_met)."
P29-REQ-417,Tenant Analytics Isolation,not_verified,built,transformation version; reconciliation; data quality; query/report behavior,source-to-target lineage; tenant/security scope; metric definition; freshness; mapped tests,"Blocked platform-wide by: transformation version (not_met), reconciliation (not_met), data quality (not_met), query/report behavior (not_met)."
P29-REQ-418,Row/Column Security,not_verified,partial,transformation version; reconciliation; data quality; query/report behavior,source-to-target lineage; tenant/security scope; metric definition; freshness; mapped tests,"Row security is thorough and proven: forced row level security, security_invoker on every reporting view, company_id on every one, an explicit tenant argument where the service role is in play. Column security does not exist — no masking, no column-level grants, no classification driving either. Blocked platform-wide by: transformation version (not_met), reconciliation (not_met), data quality (not_met), query/report behavior (not_met)."
P29-REQ-419,Privacy in Analytics,not_verified,partial,transformation version; reconciliation; data quality; query/report behavior,source-to-target lineage; tenant/security scope; metric definition; freshness; mapped tests,"Tenant isolation is enforced and proven. There is no anonymization, no aggregation threshold, no differential access to person-level data, and the platform-wide absence of a retention schedule or erasure path recorded in F7 applies here in full. Blocked platform-wide by: transformation version (not_met), reconciliation (not_met), data quality (not_met), query/report behavior (not_met)."
P29-REQ-420,Retention/Archive,not_verified,partial,transformation version; reconciliation; data quality; query/report behavior,source-to-target lineage; tenant/security scope; metric definition; freshness; mapped tests,"Analytics data is the operational data, so it is retained exactly as long as the records are — which, per F7, is forever, because a company cannot be deleted. There is no archive tier, no purge, no retention policy and nothing that says any of this out loud. Blocked platform-wide by: transformation version (not_met), reconciliation (not_met), data quality (not_met), query/report behavior (not_met)."
P29-REQ-421,Analytics Audit,not_verified,partial,transformation version; reconciliation; data quality; query/report behavior,source-to-target lineage; tenant/security scope; metric definition; freshness; mapped tests,"Every metric definition change is audited and versioned, and every API request for a metric is logged with its key, status and duration. There is no analytics-specific audit: no record of who viewed which figure, no export log, no access review. Blocked platform-wide by: transformation version (not_met), reconciliation (not_met), data quality (not_met), query/report behavior (not_met)."
P29-REQ-422,Cost/Performance Optimization,not_verified,partial,transformation version; reconciliation; data quality; query/report behavior,source-to-target lineage; tenant/security scope; metric definition; freshness; mapped tests,"Indexes support the reporting views' group-by columns and the metric version lookup. There is no query budget, no performance baseline, no materialization strategy and no cost measurement. Blocked platform-wide by: transformation version (not_met), reconciliation (not_met), data quality (not_met), query/report behavior (not_met)."
P29-REQ-423,AI-Ready Feature Data,not_verified,not_built,transformation version; reconciliation; data quality; query/report behavior,source-to-target lineage; tenant/security scope; metric definition; freshness; mapped tests,"No feature store, no feature definition, no training dataset. Blocked platform-wide by: transformation version (not_met), reconciliation (not_met), data quality (not_met), query/report behavior (not_met)."
P29-REQ-424,Vector/Embedding Metadata,not_verified,not_built,transformation version; reconciliation; data quality; query/report behavior,source-to-target lineage; tenant/security scope; metric definition; freshness; mapped tests,"No embeddings, no vector index, no similarity search. Blocked platform-wide by: transformation version (not_met), reconciliation (not_met), data quality (not_met), query/report behavior (not_met)."
P29-REQ-425,Model Feature Governance,not_verified,not_built,transformation version; reconciliation; data quality; query/report behavior,source-to-target lineage; tenant/security scope; metric definition; freshness; mapped tests,"No model registry, no feature lineage, no drift monitoring — the same absence P20 recorded for AI/ML production governance. Blocked platform-wide by: transformation version (not_met), reconciliation (not_met), data quality (not_met), query/report behavior (not_met)."
P29-REQ-426,Analytics Observability,not_verified,partial,transformation version; reconciliation; data quality; query/report behavior,source-to-target lineage; tenant/security scope; metric definition; freshness; mapped tests,"The observability library produces structured logs and metrics with request correlation, and API requests to the metric route are recorded. Nothing is deployed, so nothing consumes them — the same absence P20 recorded. Blocked platform-wide by: transformation version (not_met), reconciliation (not_met), data quality (not_met), query/report behavior (not_met)."
P29-REQ-427,Analytics Incident Response,not_verified,not_built,transformation version; reconciliation; data quality; query/report behavior,source-to-target lineage; tenant/security scope; metric definition; freshness; mapped tests,"No incident model at all, analytics or otherwise — the operational face of what P20 and P28 both named. Blocked platform-wide by: transformation version (not_met), reconciliation (not_met), data quality (not_met), query/report behavior (not_met)."
P29-REQ-428,Analytics Platform Architecture,not_verified,partial,transformation version; reconciliation; data quality; query/report behavior,source-to-target lineage; tenant/security scope; metric definition; freshness; mapped tests,"The architecture is deliberate and documented — a view layer over the normalized schema, governed metric definitions above it, one evaluation path, no copies. It is an architecture for a semantic layer, not for an analytics platform: no separate compute, no storage tier, no workload isolation. Blocked platform-wide by: transformation version (not_met), reconciliation (not_met), data quality (not_met), query/report behavior (not_met)."
P29-REQ-429,Operational Data Replication,not_verified,not_built,transformation version; reconciliation; data quality; query/report behavior,source-to-target lineage; tenant/security scope; metric definition; freshness; mapped tests,"No replica, no read-only analytics copy, no replication lag to monitor. Blocked platform-wide by: transformation version (not_met), reconciliation (not_met), data quality (not_met), query/report behavior (not_met)."
P29-REQ-430,Data Warehouse,not_verified,not_built,transformation version; reconciliation; data quality; query/report behavior,source-to-target lineage; tenant/security scope; metric definition; freshness; mapped tests,"No warehouse. Reporting reads the operational schema directly. Blocked platform-wide by: transformation version (not_met), reconciliation (not_met), data quality (not_met), query/report behavior (not_met)."
P29-REQ-431,Lakehouse/Object Analytics,not_verified,not_built,transformation version; reconciliation; data quality; query/report behavior,source-to-target lineage; tenant/security scope; metric definition; freshness; mapped tests,"No object storage analytics, no table format, no external tables. Blocked platform-wide by: transformation version (not_met), reconciliation (not_met), data quality (not_met), query/report behavior (not_met)."
P29-REQ-432,Bronze/Silver/Gold Layers,not_verified,not_built,transformation version; reconciliation; data quality; query/report behavior,source-to-target lineage; tenant/security scope; metric definition; freshness; mapped tests,"No layering. There is one layer, and it is the operational schema. Blocked platform-wide by: transformation version (not_met), reconciliation (not_met), data quality (not_met), query/report behavior (not_met)."
P29-REQ-433,ETL/ELT,not_verified,not_built,transformation version; reconciliation; data quality; query/report behavior,source-to-target lineage; tenant/security scope; metric definition; freshness; mapped tests,"No extract, transform or load of any kind. The views are the only transformation and they run at query time. Blocked platform-wide by: transformation version (not_met), reconciliation (not_met), data quality (not_met), query/report behavior (not_met)."
P29-REQ-434,CDC,not_verified,not_built,transformation version; reconciliation; data quality; query/report behavior,source-to-target lineage; tenant/security scope; metric definition; freshness; mapped tests,"No change data capture, no log reader, no stream of row changes. Blocked platform-wide by: transformation version (not_met), reconciliation (not_met), data quality (not_met), query/report behavior (not_met)."
P29-REQ-435,Batch Ingestion,not_verified,not_built,transformation version; reconciliation; data quality; query/report behavior,source-to-target lineage; tenant/security scope; metric definition; freshness; mapped tests,"No batch load, no staging area, no file-based ingestion into analytics. Blocked platform-wide by: transformation version (not_met), reconciliation (not_met), data quality (not_met), query/report behavior (not_met)."
P29-REQ-436,Streaming Ingestion,not_verified,not_built,transformation version; reconciliation; data quality; query/report behavior,source-to-target lineage; tenant/security scope; metric definition; freshness; mapped tests,"No stream, no event ingestion — the absence P20 and P30 both recorded from other sides. Blocked platform-wide by: transformation version (not_met), reconciliation (not_met), data quality (not_met), query/report behavior (not_met)."
P29-REQ-437,Pipeline Orchestration,not_verified,not_built,transformation version; reconciliation; data quality; query/report behavior,source-to-target lineage; tenant/security scope; metric definition; freshness; mapped tests,"No scheduler, no DAG, no dependency between transformations, no run history. Blocked platform-wide by: transformation version (not_met), reconciliation (not_met), data quality (not_met), query/report behavior (not_met)."
P29-REQ-438,Schema Evolution,not_verified,not_built,transformation version; reconciliation; data quality; query/report behavior,source-to-target lineage; tenant/security scope; metric definition; freshness; mapped tests,"Migrations are ordered and forward-only, which governs the operational schema. There is no analytics schema to evolve and no compatibility policy for one. Blocked platform-wide by: transformation version (not_met), reconciliation (not_met), data quality (not_met), query/report behavior (not_met)."
P29-REQ-439,Data Contracts,not_verified,not_built,transformation version; reconciliation; data quality; query/report behavior,source-to-target lineage; tenant/security scope; metric definition; freshness; mapped tests,"No contract between a producer and a consumer of analytics data, no schema registry, no breaking-change gate. Blocked platform-wide by: transformation version (not_met), reconciliation (not_met), data quality (not_met), query/report behavior (not_met)."
P29-REQ-440,Canonical Dimensions,not_verified,not_built,transformation version; reconciliation; data quality; query/report behavior,source-to-target lineage; tenant/security scope; metric definition; freshness; mapped tests,"No dimension tables, no conformed dimensions, no shared keys across marts. Blocked platform-wide by: transformation version (not_met), reconciliation (not_met), data quality (not_met), query/report behavior (not_met)."
P29-REQ-441,Fact Tables,not_verified,not_built,transformation version; reconciliation; data quality; query/report behavior,source-to-target lineage; tenant/security scope; metric definition; freshness; mapped tests,"No fact tables. Aggregation happens in views at query time. Blocked platform-wide by: transformation version (not_met), reconciliation (not_met), data quality (not_met), query/report behavior (not_met)."
P29-REQ-442,Slowly Changing Dimensions,not_verified,not_built,transformation version; reconciliation; data quality; query/report behavior,source-to-target lineage; tenant/security scope; metric definition; freshness; mapped tests,"No dimension history. The platform tracks history where it matters commercially — library rates, plan versions, document revisions, metric definitions — through append-only version tables rather than through a dimensional model. Blocked platform-wide by: transformation version (not_met), reconciliation (not_met), data quality (not_met), query/report behavior (not_met)."
P29-REQ-443,Semantic Model,not_verified,partial,transformation version; reconciliation; data quality; query/report behavior,source-to-target lineage; tenant/security scope; metric definition; freshness; mapped tests,"Ten views and sixteen governed metrics over a normalized schema, with lineage from metric to view enforced by test. There is no dimensional model: no conformed dimensions, no fact tables, no hierarchies and no drill path. Blocked platform-wide by: transformation version (not_met), reconciliation (not_met), data quality (not_met), query/report behavior (not_met)."
P29-REQ-444,Metric Definitions,not_verified,built,transformation version; reconciliation; data quality; query/report behavior,source-to-target lineage; tenant/security scope; metric definition; freshness; mapped tests,"Blocked platform-wide by: transformation version (not_met), reconciliation (not_met), data quality (not_met), query/report behavior (not_met)."
P29-REQ-445,KPI Registry,not_verified,partial,transformation version; reconciliation; data quality; query/report behavior,source-to-target lineage; tenant/security scope; metric definition; freshness; mapped tests,"The metric catalog is a registry in everything but name — keyed, described, unit-typed, grain-typed, targeted, versioned and permissioned. What is missing is the KPI layer above it: no scorecard, no owner, no review cadence, no threshold alerting against the targets it already stores. Blocked platform-wide by: transformation version (not_met), reconciliation (not_met), data quality (not_met), query/report behavior (not_met)."
P29-REQ-446,Measure Calculation,not_verified,partial,transformation version; reconciliation; data quality; query/report behavior,source-to-target lineage; tenant/security scope; metric definition; freshness; mapped tests,"One function evaluates every platform-defined measure, and the API and any screen read it rather than computing separately. Only platform definitions are executed, deliberately; there is no user-defined measure, no calculated column and no measure composition. Blocked platform-wide by: transformation version (not_met), reconciliation (not_met), data quality (not_met), query/report behavior (not_met)."
P29-REQ-447,Time Intelligence,not_verified,not_built,transformation version; reconciliation; data quality; query/report behavior,source-to-target lineage; tenant/security scope; metric definition; freshness; mapped tests,"No period-over-period comparison, no year-to-date, no rolling window, no fiscal calendar in the semantic layer. Financial periods exist as an accounting control and nothing reports across them. Blocked platform-wide by: transformation version (not_met), reconciliation (not_met), data quality (not_met), query/report behavior (not_met)."
P29-REQ-448,Financial Analytics,not_verified,partial,transformation version; reconciliation; data quality; query/report behavior,source-to-target lineage; tenant/security scope; metric definition; freshness; mapped tests,"`reporting_project_financials` computes cost, billing, retainage, margin and change order ratio per project, and nine metrics are defined over it. It is served through the public API and read by no screen. Blocked platform-wide by: transformation version (not_met), reconciliation (not_met), data quality (not_met), query/report behavior (not_met)."
P29-REQ-449,Estimating Analytics,not_verified,partial,transformation version; reconciliation; data quality; query/report behavior,source-to-target lineage; tenant/security scope; metric definition; freshness; mapped tests,"`reporting_bid_performance` computes bid hit rate and estimates submitted by month and division. There is no bid-versus-actual analysis, no estimator performance and no cost-model calibration. Blocked platform-wide by: transformation version (not_met), reconciliation (not_met), data quality (not_met), query/report behavior (not_met)."
P29-REQ-450,Production Analytics,not_verified,partial,transformation version; reconciliation; data quality; query/report behavior,source-to-target lineage; tenant/security scope; metric definition; freshness; mapped tests,"Quantities and hours are reconcilable against estimated production rates through the same view and the engine's own output. Nothing computes the comparison. Blocked platform-wide by: transformation version (not_met), reconciliation (not_met), data quality (not_met), query/report behavior (not_met)."
P29-REQ-451,Project Analytics,not_verified,partial,transformation version; reconciliation; data quality; query/report behavior,source-to-target lineage; tenant/security scope; metric definition; freshness; mapped tests,"The same view carries project-grain cost and billing. There is no project health score, no earned value, no trend and no portfolio roll-up. Blocked platform-wide by: transformation version (not_met), reconciliation (not_met), data quality (not_met), query/report behavior (not_met)."
P29-REQ-452,Schedule Analytics,not_verified,partial,transformation version; reconciliation; data quality; query/report behavior,source-to-target lineage; tenant/security scope; metric definition; freshness; mapped tests,"`reporting_schedule_variance` compares the current calculation against the current baseline, with float derivable only from an actual critical-path calculation. There is no trend, no schedule performance index and no look-ahead analytics. Blocked platform-wide by: transformation version (not_met), reconciliation (not_met), data quality (not_met), query/report behavior (not_met)."
P29-REQ-453,Commercial Analytics,not_verified,partial,transformation version; reconciliation; data quality; query/report behavior,source-to-target lineage; tenant/security scope; metric definition; freshness; mapped tests,"Change order ratio is computed and claims carry derived deadlines. There is no exposure analysis, no claim outcome history and no contract performance view. Blocked platform-wide by: transformation version (not_met), reconciliation (not_met), data quality (not_met), query/report behavior (not_met)."
P29-REQ-454,CRM Analytics,not_verified,partial,transformation version; reconciliation; data quality; query/report behavior,source-to-target lineage; tenant/security scope; metric definition; freshness; mapped tests,"Bid performance covers the win rate. There is no pipeline conversion, no source attribution, no customer lifetime value and no forecast. Blocked platform-wide by: transformation version (not_met), reconciliation (not_met), data quality (not_met), query/report behavior (not_met)."
P29-REQ-455,Workforce Analytics,not_verified,partial,transformation version; reconciliation; data quality; query/report behavior,source-to-target lineage; tenant/security scope; metric definition; freshness; mapped tests,"`reporting_labor_productivity` computes approved hours and premium-hour ratio by week, project and cost code. There is no crew productivity against estimate, no absence analysis and no turnover. Blocked platform-wide by: transformation version (not_met), reconciliation (not_met), data quality (not_met), query/report behavior (not_met)."
P29-REQ-456,Fleet Analytics,not_verified,not_built,transformation version; reconciliation; data quality; query/report behavior,source-to-target lineage; tenant/security scope; metric definition; freshness; mapped tests,"No reporting view for fleet at all. Utilization is computed on a screen from demonstration data; cost per hour, availability and replacement analysis do not exist. Blocked platform-wide by: transformation version (not_met), reconciliation (not_met), data quality (not_met), query/report behavior (not_met)."
P29-REQ-457,Procurement Analytics,not_verified,not_built,transformation version; reconciliation; data quality; query/report behavior,source-to-target lineage; tenant/security scope; metric definition; freshness; mapped tests,"No reporting view. No spend analysis, no vendor performance, no commitment versus actual. Blocked platform-wide by: transformation version (not_met), reconciliation (not_met), data quality (not_met), query/report behavior (not_met)."
P29-REQ-458,Safety Analytics,not_verified,partial,transformation version; reconciliation; data quality; query/report behavior,source-to-target lineage; tenant/security scope; metric definition; freshness; mapped tests,"The strongest of the analytics domains after this phase: incidents by month, and TRIR and DART correctly computed against approved hours, with the definition errors found and fixed. There is no leading indicator, no observation rate, no trend and no benchmark. Blocked platform-wide by: transformation version (not_met), reconciliation (not_met), data quality (not_met), query/report behavior (not_met)."
P29-REQ-459,Document/AI Analytics,not_verified,not_built,transformation version; reconciliation; data quality; query/report behavior,source-to-target lineage; tenant/security scope; metric definition; freshness; mapped tests,"No reporting view. AI requests are metered for billing and nothing analyzes finding accuracy, acceptance rate or model performance. Blocked platform-wide by: transformation version (not_met), reconciliation (not_met), data quality (not_met), query/report behavior (not_met)."
P29-REQ-460,Regional Pricing Analytics,not_verified,not_built,transformation version; reconciliation; data quality; query/report behavior,source-to-target lineage; tenant/security scope; metric definition; freshness; mapped tests,"Regional pricing exists in the estimating libraries as condition modifiers. Nothing analyzes it: no regional benchmark, no price trend, no market comparison. Blocked platform-wide by: transformation version (not_met), reconciliation (not_met), data quality (not_met), query/report behavior (not_met)."
P29-REQ-461,Benchmarking,not_verified,not_built,transformation version; reconciliation; data quality; query/report behavior,source-to-target lineage; tenant/security scope; metric definition; freshness; mapped tests,"No internal benchmark, no peer comparison, no industry reference. Blocked platform-wide by: transformation version (not_met), reconciliation (not_met), data quality (not_met), query/report behavior (not_met)."
P29-REQ-462,Historical Trends,not_verified,not_built,transformation version; reconciliation; data quality; query/report behavior,source-to-target lineage; tenant/security scope; metric definition; freshness; mapped tests,"No trend of anything. Every metric returns a current value. Blocked platform-wide by: transformation version (not_met), reconciliation (not_met), data quality (not_met), query/report behavior (not_met)."
P29-REQ-463,Forecasting,not_verified,not_built,transformation version; reconciliation; data quality; query/report behavior,source-to-target lineage; tenant/security scope; metric definition; freshness; mapped tests,"No forecast, no projection, no model of any kind. Blocked platform-wide by: transformation version (not_met), reconciliation (not_met), data quality (not_met), query/report behavior (not_met)."
P29-REQ-464,Scenario Analytics,not_verified,not_built,transformation version; reconciliation; data quality; query/report behavior,source-to-target lineage; tenant/security scope; metric definition; freshness; mapped tests,"No scenario, no what-if, no sensitivity analysis over analytics data. The estimating engine supports scenario comparison; nothing carries it into reporting. Blocked platform-wide by: transformation version (not_met), reconciliation (not_met), data quality (not_met), query/report behavior (not_met)."
P29-REQ-465,Portfolio Analytics,not_verified,not_built,transformation version; reconciliation; data quality; query/report behavior,source-to-target lineage; tenant/security scope; metric definition; freshness; mapped tests,"No portfolio roll-up, no cross-project aggregation above the company grain, no capital allocation view. Blocked platform-wide by: transformation version (not_met), reconciliation (not_met), data quality (not_met), query/report behavior (not_met)."
P29-REQ-466,Executive Dashboards,not_verified,partial,transformation version; reconciliation; data quality; query/report behavior,source-to-target lineage; tenant/security scope; metric definition; freshness; mapped tests,"A dashboard screen exists and reads demonstration fixtures. Nothing on it comes from the semantic layer. Blocked platform-wide by: transformation version (not_met), reconciliation (not_met), data quality (not_met), query/report behavior (not_met)."
P29-REQ-467,Operational Dashboards,not_verified,partial,transformation version; reconciliation; data quality; query/report behavior,source-to-target lineage; tenant/security scope; metric definition; freshness; mapped tests,"Same: the screens are built, complete and fed by static data. Blocked platform-wide by: transformation version (not_met), reconciliation (not_met), data quality (not_met), query/report behavior (not_met)."
P29-REQ-468,Self-Service Reporting,not_verified,not_built,transformation version; reconciliation; data quality; query/report behavior,source-to-target lineage; tenant/security scope; metric definition; freshness; mapped tests,"No report builder, no saved report, no user-defined visualization. Blocked platform-wide by: transformation version (not_met), reconciliation (not_met), data quality (not_met), query/report behavior (not_met)."
P29-REQ-469,Ad Hoc Analysis,not_verified,not_built,transformation version; reconciliation; data quality; query/report behavior,source-to-target lineage; tenant/security scope; metric definition; freshness; mapped tests,"No query surface, no exploration, no pivot. Blocked platform-wide by: transformation version (not_met), reconciliation (not_met), data quality (not_met), query/report behavior (not_met)."
P29-REQ-470,Report Scheduling,not_verified,not_built,transformation version; reconciliation; data quality; query/report behavior,source-to-target lineage; tenant/security scope; metric definition; freshness; mapped tests,"No schedule, no recurrence, no delivery. Blocked platform-wide by: transformation version (not_met), reconciliation (not_met), data quality (not_met), query/report behavior (not_met)."
P29-REQ-471,Exports/Subscriptions,not_verified,partial,transformation version; reconciliation; data quality; query/report behavior,source-to-target lineage; tenant/security scope; metric definition; freshness; mapped tests,"An Export button with no handler. Nothing exports in any format, and there is no subscription or delivery of any kind. Blocked platform-wide by: transformation version (not_met), reconciliation (not_met), data quality (not_met), query/report behavior (not_met)."
P29-REQ-472,Data Quality,not_verified,not_built,transformation version; reconciliation; data quality; query/report behavior,source-to-target lineage; tenant/security scope; metric definition; freshness; mapped tests,"No rule, no profile, no score, no threshold, no alert. Blocked platform-wide by: transformation version (not_met), reconciliation (not_met), data quality (not_met), query/report behavior (not_met)."
P29-REQ-473,Reconciliation,not_verified,not_built,transformation version; reconciliation; data quality; query/report behavior,source-to-target lineage; tenant/security scope; metric definition; freshness; mapped tests,"No control total, no tie-out, no variance between the semantic layer and the records beneath it. Blocked platform-wide by: transformation version (not_met), reconciliation (not_met), data quality (not_met), query/report behavior (not_met)."
P29-REQ-474,Freshness Monitoring,not_verified,partial,transformation version; reconciliation; data quality; query/report behavior,source-to-target lineage; tenant/security scope; metric definition; freshness; mapped tests,"Nothing is materialized and a test keeps it that way, so no figure can be stale. There is no monitor, because there is nothing yet that could go stale — and no watch on that assumption beyond the test. Blocked platform-wide by: transformation version (not_met), reconciliation (not_met), data quality (not_met), query/report behavior (not_met)."
P29-REQ-475,Data Lineage,not_verified,partial,transformation version; reconciliation; data quality; query/report behavior,source-to-target lineage; tenant/security scope; metric definition; freshness; mapped tests,"Metric-to-view lineage is recorded and enforced by test, which is the part that can go wrong silently. There is no column-level lineage, no lineage graph, no impact analysis and no catalog to browse it in. Blocked platform-wide by: transformation version (not_met), reconciliation (not_met), data quality (not_met), query/report behavior (not_met)."
P29-REQ-476,Metadata Catalog,not_verified,not_built,transformation version; reconciliation; data quality; query/report behavior,source-to-target lineage; tenant/security scope; metric definition; freshness; mapped tests,"No catalog, no glossary, no searchable description of what exists. The metric definitions carry descriptions and are the closest thing to one. Blocked platform-wide by: transformation version (not_met), reconciliation (not_met), data quality (not_met), query/report behavior (not_met)."
P29-REQ-477,Master Data Alignment,not_verified,not_built,transformation version; reconciliation; data quality; query/report behavior,source-to-target lineage; tenant/security scope; metric definition; freshness; mapped tests,"No master data management, no golden record, no cross-system entity resolution. Blocked platform-wide by: transformation version (not_met), reconciliation (not_met), data quality (not_met), query/report behavior (not_met)."
P29-REQ-478,Tenant Analytics Isolation,not_verified,built,transformation version; reconciliation; data quality; query/report behavior,source-to-target lineage; tenant/security scope; metric definition; freshness; mapped tests,"Blocked platform-wide by: transformation version (not_met), reconciliation (not_met), data quality (not_met), query/report behavior (not_met)."
P29-REQ-479,Row/Column Security,not_verified,partial,transformation version; reconciliation; data quality; query/report behavior,source-to-target lineage; tenant/security scope; metric definition; freshness; mapped tests,"Row security is thorough and proven: forced row level security, security_invoker on every reporting view, company_id on every one, an explicit tenant argument where the service role is in play. Column security does not exist — no masking, no column-level grants, no classification driving either. Blocked platform-wide by: transformation version (not_met), reconciliation (not_met), data quality (not_met), query/report behavior (not_met)."
P29-REQ-480,Privacy in Analytics,not_verified,partial,transformation version; reconciliation; data quality; query/report behavior,source-to-target lineage; tenant/security scope; metric definition; freshness; mapped tests,"Tenant isolation is enforced and proven. There is no anonymization, no aggregation threshold, no differential access to person-level data, and the platform-wide absence of a retention schedule or erasure path recorded in F7 applies here in full. Blocked platform-wide by: transformation version (not_met), reconciliation (not_met), data quality (not_met), query/report behavior (not_met)."
P29-REQ-481,Retention/Archive,not_verified,partial,transformation version; reconciliation; data quality; query/report behavior,source-to-target lineage; tenant/security scope; metric definition; freshness; mapped tests,"Analytics data is the operational data, so it is retained exactly as long as the records are — which, per F7, is forever, because a company cannot be deleted. There is no archive tier, no purge, no retention policy and nothing that says any of this out loud. Blocked platform-wide by: transformation version (not_met), reconciliation (not_met), data quality (not_met), query/report behavior (not_met)."
P29-REQ-482,Analytics Audit,not_verified,partial,transformation version; reconciliation; data quality; query/report behavior,source-to-target lineage; tenant/security scope; metric definition; freshness; mapped tests,"Every metric definition change is audited and versioned, and every API request for a metric is logged with its key, status and duration. There is no analytics-specific audit: no record of who viewed which figure, no export log, no access review. Blocked platform-wide by: transformation version (not_met), reconciliation (not_met), data quality (not_met), query/report behavior (not_met)."
P29-REQ-483,Cost/Performance Optimization,not_verified,partial,transformation version; reconciliation; data quality; query/report behavior,source-to-target lineage; tenant/security scope; metric definition; freshness; mapped tests,"Indexes support the reporting views' group-by columns and the metric version lookup. There is no query budget, no performance baseline, no materialization strategy and no cost measurement. Blocked platform-wide by: transformation version (not_met), reconciliation (not_met), data quality (not_met), query/report behavior (not_met)."
P29-REQ-484,AI-Ready Feature Data,not_verified,not_built,transformation version; reconciliation; data quality; query/report behavior,source-to-target lineage; tenant/security scope; metric definition; freshness; mapped tests,"No feature store, no feature definition, no training dataset. Blocked platform-wide by: transformation version (not_met), reconciliation (not_met), data quality (not_met), query/report behavior (not_met)."
P29-REQ-485,Vector/Embedding Metadata,not_verified,not_built,transformation version; reconciliation; data quality; query/report behavior,source-to-target lineage; tenant/security scope; metric definition; freshness; mapped tests,"No embeddings, no vector index, no similarity search. Blocked platform-wide by: transformation version (not_met), reconciliation (not_met), data quality (not_met), query/report behavior (not_met)."
P29-REQ-486,Model Feature Governance,not_verified,not_built,transformation version; reconciliation; data quality; query/report behavior,source-to-target lineage; tenant/security scope; metric definition; freshness; mapped tests,"No model registry, no feature lineage, no drift monitoring — the same absence P20 recorded for AI/ML production governance. Blocked platform-wide by: transformation version (not_met), reconciliation (not_met), data quality (not_met), query/report behavior (not_met)."
P29-REQ-487,Analytics Observability,not_verified,partial,transformation version; reconciliation; data quality; query/report behavior,source-to-target lineage; tenant/security scope; metric definition; freshness; mapped tests,"The observability library produces structured logs and metrics with request correlation, and API requests to the metric route are recorded. Nothing is deployed, so nothing consumes them — the same absence P20 recorded. Blocked platform-wide by: transformation version (not_met), reconciliation (not_met), data quality (not_met), query/report behavior (not_met)."
P29-REQ-488,Analytics Incident Response,not_verified,not_built,transformation version; reconciliation; data quality; query/report behavior,source-to-target lineage; tenant/security scope; metric definition; freshness; mapped tests,"No incident model at all, analytics or otherwise — the operational face of what P20 and P28 both named. Blocked platform-wide by: transformation version (not_met), reconciliation (not_met), data quality (not_met), query/report behavior (not_met)."
P29-REQ-489,Analytics Platform Architecture,not_verified,partial,transformation version; reconciliation; data quality; query/report behavior,source-to-target lineage; tenant/security scope; metric definition; freshness; mapped tests,"The architecture is deliberate and documented — a view layer over the normalized schema, governed metric definitions above it, one evaluation path, no copies. It is an architecture for a semantic layer, not for an analytics platform: no separate compute, no storage tier, no workload isolation. Blocked platform-wide by: transformation version (not_met), reconciliation (not_met), data quality (not_met), query/report behavior (not_met)."
P29-REQ-490,Operational Data Replication,not_verified,not_built,transformation version; reconciliation; data quality; query/report behavior,source-to-target lineage; tenant/security scope; metric definition; freshness; mapped tests,"No replica, no read-only analytics copy, no replication lag to monitor. Blocked platform-wide by: transformation version (not_met), reconciliation (not_met), data quality (not_met), query/report behavior (not_met)."
P29-REQ-491,Data Warehouse,not_verified,not_built,transformation version; reconciliation; data quality; query/report behavior,source-to-target lineage; tenant/security scope; metric definition; freshness; mapped tests,"No warehouse. Reporting reads the operational schema directly. Blocked platform-wide by: transformation version (not_met), reconciliation (not_met), data quality (not_met), query/report behavior (not_met)."
P29-REQ-492,Lakehouse/Object Analytics,not_verified,not_built,transformation version; reconciliation; data quality; query/report behavior,source-to-target lineage; tenant/security scope; metric definition; freshness; mapped tests,"No object storage analytics, no table format, no external tables. Blocked platform-wide by: transformation version (not_met), reconciliation (not_met), data quality (not_met), query/report behavior (not_met)."
P29-REQ-493,Bronze/Silver/Gold Layers,not_verified,not_built,transformation version; reconciliation; data quality; query/report behavior,source-to-target lineage; tenant/security scope; metric definition; freshness; mapped tests,"No layering. There is one layer, and it is the operational schema. Blocked platform-wide by: transformation version (not_met), reconciliation (not_met), data quality (not_met), query/report behavior (not_met)."
P29-REQ-494,ETL/ELT,not_verified,not_built,transformation version; reconciliation; data quality; query/report behavior,source-to-target lineage; tenant/security scope; metric definition; freshness; mapped tests,"No extract, transform or load of any kind. The views are the only transformation and they run at query time. Blocked platform-wide by: transformation version (not_met), reconciliation (not_met), data quality (not_met), query/report behavior (not_met)."
P29-REQ-495,CDC,not_verified,not_built,transformation version; reconciliation; data quality; query/report behavior,source-to-target lineage; tenant/security scope; metric definition; freshness; mapped tests,"No change data capture, no log reader, no stream of row changes. Blocked platform-wide by: transformation version (not_met), reconciliation (not_met), data quality (not_met), query/report behavior (not_met)."
P29-REQ-496,Batch Ingestion,not_verified,not_built,transformation version; reconciliation; data quality; query/report behavior,source-to-target lineage; tenant/security scope; metric definition; freshness; mapped tests,"No batch load, no staging area, no file-based ingestion into analytics. Blocked platform-wide by: transformation version (not_met), reconciliation (not_met), data quality (not_met), query/report behavior (not_met)."
P29-REQ-497,Streaming Ingestion,not_verified,not_built,transformation version; reconciliation; data quality; query/report behavior,source-to-target lineage; tenant/security scope; metric definition; freshness; mapped tests,"No stream, no event ingestion — the absence P20 and P30 both recorded from other sides. Blocked platform-wide by: transformation version (not_met), reconciliation (not_met), data quality (not_met), query/report behavior (not_met)."
P29-REQ-498,Pipeline Orchestration,not_verified,not_built,transformation version; reconciliation; data quality; query/report behavior,source-to-target lineage; tenant/security scope; metric definition; freshness; mapped tests,"No scheduler, no DAG, no dependency between transformations, no run history. Blocked platform-wide by: transformation version (not_met), reconciliation (not_met), data quality (not_met), query/report behavior (not_met)."
P29-REQ-499,Schema Evolution,not_verified,not_built,transformation version; reconciliation; data quality; query/report behavior,source-to-target lineage; tenant/security scope; metric definition; freshness; mapped tests,"Migrations are ordered and forward-only, which governs the operational schema. There is no analytics schema to evolve and no compatibility policy for one. Blocked platform-wide by: transformation version (not_met), reconciliation (not_met), data quality (not_met), query/report behavior (not_met)."
P29-REQ-500,Data Contracts,not_verified,not_built,transformation version; reconciliation; data quality; query/report behavior,source-to-target lineage; tenant/security scope; metric definition; freshness; mapped tests,"No contract between a producer and a consumer of analytics data, no schema registry, no breaking-change gate. Blocked platform-wide by: transformation version (not_met), reconciliation (not_met), data quality (not_met), query/report behavior (not_met)."
P29-REQ-501,Canonical Dimensions,not_verified,not_built,transformation version; reconciliation; data quality; query/report behavior,source-to-target lineage; tenant/security scope; metric definition; freshness; mapped tests,"No dimension tables, no conformed dimensions, no shared keys across marts. Blocked platform-wide by: transformation version (not_met), reconciliation (not_met), data quality (not_met), query/report behavior (not_met)."
P29-REQ-502,Fact Tables,not_verified,not_built,transformation version; reconciliation; data quality; query/report behavior,source-to-target lineage; tenant/security scope; metric definition; freshness; mapped tests,"No fact tables. Aggregation happens in views at query time. Blocked platform-wide by: transformation version (not_met), reconciliation (not_met), data quality (not_met), query/report behavior (not_met)."
P29-REQ-503,Slowly Changing Dimensions,not_verified,not_built,transformation version; reconciliation; data quality; query/report behavior,source-to-target lineage; tenant/security scope; metric definition; freshness; mapped tests,"No dimension history. The platform tracks history where it matters commercially — library rates, plan versions, document revisions, metric definitions — through append-only version tables rather than through a dimensional model. Blocked platform-wide by: transformation version (not_met), reconciliation (not_met), data quality (not_met), query/report behavior (not_met)."
P29-REQ-504,Semantic Model,not_verified,partial,transformation version; reconciliation; data quality; query/report behavior,source-to-target lineage; tenant/security scope; metric definition; freshness; mapped tests,"Ten views and sixteen governed metrics over a normalized schema, with lineage from metric to view enforced by test. There is no dimensional model: no conformed dimensions, no fact tables, no hierarchies and no drill path. Blocked platform-wide by: transformation version (not_met), reconciliation (not_met), data quality (not_met), query/report behavior (not_met)."
P29-REQ-505,Metric Definitions,not_verified,built,transformation version; reconciliation; data quality; query/report behavior,source-to-target lineage; tenant/security scope; metric definition; freshness; mapped tests,"Blocked platform-wide by: transformation version (not_met), reconciliation (not_met), data quality (not_met), query/report behavior (not_met)."
P29-REQ-506,KPI Registry,not_verified,partial,transformation version; reconciliation; data quality; query/report behavior,source-to-target lineage; tenant/security scope; metric definition; freshness; mapped tests,"The metric catalog is a registry in everything but name — keyed, described, unit-typed, grain-typed, targeted, versioned and permissioned. What is missing is the KPI layer above it: no scorecard, no owner, no review cadence, no threshold alerting against the targets it already stores. Blocked platform-wide by: transformation version (not_met), reconciliation (not_met), data quality (not_met), query/report behavior (not_met)."
P29-REQ-507,Measure Calculation,not_verified,partial,transformation version; reconciliation; data quality; query/report behavior,source-to-target lineage; tenant/security scope; metric definition; freshness; mapped tests,"One function evaluates every platform-defined measure, and the API and any screen read it rather than computing separately. Only platform definitions are executed, deliberately; there is no user-defined measure, no calculated column and no measure composition. Blocked platform-wide by: transformation version (not_met), reconciliation (not_met), data quality (not_met), query/report behavior (not_met)."
P29-REQ-508,Time Intelligence,not_verified,not_built,transformation version; reconciliation; data quality; query/report behavior,source-to-target lineage; tenant/security scope; metric definition; freshness; mapped tests,"No period-over-period comparison, no year-to-date, no rolling window, no fiscal calendar in the semantic layer. Financial periods exist as an accounting control and nothing reports across them. Blocked platform-wide by: transformation version (not_met), reconciliation (not_met), data quality (not_met), query/report behavior (not_met)."
P29-REQ-509,Financial Analytics,not_verified,partial,transformation version; reconciliation; data quality; query/report behavior,source-to-target lineage; tenant/security scope; metric definition; freshness; mapped tests,"`reporting_project_financials` computes cost, billing, retainage, margin and change order ratio per project, and nine metrics are defined over it. It is served through the public API and read by no screen. Blocked platform-wide by: transformation version (not_met), reconciliation (not_met), data quality (not_met), query/report behavior (not_met)."
P29-REQ-510,Estimating Analytics,not_verified,partial,transformation version; reconciliation; data quality; query/report behavior,source-to-target lineage; tenant/security scope; metric definition; freshness; mapped tests,"`reporting_bid_performance` computes bid hit rate and estimates submitted by month and division. There is no bid-versus-actual analysis, no estimator performance and no cost-model calibration. Blocked platform-wide by: transformation version (not_met), reconciliation (not_met), data quality (not_met), query/report behavior (not_met)."
P29-REQ-511,Production Analytics,not_verified,partial,transformation version; reconciliation; data quality; query/report behavior,source-to-target lineage; tenant/security scope; metric definition; freshness; mapped tests,"Quantities and hours are reconcilable against estimated production rates through the same view and the engine's own output. Nothing computes the comparison. Blocked platform-wide by: transformation version (not_met), reconciliation (not_met), data quality (not_met), query/report behavior (not_met)."
P29-REQ-512,Project Analytics,not_verified,partial,transformation version; reconciliation; data quality; query/report behavior,source-to-target lineage; tenant/security scope; metric definition; freshness; mapped tests,"The same view carries project-grain cost and billing. There is no project health score, no earned value, no trend and no portfolio roll-up. Blocked platform-wide by: transformation version (not_met), reconciliation (not_met), data quality (not_met), query/report behavior (not_met)."
P29-REQ-513,Schedule Analytics,not_verified,partial,transformation version; reconciliation; data quality; query/report behavior,source-to-target lineage; tenant/security scope; metric definition; freshness; mapped tests,"`reporting_schedule_variance` compares the current calculation against the current baseline, with float derivable only from an actual critical-path calculation. There is no trend, no schedule performance index and no look-ahead analytics. Blocked platform-wide by: transformation version (not_met), reconciliation (not_met), data quality (not_met), query/report behavior (not_met)."
P29-REQ-514,Commercial Analytics,not_verified,partial,transformation version; reconciliation; data quality; query/report behavior,source-to-target lineage; tenant/security scope; metric definition; freshness; mapped tests,"Change order ratio is computed and claims carry derived deadlines. There is no exposure analysis, no claim outcome history and no contract performance view. Blocked platform-wide by: transformation version (not_met), reconciliation (not_met), data quality (not_met), query/report behavior (not_met)."
P29-REQ-515,CRM Analytics,not_verified,partial,transformation version; reconciliation; data quality; query/report behavior,source-to-target lineage; tenant/security scope; metric definition; freshness; mapped tests,"Bid performance covers the win rate. There is no pipeline conversion, no source attribution, no customer lifetime value and no forecast. Blocked platform-wide by: transformation version (not_met), reconciliation (not_met), data quality (not_met), query/report behavior (not_met)."
P29-REQ-516,Workforce Analytics,not_verified,partial,transformation version; reconciliation; data quality; query/report behavior,source-to-target lineage; tenant/security scope; metric definition; freshness; mapped tests,"`reporting_labor_productivity` computes approved hours and premium-hour ratio by week, project and cost code. There is no crew productivity against estimate, no absence analysis and no turnover. Blocked platform-wide by: transformation version (not_met), reconciliation (not_met), data quality (not_met), query/report behavior (not_met)."
P29-REQ-517,Fleet Analytics,not_verified,not_built,transformation version; reconciliation; data quality; query/report behavior,source-to-target lineage; tenant/security scope; metric definition; freshness; mapped tests,"No reporting view for fleet at all. Utilization is computed on a screen from demonstration data; cost per hour, availability and replacement analysis do not exist. Blocked platform-wide by: transformation version (not_met), reconciliation (not_met), data quality (not_met), query/report behavior (not_met)."
P29-REQ-518,Procurement Analytics,not_verified,not_built,transformation version; reconciliation; data quality; query/report behavior,source-to-target lineage; tenant/security scope; metric definition; freshness; mapped tests,"No reporting view. No spend analysis, no vendor performance, no commitment versus actual. Blocked platform-wide by: transformation version (not_met), reconciliation (not_met), data quality (not_met), query/report behavior (not_met)."
P29-REQ-519,Safety Analytics,not_verified,partial,transformation version; reconciliation; data quality; query/report behavior,source-to-target lineage; tenant/security scope; metric definition; freshness; mapped tests,"The strongest of the analytics domains after this phase: incidents by month, and TRIR and DART correctly computed against approved hours, with the definition errors found and fixed. There is no leading indicator, no observation rate, no trend and no benchmark. Blocked platform-wide by: transformation version (not_met), reconciliation (not_met), data quality (not_met), query/report behavior (not_met)."
P29-REQ-520,Document/AI Analytics,not_verified,not_built,transformation version; reconciliation; data quality; query/report behavior,source-to-target lineage; tenant/security scope; metric definition; freshness; mapped tests,"No reporting view. AI requests are metered for billing and nothing analyzes finding accuracy, acceptance rate or model performance. Blocked platform-wide by: transformation version (not_met), reconciliation (not_met), data quality (not_met), query/report behavior (not_met)."
