requirement_id,domain,verification,domain_status,unmet_conditions,met_conditions,gap
P30-REQ-001,SaaS Control Plane,not_verified,partial,,plan/version; tenant scope; entitlement or billing effect; lifecycle transition; audit evidence; failure/retry behavior; security boundary; mapped tests,"The pieces a control plane governs exist — catalog, versions, entitlements, provisioning, usage. There is no operator surface above them: no screen or API through which somebody running the platform administers tenants, grants, or plan publication."
P30-REQ-002,Tenant Lifecycle,not_verified,partial,,plan/version; tenant scope; entitlement or billing effect; lifecycle transition; audit evidence; failure/retry behavior; security boundary; mapped tests,"A company is provisioned with its owner, role, entitlement and trial in one governed call. Nothing suspends, offboards or deletes one: there is no end to the lifecycle, and no export before deletion."
P30-REQ-003,Plans & Packaging,verified,built,,plan/version; tenant scope; entitlement or billing effect; lifecycle transition; audit evidence; failure/retry behavior; security boundary; mapped tests,
P30-REQ-004,Product Catalog,verified,built,,plan/version; tenant scope; entitlement or billing effect; lifecycle transition; audit evidence; failure/retry behavior; security boundary; mapped tests,
P30-REQ-005,Pricing Models,not_verified,partial,,plan/version; tenant scope; entitlement or billing effect; lifecycle transition; audit evidence; failure/retry behavior; security boundary; mapped tests,"Per-seat licensed and metered usage types are both modeled, with monthly and annual intervals and quantity carried from Stripe. There is no tiered, graduated or volume pricing, and no overage rate for exceeding an allowance."
P30-REQ-006,Subscription Lifecycle,verified,built,,plan/version; tenant scope; entitlement or billing effect; lifecycle transition; audit evidence; failure/retry behavior; security boundary; mapped tests,
P30-REQ-007,Billing Accounts,not_verified,partial,,plan/version; tenant scope; entitlement or billing effect; lifecycle transition; audit evidence; failure/retry behavior; security boundary; mapped tests,"A Stripe customer id ties a company to its billing. There is no billing account of GrounUp's own: no billing contact distinct from the owner, no billing address, no purchase order number, no separate bill-to entity for a group."
P30-REQ-008,Invoices,verified,built,,plan/version; tenant scope; entitlement or billing effect; lifecycle transition; audit evidence; failure/retry behavior; security boundary; mapped tests,
P30-REQ-009,Payments,not_verified,partial,,plan/version; tenant scope; entitlement or billing effect; lifecycle transition; audit evidence; failure/retry behavior; security boundary; mapped tests,"The default payment method's brand and last four digits are carried for display, and payment success or failure moves the subscription status. No payment is recorded as an event, so there is no payment history independent of Stripe."
P30-REQ-010,Credits & Adjustments,not_verified,not_built,,plan/version; tenant scope; entitlement or billing effect; lifecycle transition; audit evidence; failure/retry behavior; security boundary; mapped tests,"No credit note, no manual adjustment, no goodwill credit. Nothing can reduce what a customer owes inside GrounUp."
P30-REQ-011,Taxes & Jurisdiction,not_verified,not_built,,plan/version; tenant scope; entitlement or billing effect; lifecycle transition; audit evidence; failure/retry behavior; security boundary; mapped tests,"No tax calculation, no jurisdiction, no exemption certificate, no VAT or GST registration number."
P30-REQ-012,Usage Metering,verified,built,,plan/version; tenant scope; entitlement or billing effect; lifecycle transition; audit evidence; failure/retry behavior; security boundary; mapped tests,
P30-REQ-013,Usage Aggregation,verified,built,,plan/version; tenant scope; entitlement or billing effect; lifecycle transition; audit evidence; failure/retry behavior; security boundary; mapped tests,
P30-REQ-014,Quotas & Limits,verified,built,,plan/version; tenant scope; entitlement or billing effect; lifecycle transition; audit evidence; failure/retry behavior; security boundary; mapped tests,
P30-REQ-015,Licensing,not_verified,partial,,plan/version; tenant scope; entitlement or billing effect; lifecycle transition; audit evidence; failure/retry behavior; security boundary; mapped tests,"Seats are counted and enforced against the plan allowance. There is no license model beyond a seat count: no named-user versus concurrent licensing, no role-priced seats, no license assignment separate from membership."
P30-REQ-016,Entitlements,verified,built,,plan/version; tenant scope; entitlement or billing effect; lifecycle transition; audit evidence; failure/retry behavior; security boundary; mapped tests,
P30-REQ-017,Feature Flags,not_verified,not_built,,plan/version; tenant scope; entitlement or billing effect; lifecycle transition; audit evidence; failure/retry behavior; security boundary; mapped tests,"A plan's feature set is entitlement, not a flag. There is no per-tenant toggle, no gradual rollout, no kill switch for a shipped feature."
P30-REQ-018,Trials,verified,built,,plan/version; tenant scope; entitlement or billing effect; lifecycle transition; audit evidence; failure/retry behavior; security boundary; mapped tests,
P30-REQ-019,Promotions,not_verified,not_built,,plan/version; tenant scope; entitlement or billing effect; lifecycle transition; audit evidence; failure/retry behavior; security boundary; mapped tests,"No promotional pricing, no campaign, no time-limited offer."
P30-REQ-020,Coupons,not_verified,not_built,,plan/version; tenant scope; entitlement or billing effect; lifecycle transition; audit evidence; failure/retry behavior; security boundary; mapped tests,"No coupon, no redemption, no eligibility rule."
P30-REQ-021,Renewals,not_verified,partial,,plan/version; tenant scope; entitlement or billing effect; lifecycle transition; audit evidence; failure/retry behavior; security boundary; mapped tests,"The paid period is carried and renewal moves it forward through the webhook. Nothing notices an upcoming renewal, notifies anybody, or handles a deliberate non-renewal beyond the cancel-at-period-end flag."
P30-REQ-022,Upgrades/Downgrades,verified,built,,plan/version; tenant scope; entitlement or billing effect; lifecycle transition; audit evidence; failure/retry behavior; security boundary; mapped tests,
P30-REQ-023,Proration,not_verified,not_built,,plan/version; tenant scope; entitlement or billing effect; lifecycle transition; audit evidence; failure/retry behavior; security boundary; mapped tests,"Stripe prorates a mid-cycle change and GrounUp neither records nor displays it, so a customer asking why an invoice is an odd amount cannot be answered from here."
P30-REQ-024,Cancellation,verified,built,,plan/version; tenant scope; entitlement or billing effect; lifecycle transition; audit evidence; failure/retry behavior; security boundary; mapped tests,
P30-REQ-025,Dunning,not_verified,partial,,plan/version; tenant scope; entitlement or billing effect; lifecycle transition; audit evidence; failure/retry behavior; security boundary; mapped tests,"The dunning window is respected rather than run: a past-due account keeps working, deliberately, because cutting a contractor off mid-bid costs more than the few days it saves. There is no dunning process of GrounUp's own — no notice, no retry schedule, no escalation, no final cut-off."
P30-REQ-026,Revenue Operations,not_verified,not_built,,plan/version; tenant scope; entitlement or billing effect; lifecycle transition; audit evidence; failure/retry behavior; security boundary; mapped tests,"No revenue recognition, no deferred revenue, no ledger, no export to a finance system."
P30-REQ-027,Customer Onboarding,not_verified,partial,,plan/version; tenant scope; entitlement or billing effect; lifecycle transition; audit evidence; failure/retry behavior; security boundary; mapped tests,"Provisioning seeds a working company with a library and a trial. There is no onboarding: no guided setup, no data import, no first-run checklist, no measure of whether a customer reached value."
P30-REQ-028,Provisioning,verified,built,,plan/version; tenant scope; entitlement or billing effect; lifecycle transition; audit evidence; failure/retry behavior; security boundary; mapped tests,
P30-REQ-029,Customer Success,not_verified,not_built,,plan/version; tenant scope; entitlement or billing effect; lifecycle transition; audit evidence; failure/retry behavior; security boundary; mapped tests,"No account health, no success plan, no touchpoint, no owner."
P30-REQ-030,Support,not_verified,not_built,,plan/version; tenant scope; entitlement or billing effect; lifecycle transition; audit evidence; failure/retry behavior; security boundary; mapped tests,"No ticket, no case, no queue, no support entitlement by plan."
P30-REQ-031,Service Levels,not_verified,not_built,,plan/version; tenant scope; entitlement or billing effect; lifecycle transition; audit evidence; failure/retry behavior; security boundary; mapped tests,"No service level is defined, measured or reported against."
P30-REQ-032,White Label,not_verified,partial,,plan/version; tenant scope; entitlement or billing effect; lifecycle transition; audit evidence; failure/retry behavior; security boundary; mapped tests,"A company's brand colors drive a derived palette checked for contrast, and documents carry its identity. The partner white-label plan exists in the catalog with no partner administration behind it, and there is no per-tenant application shell, domain or login page."
P30-REQ-033,Brand Themes,verified,built,,plan/version; tenant scope; entitlement or billing effect; lifecycle transition; audit evidence; failure/retry behavior; security boundary; mapped tests,
P30-REQ-034,Custom Domains,not_verified,not_built,,plan/version; tenant scope; entitlement or billing effect; lifecycle transition; audit evidence; failure/retry behavior; security boundary; mapped tests,"No custom domain, no certificate handling, no per-domain routing."
P30-REQ-035,Email Branding,not_verified,not_built,,plan/version; tenant scope; entitlement or billing effect; lifecycle transition; audit evidence; failure/retry behavior; security boundary; mapped tests,"The platform sends no email at all, so there is none to brand."
P30-REQ-036,Document Branding,verified,built,,plan/version; tenant scope; entitlement or billing effect; lifecycle transition; audit evidence; failure/retry behavior; security boundary; mapped tests,
P30-REQ-037,Reseller/Partner,not_verified,not_built,,plan/version; tenant scope; entitlement or billing effect; lifecycle transition; audit evidence; failure/retry behavior; security boundary; mapped tests,"A white-label partner plan row exists in the catalog. There is no partner: no reseller hierarchy, no margin, no partner-billed tenant."
P30-REQ-038,Marketplace,not_verified,not_built,,plan/version; tenant scope; entitlement or billing effect; lifecycle transition; audit evidence; failure/retry behavior; security boundary; mapped tests,Not built and not planned. A marketplace is in the class of capability the traceability rules exclude globally.
P30-REQ-039,Integration Catalog,not_verified,partial,,plan/version; tenant scope; entitlement or billing effect; lifecycle transition; audit evidence; failure/retry behavior; security boundary; mapped tests,"Connectors exist and are governed — weather, and the ingestion pipeline — with an integrations settings surface. There is no catalog: nothing lists available integrations, records which a tenant has enabled, or gates them by plan."
P30-REQ-040,API Access Plans,verified,built,,plan/version; tenant scope; entitlement or billing effect; lifecycle transition; audit evidence; failure/retry behavior; security boundary; mapped tests,
P30-REQ-041,Webhooks,not_verified,partial,,plan/version; tenant scope; entitlement or billing effect; lifecycle transition; audit evidence; failure/retry behavior; security boundary; mapped tests,"Inbound webhooks from Stripe are verified, deduplicated and recorded to a standard the rest of the platform is held to. There are no outbound webhooks: a customer cannot subscribe to events from GrounUp."
P30-REQ-042,Data Export Entitlements,not_verified,not_built,,plan/version; tenant scope; entitlement or billing effect; lifecycle transition; audit evidence; failure/retry behavior; security boundary; mapped tests,"No export permission exists anywhere in the platform, so exports cannot be entitled, limited or metered by plan."
P30-REQ-043,AI Usage Entitlements,not_verified,partial,,plan/version; tenant scope; entitlement or billing effect; lifecycle transition; audit evidence; failure/retry behavior; security boundary; mapped tests,"An AI credit allowance is published on the plan version, carried on the entitlement, metered on every run as a `usage_events` row, and since migration 0039 enforced: the document analyst refuses a request once the period's allowance is spent, with a message saying when it resets. What remains is that the allowance is counted in requests rather than tokens, so a large document and a small one cost the same credit, and there is no soft warning before the hard stop."
P30-REQ-044,Storage Entitlements,not_verified,partial,,plan/version; tenant scope; entitlement or billing effect; lifecycle transition; audit evidence; failure/retry behavior; security boundary; mapped tests,"A storage allowance is published and carried. Nothing measures stored bytes, so there is nothing to enforce it against — the one half of the metering gap that is still real."
P30-REQ-045,Seat Management,not_verified,partial,,plan/version; tenant scope; entitlement or billing effect; lifecycle transition; audit evidence; failure/retry behavior; security boundary; mapped tests,"Seats are limited and an invitation consumes one, refused past the allowance with a message naming the plan. There is no seat management: no reclaiming a seat from a departed user, no pending-invitation expiry, no view of who holds one."
P30-REQ-046,Project/Company Limits,not_verified,partial,,plan/version; tenant scope; entitlement or billing effect; lifecycle transition; audit evidence; failure/retry behavior; security boundary; mapped tests,"Active projects are enforced against the plan allowance, and archived or closed work stops counting. The company limit — how many companies one subscription may carry — is published and not enforced."
P30-REQ-047,Regional Packaging,not_verified,not_built,,plan/version; tenant scope; entitlement or billing effect; lifecycle transition; audit evidence; failure/retry behavior; security boundary; mapped tests,"A currency column on the price, and nothing else. No regional plan, no local pricing, no per-region availability."
P30-REQ-048,Contracted Enterprise Plans,not_verified,partial,,plan/version; tenant scope; entitlement or billing effect; lifecycle transition; audit evidence; failure/retry behavior; security boundary; mapped tests,"A manual grant is the mechanism, and it is properly governed: it must name who granted it and why, and it is the one entitlement allowed to differ from its plan version. There is no contract record behind it — no term, no committed value, no renewal date, no signature."
P30-REQ-049,Billing Audit,verified,built,,plan/version; tenant scope; entitlement or billing effect; lifecycle transition; audit evidence; failure/retry behavior; security boundary; mapped tests,
P30-REQ-050,Commercial Analytics,not_verified,not_built,,plan/version; tenant scope; entitlement or billing effect; lifecycle transition; audit evidence; failure/retry behavior; security boundary; mapped tests,"No revenue reporting: no MRR, no ARR, no cohort, no plan mix."
P30-REQ-051,Customer Health,not_verified,not_built,,plan/version; tenant scope; entitlement or billing effect; lifecycle transition; audit evidence; failure/retry behavior; security boundary; mapped tests,"No usage-based health score, no risk signal, no engagement measure."
P30-REQ-052,Churn/Retention,not_verified,not_built,,plan/version; tenant scope; entitlement or billing effect; lifecycle transition; audit evidence; failure/retry behavior; security boundary; mapped tests,"Cancellation is recorded. Nothing analyzes it: no churn rate, no reason capture, no retention offer."
P30-REQ-053,Expansion Revenue,not_verified,not_built,,plan/version; tenant scope; entitlement or billing effect; lifecycle transition; audit evidence; failure/retry behavior; security boundary; mapped tests,"Upgrades happen and are not measured as expansion. No upsell signal, no seat growth reporting."
P30-REQ-054,Commercial Security,verified,built,,plan/version; tenant scope; entitlement or billing effect; lifecycle transition; audit evidence; failure/retry behavior; security boundary; mapped tests,
P30-REQ-055,Privacy/Tax Data,not_verified,not_built,,plan/version; tenant scope; entitlement or billing effect; lifecycle transition; audit evidence; failure/retry behavior; security boundary; mapped tests,"No tax identity is held, and no retention or deletion policy governs the commercial data that is — the same absence P28 recorded platform-wide."
P30-REQ-056,Dispute Handling,not_verified,not_built,,plan/version; tenant scope; entitlement or billing effect; lifecycle transition; audit evidence; failure/retry behavior; security boundary; mapped tests,"No chargeback handling, no dispute record, no evidence submission."
P30-REQ-057,Refund Governance,not_verified,not_built,,plan/version; tenant scope; entitlement or billing effect; lifecycle transition; audit evidence; failure/retry behavior; security boundary; mapped tests,"No refund can be issued, approved or recorded here."
P30-REQ-058,Commercial Incident Response,not_verified,not_built,,plan/version; tenant scope; entitlement or billing effect; lifecycle transition; audit evidence; failure/retry behavior; security boundary; mapped tests,No billing incident process — the commercial face of the detection and response gap P28 named.
P30-REQ-059,Migration/Grandfathering,verified,built,,plan/version; tenant scope; entitlement or billing effect; lifecycle transition; audit evidence; failure/retry behavior; security boundary; mapped tests,
P30-REQ-060,Feature Deprecation,not_verified,partial,,plan/version; tenant scope; entitlement or billing effect; lifecycle transition; audit evidence; failure/retry behavior; security boundary; mapped tests,"Plan versioning makes removing a feature safe for existing customers, which is the hard half. There is no deprecation process: no sunset date, no notice, nothing that reports who is still on a version carrying a feature being withdrawn."
P30-REQ-061,Plan Versioning,verified,built,,plan/version; tenant scope; entitlement or billing effect; lifecycle transition; audit evidence; failure/retry behavior; security boundary; mapped tests,
P30-REQ-062,Customer Communications,not_verified,not_built,,plan/version; tenant scope; entitlement or billing effect; lifecycle transition; audit evidence; failure/retry behavior; security boundary; mapped tests,"The notifications table carries a billing category and nothing writes to it. No invoice email, no renewal notice, no dunning message, no plan change confirmation."
P30-REQ-063,Self-Service Admin,verified,built,,plan/version; tenant scope; entitlement or billing effect; lifecycle transition; audit evidence; failure/retry behavior; security boundary; mapped tests,
P30-REQ-064,SaaS Control Plane,not_verified,partial,,plan/version; tenant scope; entitlement or billing effect; lifecycle transition; audit evidence; failure/retry behavior; security boundary; mapped tests,"The pieces a control plane governs exist — catalog, versions, entitlements, provisioning, usage. There is no operator surface above them: no screen or API through which somebody running the platform administers tenants, grants, or plan publication."
P30-REQ-065,Tenant Lifecycle,not_verified,partial,,plan/version; tenant scope; entitlement or billing effect; lifecycle transition; audit evidence; failure/retry behavior; security boundary; mapped tests,"A company is provisioned with its owner, role, entitlement and trial in one governed call. Nothing suspends, offboards or deletes one: there is no end to the lifecycle, and no export before deletion."
P30-REQ-066,Plans & Packaging,verified,built,,plan/version; tenant scope; entitlement or billing effect; lifecycle transition; audit evidence; failure/retry behavior; security boundary; mapped tests,
P30-REQ-067,Product Catalog,verified,built,,plan/version; tenant scope; entitlement or billing effect; lifecycle transition; audit evidence; failure/retry behavior; security boundary; mapped tests,
P30-REQ-068,Pricing Models,not_verified,partial,,plan/version; tenant scope; entitlement or billing effect; lifecycle transition; audit evidence; failure/retry behavior; security boundary; mapped tests,"Per-seat licensed and metered usage types are both modeled, with monthly and annual intervals and quantity carried from Stripe. There is no tiered, graduated or volume pricing, and no overage rate for exceeding an allowance."
P30-REQ-069,Subscription Lifecycle,verified,built,,plan/version; tenant scope; entitlement or billing effect; lifecycle transition; audit evidence; failure/retry behavior; security boundary; mapped tests,
P30-REQ-070,Billing Accounts,not_verified,partial,,plan/version; tenant scope; entitlement or billing effect; lifecycle transition; audit evidence; failure/retry behavior; security boundary; mapped tests,"A Stripe customer id ties a company to its billing. There is no billing account of GrounUp's own: no billing contact distinct from the owner, no billing address, no purchase order number, no separate bill-to entity for a group."
P30-REQ-071,Invoices,verified,built,,plan/version; tenant scope; entitlement or billing effect; lifecycle transition; audit evidence; failure/retry behavior; security boundary; mapped tests,
P30-REQ-072,Payments,not_verified,partial,,plan/version; tenant scope; entitlement or billing effect; lifecycle transition; audit evidence; failure/retry behavior; security boundary; mapped tests,"The default payment method's brand and last four digits are carried for display, and payment success or failure moves the subscription status. No payment is recorded as an event, so there is no payment history independent of Stripe."
P30-REQ-073,Credits & Adjustments,not_verified,not_built,,plan/version; tenant scope; entitlement or billing effect; lifecycle transition; audit evidence; failure/retry behavior; security boundary; mapped tests,"No credit note, no manual adjustment, no goodwill credit. Nothing can reduce what a customer owes inside GrounUp."
P30-REQ-074,Taxes & Jurisdiction,not_verified,not_built,,plan/version; tenant scope; entitlement or billing effect; lifecycle transition; audit evidence; failure/retry behavior; security boundary; mapped tests,"No tax calculation, no jurisdiction, no exemption certificate, no VAT or GST registration number."
P30-REQ-075,Usage Metering,verified,built,,plan/version; tenant scope; entitlement or billing effect; lifecycle transition; audit evidence; failure/retry behavior; security boundary; mapped tests,
P30-REQ-076,Usage Aggregation,verified,built,,plan/version; tenant scope; entitlement or billing effect; lifecycle transition; audit evidence; failure/retry behavior; security boundary; mapped tests,
P30-REQ-077,Quotas & Limits,verified,built,,plan/version; tenant scope; entitlement or billing effect; lifecycle transition; audit evidence; failure/retry behavior; security boundary; mapped tests,
P30-REQ-078,Licensing,not_verified,partial,,plan/version; tenant scope; entitlement or billing effect; lifecycle transition; audit evidence; failure/retry behavior; security boundary; mapped tests,"Seats are counted and enforced against the plan allowance. There is no license model beyond a seat count: no named-user versus concurrent licensing, no role-priced seats, no license assignment separate from membership."
P30-REQ-079,Entitlements,verified,built,,plan/version; tenant scope; entitlement or billing effect; lifecycle transition; audit evidence; failure/retry behavior; security boundary; mapped tests,
P30-REQ-080,Feature Flags,not_verified,not_built,,plan/version; tenant scope; entitlement or billing effect; lifecycle transition; audit evidence; failure/retry behavior; security boundary; mapped tests,"A plan's feature set is entitlement, not a flag. There is no per-tenant toggle, no gradual rollout, no kill switch for a shipped feature."
P30-REQ-081,Trials,verified,built,,plan/version; tenant scope; entitlement or billing effect; lifecycle transition; audit evidence; failure/retry behavior; security boundary; mapped tests,
P30-REQ-082,Promotions,not_verified,not_built,,plan/version; tenant scope; entitlement or billing effect; lifecycle transition; audit evidence; failure/retry behavior; security boundary; mapped tests,"No promotional pricing, no campaign, no time-limited offer."
P30-REQ-083,Coupons,not_verified,not_built,,plan/version; tenant scope; entitlement or billing effect; lifecycle transition; audit evidence; failure/retry behavior; security boundary; mapped tests,"No coupon, no redemption, no eligibility rule."
P30-REQ-084,Renewals,not_verified,partial,,plan/version; tenant scope; entitlement or billing effect; lifecycle transition; audit evidence; failure/retry behavior; security boundary; mapped tests,"The paid period is carried and renewal moves it forward through the webhook. Nothing notices an upcoming renewal, notifies anybody, or handles a deliberate non-renewal beyond the cancel-at-period-end flag."
P30-REQ-085,Upgrades/Downgrades,verified,built,,plan/version; tenant scope; entitlement or billing effect; lifecycle transition; audit evidence; failure/retry behavior; security boundary; mapped tests,
P30-REQ-086,Proration,not_verified,not_built,,plan/version; tenant scope; entitlement or billing effect; lifecycle transition; audit evidence; failure/retry behavior; security boundary; mapped tests,"Stripe prorates a mid-cycle change and GrounUp neither records nor displays it, so a customer asking why an invoice is an odd amount cannot be answered from here."
P30-REQ-087,Cancellation,verified,built,,plan/version; tenant scope; entitlement or billing effect; lifecycle transition; audit evidence; failure/retry behavior; security boundary; mapped tests,
P30-REQ-088,Dunning,not_verified,partial,,plan/version; tenant scope; entitlement or billing effect; lifecycle transition; audit evidence; failure/retry behavior; security boundary; mapped tests,"The dunning window is respected rather than run: a past-due account keeps working, deliberately, because cutting a contractor off mid-bid costs more than the few days it saves. There is no dunning process of GrounUp's own — no notice, no retry schedule, no escalation, no final cut-off."
P30-REQ-089,Revenue Operations,not_verified,not_built,,plan/version; tenant scope; entitlement or billing effect; lifecycle transition; audit evidence; failure/retry behavior; security boundary; mapped tests,"No revenue recognition, no deferred revenue, no ledger, no export to a finance system."
P30-REQ-090,Customer Onboarding,not_verified,partial,,plan/version; tenant scope; entitlement or billing effect; lifecycle transition; audit evidence; failure/retry behavior; security boundary; mapped tests,"Provisioning seeds a working company with a library and a trial. There is no onboarding: no guided setup, no data import, no first-run checklist, no measure of whether a customer reached value."
P30-REQ-091,Provisioning,verified,built,,plan/version; tenant scope; entitlement or billing effect; lifecycle transition; audit evidence; failure/retry behavior; security boundary; mapped tests,
P30-REQ-092,Customer Success,not_verified,not_built,,plan/version; tenant scope; entitlement or billing effect; lifecycle transition; audit evidence; failure/retry behavior; security boundary; mapped tests,"No account health, no success plan, no touchpoint, no owner."
P30-REQ-093,Support,not_verified,not_built,,plan/version; tenant scope; entitlement or billing effect; lifecycle transition; audit evidence; failure/retry behavior; security boundary; mapped tests,"No ticket, no case, no queue, no support entitlement by plan."
P30-REQ-094,Service Levels,not_verified,not_built,,plan/version; tenant scope; entitlement or billing effect; lifecycle transition; audit evidence; failure/retry behavior; security boundary; mapped tests,"No service level is defined, measured or reported against."
P30-REQ-095,White Label,not_verified,partial,,plan/version; tenant scope; entitlement or billing effect; lifecycle transition; audit evidence; failure/retry behavior; security boundary; mapped tests,"A company's brand colors drive a derived palette checked for contrast, and documents carry its identity. The partner white-label plan exists in the catalog with no partner administration behind it, and there is no per-tenant application shell, domain or login page."
P30-REQ-096,Brand Themes,verified,built,,plan/version; tenant scope; entitlement or billing effect; lifecycle transition; audit evidence; failure/retry behavior; security boundary; mapped tests,
P30-REQ-097,Custom Domains,not_verified,not_built,,plan/version; tenant scope; entitlement or billing effect; lifecycle transition; audit evidence; failure/retry behavior; security boundary; mapped tests,"No custom domain, no certificate handling, no per-domain routing."
P30-REQ-098,Email Branding,not_verified,not_built,,plan/version; tenant scope; entitlement or billing effect; lifecycle transition; audit evidence; failure/retry behavior; security boundary; mapped tests,"The platform sends no email at all, so there is none to brand."
P30-REQ-099,Document Branding,verified,built,,plan/version; tenant scope; entitlement or billing effect; lifecycle transition; audit evidence; failure/retry behavior; security boundary; mapped tests,
P30-REQ-100,Reseller/Partner,not_verified,not_built,,plan/version; tenant scope; entitlement or billing effect; lifecycle transition; audit evidence; failure/retry behavior; security boundary; mapped tests,"A white-label partner plan row exists in the catalog. There is no partner: no reseller hierarchy, no margin, no partner-billed tenant."
P30-REQ-101,Marketplace,not_verified,not_built,,plan/version; tenant scope; entitlement or billing effect; lifecycle transition; audit evidence; failure/retry behavior; security boundary; mapped tests,Not built and not planned. A marketplace is in the class of capability the traceability rules exclude globally.
P30-REQ-102,Integration Catalog,not_verified,partial,,plan/version; tenant scope; entitlement or billing effect; lifecycle transition; audit evidence; failure/retry behavior; security boundary; mapped tests,"Connectors exist and are governed — weather, and the ingestion pipeline — with an integrations settings surface. There is no catalog: nothing lists available integrations, records which a tenant has enabled, or gates them by plan."
P30-REQ-103,API Access Plans,verified,built,,plan/version; tenant scope; entitlement or billing effect; lifecycle transition; audit evidence; failure/retry behavior; security boundary; mapped tests,
P30-REQ-104,Webhooks,not_verified,partial,,plan/version; tenant scope; entitlement or billing effect; lifecycle transition; audit evidence; failure/retry behavior; security boundary; mapped tests,"Inbound webhooks from Stripe are verified, deduplicated and recorded to a standard the rest of the platform is held to. There are no outbound webhooks: a customer cannot subscribe to events from GrounUp."
P30-REQ-105,Data Export Entitlements,not_verified,not_built,,plan/version; tenant scope; entitlement or billing effect; lifecycle transition; audit evidence; failure/retry behavior; security boundary; mapped tests,"No export permission exists anywhere in the platform, so exports cannot be entitled, limited or metered by plan."
P30-REQ-106,AI Usage Entitlements,not_verified,partial,,plan/version; tenant scope; entitlement or billing effect; lifecycle transition; audit evidence; failure/retry behavior; security boundary; mapped tests,"An AI credit allowance is published on the plan version, carried on the entitlement, metered on every run as a `usage_events` row, and since migration 0039 enforced: the document analyst refuses a request once the period's allowance is spent, with a message saying when it resets. What remains is that the allowance is counted in requests rather than tokens, so a large document and a small one cost the same credit, and there is no soft warning before the hard stop."
P30-REQ-107,Storage Entitlements,not_verified,partial,,plan/version; tenant scope; entitlement or billing effect; lifecycle transition; audit evidence; failure/retry behavior; security boundary; mapped tests,"A storage allowance is published and carried. Nothing measures stored bytes, so there is nothing to enforce it against — the one half of the metering gap that is still real."
P30-REQ-108,Seat Management,not_verified,partial,,plan/version; tenant scope; entitlement or billing effect; lifecycle transition; audit evidence; failure/retry behavior; security boundary; mapped tests,"Seats are limited and an invitation consumes one, refused past the allowance with a message naming the plan. There is no seat management: no reclaiming a seat from a departed user, no pending-invitation expiry, no view of who holds one."
P30-REQ-109,Project/Company Limits,not_verified,partial,,plan/version; tenant scope; entitlement or billing effect; lifecycle transition; audit evidence; failure/retry behavior; security boundary; mapped tests,"Active projects are enforced against the plan allowance, and archived or closed work stops counting. The company limit — how many companies one subscription may carry — is published and not enforced."
P30-REQ-110,Regional Packaging,not_verified,not_built,,plan/version; tenant scope; entitlement or billing effect; lifecycle transition; audit evidence; failure/retry behavior; security boundary; mapped tests,"A currency column on the price, and nothing else. No regional plan, no local pricing, no per-region availability."
P30-REQ-111,Contracted Enterprise Plans,not_verified,partial,,plan/version; tenant scope; entitlement or billing effect; lifecycle transition; audit evidence; failure/retry behavior; security boundary; mapped tests,"A manual grant is the mechanism, and it is properly governed: it must name who granted it and why, and it is the one entitlement allowed to differ from its plan version. There is no contract record behind it — no term, no committed value, no renewal date, no signature."
P30-REQ-112,Billing Audit,verified,built,,plan/version; tenant scope; entitlement or billing effect; lifecycle transition; audit evidence; failure/retry behavior; security boundary; mapped tests,
P30-REQ-113,Commercial Analytics,not_verified,not_built,,plan/version; tenant scope; entitlement or billing effect; lifecycle transition; audit evidence; failure/retry behavior; security boundary; mapped tests,"No revenue reporting: no MRR, no ARR, no cohort, no plan mix."
P30-REQ-114,Customer Health,not_verified,not_built,,plan/version; tenant scope; entitlement or billing effect; lifecycle transition; audit evidence; failure/retry behavior; security boundary; mapped tests,"No usage-based health score, no risk signal, no engagement measure."
P30-REQ-115,Churn/Retention,not_verified,not_built,,plan/version; tenant scope; entitlement or billing effect; lifecycle transition; audit evidence; failure/retry behavior; security boundary; mapped tests,"Cancellation is recorded. Nothing analyzes it: no churn rate, no reason capture, no retention offer."
P30-REQ-116,Expansion Revenue,not_verified,not_built,,plan/version; tenant scope; entitlement or billing effect; lifecycle transition; audit evidence; failure/retry behavior; security boundary; mapped tests,"Upgrades happen and are not measured as expansion. No upsell signal, no seat growth reporting."
P30-REQ-117,Commercial Security,verified,built,,plan/version; tenant scope; entitlement or billing effect; lifecycle transition; audit evidence; failure/retry behavior; security boundary; mapped tests,
P30-REQ-118,Privacy/Tax Data,not_verified,not_built,,plan/version; tenant scope; entitlement or billing effect; lifecycle transition; audit evidence; failure/retry behavior; security boundary; mapped tests,"No tax identity is held, and no retention or deletion policy governs the commercial data that is — the same absence P28 recorded platform-wide."
P30-REQ-119,Dispute Handling,not_verified,not_built,,plan/version; tenant scope; entitlement or billing effect; lifecycle transition; audit evidence; failure/retry behavior; security boundary; mapped tests,"No chargeback handling, no dispute record, no evidence submission."
P30-REQ-120,Refund Governance,not_verified,not_built,,plan/version; tenant scope; entitlement or billing effect; lifecycle transition; audit evidence; failure/retry behavior; security boundary; mapped tests,"No refund can be issued, approved or recorded here."
P30-REQ-121,Commercial Incident Response,not_verified,not_built,,plan/version; tenant scope; entitlement or billing effect; lifecycle transition; audit evidence; failure/retry behavior; security boundary; mapped tests,No billing incident process — the commercial face of the detection and response gap P28 named.
P30-REQ-122,Migration/Grandfathering,verified,built,,plan/version; tenant scope; entitlement or billing effect; lifecycle transition; audit evidence; failure/retry behavior; security boundary; mapped tests,
P30-REQ-123,Feature Deprecation,not_verified,partial,,plan/version; tenant scope; entitlement or billing effect; lifecycle transition; audit evidence; failure/retry behavior; security boundary; mapped tests,"Plan versioning makes removing a feature safe for existing customers, which is the hard half. There is no deprecation process: no sunset date, no notice, nothing that reports who is still on a version carrying a feature being withdrawn."
P30-REQ-124,Plan Versioning,verified,built,,plan/version; tenant scope; entitlement or billing effect; lifecycle transition; audit evidence; failure/retry behavior; security boundary; mapped tests,
P30-REQ-125,Customer Communications,not_verified,not_built,,plan/version; tenant scope; entitlement or billing effect; lifecycle transition; audit evidence; failure/retry behavior; security boundary; mapped tests,"The notifications table carries a billing category and nothing writes to it. No invoice email, no renewal notice, no dunning message, no plan change confirmation."
P30-REQ-126,Self-Service Admin,verified,built,,plan/version; tenant scope; entitlement or billing effect; lifecycle transition; audit evidence; failure/retry behavior; security boundary; mapped tests,
P30-REQ-127,SaaS Control Plane,not_verified,partial,,plan/version; tenant scope; entitlement or billing effect; lifecycle transition; audit evidence; failure/retry behavior; security boundary; mapped tests,"The pieces a control plane governs exist — catalog, versions, entitlements, provisioning, usage. There is no operator surface above them: no screen or API through which somebody running the platform administers tenants, grants, or plan publication."
P30-REQ-128,Tenant Lifecycle,not_verified,partial,,plan/version; tenant scope; entitlement or billing effect; lifecycle transition; audit evidence; failure/retry behavior; security boundary; mapped tests,"A company is provisioned with its owner, role, entitlement and trial in one governed call. Nothing suspends, offboards or deletes one: there is no end to the lifecycle, and no export before deletion."
P30-REQ-129,Plans & Packaging,verified,built,,plan/version; tenant scope; entitlement or billing effect; lifecycle transition; audit evidence; failure/retry behavior; security boundary; mapped tests,
P30-REQ-130,Product Catalog,verified,built,,plan/version; tenant scope; entitlement or billing effect; lifecycle transition; audit evidence; failure/retry behavior; security boundary; mapped tests,
P30-REQ-131,Pricing Models,not_verified,partial,,plan/version; tenant scope; entitlement or billing effect; lifecycle transition; audit evidence; failure/retry behavior; security boundary; mapped tests,"Per-seat licensed and metered usage types are both modeled, with monthly and annual intervals and quantity carried from Stripe. There is no tiered, graduated or volume pricing, and no overage rate for exceeding an allowance."
P30-REQ-132,Subscription Lifecycle,verified,built,,plan/version; tenant scope; entitlement or billing effect; lifecycle transition; audit evidence; failure/retry behavior; security boundary; mapped tests,
P30-REQ-133,Billing Accounts,not_verified,partial,,plan/version; tenant scope; entitlement or billing effect; lifecycle transition; audit evidence; failure/retry behavior; security boundary; mapped tests,"A Stripe customer id ties a company to its billing. There is no billing account of GrounUp's own: no billing contact distinct from the owner, no billing address, no purchase order number, no separate bill-to entity for a group."
P30-REQ-134,Invoices,verified,built,,plan/version; tenant scope; entitlement or billing effect; lifecycle transition; audit evidence; failure/retry behavior; security boundary; mapped tests,
P30-REQ-135,Payments,not_verified,partial,,plan/version; tenant scope; entitlement or billing effect; lifecycle transition; audit evidence; failure/retry behavior; security boundary; mapped tests,"The default payment method's brand and last four digits are carried for display, and payment success or failure moves the subscription status. No payment is recorded as an event, so there is no payment history independent of Stripe."
P30-REQ-136,Credits & Adjustments,not_verified,not_built,,plan/version; tenant scope; entitlement or billing effect; lifecycle transition; audit evidence; failure/retry behavior; security boundary; mapped tests,"No credit note, no manual adjustment, no goodwill credit. Nothing can reduce what a customer owes inside GrounUp."
P30-REQ-137,Taxes & Jurisdiction,not_verified,not_built,,plan/version; tenant scope; entitlement or billing effect; lifecycle transition; audit evidence; failure/retry behavior; security boundary; mapped tests,"No tax calculation, no jurisdiction, no exemption certificate, no VAT or GST registration number."
P30-REQ-138,Usage Metering,verified,built,,plan/version; tenant scope; entitlement or billing effect; lifecycle transition; audit evidence; failure/retry behavior; security boundary; mapped tests,
P30-REQ-139,Usage Aggregation,verified,built,,plan/version; tenant scope; entitlement or billing effect; lifecycle transition; audit evidence; failure/retry behavior; security boundary; mapped tests,
P30-REQ-140,Quotas & Limits,verified,built,,plan/version; tenant scope; entitlement or billing effect; lifecycle transition; audit evidence; failure/retry behavior; security boundary; mapped tests,
P30-REQ-141,Licensing,not_verified,partial,,plan/version; tenant scope; entitlement or billing effect; lifecycle transition; audit evidence; failure/retry behavior; security boundary; mapped tests,"Seats are counted and enforced against the plan allowance. There is no license model beyond a seat count: no named-user versus concurrent licensing, no role-priced seats, no license assignment separate from membership."
P30-REQ-142,Entitlements,verified,built,,plan/version; tenant scope; entitlement or billing effect; lifecycle transition; audit evidence; failure/retry behavior; security boundary; mapped tests,
P30-REQ-143,Feature Flags,not_verified,not_built,,plan/version; tenant scope; entitlement or billing effect; lifecycle transition; audit evidence; failure/retry behavior; security boundary; mapped tests,"A plan's feature set is entitlement, not a flag. There is no per-tenant toggle, no gradual rollout, no kill switch for a shipped feature."
P30-REQ-144,Trials,verified,built,,plan/version; tenant scope; entitlement or billing effect; lifecycle transition; audit evidence; failure/retry behavior; security boundary; mapped tests,
P30-REQ-145,Promotions,not_verified,not_built,,plan/version; tenant scope; entitlement or billing effect; lifecycle transition; audit evidence; failure/retry behavior; security boundary; mapped tests,"No promotional pricing, no campaign, no time-limited offer."
P30-REQ-146,Coupons,not_verified,not_built,,plan/version; tenant scope; entitlement or billing effect; lifecycle transition; audit evidence; failure/retry behavior; security boundary; mapped tests,"No coupon, no redemption, no eligibility rule."
P30-REQ-147,Renewals,not_verified,partial,,plan/version; tenant scope; entitlement or billing effect; lifecycle transition; audit evidence; failure/retry behavior; security boundary; mapped tests,"The paid period is carried and renewal moves it forward through the webhook. Nothing notices an upcoming renewal, notifies anybody, or handles a deliberate non-renewal beyond the cancel-at-period-end flag."
P30-REQ-148,Upgrades/Downgrades,verified,built,,plan/version; tenant scope; entitlement or billing effect; lifecycle transition; audit evidence; failure/retry behavior; security boundary; mapped tests,
P30-REQ-149,Proration,not_verified,not_built,,plan/version; tenant scope; entitlement or billing effect; lifecycle transition; audit evidence; failure/retry behavior; security boundary; mapped tests,"Stripe prorates a mid-cycle change and GrounUp neither records nor displays it, so a customer asking why an invoice is an odd amount cannot be answered from here."
P30-REQ-150,Cancellation,verified,built,,plan/version; tenant scope; entitlement or billing effect; lifecycle transition; audit evidence; failure/retry behavior; security boundary; mapped tests,
P30-REQ-151,Dunning,not_verified,partial,,plan/version; tenant scope; entitlement or billing effect; lifecycle transition; audit evidence; failure/retry behavior; security boundary; mapped tests,"The dunning window is respected rather than run: a past-due account keeps working, deliberately, because cutting a contractor off mid-bid costs more than the few days it saves. There is no dunning process of GrounUp's own — no notice, no retry schedule, no escalation, no final cut-off."
P30-REQ-152,Revenue Operations,not_verified,not_built,,plan/version; tenant scope; entitlement or billing effect; lifecycle transition; audit evidence; failure/retry behavior; security boundary; mapped tests,"No revenue recognition, no deferred revenue, no ledger, no export to a finance system."
P30-REQ-153,Customer Onboarding,not_verified,partial,,plan/version; tenant scope; entitlement or billing effect; lifecycle transition; audit evidence; failure/retry behavior; security boundary; mapped tests,"Provisioning seeds a working company with a library and a trial. There is no onboarding: no guided setup, no data import, no first-run checklist, no measure of whether a customer reached value."
P30-REQ-154,Provisioning,verified,built,,plan/version; tenant scope; entitlement or billing effect; lifecycle transition; audit evidence; failure/retry behavior; security boundary; mapped tests,
P30-REQ-155,Customer Success,not_verified,not_built,,plan/version; tenant scope; entitlement or billing effect; lifecycle transition; audit evidence; failure/retry behavior; security boundary; mapped tests,"No account health, no success plan, no touchpoint, no owner."
P30-REQ-156,Support,not_verified,not_built,,plan/version; tenant scope; entitlement or billing effect; lifecycle transition; audit evidence; failure/retry behavior; security boundary; mapped tests,"No ticket, no case, no queue, no support entitlement by plan."
P30-REQ-157,Service Levels,not_verified,not_built,,plan/version; tenant scope; entitlement or billing effect; lifecycle transition; audit evidence; failure/retry behavior; security boundary; mapped tests,"No service level is defined, measured or reported against."
P30-REQ-158,White Label,not_verified,partial,,plan/version; tenant scope; entitlement or billing effect; lifecycle transition; audit evidence; failure/retry behavior; security boundary; mapped tests,"A company's brand colors drive a derived palette checked for contrast, and documents carry its identity. The partner white-label plan exists in the catalog with no partner administration behind it, and there is no per-tenant application shell, domain or login page."
P30-REQ-159,Brand Themes,verified,built,,plan/version; tenant scope; entitlement or billing effect; lifecycle transition; audit evidence; failure/retry behavior; security boundary; mapped tests,
P30-REQ-160,Custom Domains,not_verified,not_built,,plan/version; tenant scope; entitlement or billing effect; lifecycle transition; audit evidence; failure/retry behavior; security boundary; mapped tests,"No custom domain, no certificate handling, no per-domain routing."
P30-REQ-161,Email Branding,not_verified,not_built,,plan/version; tenant scope; entitlement or billing effect; lifecycle transition; audit evidence; failure/retry behavior; security boundary; mapped tests,"The platform sends no email at all, so there is none to brand."
P30-REQ-162,Document Branding,verified,built,,plan/version; tenant scope; entitlement or billing effect; lifecycle transition; audit evidence; failure/retry behavior; security boundary; mapped tests,
P30-REQ-163,Reseller/Partner,not_verified,not_built,,plan/version; tenant scope; entitlement or billing effect; lifecycle transition; audit evidence; failure/retry behavior; security boundary; mapped tests,"A white-label partner plan row exists in the catalog. There is no partner: no reseller hierarchy, no margin, no partner-billed tenant."
P30-REQ-164,Marketplace,not_verified,not_built,,plan/version; tenant scope; entitlement or billing effect; lifecycle transition; audit evidence; failure/retry behavior; security boundary; mapped tests,Not built and not planned. A marketplace is in the class of capability the traceability rules exclude globally.
P30-REQ-165,Integration Catalog,not_verified,partial,,plan/version; tenant scope; entitlement or billing effect; lifecycle transition; audit evidence; failure/retry behavior; security boundary; mapped tests,"Connectors exist and are governed — weather, and the ingestion pipeline — with an integrations settings surface. There is no catalog: nothing lists available integrations, records which a tenant has enabled, or gates them by plan."
P30-REQ-166,API Access Plans,verified,built,,plan/version; tenant scope; entitlement or billing effect; lifecycle transition; audit evidence; failure/retry behavior; security boundary; mapped tests,
P30-REQ-167,Webhooks,not_verified,partial,,plan/version; tenant scope; entitlement or billing effect; lifecycle transition; audit evidence; failure/retry behavior; security boundary; mapped tests,"Inbound webhooks from Stripe are verified, deduplicated and recorded to a standard the rest of the platform is held to. There are no outbound webhooks: a customer cannot subscribe to events from GrounUp."
P30-REQ-168,Data Export Entitlements,not_verified,not_built,,plan/version; tenant scope; entitlement or billing effect; lifecycle transition; audit evidence; failure/retry behavior; security boundary; mapped tests,"No export permission exists anywhere in the platform, so exports cannot be entitled, limited or metered by plan."
P30-REQ-169,AI Usage Entitlements,not_verified,partial,,plan/version; tenant scope; entitlement or billing effect; lifecycle transition; audit evidence; failure/retry behavior; security boundary; mapped tests,"An AI credit allowance is published on the plan version, carried on the entitlement, metered on every run as a `usage_events` row, and since migration 0039 enforced: the document analyst refuses a request once the period's allowance is spent, with a message saying when it resets. What remains is that the allowance is counted in requests rather than tokens, so a large document and a small one cost the same credit, and there is no soft warning before the hard stop."
P30-REQ-170,Storage Entitlements,not_verified,partial,,plan/version; tenant scope; entitlement or billing effect; lifecycle transition; audit evidence; failure/retry behavior; security boundary; mapped tests,"A storage allowance is published and carried. Nothing measures stored bytes, so there is nothing to enforce it against — the one half of the metering gap that is still real."
P30-REQ-171,Seat Management,not_verified,partial,,plan/version; tenant scope; entitlement or billing effect; lifecycle transition; audit evidence; failure/retry behavior; security boundary; mapped tests,"Seats are limited and an invitation consumes one, refused past the allowance with a message naming the plan. There is no seat management: no reclaiming a seat from a departed user, no pending-invitation expiry, no view of who holds one."
P30-REQ-172,Project/Company Limits,not_verified,partial,,plan/version; tenant scope; entitlement or billing effect; lifecycle transition; audit evidence; failure/retry behavior; security boundary; mapped tests,"Active projects are enforced against the plan allowance, and archived or closed work stops counting. The company limit — how many companies one subscription may carry — is published and not enforced."
P30-REQ-173,Regional Packaging,not_verified,not_built,,plan/version; tenant scope; entitlement or billing effect; lifecycle transition; audit evidence; failure/retry behavior; security boundary; mapped tests,"A currency column on the price, and nothing else. No regional plan, no local pricing, no per-region availability."
P30-REQ-174,Contracted Enterprise Plans,not_verified,partial,,plan/version; tenant scope; entitlement or billing effect; lifecycle transition; audit evidence; failure/retry behavior; security boundary; mapped tests,"A manual grant is the mechanism, and it is properly governed: it must name who granted it and why, and it is the one entitlement allowed to differ from its plan version. There is no contract record behind it — no term, no committed value, no renewal date, no signature."
P30-REQ-175,Billing Audit,verified,built,,plan/version; tenant scope; entitlement or billing effect; lifecycle transition; audit evidence; failure/retry behavior; security boundary; mapped tests,
P30-REQ-176,Commercial Analytics,not_verified,not_built,,plan/version; tenant scope; entitlement or billing effect; lifecycle transition; audit evidence; failure/retry behavior; security boundary; mapped tests,"No revenue reporting: no MRR, no ARR, no cohort, no plan mix."
P30-REQ-177,Customer Health,not_verified,not_built,,plan/version; tenant scope; entitlement or billing effect; lifecycle transition; audit evidence; failure/retry behavior; security boundary; mapped tests,"No usage-based health score, no risk signal, no engagement measure."
P30-REQ-178,Churn/Retention,not_verified,not_built,,plan/version; tenant scope; entitlement or billing effect; lifecycle transition; audit evidence; failure/retry behavior; security boundary; mapped tests,"Cancellation is recorded. Nothing analyzes it: no churn rate, no reason capture, no retention offer."
P30-REQ-179,Expansion Revenue,not_verified,not_built,,plan/version; tenant scope; entitlement or billing effect; lifecycle transition; audit evidence; failure/retry behavior; security boundary; mapped tests,"Upgrades happen and are not measured as expansion. No upsell signal, no seat growth reporting."
P30-REQ-180,Commercial Security,verified,built,,plan/version; tenant scope; entitlement or billing effect; lifecycle transition; audit evidence; failure/retry behavior; security boundary; mapped tests,
P30-REQ-181,Privacy/Tax Data,not_verified,not_built,,plan/version; tenant scope; entitlement or billing effect; lifecycle transition; audit evidence; failure/retry behavior; security boundary; mapped tests,"No tax identity is held, and no retention or deletion policy governs the commercial data that is — the same absence P28 recorded platform-wide."
P30-REQ-182,Dispute Handling,not_verified,not_built,,plan/version; tenant scope; entitlement or billing effect; lifecycle transition; audit evidence; failure/retry behavior; security boundary; mapped tests,"No chargeback handling, no dispute record, no evidence submission."
P30-REQ-183,Refund Governance,not_verified,not_built,,plan/version; tenant scope; entitlement or billing effect; lifecycle transition; audit evidence; failure/retry behavior; security boundary; mapped tests,"No refund can be issued, approved or recorded here."
P30-REQ-184,Commercial Incident Response,not_verified,not_built,,plan/version; tenant scope; entitlement or billing effect; lifecycle transition; audit evidence; failure/retry behavior; security boundary; mapped tests,No billing incident process — the commercial face of the detection and response gap P28 named.
P30-REQ-185,Migration/Grandfathering,verified,built,,plan/version; tenant scope; entitlement or billing effect; lifecycle transition; audit evidence; failure/retry behavior; security boundary; mapped tests,
P30-REQ-186,Feature Deprecation,not_verified,partial,,plan/version; tenant scope; entitlement or billing effect; lifecycle transition; audit evidence; failure/retry behavior; security boundary; mapped tests,"Plan versioning makes removing a feature safe for existing customers, which is the hard half. There is no deprecation process: no sunset date, no notice, nothing that reports who is still on a version carrying a feature being withdrawn."
P30-REQ-187,Plan Versioning,verified,built,,plan/version; tenant scope; entitlement or billing effect; lifecycle transition; audit evidence; failure/retry behavior; security boundary; mapped tests,
P30-REQ-188,Customer Communications,not_verified,not_built,,plan/version; tenant scope; entitlement or billing effect; lifecycle transition; audit evidence; failure/retry behavior; security boundary; mapped tests,"The notifications table carries a billing category and nothing writes to it. No invoice email, no renewal notice, no dunning message, no plan change confirmation."
P30-REQ-189,Self-Service Admin,verified,built,,plan/version; tenant scope; entitlement or billing effect; lifecycle transition; audit evidence; failure/retry behavior; security boundary; mapped tests,
P30-REQ-190,SaaS Control Plane,not_verified,partial,,plan/version; tenant scope; entitlement or billing effect; lifecycle transition; audit evidence; failure/retry behavior; security boundary; mapped tests,"The pieces a control plane governs exist — catalog, versions, entitlements, provisioning, usage. There is no operator surface above them: no screen or API through which somebody running the platform administers tenants, grants, or plan publication."
P30-REQ-191,Tenant Lifecycle,not_verified,partial,,plan/version; tenant scope; entitlement or billing effect; lifecycle transition; audit evidence; failure/retry behavior; security boundary; mapped tests,"A company is provisioned with its owner, role, entitlement and trial in one governed call. Nothing suspends, offboards or deletes one: there is no end to the lifecycle, and no export before deletion."
P30-REQ-192,Plans & Packaging,verified,built,,plan/version; tenant scope; entitlement or billing effect; lifecycle transition; audit evidence; failure/retry behavior; security boundary; mapped tests,
P30-REQ-193,Product Catalog,verified,built,,plan/version; tenant scope; entitlement or billing effect; lifecycle transition; audit evidence; failure/retry behavior; security boundary; mapped tests,
P30-REQ-194,Pricing Models,not_verified,partial,,plan/version; tenant scope; entitlement or billing effect; lifecycle transition; audit evidence; failure/retry behavior; security boundary; mapped tests,"Per-seat licensed and metered usage types are both modeled, with monthly and annual intervals and quantity carried from Stripe. There is no tiered, graduated or volume pricing, and no overage rate for exceeding an allowance."
P30-REQ-195,Subscription Lifecycle,verified,built,,plan/version; tenant scope; entitlement or billing effect; lifecycle transition; audit evidence; failure/retry behavior; security boundary; mapped tests,
P30-REQ-196,Billing Accounts,not_verified,partial,,plan/version; tenant scope; entitlement or billing effect; lifecycle transition; audit evidence; failure/retry behavior; security boundary; mapped tests,"A Stripe customer id ties a company to its billing. There is no billing account of GrounUp's own: no billing contact distinct from the owner, no billing address, no purchase order number, no separate bill-to entity for a group."
P30-REQ-197,Invoices,verified,built,,plan/version; tenant scope; entitlement or billing effect; lifecycle transition; audit evidence; failure/retry behavior; security boundary; mapped tests,
P30-REQ-198,Payments,not_verified,partial,,plan/version; tenant scope; entitlement or billing effect; lifecycle transition; audit evidence; failure/retry behavior; security boundary; mapped tests,"The default payment method's brand and last four digits are carried for display, and payment success or failure moves the subscription status. No payment is recorded as an event, so there is no payment history independent of Stripe."
P30-REQ-199,Credits & Adjustments,not_verified,not_built,,plan/version; tenant scope; entitlement or billing effect; lifecycle transition; audit evidence; failure/retry behavior; security boundary; mapped tests,"No credit note, no manual adjustment, no goodwill credit. Nothing can reduce what a customer owes inside GrounUp."
P30-REQ-200,Taxes & Jurisdiction,not_verified,not_built,,plan/version; tenant scope; entitlement or billing effect; lifecycle transition; audit evidence; failure/retry behavior; security boundary; mapped tests,"No tax calculation, no jurisdiction, no exemption certificate, no VAT or GST registration number."
P30-REQ-201,Usage Metering,verified,built,,plan/version; tenant scope; entitlement or billing effect; lifecycle transition; audit evidence; failure/retry behavior; security boundary; mapped tests,
P30-REQ-202,Usage Aggregation,verified,built,,plan/version; tenant scope; entitlement or billing effect; lifecycle transition; audit evidence; failure/retry behavior; security boundary; mapped tests,
P30-REQ-203,Quotas & Limits,verified,built,,plan/version; tenant scope; entitlement or billing effect; lifecycle transition; audit evidence; failure/retry behavior; security boundary; mapped tests,
P30-REQ-204,Licensing,not_verified,partial,,plan/version; tenant scope; entitlement or billing effect; lifecycle transition; audit evidence; failure/retry behavior; security boundary; mapped tests,"Seats are counted and enforced against the plan allowance. There is no license model beyond a seat count: no named-user versus concurrent licensing, no role-priced seats, no license assignment separate from membership."
P30-REQ-205,Entitlements,verified,built,,plan/version; tenant scope; entitlement or billing effect; lifecycle transition; audit evidence; failure/retry behavior; security boundary; mapped tests,
P30-REQ-206,Feature Flags,not_verified,not_built,,plan/version; tenant scope; entitlement or billing effect; lifecycle transition; audit evidence; failure/retry behavior; security boundary; mapped tests,"A plan's feature set is entitlement, not a flag. There is no per-tenant toggle, no gradual rollout, no kill switch for a shipped feature."
P30-REQ-207,Trials,verified,built,,plan/version; tenant scope; entitlement or billing effect; lifecycle transition; audit evidence; failure/retry behavior; security boundary; mapped tests,
P30-REQ-208,Promotions,not_verified,not_built,,plan/version; tenant scope; entitlement or billing effect; lifecycle transition; audit evidence; failure/retry behavior; security boundary; mapped tests,"No promotional pricing, no campaign, no time-limited offer."
P30-REQ-209,Coupons,not_verified,not_built,,plan/version; tenant scope; entitlement or billing effect; lifecycle transition; audit evidence; failure/retry behavior; security boundary; mapped tests,"No coupon, no redemption, no eligibility rule."
P30-REQ-210,Renewals,not_verified,partial,,plan/version; tenant scope; entitlement or billing effect; lifecycle transition; audit evidence; failure/retry behavior; security boundary; mapped tests,"The paid period is carried and renewal moves it forward through the webhook. Nothing notices an upcoming renewal, notifies anybody, or handles a deliberate non-renewal beyond the cancel-at-period-end flag."
P30-REQ-211,Upgrades/Downgrades,verified,built,,plan/version; tenant scope; entitlement or billing effect; lifecycle transition; audit evidence; failure/retry behavior; security boundary; mapped tests,
P30-REQ-212,Proration,not_verified,not_built,,plan/version; tenant scope; entitlement or billing effect; lifecycle transition; audit evidence; failure/retry behavior; security boundary; mapped tests,"Stripe prorates a mid-cycle change and GrounUp neither records nor displays it, so a customer asking why an invoice is an odd amount cannot be answered from here."
P30-REQ-213,Cancellation,verified,built,,plan/version; tenant scope; entitlement or billing effect; lifecycle transition; audit evidence; failure/retry behavior; security boundary; mapped tests,
P30-REQ-214,Dunning,not_verified,partial,,plan/version; tenant scope; entitlement or billing effect; lifecycle transition; audit evidence; failure/retry behavior; security boundary; mapped tests,"The dunning window is respected rather than run: a past-due account keeps working, deliberately, because cutting a contractor off mid-bid costs more than the few days it saves. There is no dunning process of GrounUp's own — no notice, no retry schedule, no escalation, no final cut-off."
P30-REQ-215,Revenue Operations,not_verified,not_built,,plan/version; tenant scope; entitlement or billing effect; lifecycle transition; audit evidence; failure/retry behavior; security boundary; mapped tests,"No revenue recognition, no deferred revenue, no ledger, no export to a finance system."
P30-REQ-216,Customer Onboarding,not_verified,partial,,plan/version; tenant scope; entitlement or billing effect; lifecycle transition; audit evidence; failure/retry behavior; security boundary; mapped tests,"Provisioning seeds a working company with a library and a trial. There is no onboarding: no guided setup, no data import, no first-run checklist, no measure of whether a customer reached value."
P30-REQ-217,Provisioning,verified,built,,plan/version; tenant scope; entitlement or billing effect; lifecycle transition; audit evidence; failure/retry behavior; security boundary; mapped tests,
P30-REQ-218,Customer Success,not_verified,not_built,,plan/version; tenant scope; entitlement or billing effect; lifecycle transition; audit evidence; failure/retry behavior; security boundary; mapped tests,"No account health, no success plan, no touchpoint, no owner."
P30-REQ-219,Support,not_verified,not_built,,plan/version; tenant scope; entitlement or billing effect; lifecycle transition; audit evidence; failure/retry behavior; security boundary; mapped tests,"No ticket, no case, no queue, no support entitlement by plan."
P30-REQ-220,Service Levels,not_verified,not_built,,plan/version; tenant scope; entitlement or billing effect; lifecycle transition; audit evidence; failure/retry behavior; security boundary; mapped tests,"No service level is defined, measured or reported against."
P30-REQ-221,White Label,not_verified,partial,,plan/version; tenant scope; entitlement or billing effect; lifecycle transition; audit evidence; failure/retry behavior; security boundary; mapped tests,"A company's brand colors drive a derived palette checked for contrast, and documents carry its identity. The partner white-label plan exists in the catalog with no partner administration behind it, and there is no per-tenant application shell, domain or login page."
P30-REQ-222,Brand Themes,verified,built,,plan/version; tenant scope; entitlement or billing effect; lifecycle transition; audit evidence; failure/retry behavior; security boundary; mapped tests,
P30-REQ-223,Custom Domains,not_verified,not_built,,plan/version; tenant scope; entitlement or billing effect; lifecycle transition; audit evidence; failure/retry behavior; security boundary; mapped tests,"No custom domain, no certificate handling, no per-domain routing."
P30-REQ-224,Email Branding,not_verified,not_built,,plan/version; tenant scope; entitlement or billing effect; lifecycle transition; audit evidence; failure/retry behavior; security boundary; mapped tests,"The platform sends no email at all, so there is none to brand."
P30-REQ-225,Document Branding,verified,built,,plan/version; tenant scope; entitlement or billing effect; lifecycle transition; audit evidence; failure/retry behavior; security boundary; mapped tests,
P30-REQ-226,Reseller/Partner,not_verified,not_built,,plan/version; tenant scope; entitlement or billing effect; lifecycle transition; audit evidence; failure/retry behavior; security boundary; mapped tests,"A white-label partner plan row exists in the catalog. There is no partner: no reseller hierarchy, no margin, no partner-billed tenant."
P30-REQ-227,Marketplace,not_verified,not_built,,plan/version; tenant scope; entitlement or billing effect; lifecycle transition; audit evidence; failure/retry behavior; security boundary; mapped tests,Not built and not planned. A marketplace is in the class of capability the traceability rules exclude globally.
P30-REQ-228,Integration Catalog,not_verified,partial,,plan/version; tenant scope; entitlement or billing effect; lifecycle transition; audit evidence; failure/retry behavior; security boundary; mapped tests,"Connectors exist and are governed — weather, and the ingestion pipeline — with an integrations settings surface. There is no catalog: nothing lists available integrations, records which a tenant has enabled, or gates them by plan."
P30-REQ-229,API Access Plans,verified,built,,plan/version; tenant scope; entitlement or billing effect; lifecycle transition; audit evidence; failure/retry behavior; security boundary; mapped tests,
P30-REQ-230,Webhooks,not_verified,partial,,plan/version; tenant scope; entitlement or billing effect; lifecycle transition; audit evidence; failure/retry behavior; security boundary; mapped tests,"Inbound webhooks from Stripe are verified, deduplicated and recorded to a standard the rest of the platform is held to. There are no outbound webhooks: a customer cannot subscribe to events from GrounUp."
P30-REQ-231,Data Export Entitlements,not_verified,not_built,,plan/version; tenant scope; entitlement or billing effect; lifecycle transition; audit evidence; failure/retry behavior; security boundary; mapped tests,"No export permission exists anywhere in the platform, so exports cannot be entitled, limited or metered by plan."
P30-REQ-232,AI Usage Entitlements,not_verified,partial,,plan/version; tenant scope; entitlement or billing effect; lifecycle transition; audit evidence; failure/retry behavior; security boundary; mapped tests,"An AI credit allowance is published on the plan version, carried on the entitlement, metered on every run as a `usage_events` row, and since migration 0039 enforced: the document analyst refuses a request once the period's allowance is spent, with a message saying when it resets. What remains is that the allowance is counted in requests rather than tokens, so a large document and a small one cost the same credit, and there is no soft warning before the hard stop."
P30-REQ-233,Storage Entitlements,not_verified,partial,,plan/version; tenant scope; entitlement or billing effect; lifecycle transition; audit evidence; failure/retry behavior; security boundary; mapped tests,"A storage allowance is published and carried. Nothing measures stored bytes, so there is nothing to enforce it against — the one half of the metering gap that is still real."
P30-REQ-234,Seat Management,not_verified,partial,,plan/version; tenant scope; entitlement or billing effect; lifecycle transition; audit evidence; failure/retry behavior; security boundary; mapped tests,"Seats are limited and an invitation consumes one, refused past the allowance with a message naming the plan. There is no seat management: no reclaiming a seat from a departed user, no pending-invitation expiry, no view of who holds one."
P30-REQ-235,Project/Company Limits,not_verified,partial,,plan/version; tenant scope; entitlement or billing effect; lifecycle transition; audit evidence; failure/retry behavior; security boundary; mapped tests,"Active projects are enforced against the plan allowance, and archived or closed work stops counting. The company limit — how many companies one subscription may carry — is published and not enforced."
P30-REQ-236,Regional Packaging,not_verified,not_built,,plan/version; tenant scope; entitlement or billing effect; lifecycle transition; audit evidence; failure/retry behavior; security boundary; mapped tests,"A currency column on the price, and nothing else. No regional plan, no local pricing, no per-region availability."
P30-REQ-237,Contracted Enterprise Plans,not_verified,partial,,plan/version; tenant scope; entitlement or billing effect; lifecycle transition; audit evidence; failure/retry behavior; security boundary; mapped tests,"A manual grant is the mechanism, and it is properly governed: it must name who granted it and why, and it is the one entitlement allowed to differ from its plan version. There is no contract record behind it — no term, no committed value, no renewal date, no signature."
P30-REQ-238,Billing Audit,verified,built,,plan/version; tenant scope; entitlement or billing effect; lifecycle transition; audit evidence; failure/retry behavior; security boundary; mapped tests,
P30-REQ-239,Commercial Analytics,not_verified,not_built,,plan/version; tenant scope; entitlement or billing effect; lifecycle transition; audit evidence; failure/retry behavior; security boundary; mapped tests,"No revenue reporting: no MRR, no ARR, no cohort, no plan mix."
P30-REQ-240,Customer Health,not_verified,not_built,,plan/version; tenant scope; entitlement or billing effect; lifecycle transition; audit evidence; failure/retry behavior; security boundary; mapped tests,"No usage-based health score, no risk signal, no engagement measure."
P30-REQ-241,Churn/Retention,not_verified,not_built,,plan/version; tenant scope; entitlement or billing effect; lifecycle transition; audit evidence; failure/retry behavior; security boundary; mapped tests,"Cancellation is recorded. Nothing analyzes it: no churn rate, no reason capture, no retention offer."
P30-REQ-242,Expansion Revenue,not_verified,not_built,,plan/version; tenant scope; entitlement or billing effect; lifecycle transition; audit evidence; failure/retry behavior; security boundary; mapped tests,"Upgrades happen and are not measured as expansion. No upsell signal, no seat growth reporting."
P30-REQ-243,Commercial Security,verified,built,,plan/version; tenant scope; entitlement or billing effect; lifecycle transition; audit evidence; failure/retry behavior; security boundary; mapped tests,
P30-REQ-244,Privacy/Tax Data,not_verified,not_built,,plan/version; tenant scope; entitlement or billing effect; lifecycle transition; audit evidence; failure/retry behavior; security boundary; mapped tests,"No tax identity is held, and no retention or deletion policy governs the commercial data that is — the same absence P28 recorded platform-wide."
P30-REQ-245,Dispute Handling,not_verified,not_built,,plan/version; tenant scope; entitlement or billing effect; lifecycle transition; audit evidence; failure/retry behavior; security boundary; mapped tests,"No chargeback handling, no dispute record, no evidence submission."
P30-REQ-246,Refund Governance,not_verified,not_built,,plan/version; tenant scope; entitlement or billing effect; lifecycle transition; audit evidence; failure/retry behavior; security boundary; mapped tests,"No refund can be issued, approved or recorded here."
P30-REQ-247,Commercial Incident Response,not_verified,not_built,,plan/version; tenant scope; entitlement or billing effect; lifecycle transition; audit evidence; failure/retry behavior; security boundary; mapped tests,No billing incident process — the commercial face of the detection and response gap P28 named.
P30-REQ-248,Migration/Grandfathering,verified,built,,plan/version; tenant scope; entitlement or billing effect; lifecycle transition; audit evidence; failure/retry behavior; security boundary; mapped tests,
P30-REQ-249,Feature Deprecation,not_verified,partial,,plan/version; tenant scope; entitlement or billing effect; lifecycle transition; audit evidence; failure/retry behavior; security boundary; mapped tests,"Plan versioning makes removing a feature safe for existing customers, which is the hard half. There is no deprecation process: no sunset date, no notice, nothing that reports who is still on a version carrying a feature being withdrawn."
P30-REQ-250,Plan Versioning,verified,built,,plan/version; tenant scope; entitlement or billing effect; lifecycle transition; audit evidence; failure/retry behavior; security boundary; mapped tests,
P30-REQ-251,Customer Communications,not_verified,not_built,,plan/version; tenant scope; entitlement or billing effect; lifecycle transition; audit evidence; failure/retry behavior; security boundary; mapped tests,"The notifications table carries a billing category and nothing writes to it. No invoice email, no renewal notice, no dunning message, no plan change confirmation."
P30-REQ-252,Self-Service Admin,verified,built,,plan/version; tenant scope; entitlement or billing effect; lifecycle transition; audit evidence; failure/retry behavior; security boundary; mapped tests,
P30-REQ-253,SaaS Control Plane,not_verified,partial,,plan/version; tenant scope; entitlement or billing effect; lifecycle transition; audit evidence; failure/retry behavior; security boundary; mapped tests,"The pieces a control plane governs exist — catalog, versions, entitlements, provisioning, usage. There is no operator surface above them: no screen or API through which somebody running the platform administers tenants, grants, or plan publication."
P30-REQ-254,Tenant Lifecycle,not_verified,partial,,plan/version; tenant scope; entitlement or billing effect; lifecycle transition; audit evidence; failure/retry behavior; security boundary; mapped tests,"A company is provisioned with its owner, role, entitlement and trial in one governed call. Nothing suspends, offboards or deletes one: there is no end to the lifecycle, and no export before deletion."
P30-REQ-255,Plans & Packaging,verified,built,,plan/version; tenant scope; entitlement or billing effect; lifecycle transition; audit evidence; failure/retry behavior; security boundary; mapped tests,
P30-REQ-256,Product Catalog,verified,built,,plan/version; tenant scope; entitlement or billing effect; lifecycle transition; audit evidence; failure/retry behavior; security boundary; mapped tests,
P30-REQ-257,Pricing Models,not_verified,partial,,plan/version; tenant scope; entitlement or billing effect; lifecycle transition; audit evidence; failure/retry behavior; security boundary; mapped tests,"Per-seat licensed and metered usage types are both modeled, with monthly and annual intervals and quantity carried from Stripe. There is no tiered, graduated or volume pricing, and no overage rate for exceeding an allowance."
P30-REQ-258,Subscription Lifecycle,verified,built,,plan/version; tenant scope; entitlement or billing effect; lifecycle transition; audit evidence; failure/retry behavior; security boundary; mapped tests,
P30-REQ-259,Billing Accounts,not_verified,partial,,plan/version; tenant scope; entitlement or billing effect; lifecycle transition; audit evidence; failure/retry behavior; security boundary; mapped tests,"A Stripe customer id ties a company to its billing. There is no billing account of GrounUp's own: no billing contact distinct from the owner, no billing address, no purchase order number, no separate bill-to entity for a group."
P30-REQ-260,Invoices,verified,built,,plan/version; tenant scope; entitlement or billing effect; lifecycle transition; audit evidence; failure/retry behavior; security boundary; mapped tests,
P30-REQ-261,Payments,not_verified,partial,,plan/version; tenant scope; entitlement or billing effect; lifecycle transition; audit evidence; failure/retry behavior; security boundary; mapped tests,"The default payment method's brand and last four digits are carried for display, and payment success or failure moves the subscription status. No payment is recorded as an event, so there is no payment history independent of Stripe."
P30-REQ-262,Credits & Adjustments,not_verified,not_built,,plan/version; tenant scope; entitlement or billing effect; lifecycle transition; audit evidence; failure/retry behavior; security boundary; mapped tests,"No credit note, no manual adjustment, no goodwill credit. Nothing can reduce what a customer owes inside GrounUp."
P30-REQ-263,Taxes & Jurisdiction,not_verified,not_built,,plan/version; tenant scope; entitlement or billing effect; lifecycle transition; audit evidence; failure/retry behavior; security boundary; mapped tests,"No tax calculation, no jurisdiction, no exemption certificate, no VAT or GST registration number."
P30-REQ-264,Usage Metering,verified,built,,plan/version; tenant scope; entitlement or billing effect; lifecycle transition; audit evidence; failure/retry behavior; security boundary; mapped tests,
P30-REQ-265,Usage Aggregation,verified,built,,plan/version; tenant scope; entitlement or billing effect; lifecycle transition; audit evidence; failure/retry behavior; security boundary; mapped tests,
P30-REQ-266,Quotas & Limits,verified,built,,plan/version; tenant scope; entitlement or billing effect; lifecycle transition; audit evidence; failure/retry behavior; security boundary; mapped tests,
P30-REQ-267,Licensing,not_verified,partial,,plan/version; tenant scope; entitlement or billing effect; lifecycle transition; audit evidence; failure/retry behavior; security boundary; mapped tests,"Seats are counted and enforced against the plan allowance. There is no license model beyond a seat count: no named-user versus concurrent licensing, no role-priced seats, no license assignment separate from membership."
P30-REQ-268,Entitlements,verified,built,,plan/version; tenant scope; entitlement or billing effect; lifecycle transition; audit evidence; failure/retry behavior; security boundary; mapped tests,
P30-REQ-269,Feature Flags,not_verified,not_built,,plan/version; tenant scope; entitlement or billing effect; lifecycle transition; audit evidence; failure/retry behavior; security boundary; mapped tests,"A plan's feature set is entitlement, not a flag. There is no per-tenant toggle, no gradual rollout, no kill switch for a shipped feature."
P30-REQ-270,Trials,verified,built,,plan/version; tenant scope; entitlement or billing effect; lifecycle transition; audit evidence; failure/retry behavior; security boundary; mapped tests,
P30-REQ-271,Promotions,not_verified,not_built,,plan/version; tenant scope; entitlement or billing effect; lifecycle transition; audit evidence; failure/retry behavior; security boundary; mapped tests,"No promotional pricing, no campaign, no time-limited offer."
P30-REQ-272,Coupons,not_verified,not_built,,plan/version; tenant scope; entitlement or billing effect; lifecycle transition; audit evidence; failure/retry behavior; security boundary; mapped tests,"No coupon, no redemption, no eligibility rule."
P30-REQ-273,Renewals,not_verified,partial,,plan/version; tenant scope; entitlement or billing effect; lifecycle transition; audit evidence; failure/retry behavior; security boundary; mapped tests,"The paid period is carried and renewal moves it forward through the webhook. Nothing notices an upcoming renewal, notifies anybody, or handles a deliberate non-renewal beyond the cancel-at-period-end flag."
P30-REQ-274,Upgrades/Downgrades,verified,built,,plan/version; tenant scope; entitlement or billing effect; lifecycle transition; audit evidence; failure/retry behavior; security boundary; mapped tests,
P30-REQ-275,Proration,not_verified,not_built,,plan/version; tenant scope; entitlement or billing effect; lifecycle transition; audit evidence; failure/retry behavior; security boundary; mapped tests,"Stripe prorates a mid-cycle change and GrounUp neither records nor displays it, so a customer asking why an invoice is an odd amount cannot be answered from here."
P30-REQ-276,Cancellation,verified,built,,plan/version; tenant scope; entitlement or billing effect; lifecycle transition; audit evidence; failure/retry behavior; security boundary; mapped tests,
P30-REQ-277,Dunning,not_verified,partial,,plan/version; tenant scope; entitlement or billing effect; lifecycle transition; audit evidence; failure/retry behavior; security boundary; mapped tests,"The dunning window is respected rather than run: a past-due account keeps working, deliberately, because cutting a contractor off mid-bid costs more than the few days it saves. There is no dunning process of GrounUp's own — no notice, no retry schedule, no escalation, no final cut-off."
P30-REQ-278,Revenue Operations,not_verified,not_built,,plan/version; tenant scope; entitlement or billing effect; lifecycle transition; audit evidence; failure/retry behavior; security boundary; mapped tests,"No revenue recognition, no deferred revenue, no ledger, no export to a finance system."
P30-REQ-279,Customer Onboarding,not_verified,partial,,plan/version; tenant scope; entitlement or billing effect; lifecycle transition; audit evidence; failure/retry behavior; security boundary; mapped tests,"Provisioning seeds a working company with a library and a trial. There is no onboarding: no guided setup, no data import, no first-run checklist, no measure of whether a customer reached value."
P30-REQ-280,Provisioning,verified,built,,plan/version; tenant scope; entitlement or billing effect; lifecycle transition; audit evidence; failure/retry behavior; security boundary; mapped tests,
P30-REQ-281,Customer Success,not_verified,not_built,,plan/version; tenant scope; entitlement or billing effect; lifecycle transition; audit evidence; failure/retry behavior; security boundary; mapped tests,"No account health, no success plan, no touchpoint, no owner."
P30-REQ-282,Support,not_verified,not_built,,plan/version; tenant scope; entitlement or billing effect; lifecycle transition; audit evidence; failure/retry behavior; security boundary; mapped tests,"No ticket, no case, no queue, no support entitlement by plan."
P30-REQ-283,Service Levels,not_verified,not_built,,plan/version; tenant scope; entitlement or billing effect; lifecycle transition; audit evidence; failure/retry behavior; security boundary; mapped tests,"No service level is defined, measured or reported against."
P30-REQ-284,White Label,not_verified,partial,,plan/version; tenant scope; entitlement or billing effect; lifecycle transition; audit evidence; failure/retry behavior; security boundary; mapped tests,"A company's brand colors drive a derived palette checked for contrast, and documents carry its identity. The partner white-label plan exists in the catalog with no partner administration behind it, and there is no per-tenant application shell, domain or login page."
P30-REQ-285,Brand Themes,verified,built,,plan/version; tenant scope; entitlement or billing effect; lifecycle transition; audit evidence; failure/retry behavior; security boundary; mapped tests,
P30-REQ-286,Custom Domains,not_verified,not_built,,plan/version; tenant scope; entitlement or billing effect; lifecycle transition; audit evidence; failure/retry behavior; security boundary; mapped tests,"No custom domain, no certificate handling, no per-domain routing."
P30-REQ-287,Email Branding,not_verified,not_built,,plan/version; tenant scope; entitlement or billing effect; lifecycle transition; audit evidence; failure/retry behavior; security boundary; mapped tests,"The platform sends no email at all, so there is none to brand."
P30-REQ-288,Document Branding,verified,built,,plan/version; tenant scope; entitlement or billing effect; lifecycle transition; audit evidence; failure/retry behavior; security boundary; mapped tests,
P30-REQ-289,Reseller/Partner,not_verified,not_built,,plan/version; tenant scope; entitlement or billing effect; lifecycle transition; audit evidence; failure/retry behavior; security boundary; mapped tests,"A white-label partner plan row exists in the catalog. There is no partner: no reseller hierarchy, no margin, no partner-billed tenant."
P30-REQ-290,Marketplace,not_verified,not_built,,plan/version; tenant scope; entitlement or billing effect; lifecycle transition; audit evidence; failure/retry behavior; security boundary; mapped tests,Not built and not planned. A marketplace is in the class of capability the traceability rules exclude globally.
P30-REQ-291,Integration Catalog,not_verified,partial,,plan/version; tenant scope; entitlement or billing effect; lifecycle transition; audit evidence; failure/retry behavior; security boundary; mapped tests,"Connectors exist and are governed — weather, and the ingestion pipeline — with an integrations settings surface. There is no catalog: nothing lists available integrations, records which a tenant has enabled, or gates them by plan."
P30-REQ-292,API Access Plans,verified,built,,plan/version; tenant scope; entitlement or billing effect; lifecycle transition; audit evidence; failure/retry behavior; security boundary; mapped tests,
P30-REQ-293,Webhooks,not_verified,partial,,plan/version; tenant scope; entitlement or billing effect; lifecycle transition; audit evidence; failure/retry behavior; security boundary; mapped tests,"Inbound webhooks from Stripe are verified, deduplicated and recorded to a standard the rest of the platform is held to. There are no outbound webhooks: a customer cannot subscribe to events from GrounUp."
P30-REQ-294,Data Export Entitlements,not_verified,not_built,,plan/version; tenant scope; entitlement or billing effect; lifecycle transition; audit evidence; failure/retry behavior; security boundary; mapped tests,"No export permission exists anywhere in the platform, so exports cannot be entitled, limited or metered by plan."
P30-REQ-295,AI Usage Entitlements,not_verified,partial,,plan/version; tenant scope; entitlement or billing effect; lifecycle transition; audit evidence; failure/retry behavior; security boundary; mapped tests,"An AI credit allowance is published on the plan version, carried on the entitlement, metered on every run as a `usage_events` row, and since migration 0039 enforced: the document analyst refuses a request once the period's allowance is spent, with a message saying when it resets. What remains is that the allowance is counted in requests rather than tokens, so a large document and a small one cost the same credit, and there is no soft warning before the hard stop."
P30-REQ-296,Storage Entitlements,not_verified,partial,,plan/version; tenant scope; entitlement or billing effect; lifecycle transition; audit evidence; failure/retry behavior; security boundary; mapped tests,"A storage allowance is published and carried. Nothing measures stored bytes, so there is nothing to enforce it against — the one half of the metering gap that is still real."
P30-REQ-297,Seat Management,not_verified,partial,,plan/version; tenant scope; entitlement or billing effect; lifecycle transition; audit evidence; failure/retry behavior; security boundary; mapped tests,"Seats are limited and an invitation consumes one, refused past the allowance with a message naming the plan. There is no seat management: no reclaiming a seat from a departed user, no pending-invitation expiry, no view of who holds one."
P30-REQ-298,Project/Company Limits,not_verified,partial,,plan/version; tenant scope; entitlement or billing effect; lifecycle transition; audit evidence; failure/retry behavior; security boundary; mapped tests,"Active projects are enforced against the plan allowance, and archived or closed work stops counting. The company limit — how many companies one subscription may carry — is published and not enforced."
P30-REQ-299,Regional Packaging,not_verified,not_built,,plan/version; tenant scope; entitlement or billing effect; lifecycle transition; audit evidence; failure/retry behavior; security boundary; mapped tests,"A currency column on the price, and nothing else. No regional plan, no local pricing, no per-region availability."
P30-REQ-300,Contracted Enterprise Plans,not_verified,partial,,plan/version; tenant scope; entitlement or billing effect; lifecycle transition; audit evidence; failure/retry behavior; security boundary; mapped tests,"A manual grant is the mechanism, and it is properly governed: it must name who granted it and why, and it is the one entitlement allowed to differ from its plan version. There is no contract record behind it — no term, no committed value, no renewal date, no signature."
P30-REQ-301,Billing Audit,verified,built,,plan/version; tenant scope; entitlement or billing effect; lifecycle transition; audit evidence; failure/retry behavior; security boundary; mapped tests,
P30-REQ-302,Commercial Analytics,not_verified,not_built,,plan/version; tenant scope; entitlement or billing effect; lifecycle transition; audit evidence; failure/retry behavior; security boundary; mapped tests,"No revenue reporting: no MRR, no ARR, no cohort, no plan mix."
P30-REQ-303,Customer Health,not_verified,not_built,,plan/version; tenant scope; entitlement or billing effect; lifecycle transition; audit evidence; failure/retry behavior; security boundary; mapped tests,"No usage-based health score, no risk signal, no engagement measure."
P30-REQ-304,Churn/Retention,not_verified,not_built,,plan/version; tenant scope; entitlement or billing effect; lifecycle transition; audit evidence; failure/retry behavior; security boundary; mapped tests,"Cancellation is recorded. Nothing analyzes it: no churn rate, no reason capture, no retention offer."
P30-REQ-305,Expansion Revenue,not_verified,not_built,,plan/version; tenant scope; entitlement or billing effect; lifecycle transition; audit evidence; failure/retry behavior; security boundary; mapped tests,"Upgrades happen and are not measured as expansion. No upsell signal, no seat growth reporting."
P30-REQ-306,Commercial Security,verified,built,,plan/version; tenant scope; entitlement or billing effect; lifecycle transition; audit evidence; failure/retry behavior; security boundary; mapped tests,
P30-REQ-307,Privacy/Tax Data,not_verified,not_built,,plan/version; tenant scope; entitlement or billing effect; lifecycle transition; audit evidence; failure/retry behavior; security boundary; mapped tests,"No tax identity is held, and no retention or deletion policy governs the commercial data that is — the same absence P28 recorded platform-wide."
P30-REQ-308,Dispute Handling,not_verified,not_built,,plan/version; tenant scope; entitlement or billing effect; lifecycle transition; audit evidence; failure/retry behavior; security boundary; mapped tests,"No chargeback handling, no dispute record, no evidence submission."
P30-REQ-309,Refund Governance,not_verified,not_built,,plan/version; tenant scope; entitlement or billing effect; lifecycle transition; audit evidence; failure/retry behavior; security boundary; mapped tests,"No refund can be issued, approved or recorded here."
P30-REQ-310,Commercial Incident Response,not_verified,not_built,,plan/version; tenant scope; entitlement or billing effect; lifecycle transition; audit evidence; failure/retry behavior; security boundary; mapped tests,No billing incident process — the commercial face of the detection and response gap P28 named.
P30-REQ-311,Migration/Grandfathering,verified,built,,plan/version; tenant scope; entitlement or billing effect; lifecycle transition; audit evidence; failure/retry behavior; security boundary; mapped tests,
P30-REQ-312,Feature Deprecation,not_verified,partial,,plan/version; tenant scope; entitlement or billing effect; lifecycle transition; audit evidence; failure/retry behavior; security boundary; mapped tests,"Plan versioning makes removing a feature safe for existing customers, which is the hard half. There is no deprecation process: no sunset date, no notice, nothing that reports who is still on a version carrying a feature being withdrawn."
P30-REQ-313,Plan Versioning,verified,built,,plan/version; tenant scope; entitlement or billing effect; lifecycle transition; audit evidence; failure/retry behavior; security boundary; mapped tests,
P30-REQ-314,Customer Communications,not_verified,not_built,,plan/version; tenant scope; entitlement or billing effect; lifecycle transition; audit evidence; failure/retry behavior; security boundary; mapped tests,"The notifications table carries a billing category and nothing writes to it. No invoice email, no renewal notice, no dunning message, no plan change confirmation."
P30-REQ-315,Self-Service Admin,verified,built,,plan/version; tenant scope; entitlement or billing effect; lifecycle transition; audit evidence; failure/retry behavior; security boundary; mapped tests,
P30-REQ-316,SaaS Control Plane,not_verified,partial,,plan/version; tenant scope; entitlement or billing effect; lifecycle transition; audit evidence; failure/retry behavior; security boundary; mapped tests,"The pieces a control plane governs exist — catalog, versions, entitlements, provisioning, usage. There is no operator surface above them: no screen or API through which somebody running the platform administers tenants, grants, or plan publication."
P30-REQ-317,Tenant Lifecycle,not_verified,partial,,plan/version; tenant scope; entitlement or billing effect; lifecycle transition; audit evidence; failure/retry behavior; security boundary; mapped tests,"A company is provisioned with its owner, role, entitlement and trial in one governed call. Nothing suspends, offboards or deletes one: there is no end to the lifecycle, and no export before deletion."
P30-REQ-318,Plans & Packaging,verified,built,,plan/version; tenant scope; entitlement or billing effect; lifecycle transition; audit evidence; failure/retry behavior; security boundary; mapped tests,
P30-REQ-319,Product Catalog,verified,built,,plan/version; tenant scope; entitlement or billing effect; lifecycle transition; audit evidence; failure/retry behavior; security boundary; mapped tests,
P30-REQ-320,Pricing Models,not_verified,partial,,plan/version; tenant scope; entitlement or billing effect; lifecycle transition; audit evidence; failure/retry behavior; security boundary; mapped tests,"Per-seat licensed and metered usage types are both modeled, with monthly and annual intervals and quantity carried from Stripe. There is no tiered, graduated or volume pricing, and no overage rate for exceeding an allowance."
P30-REQ-321,Subscription Lifecycle,verified,built,,plan/version; tenant scope; entitlement or billing effect; lifecycle transition; audit evidence; failure/retry behavior; security boundary; mapped tests,
P30-REQ-322,Billing Accounts,not_verified,partial,,plan/version; tenant scope; entitlement or billing effect; lifecycle transition; audit evidence; failure/retry behavior; security boundary; mapped tests,"A Stripe customer id ties a company to its billing. There is no billing account of GrounUp's own: no billing contact distinct from the owner, no billing address, no purchase order number, no separate bill-to entity for a group."
P30-REQ-323,Invoices,verified,built,,plan/version; tenant scope; entitlement or billing effect; lifecycle transition; audit evidence; failure/retry behavior; security boundary; mapped tests,
P30-REQ-324,Payments,not_verified,partial,,plan/version; tenant scope; entitlement or billing effect; lifecycle transition; audit evidence; failure/retry behavior; security boundary; mapped tests,"The default payment method's brand and last four digits are carried for display, and payment success or failure moves the subscription status. No payment is recorded as an event, so there is no payment history independent of Stripe."
P30-REQ-325,Credits & Adjustments,not_verified,not_built,,plan/version; tenant scope; entitlement or billing effect; lifecycle transition; audit evidence; failure/retry behavior; security boundary; mapped tests,"No credit note, no manual adjustment, no goodwill credit. Nothing can reduce what a customer owes inside GrounUp."
P30-REQ-326,Taxes & Jurisdiction,not_verified,not_built,,plan/version; tenant scope; entitlement or billing effect; lifecycle transition; audit evidence; failure/retry behavior; security boundary; mapped tests,"No tax calculation, no jurisdiction, no exemption certificate, no VAT or GST registration number."
P30-REQ-327,Usage Metering,verified,built,,plan/version; tenant scope; entitlement or billing effect; lifecycle transition; audit evidence; failure/retry behavior; security boundary; mapped tests,
P30-REQ-328,Usage Aggregation,verified,built,,plan/version; tenant scope; entitlement or billing effect; lifecycle transition; audit evidence; failure/retry behavior; security boundary; mapped tests,
P30-REQ-329,Quotas & Limits,verified,built,,plan/version; tenant scope; entitlement or billing effect; lifecycle transition; audit evidence; failure/retry behavior; security boundary; mapped tests,
P30-REQ-330,Licensing,not_verified,partial,,plan/version; tenant scope; entitlement or billing effect; lifecycle transition; audit evidence; failure/retry behavior; security boundary; mapped tests,"Seats are counted and enforced against the plan allowance. There is no license model beyond a seat count: no named-user versus concurrent licensing, no role-priced seats, no license assignment separate from membership."
P30-REQ-331,Entitlements,verified,built,,plan/version; tenant scope; entitlement or billing effect; lifecycle transition; audit evidence; failure/retry behavior; security boundary; mapped tests,
P30-REQ-332,Feature Flags,not_verified,not_built,,plan/version; tenant scope; entitlement or billing effect; lifecycle transition; audit evidence; failure/retry behavior; security boundary; mapped tests,"A plan's feature set is entitlement, not a flag. There is no per-tenant toggle, no gradual rollout, no kill switch for a shipped feature."
P30-REQ-333,Trials,verified,built,,plan/version; tenant scope; entitlement or billing effect; lifecycle transition; audit evidence; failure/retry behavior; security boundary; mapped tests,
P30-REQ-334,Promotions,not_verified,not_built,,plan/version; tenant scope; entitlement or billing effect; lifecycle transition; audit evidence; failure/retry behavior; security boundary; mapped tests,"No promotional pricing, no campaign, no time-limited offer."
P30-REQ-335,Coupons,not_verified,not_built,,plan/version; tenant scope; entitlement or billing effect; lifecycle transition; audit evidence; failure/retry behavior; security boundary; mapped tests,"No coupon, no redemption, no eligibility rule."
P30-REQ-336,Renewals,not_verified,partial,,plan/version; tenant scope; entitlement or billing effect; lifecycle transition; audit evidence; failure/retry behavior; security boundary; mapped tests,"The paid period is carried and renewal moves it forward through the webhook. Nothing notices an upcoming renewal, notifies anybody, or handles a deliberate non-renewal beyond the cancel-at-period-end flag."
P30-REQ-337,Upgrades/Downgrades,verified,built,,plan/version; tenant scope; entitlement or billing effect; lifecycle transition; audit evidence; failure/retry behavior; security boundary; mapped tests,
P30-REQ-338,Proration,not_verified,not_built,,plan/version; tenant scope; entitlement or billing effect; lifecycle transition; audit evidence; failure/retry behavior; security boundary; mapped tests,"Stripe prorates a mid-cycle change and GrounUp neither records nor displays it, so a customer asking why an invoice is an odd amount cannot be answered from here."
P30-REQ-339,Cancellation,verified,built,,plan/version; tenant scope; entitlement or billing effect; lifecycle transition; audit evidence; failure/retry behavior; security boundary; mapped tests,
P30-REQ-340,Dunning,not_verified,partial,,plan/version; tenant scope; entitlement or billing effect; lifecycle transition; audit evidence; failure/retry behavior; security boundary; mapped tests,"The dunning window is respected rather than run: a past-due account keeps working, deliberately, because cutting a contractor off mid-bid costs more than the few days it saves. There is no dunning process of GrounUp's own — no notice, no retry schedule, no escalation, no final cut-off."
P30-REQ-341,Revenue Operations,not_verified,not_built,,plan/version; tenant scope; entitlement or billing effect; lifecycle transition; audit evidence; failure/retry behavior; security boundary; mapped tests,"No revenue recognition, no deferred revenue, no ledger, no export to a finance system."
P30-REQ-342,Customer Onboarding,not_verified,partial,,plan/version; tenant scope; entitlement or billing effect; lifecycle transition; audit evidence; failure/retry behavior; security boundary; mapped tests,"Provisioning seeds a working company with a library and a trial. There is no onboarding: no guided setup, no data import, no first-run checklist, no measure of whether a customer reached value."
P30-REQ-343,Provisioning,verified,built,,plan/version; tenant scope; entitlement or billing effect; lifecycle transition; audit evidence; failure/retry behavior; security boundary; mapped tests,
P30-REQ-344,Customer Success,not_verified,not_built,,plan/version; tenant scope; entitlement or billing effect; lifecycle transition; audit evidence; failure/retry behavior; security boundary; mapped tests,"No account health, no success plan, no touchpoint, no owner."
P30-REQ-345,Support,not_verified,not_built,,plan/version; tenant scope; entitlement or billing effect; lifecycle transition; audit evidence; failure/retry behavior; security boundary; mapped tests,"No ticket, no case, no queue, no support entitlement by plan."
P30-REQ-346,Service Levels,not_verified,not_built,,plan/version; tenant scope; entitlement or billing effect; lifecycle transition; audit evidence; failure/retry behavior; security boundary; mapped tests,"No service level is defined, measured or reported against."
P30-REQ-347,White Label,not_verified,partial,,plan/version; tenant scope; entitlement or billing effect; lifecycle transition; audit evidence; failure/retry behavior; security boundary; mapped tests,"A company's brand colors drive a derived palette checked for contrast, and documents carry its identity. The partner white-label plan exists in the catalog with no partner administration behind it, and there is no per-tenant application shell, domain or login page."
P30-REQ-348,Brand Themes,verified,built,,plan/version; tenant scope; entitlement or billing effect; lifecycle transition; audit evidence; failure/retry behavior; security boundary; mapped tests,
P30-REQ-349,Custom Domains,not_verified,not_built,,plan/version; tenant scope; entitlement or billing effect; lifecycle transition; audit evidence; failure/retry behavior; security boundary; mapped tests,"No custom domain, no certificate handling, no per-domain routing."
P30-REQ-350,Email Branding,not_verified,not_built,,plan/version; tenant scope; entitlement or billing effect; lifecycle transition; audit evidence; failure/retry behavior; security boundary; mapped tests,"The platform sends no email at all, so there is none to brand."
P30-REQ-351,Document Branding,verified,built,,plan/version; tenant scope; entitlement or billing effect; lifecycle transition; audit evidence; failure/retry behavior; security boundary; mapped tests,
P30-REQ-352,Reseller/Partner,not_verified,not_built,,plan/version; tenant scope; entitlement or billing effect; lifecycle transition; audit evidence; failure/retry behavior; security boundary; mapped tests,"A white-label partner plan row exists in the catalog. There is no partner: no reseller hierarchy, no margin, no partner-billed tenant."
P30-REQ-353,Marketplace,not_verified,not_built,,plan/version; tenant scope; entitlement or billing effect; lifecycle transition; audit evidence; failure/retry behavior; security boundary; mapped tests,Not built and not planned. A marketplace is in the class of capability the traceability rules exclude globally.
P30-REQ-354,Integration Catalog,not_verified,partial,,plan/version; tenant scope; entitlement or billing effect; lifecycle transition; audit evidence; failure/retry behavior; security boundary; mapped tests,"Connectors exist and are governed — weather, and the ingestion pipeline — with an integrations settings surface. There is no catalog: nothing lists available integrations, records which a tenant has enabled, or gates them by plan."
P30-REQ-355,API Access Plans,verified,built,,plan/version; tenant scope; entitlement or billing effect; lifecycle transition; audit evidence; failure/retry behavior; security boundary; mapped tests,
P30-REQ-356,Webhooks,not_verified,partial,,plan/version; tenant scope; entitlement or billing effect; lifecycle transition; audit evidence; failure/retry behavior; security boundary; mapped tests,"Inbound webhooks from Stripe are verified, deduplicated and recorded to a standard the rest of the platform is held to. There are no outbound webhooks: a customer cannot subscribe to events from GrounUp."
P30-REQ-357,Data Export Entitlements,not_verified,not_built,,plan/version; tenant scope; entitlement or billing effect; lifecycle transition; audit evidence; failure/retry behavior; security boundary; mapped tests,"No export permission exists anywhere in the platform, so exports cannot be entitled, limited or metered by plan."
P30-REQ-358,AI Usage Entitlements,not_verified,partial,,plan/version; tenant scope; entitlement or billing effect; lifecycle transition; audit evidence; failure/retry behavior; security boundary; mapped tests,"An AI credit allowance is published on the plan version, carried on the entitlement, metered on every run as a `usage_events` row, and since migration 0039 enforced: the document analyst refuses a request once the period's allowance is spent, with a message saying when it resets. What remains is that the allowance is counted in requests rather than tokens, so a large document and a small one cost the same credit, and there is no soft warning before the hard stop."
P30-REQ-359,Storage Entitlements,not_verified,partial,,plan/version; tenant scope; entitlement or billing effect; lifecycle transition; audit evidence; failure/retry behavior; security boundary; mapped tests,"A storage allowance is published and carried. Nothing measures stored bytes, so there is nothing to enforce it against — the one half of the metering gap that is still real."
P30-REQ-360,Seat Management,not_verified,partial,,plan/version; tenant scope; entitlement or billing effect; lifecycle transition; audit evidence; failure/retry behavior; security boundary; mapped tests,"Seats are limited and an invitation consumes one, refused past the allowance with a message naming the plan. There is no seat management: no reclaiming a seat from a departed user, no pending-invitation expiry, no view of who holds one."
P30-REQ-361,Project/Company Limits,not_verified,partial,,plan/version; tenant scope; entitlement or billing effect; lifecycle transition; audit evidence; failure/retry behavior; security boundary; mapped tests,"Active projects are enforced against the plan allowance, and archived or closed work stops counting. The company limit — how many companies one subscription may carry — is published and not enforced."
P30-REQ-362,Regional Packaging,not_verified,not_built,,plan/version; tenant scope; entitlement or billing effect; lifecycle transition; audit evidence; failure/retry behavior; security boundary; mapped tests,"A currency column on the price, and nothing else. No regional plan, no local pricing, no per-region availability."
P30-REQ-363,Contracted Enterprise Plans,not_verified,partial,,plan/version; tenant scope; entitlement or billing effect; lifecycle transition; audit evidence; failure/retry behavior; security boundary; mapped tests,"A manual grant is the mechanism, and it is properly governed: it must name who granted it and why, and it is the one entitlement allowed to differ from its plan version. There is no contract record behind it — no term, no committed value, no renewal date, no signature."
P30-REQ-364,Billing Audit,verified,built,,plan/version; tenant scope; entitlement or billing effect; lifecycle transition; audit evidence; failure/retry behavior; security boundary; mapped tests,
P30-REQ-365,Commercial Analytics,not_verified,not_built,,plan/version; tenant scope; entitlement or billing effect; lifecycle transition; audit evidence; failure/retry behavior; security boundary; mapped tests,"No revenue reporting: no MRR, no ARR, no cohort, no plan mix."
P30-REQ-366,Customer Health,not_verified,not_built,,plan/version; tenant scope; entitlement or billing effect; lifecycle transition; audit evidence; failure/retry behavior; security boundary; mapped tests,"No usage-based health score, no risk signal, no engagement measure."
P30-REQ-367,Churn/Retention,not_verified,not_built,,plan/version; tenant scope; entitlement or billing effect; lifecycle transition; audit evidence; failure/retry behavior; security boundary; mapped tests,"Cancellation is recorded. Nothing analyzes it: no churn rate, no reason capture, no retention offer."
P30-REQ-368,Expansion Revenue,not_verified,not_built,,plan/version; tenant scope; entitlement or billing effect; lifecycle transition; audit evidence; failure/retry behavior; security boundary; mapped tests,"Upgrades happen and are not measured as expansion. No upsell signal, no seat growth reporting."
P30-REQ-369,Commercial Security,verified,built,,plan/version; tenant scope; entitlement or billing effect; lifecycle transition; audit evidence; failure/retry behavior; security boundary; mapped tests,
P30-REQ-370,Privacy/Tax Data,not_verified,not_built,,plan/version; tenant scope; entitlement or billing effect; lifecycle transition; audit evidence; failure/retry behavior; security boundary; mapped tests,"No tax identity is held, and no retention or deletion policy governs the commercial data that is — the same absence P28 recorded platform-wide."
P30-REQ-371,Dispute Handling,not_verified,not_built,,plan/version; tenant scope; entitlement or billing effect; lifecycle transition; audit evidence; failure/retry behavior; security boundary; mapped tests,"No chargeback handling, no dispute record, no evidence submission."
P30-REQ-372,Refund Governance,not_verified,not_built,,plan/version; tenant scope; entitlement or billing effect; lifecycle transition; audit evidence; failure/retry behavior; security boundary; mapped tests,"No refund can be issued, approved or recorded here."
P30-REQ-373,Commercial Incident Response,not_verified,not_built,,plan/version; tenant scope; entitlement or billing effect; lifecycle transition; audit evidence; failure/retry behavior; security boundary; mapped tests,No billing incident process — the commercial face of the detection and response gap P28 named.
P30-REQ-374,Migration/Grandfathering,verified,built,,plan/version; tenant scope; entitlement or billing effect; lifecycle transition; audit evidence; failure/retry behavior; security boundary; mapped tests,
P30-REQ-375,Feature Deprecation,not_verified,partial,,plan/version; tenant scope; entitlement or billing effect; lifecycle transition; audit evidence; failure/retry behavior; security boundary; mapped tests,"Plan versioning makes removing a feature safe for existing customers, which is the hard half. There is no deprecation process: no sunset date, no notice, nothing that reports who is still on a version carrying a feature being withdrawn."
P30-REQ-376,Plan Versioning,verified,built,,plan/version; tenant scope; entitlement or billing effect; lifecycle transition; audit evidence; failure/retry behavior; security boundary; mapped tests,
P30-REQ-377,Customer Communications,not_verified,not_built,,plan/version; tenant scope; entitlement or billing effect; lifecycle transition; audit evidence; failure/retry behavior; security boundary; mapped tests,"The notifications table carries a billing category and nothing writes to it. No invoice email, no renewal notice, no dunning message, no plan change confirmation."
P30-REQ-378,Self-Service Admin,verified,built,,plan/version; tenant scope; entitlement or billing effect; lifecycle transition; audit evidence; failure/retry behavior; security boundary; mapped tests,
P30-REQ-379,SaaS Control Plane,not_verified,partial,,plan/version; tenant scope; entitlement or billing effect; lifecycle transition; audit evidence; failure/retry behavior; security boundary; mapped tests,"The pieces a control plane governs exist — catalog, versions, entitlements, provisioning, usage. There is no operator surface above them: no screen or API through which somebody running the platform administers tenants, grants, or plan publication."
P30-REQ-380,Tenant Lifecycle,not_verified,partial,,plan/version; tenant scope; entitlement or billing effect; lifecycle transition; audit evidence; failure/retry behavior; security boundary; mapped tests,"A company is provisioned with its owner, role, entitlement and trial in one governed call. Nothing suspends, offboards or deletes one: there is no end to the lifecycle, and no export before deletion."
P30-REQ-381,Plans & Packaging,verified,built,,plan/version; tenant scope; entitlement or billing effect; lifecycle transition; audit evidence; failure/retry behavior; security boundary; mapped tests,
P30-REQ-382,Product Catalog,verified,built,,plan/version; tenant scope; entitlement or billing effect; lifecycle transition; audit evidence; failure/retry behavior; security boundary; mapped tests,
P30-REQ-383,Pricing Models,not_verified,partial,,plan/version; tenant scope; entitlement or billing effect; lifecycle transition; audit evidence; failure/retry behavior; security boundary; mapped tests,"Per-seat licensed and metered usage types are both modeled, with monthly and annual intervals and quantity carried from Stripe. There is no tiered, graduated or volume pricing, and no overage rate for exceeding an allowance."
P30-REQ-384,Subscription Lifecycle,verified,built,,plan/version; tenant scope; entitlement or billing effect; lifecycle transition; audit evidence; failure/retry behavior; security boundary; mapped tests,
P30-REQ-385,Billing Accounts,not_verified,partial,,plan/version; tenant scope; entitlement or billing effect; lifecycle transition; audit evidence; failure/retry behavior; security boundary; mapped tests,"A Stripe customer id ties a company to its billing. There is no billing account of GrounUp's own: no billing contact distinct from the owner, no billing address, no purchase order number, no separate bill-to entity for a group."
P30-REQ-386,Invoices,verified,built,,plan/version; tenant scope; entitlement or billing effect; lifecycle transition; audit evidence; failure/retry behavior; security boundary; mapped tests,
P30-REQ-387,Payments,not_verified,partial,,plan/version; tenant scope; entitlement or billing effect; lifecycle transition; audit evidence; failure/retry behavior; security boundary; mapped tests,"The default payment method's brand and last four digits are carried for display, and payment success or failure moves the subscription status. No payment is recorded as an event, so there is no payment history independent of Stripe."
P30-REQ-388,Credits & Adjustments,not_verified,not_built,,plan/version; tenant scope; entitlement or billing effect; lifecycle transition; audit evidence; failure/retry behavior; security boundary; mapped tests,"No credit note, no manual adjustment, no goodwill credit. Nothing can reduce what a customer owes inside GrounUp."
P30-REQ-389,Taxes & Jurisdiction,not_verified,not_built,,plan/version; tenant scope; entitlement or billing effect; lifecycle transition; audit evidence; failure/retry behavior; security boundary; mapped tests,"No tax calculation, no jurisdiction, no exemption certificate, no VAT or GST registration number."
P30-REQ-390,Usage Metering,verified,built,,plan/version; tenant scope; entitlement or billing effect; lifecycle transition; audit evidence; failure/retry behavior; security boundary; mapped tests,
P30-REQ-391,Usage Aggregation,verified,built,,plan/version; tenant scope; entitlement or billing effect; lifecycle transition; audit evidence; failure/retry behavior; security boundary; mapped tests,
P30-REQ-392,Quotas & Limits,verified,built,,plan/version; tenant scope; entitlement or billing effect; lifecycle transition; audit evidence; failure/retry behavior; security boundary; mapped tests,
P30-REQ-393,Licensing,not_verified,partial,,plan/version; tenant scope; entitlement or billing effect; lifecycle transition; audit evidence; failure/retry behavior; security boundary; mapped tests,"Seats are counted and enforced against the plan allowance. There is no license model beyond a seat count: no named-user versus concurrent licensing, no role-priced seats, no license assignment separate from membership."
P30-REQ-394,Entitlements,verified,built,,plan/version; tenant scope; entitlement or billing effect; lifecycle transition; audit evidence; failure/retry behavior; security boundary; mapped tests,
P30-REQ-395,Feature Flags,not_verified,not_built,,plan/version; tenant scope; entitlement or billing effect; lifecycle transition; audit evidence; failure/retry behavior; security boundary; mapped tests,"A plan's feature set is entitlement, not a flag. There is no per-tenant toggle, no gradual rollout, no kill switch for a shipped feature."
P30-REQ-396,Trials,verified,built,,plan/version; tenant scope; entitlement or billing effect; lifecycle transition; audit evidence; failure/retry behavior; security boundary; mapped tests,
P30-REQ-397,Promotions,not_verified,not_built,,plan/version; tenant scope; entitlement or billing effect; lifecycle transition; audit evidence; failure/retry behavior; security boundary; mapped tests,"No promotional pricing, no campaign, no time-limited offer."
P30-REQ-398,Coupons,not_verified,not_built,,plan/version; tenant scope; entitlement or billing effect; lifecycle transition; audit evidence; failure/retry behavior; security boundary; mapped tests,"No coupon, no redemption, no eligibility rule."
P30-REQ-399,Renewals,not_verified,partial,,plan/version; tenant scope; entitlement or billing effect; lifecycle transition; audit evidence; failure/retry behavior; security boundary; mapped tests,"The paid period is carried and renewal moves it forward through the webhook. Nothing notices an upcoming renewal, notifies anybody, or handles a deliberate non-renewal beyond the cancel-at-period-end flag."
P30-REQ-400,Upgrades/Downgrades,verified,built,,plan/version; tenant scope; entitlement or billing effect; lifecycle transition; audit evidence; failure/retry behavior; security boundary; mapped tests,
P30-REQ-401,Proration,not_verified,not_built,,plan/version; tenant scope; entitlement or billing effect; lifecycle transition; audit evidence; failure/retry behavior; security boundary; mapped tests,"Stripe prorates a mid-cycle change and GrounUp neither records nor displays it, so a customer asking why an invoice is an odd amount cannot be answered from here."
P30-REQ-402,Cancellation,verified,built,,plan/version; tenant scope; entitlement or billing effect; lifecycle transition; audit evidence; failure/retry behavior; security boundary; mapped tests,
P30-REQ-403,Dunning,not_verified,partial,,plan/version; tenant scope; entitlement or billing effect; lifecycle transition; audit evidence; failure/retry behavior; security boundary; mapped tests,"The dunning window is respected rather than run: a past-due account keeps working, deliberately, because cutting a contractor off mid-bid costs more than the few days it saves. There is no dunning process of GrounUp's own — no notice, no retry schedule, no escalation, no final cut-off."
P30-REQ-404,Revenue Operations,not_verified,not_built,,plan/version; tenant scope; entitlement or billing effect; lifecycle transition; audit evidence; failure/retry behavior; security boundary; mapped tests,"No revenue recognition, no deferred revenue, no ledger, no export to a finance system."
P30-REQ-405,Customer Onboarding,not_verified,partial,,plan/version; tenant scope; entitlement or billing effect; lifecycle transition; audit evidence; failure/retry behavior; security boundary; mapped tests,"Provisioning seeds a working company with a library and a trial. There is no onboarding: no guided setup, no data import, no first-run checklist, no measure of whether a customer reached value."
P30-REQ-406,Provisioning,verified,built,,plan/version; tenant scope; entitlement or billing effect; lifecycle transition; audit evidence; failure/retry behavior; security boundary; mapped tests,
P30-REQ-407,Customer Success,not_verified,not_built,,plan/version; tenant scope; entitlement or billing effect; lifecycle transition; audit evidence; failure/retry behavior; security boundary; mapped tests,"No account health, no success plan, no touchpoint, no owner."
P30-REQ-408,Support,not_verified,not_built,,plan/version; tenant scope; entitlement or billing effect; lifecycle transition; audit evidence; failure/retry behavior; security boundary; mapped tests,"No ticket, no case, no queue, no support entitlement by plan."
P30-REQ-409,Service Levels,not_verified,not_built,,plan/version; tenant scope; entitlement or billing effect; lifecycle transition; audit evidence; failure/retry behavior; security boundary; mapped tests,"No service level is defined, measured or reported against."
P30-REQ-410,White Label,not_verified,partial,,plan/version; tenant scope; entitlement or billing effect; lifecycle transition; audit evidence; failure/retry behavior; security boundary; mapped tests,"A company's brand colors drive a derived palette checked for contrast, and documents carry its identity. The partner white-label plan exists in the catalog with no partner administration behind it, and there is no per-tenant application shell, domain or login page."
P30-REQ-411,Brand Themes,verified,built,,plan/version; tenant scope; entitlement or billing effect; lifecycle transition; audit evidence; failure/retry behavior; security boundary; mapped tests,
P30-REQ-412,Custom Domains,not_verified,not_built,,plan/version; tenant scope; entitlement or billing effect; lifecycle transition; audit evidence; failure/retry behavior; security boundary; mapped tests,"No custom domain, no certificate handling, no per-domain routing."
P30-REQ-413,Email Branding,not_verified,not_built,,plan/version; tenant scope; entitlement or billing effect; lifecycle transition; audit evidence; failure/retry behavior; security boundary; mapped tests,"The platform sends no email at all, so there is none to brand."
P30-REQ-414,Document Branding,verified,built,,plan/version; tenant scope; entitlement or billing effect; lifecycle transition; audit evidence; failure/retry behavior; security boundary; mapped tests,
P30-REQ-415,Reseller/Partner,not_verified,not_built,,plan/version; tenant scope; entitlement or billing effect; lifecycle transition; audit evidence; failure/retry behavior; security boundary; mapped tests,"A white-label partner plan row exists in the catalog. There is no partner: no reseller hierarchy, no margin, no partner-billed tenant."
P30-REQ-416,Marketplace,not_verified,not_built,,plan/version; tenant scope; entitlement or billing effect; lifecycle transition; audit evidence; failure/retry behavior; security boundary; mapped tests,Not built and not planned. A marketplace is in the class of capability the traceability rules exclude globally.
P30-REQ-417,Integration Catalog,not_verified,partial,,plan/version; tenant scope; entitlement or billing effect; lifecycle transition; audit evidence; failure/retry behavior; security boundary; mapped tests,"Connectors exist and are governed — weather, and the ingestion pipeline — with an integrations settings surface. There is no catalog: nothing lists available integrations, records which a tenant has enabled, or gates them by plan."
P30-REQ-418,API Access Plans,verified,built,,plan/version; tenant scope; entitlement or billing effect; lifecycle transition; audit evidence; failure/retry behavior; security boundary; mapped tests,
P30-REQ-419,Webhooks,not_verified,partial,,plan/version; tenant scope; entitlement or billing effect; lifecycle transition; audit evidence; failure/retry behavior; security boundary; mapped tests,"Inbound webhooks from Stripe are verified, deduplicated and recorded to a standard the rest of the platform is held to. There are no outbound webhooks: a customer cannot subscribe to events from GrounUp."
P30-REQ-420,Data Export Entitlements,not_verified,not_built,,plan/version; tenant scope; entitlement or billing effect; lifecycle transition; audit evidence; failure/retry behavior; security boundary; mapped tests,"No export permission exists anywhere in the platform, so exports cannot be entitled, limited or metered by plan."
P30-REQ-421,AI Usage Entitlements,not_verified,partial,,plan/version; tenant scope; entitlement or billing effect; lifecycle transition; audit evidence; failure/retry behavior; security boundary; mapped tests,"An AI credit allowance is published on the plan version, carried on the entitlement, metered on every run as a `usage_events` row, and since migration 0039 enforced: the document analyst refuses a request once the period's allowance is spent, with a message saying when it resets. What remains is that the allowance is counted in requests rather than tokens, so a large document and a small one cost the same credit, and there is no soft warning before the hard stop."
P30-REQ-422,Storage Entitlements,not_verified,partial,,plan/version; tenant scope; entitlement or billing effect; lifecycle transition; audit evidence; failure/retry behavior; security boundary; mapped tests,"A storage allowance is published and carried. Nothing measures stored bytes, so there is nothing to enforce it against — the one half of the metering gap that is still real."
P30-REQ-423,Seat Management,not_verified,partial,,plan/version; tenant scope; entitlement or billing effect; lifecycle transition; audit evidence; failure/retry behavior; security boundary; mapped tests,"Seats are limited and an invitation consumes one, refused past the allowance with a message naming the plan. There is no seat management: no reclaiming a seat from a departed user, no pending-invitation expiry, no view of who holds one."
P30-REQ-424,Project/Company Limits,not_verified,partial,,plan/version; tenant scope; entitlement or billing effect; lifecycle transition; audit evidence; failure/retry behavior; security boundary; mapped tests,"Active projects are enforced against the plan allowance, and archived or closed work stops counting. The company limit — how many companies one subscription may carry — is published and not enforced."
P30-REQ-425,Regional Packaging,not_verified,not_built,,plan/version; tenant scope; entitlement or billing effect; lifecycle transition; audit evidence; failure/retry behavior; security boundary; mapped tests,"A currency column on the price, and nothing else. No regional plan, no local pricing, no per-region availability."
P30-REQ-426,Contracted Enterprise Plans,not_verified,partial,,plan/version; tenant scope; entitlement or billing effect; lifecycle transition; audit evidence; failure/retry behavior; security boundary; mapped tests,"A manual grant is the mechanism, and it is properly governed: it must name who granted it and why, and it is the one entitlement allowed to differ from its plan version. There is no contract record behind it — no term, no committed value, no renewal date, no signature."
P30-REQ-427,Billing Audit,verified,built,,plan/version; tenant scope; entitlement or billing effect; lifecycle transition; audit evidence; failure/retry behavior; security boundary; mapped tests,
P30-REQ-428,Commercial Analytics,not_verified,not_built,,plan/version; tenant scope; entitlement or billing effect; lifecycle transition; audit evidence; failure/retry behavior; security boundary; mapped tests,"No revenue reporting: no MRR, no ARR, no cohort, no plan mix."
P30-REQ-429,Customer Health,not_verified,not_built,,plan/version; tenant scope; entitlement or billing effect; lifecycle transition; audit evidence; failure/retry behavior; security boundary; mapped tests,"No usage-based health score, no risk signal, no engagement measure."
P30-REQ-430,Churn/Retention,not_verified,not_built,,plan/version; tenant scope; entitlement or billing effect; lifecycle transition; audit evidence; failure/retry behavior; security boundary; mapped tests,"Cancellation is recorded. Nothing analyzes it: no churn rate, no reason capture, no retention offer."
P30-REQ-431,Expansion Revenue,not_verified,not_built,,plan/version; tenant scope; entitlement or billing effect; lifecycle transition; audit evidence; failure/retry behavior; security boundary; mapped tests,"Upgrades happen and are not measured as expansion. No upsell signal, no seat growth reporting."
P30-REQ-432,Commercial Security,verified,built,,plan/version; tenant scope; entitlement or billing effect; lifecycle transition; audit evidence; failure/retry behavior; security boundary; mapped tests,
P30-REQ-433,Privacy/Tax Data,not_verified,not_built,,plan/version; tenant scope; entitlement or billing effect; lifecycle transition; audit evidence; failure/retry behavior; security boundary; mapped tests,"No tax identity is held, and no retention or deletion policy governs the commercial data that is — the same absence P28 recorded platform-wide."
P30-REQ-434,Dispute Handling,not_verified,not_built,,plan/version; tenant scope; entitlement or billing effect; lifecycle transition; audit evidence; failure/retry behavior; security boundary; mapped tests,"No chargeback handling, no dispute record, no evidence submission."
P30-REQ-435,Refund Governance,not_verified,not_built,,plan/version; tenant scope; entitlement or billing effect; lifecycle transition; audit evidence; failure/retry behavior; security boundary; mapped tests,"No refund can be issued, approved or recorded here."
P30-REQ-436,Commercial Incident Response,not_verified,not_built,,plan/version; tenant scope; entitlement or billing effect; lifecycle transition; audit evidence; failure/retry behavior; security boundary; mapped tests,No billing incident process — the commercial face of the detection and response gap P28 named.
P30-REQ-437,Migration/Grandfathering,verified,built,,plan/version; tenant scope; entitlement or billing effect; lifecycle transition; audit evidence; failure/retry behavior; security boundary; mapped tests,
P30-REQ-438,Feature Deprecation,not_verified,partial,,plan/version; tenant scope; entitlement or billing effect; lifecycle transition; audit evidence; failure/retry behavior; security boundary; mapped tests,"Plan versioning makes removing a feature safe for existing customers, which is the hard half. There is no deprecation process: no sunset date, no notice, nothing that reports who is still on a version carrying a feature being withdrawn."
P30-REQ-439,Plan Versioning,verified,built,,plan/version; tenant scope; entitlement or billing effect; lifecycle transition; audit evidence; failure/retry behavior; security boundary; mapped tests,
P30-REQ-440,Customer Communications,not_verified,not_built,,plan/version; tenant scope; entitlement or billing effect; lifecycle transition; audit evidence; failure/retry behavior; security boundary; mapped tests,"The notifications table carries a billing category and nothing writes to it. No invoice email, no renewal notice, no dunning message, no plan change confirmation."
P30-REQ-441,Self-Service Admin,verified,built,,plan/version; tenant scope; entitlement or billing effect; lifecycle transition; audit evidence; failure/retry behavior; security boundary; mapped tests,
P30-REQ-442,SaaS Control Plane,not_verified,partial,,plan/version; tenant scope; entitlement or billing effect; lifecycle transition; audit evidence; failure/retry behavior; security boundary; mapped tests,"The pieces a control plane governs exist — catalog, versions, entitlements, provisioning, usage. There is no operator surface above them: no screen or API through which somebody running the platform administers tenants, grants, or plan publication."
P30-REQ-443,Tenant Lifecycle,not_verified,partial,,plan/version; tenant scope; entitlement or billing effect; lifecycle transition; audit evidence; failure/retry behavior; security boundary; mapped tests,"A company is provisioned with its owner, role, entitlement and trial in one governed call. Nothing suspends, offboards or deletes one: there is no end to the lifecycle, and no export before deletion."
P30-REQ-444,Plans & Packaging,verified,built,,plan/version; tenant scope; entitlement or billing effect; lifecycle transition; audit evidence; failure/retry behavior; security boundary; mapped tests,
P30-REQ-445,Product Catalog,verified,built,,plan/version; tenant scope; entitlement or billing effect; lifecycle transition; audit evidence; failure/retry behavior; security boundary; mapped tests,
P30-REQ-446,Pricing Models,not_verified,partial,,plan/version; tenant scope; entitlement or billing effect; lifecycle transition; audit evidence; failure/retry behavior; security boundary; mapped tests,"Per-seat licensed and metered usage types are both modeled, with monthly and annual intervals and quantity carried from Stripe. There is no tiered, graduated or volume pricing, and no overage rate for exceeding an allowance."
P30-REQ-447,Subscription Lifecycle,verified,built,,plan/version; tenant scope; entitlement or billing effect; lifecycle transition; audit evidence; failure/retry behavior; security boundary; mapped tests,
P30-REQ-448,Billing Accounts,not_verified,partial,,plan/version; tenant scope; entitlement or billing effect; lifecycle transition; audit evidence; failure/retry behavior; security boundary; mapped tests,"A Stripe customer id ties a company to its billing. There is no billing account of GrounUp's own: no billing contact distinct from the owner, no billing address, no purchase order number, no separate bill-to entity for a group."
P30-REQ-449,Invoices,verified,built,,plan/version; tenant scope; entitlement or billing effect; lifecycle transition; audit evidence; failure/retry behavior; security boundary; mapped tests,
P30-REQ-450,Payments,not_verified,partial,,plan/version; tenant scope; entitlement or billing effect; lifecycle transition; audit evidence; failure/retry behavior; security boundary; mapped tests,"The default payment method's brand and last four digits are carried for display, and payment success or failure moves the subscription status. No payment is recorded as an event, so there is no payment history independent of Stripe."
P30-REQ-451,Credits & Adjustments,not_verified,not_built,,plan/version; tenant scope; entitlement or billing effect; lifecycle transition; audit evidence; failure/retry behavior; security boundary; mapped tests,"No credit note, no manual adjustment, no goodwill credit. Nothing can reduce what a customer owes inside GrounUp."
P30-REQ-452,Taxes & Jurisdiction,not_verified,not_built,,plan/version; tenant scope; entitlement or billing effect; lifecycle transition; audit evidence; failure/retry behavior; security boundary; mapped tests,"No tax calculation, no jurisdiction, no exemption certificate, no VAT or GST registration number."
P30-REQ-453,Usage Metering,verified,built,,plan/version; tenant scope; entitlement or billing effect; lifecycle transition; audit evidence; failure/retry behavior; security boundary; mapped tests,
P30-REQ-454,Usage Aggregation,verified,built,,plan/version; tenant scope; entitlement or billing effect; lifecycle transition; audit evidence; failure/retry behavior; security boundary; mapped tests,
P30-REQ-455,Quotas & Limits,verified,built,,plan/version; tenant scope; entitlement or billing effect; lifecycle transition; audit evidence; failure/retry behavior; security boundary; mapped tests,
P30-REQ-456,Licensing,not_verified,partial,,plan/version; tenant scope; entitlement or billing effect; lifecycle transition; audit evidence; failure/retry behavior; security boundary; mapped tests,"Seats are counted and enforced against the plan allowance. There is no license model beyond a seat count: no named-user versus concurrent licensing, no role-priced seats, no license assignment separate from membership."
P30-REQ-457,Entitlements,verified,built,,plan/version; tenant scope; entitlement or billing effect; lifecycle transition; audit evidence; failure/retry behavior; security boundary; mapped tests,
P30-REQ-458,Feature Flags,not_verified,not_built,,plan/version; tenant scope; entitlement or billing effect; lifecycle transition; audit evidence; failure/retry behavior; security boundary; mapped tests,"A plan's feature set is entitlement, not a flag. There is no per-tenant toggle, no gradual rollout, no kill switch for a shipped feature."
P30-REQ-459,Trials,verified,built,,plan/version; tenant scope; entitlement or billing effect; lifecycle transition; audit evidence; failure/retry behavior; security boundary; mapped tests,
P30-REQ-460,Promotions,not_verified,not_built,,plan/version; tenant scope; entitlement or billing effect; lifecycle transition; audit evidence; failure/retry behavior; security boundary; mapped tests,"No promotional pricing, no campaign, no time-limited offer."
P30-REQ-461,Coupons,not_verified,not_built,,plan/version; tenant scope; entitlement or billing effect; lifecycle transition; audit evidence; failure/retry behavior; security boundary; mapped tests,"No coupon, no redemption, no eligibility rule."
P30-REQ-462,Renewals,not_verified,partial,,plan/version; tenant scope; entitlement or billing effect; lifecycle transition; audit evidence; failure/retry behavior; security boundary; mapped tests,"The paid period is carried and renewal moves it forward through the webhook. Nothing notices an upcoming renewal, notifies anybody, or handles a deliberate non-renewal beyond the cancel-at-period-end flag."
P30-REQ-463,Upgrades/Downgrades,verified,built,,plan/version; tenant scope; entitlement or billing effect; lifecycle transition; audit evidence; failure/retry behavior; security boundary; mapped tests,
P30-REQ-464,Proration,not_verified,not_built,,plan/version; tenant scope; entitlement or billing effect; lifecycle transition; audit evidence; failure/retry behavior; security boundary; mapped tests,"Stripe prorates a mid-cycle change and GrounUp neither records nor displays it, so a customer asking why an invoice is an odd amount cannot be answered from here."
P30-REQ-465,Cancellation,verified,built,,plan/version; tenant scope; entitlement or billing effect; lifecycle transition; audit evidence; failure/retry behavior; security boundary; mapped tests,
P30-REQ-466,Dunning,not_verified,partial,,plan/version; tenant scope; entitlement or billing effect; lifecycle transition; audit evidence; failure/retry behavior; security boundary; mapped tests,"The dunning window is respected rather than run: a past-due account keeps working, deliberately, because cutting a contractor off mid-bid costs more than the few days it saves. There is no dunning process of GrounUp's own — no notice, no retry schedule, no escalation, no final cut-off."
P30-REQ-467,Revenue Operations,not_verified,not_built,,plan/version; tenant scope; entitlement or billing effect; lifecycle transition; audit evidence; failure/retry behavior; security boundary; mapped tests,"No revenue recognition, no deferred revenue, no ledger, no export to a finance system."
P30-REQ-468,Customer Onboarding,not_verified,partial,,plan/version; tenant scope; entitlement or billing effect; lifecycle transition; audit evidence; failure/retry behavior; security boundary; mapped tests,"Provisioning seeds a working company with a library and a trial. There is no onboarding: no guided setup, no data import, no first-run checklist, no measure of whether a customer reached value."
P30-REQ-469,Provisioning,verified,built,,plan/version; tenant scope; entitlement or billing effect; lifecycle transition; audit evidence; failure/retry behavior; security boundary; mapped tests,
P30-REQ-470,Customer Success,not_verified,not_built,,plan/version; tenant scope; entitlement or billing effect; lifecycle transition; audit evidence; failure/retry behavior; security boundary; mapped tests,"No account health, no success plan, no touchpoint, no owner."
P30-REQ-471,Support,not_verified,not_built,,plan/version; tenant scope; entitlement or billing effect; lifecycle transition; audit evidence; failure/retry behavior; security boundary; mapped tests,"No ticket, no case, no queue, no support entitlement by plan."
P30-REQ-472,Service Levels,not_verified,not_built,,plan/version; tenant scope; entitlement or billing effect; lifecycle transition; audit evidence; failure/retry behavior; security boundary; mapped tests,"No service level is defined, measured or reported against."
P30-REQ-473,White Label,not_verified,partial,,plan/version; tenant scope; entitlement or billing effect; lifecycle transition; audit evidence; failure/retry behavior; security boundary; mapped tests,"A company's brand colors drive a derived palette checked for contrast, and documents carry its identity. The partner white-label plan exists in the catalog with no partner administration behind it, and there is no per-tenant application shell, domain or login page."
P30-REQ-474,Brand Themes,verified,built,,plan/version; tenant scope; entitlement or billing effect; lifecycle transition; audit evidence; failure/retry behavior; security boundary; mapped tests,
P30-REQ-475,Custom Domains,not_verified,not_built,,plan/version; tenant scope; entitlement or billing effect; lifecycle transition; audit evidence; failure/retry behavior; security boundary; mapped tests,"No custom domain, no certificate handling, no per-domain routing."
P30-REQ-476,Email Branding,not_verified,not_built,,plan/version; tenant scope; entitlement or billing effect; lifecycle transition; audit evidence; failure/retry behavior; security boundary; mapped tests,"The platform sends no email at all, so there is none to brand."
P30-REQ-477,Document Branding,verified,built,,plan/version; tenant scope; entitlement or billing effect; lifecycle transition; audit evidence; failure/retry behavior; security boundary; mapped tests,
P30-REQ-478,Reseller/Partner,not_verified,not_built,,plan/version; tenant scope; entitlement or billing effect; lifecycle transition; audit evidence; failure/retry behavior; security boundary; mapped tests,"A white-label partner plan row exists in the catalog. There is no partner: no reseller hierarchy, no margin, no partner-billed tenant."
P30-REQ-479,Marketplace,not_verified,not_built,,plan/version; tenant scope; entitlement or billing effect; lifecycle transition; audit evidence; failure/retry behavior; security boundary; mapped tests,Not built and not planned. A marketplace is in the class of capability the traceability rules exclude globally.
P30-REQ-480,Integration Catalog,not_verified,partial,,plan/version; tenant scope; entitlement or billing effect; lifecycle transition; audit evidence; failure/retry behavior; security boundary; mapped tests,"Connectors exist and are governed — weather, and the ingestion pipeline — with an integrations settings surface. There is no catalog: nothing lists available integrations, records which a tenant has enabled, or gates them by plan."
P30-REQ-481,API Access Plans,verified,built,,plan/version; tenant scope; entitlement or billing effect; lifecycle transition; audit evidence; failure/retry behavior; security boundary; mapped tests,
P30-REQ-482,Webhooks,not_verified,partial,,plan/version; tenant scope; entitlement or billing effect; lifecycle transition; audit evidence; failure/retry behavior; security boundary; mapped tests,"Inbound webhooks from Stripe are verified, deduplicated and recorded to a standard the rest of the platform is held to. There are no outbound webhooks: a customer cannot subscribe to events from GrounUp."
P30-REQ-483,Data Export Entitlements,not_verified,not_built,,plan/version; tenant scope; entitlement or billing effect; lifecycle transition; audit evidence; failure/retry behavior; security boundary; mapped tests,"No export permission exists anywhere in the platform, so exports cannot be entitled, limited or metered by plan."
P30-REQ-484,AI Usage Entitlements,not_verified,partial,,plan/version; tenant scope; entitlement or billing effect; lifecycle transition; audit evidence; failure/retry behavior; security boundary; mapped tests,"An AI credit allowance is published on the plan version, carried on the entitlement, metered on every run as a `usage_events` row, and since migration 0039 enforced: the document analyst refuses a request once the period's allowance is spent, with a message saying when it resets. What remains is that the allowance is counted in requests rather than tokens, so a large document and a small one cost the same credit, and there is no soft warning before the hard stop."
P30-REQ-485,Storage Entitlements,not_verified,partial,,plan/version; tenant scope; entitlement or billing effect; lifecycle transition; audit evidence; failure/retry behavior; security boundary; mapped tests,"A storage allowance is published and carried. Nothing measures stored bytes, so there is nothing to enforce it against — the one half of the metering gap that is still real."
P30-REQ-486,Seat Management,not_verified,partial,,plan/version; tenant scope; entitlement or billing effect; lifecycle transition; audit evidence; failure/retry behavior; security boundary; mapped tests,"Seats are limited and an invitation consumes one, refused past the allowance with a message naming the plan. There is no seat management: no reclaiming a seat from a departed user, no pending-invitation expiry, no view of who holds one."
P30-REQ-487,Project/Company Limits,not_verified,partial,,plan/version; tenant scope; entitlement or billing effect; lifecycle transition; audit evidence; failure/retry behavior; security boundary; mapped tests,"Active projects are enforced against the plan allowance, and archived or closed work stops counting. The company limit — how many companies one subscription may carry — is published and not enforced."
P30-REQ-488,Regional Packaging,not_verified,not_built,,plan/version; tenant scope; entitlement or billing effect; lifecycle transition; audit evidence; failure/retry behavior; security boundary; mapped tests,"A currency column on the price, and nothing else. No regional plan, no local pricing, no per-region availability."
P30-REQ-489,Contracted Enterprise Plans,not_verified,partial,,plan/version; tenant scope; entitlement or billing effect; lifecycle transition; audit evidence; failure/retry behavior; security boundary; mapped tests,"A manual grant is the mechanism, and it is properly governed: it must name who granted it and why, and it is the one entitlement allowed to differ from its plan version. There is no contract record behind it — no term, no committed value, no renewal date, no signature."
P30-REQ-490,Billing Audit,verified,built,,plan/version; tenant scope; entitlement or billing effect; lifecycle transition; audit evidence; failure/retry behavior; security boundary; mapped tests,
P30-REQ-491,Commercial Analytics,not_verified,not_built,,plan/version; tenant scope; entitlement or billing effect; lifecycle transition; audit evidence; failure/retry behavior; security boundary; mapped tests,"No revenue reporting: no MRR, no ARR, no cohort, no plan mix."
P30-REQ-492,Customer Health,not_verified,not_built,,plan/version; tenant scope; entitlement or billing effect; lifecycle transition; audit evidence; failure/retry behavior; security boundary; mapped tests,"No usage-based health score, no risk signal, no engagement measure."
P30-REQ-493,Churn/Retention,not_verified,not_built,,plan/version; tenant scope; entitlement or billing effect; lifecycle transition; audit evidence; failure/retry behavior; security boundary; mapped tests,"Cancellation is recorded. Nothing analyzes it: no churn rate, no reason capture, no retention offer."
P30-REQ-494,Expansion Revenue,not_verified,not_built,,plan/version; tenant scope; entitlement or billing effect; lifecycle transition; audit evidence; failure/retry behavior; security boundary; mapped tests,"Upgrades happen and are not measured as expansion. No upsell signal, no seat growth reporting."
P30-REQ-495,Commercial Security,verified,built,,plan/version; tenant scope; entitlement or billing effect; lifecycle transition; audit evidence; failure/retry behavior; security boundary; mapped tests,
P30-REQ-496,Privacy/Tax Data,not_verified,not_built,,plan/version; tenant scope; entitlement or billing effect; lifecycle transition; audit evidence; failure/retry behavior; security boundary; mapped tests,"No tax identity is held, and no retention or deletion policy governs the commercial data that is — the same absence P28 recorded platform-wide."
P30-REQ-497,Dispute Handling,not_verified,not_built,,plan/version; tenant scope; entitlement or billing effect; lifecycle transition; audit evidence; failure/retry behavior; security boundary; mapped tests,"No chargeback handling, no dispute record, no evidence submission."
P30-REQ-498,Refund Governance,not_verified,not_built,,plan/version; tenant scope; entitlement or billing effect; lifecycle transition; audit evidence; failure/retry behavior; security boundary; mapped tests,"No refund can be issued, approved or recorded here."
P30-REQ-499,Commercial Incident Response,not_verified,not_built,,plan/version; tenant scope; entitlement or billing effect; lifecycle transition; audit evidence; failure/retry behavior; security boundary; mapped tests,No billing incident process — the commercial face of the detection and response gap P28 named.
P30-REQ-500,Migration/Grandfathering,verified,built,,plan/version; tenant scope; entitlement or billing effect; lifecycle transition; audit evidence; failure/retry behavior; security boundary; mapped tests,
P30-REQ-501,Feature Deprecation,not_verified,partial,,plan/version; tenant scope; entitlement or billing effect; lifecycle transition; audit evidence; failure/retry behavior; security boundary; mapped tests,"Plan versioning makes removing a feature safe for existing customers, which is the hard half. There is no deprecation process: no sunset date, no notice, nothing that reports who is still on a version carrying a feature being withdrawn."
P30-REQ-502,Plan Versioning,verified,built,,plan/version; tenant scope; entitlement or billing effect; lifecycle transition; audit evidence; failure/retry behavior; security boundary; mapped tests,
P30-REQ-503,Customer Communications,not_verified,not_built,,plan/version; tenant scope; entitlement or billing effect; lifecycle transition; audit evidence; failure/retry behavior; security boundary; mapped tests,"The notifications table carries a billing category and nothing writes to it. No invoice email, no renewal notice, no dunning message, no plan change confirmation."
P30-REQ-504,Self-Service Admin,verified,built,,plan/version; tenant scope; entitlement or billing effect; lifecycle transition; audit evidence; failure/retry behavior; security boundary; mapped tests,
P30-REQ-505,SaaS Control Plane,not_verified,partial,,plan/version; tenant scope; entitlement or billing effect; lifecycle transition; audit evidence; failure/retry behavior; security boundary; mapped tests,"The pieces a control plane governs exist — catalog, versions, entitlements, provisioning, usage. There is no operator surface above them: no screen or API through which somebody running the platform administers tenants, grants, or plan publication."
P30-REQ-506,Tenant Lifecycle,not_verified,partial,,plan/version; tenant scope; entitlement or billing effect; lifecycle transition; audit evidence; failure/retry behavior; security boundary; mapped tests,"A company is provisioned with its owner, role, entitlement and trial in one governed call. Nothing suspends, offboards or deletes one: there is no end to the lifecycle, and no export before deletion."
P30-REQ-507,Plans & Packaging,verified,built,,plan/version; tenant scope; entitlement or billing effect; lifecycle transition; audit evidence; failure/retry behavior; security boundary; mapped tests,
P30-REQ-508,Product Catalog,verified,built,,plan/version; tenant scope; entitlement or billing effect; lifecycle transition; audit evidence; failure/retry behavior; security boundary; mapped tests,
P30-REQ-509,Pricing Models,not_verified,partial,,plan/version; tenant scope; entitlement or billing effect; lifecycle transition; audit evidence; failure/retry behavior; security boundary; mapped tests,"Per-seat licensed and metered usage types are both modeled, with monthly and annual intervals and quantity carried from Stripe. There is no tiered, graduated or volume pricing, and no overage rate for exceeding an allowance."
P30-REQ-510,Subscription Lifecycle,verified,built,,plan/version; tenant scope; entitlement or billing effect; lifecycle transition; audit evidence; failure/retry behavior; security boundary; mapped tests,
P30-REQ-511,Billing Accounts,not_verified,partial,,plan/version; tenant scope; entitlement or billing effect; lifecycle transition; audit evidence; failure/retry behavior; security boundary; mapped tests,"A Stripe customer id ties a company to its billing. There is no billing account of GrounUp's own: no billing contact distinct from the owner, no billing address, no purchase order number, no separate bill-to entity for a group."
P30-REQ-512,Invoices,verified,built,,plan/version; tenant scope; entitlement or billing effect; lifecycle transition; audit evidence; failure/retry behavior; security boundary; mapped tests,
P30-REQ-513,Payments,not_verified,partial,,plan/version; tenant scope; entitlement or billing effect; lifecycle transition; audit evidence; failure/retry behavior; security boundary; mapped tests,"The default payment method's brand and last four digits are carried for display, and payment success or failure moves the subscription status. No payment is recorded as an event, so there is no payment history independent of Stripe."
P30-REQ-514,Credits & Adjustments,not_verified,not_built,,plan/version; tenant scope; entitlement or billing effect; lifecycle transition; audit evidence; failure/retry behavior; security boundary; mapped tests,"No credit note, no manual adjustment, no goodwill credit. Nothing can reduce what a customer owes inside GrounUp."
P30-REQ-515,Taxes & Jurisdiction,not_verified,not_built,,plan/version; tenant scope; entitlement or billing effect; lifecycle transition; audit evidence; failure/retry behavior; security boundary; mapped tests,"No tax calculation, no jurisdiction, no exemption certificate, no VAT or GST registration number."
P30-REQ-516,Usage Metering,verified,built,,plan/version; tenant scope; entitlement or billing effect; lifecycle transition; audit evidence; failure/retry behavior; security boundary; mapped tests,
P30-REQ-517,Usage Aggregation,verified,built,,plan/version; tenant scope; entitlement or billing effect; lifecycle transition; audit evidence; failure/retry behavior; security boundary; mapped tests,
P30-REQ-518,Quotas & Limits,verified,built,,plan/version; tenant scope; entitlement or billing effect; lifecycle transition; audit evidence; failure/retry behavior; security boundary; mapped tests,
P30-REQ-519,Licensing,not_verified,partial,,plan/version; tenant scope; entitlement or billing effect; lifecycle transition; audit evidence; failure/retry behavior; security boundary; mapped tests,"Seats are counted and enforced against the plan allowance. There is no license model beyond a seat count: no named-user versus concurrent licensing, no role-priced seats, no license assignment separate from membership."
P30-REQ-520,Entitlements,verified,built,,plan/version; tenant scope; entitlement or billing effect; lifecycle transition; audit evidence; failure/retry behavior; security boundary; mapped tests,
P30-REQ-521,Feature Flags,not_verified,not_built,,plan/version; tenant scope; entitlement or billing effect; lifecycle transition; audit evidence; failure/retry behavior; security boundary; mapped tests,"A plan's feature set is entitlement, not a flag. There is no per-tenant toggle, no gradual rollout, no kill switch for a shipped feature."
P30-REQ-522,Trials,verified,built,,plan/version; tenant scope; entitlement or billing effect; lifecycle transition; audit evidence; failure/retry behavior; security boundary; mapped tests,
P30-REQ-523,Promotions,not_verified,not_built,,plan/version; tenant scope; entitlement or billing effect; lifecycle transition; audit evidence; failure/retry behavior; security boundary; mapped tests,"No promotional pricing, no campaign, no time-limited offer."
P30-REQ-524,Coupons,not_verified,not_built,,plan/version; tenant scope; entitlement or billing effect; lifecycle transition; audit evidence; failure/retry behavior; security boundary; mapped tests,"No coupon, no redemption, no eligibility rule."
P30-REQ-525,Renewals,not_verified,partial,,plan/version; tenant scope; entitlement or billing effect; lifecycle transition; audit evidence; failure/retry behavior; security boundary; mapped tests,"The paid period is carried and renewal moves it forward through the webhook. Nothing notices an upcoming renewal, notifies anybody, or handles a deliberate non-renewal beyond the cancel-at-period-end flag."
P30-REQ-526,Upgrades/Downgrades,verified,built,,plan/version; tenant scope; entitlement or billing effect; lifecycle transition; audit evidence; failure/retry behavior; security boundary; mapped tests,
P30-REQ-527,Proration,not_verified,not_built,,plan/version; tenant scope; entitlement or billing effect; lifecycle transition; audit evidence; failure/retry behavior; security boundary; mapped tests,"Stripe prorates a mid-cycle change and GrounUp neither records nor displays it, so a customer asking why an invoice is an odd amount cannot be answered from here."
P30-REQ-528,Cancellation,verified,built,,plan/version; tenant scope; entitlement or billing effect; lifecycle transition; audit evidence; failure/retry behavior; security boundary; mapped tests,
P30-REQ-529,Dunning,not_verified,partial,,plan/version; tenant scope; entitlement or billing effect; lifecycle transition; audit evidence; failure/retry behavior; security boundary; mapped tests,"The dunning window is respected rather than run: a past-due account keeps working, deliberately, because cutting a contractor off mid-bid costs more than the few days it saves. There is no dunning process of GrounUp's own — no notice, no retry schedule, no escalation, no final cut-off."
P30-REQ-530,Revenue Operations,not_verified,not_built,,plan/version; tenant scope; entitlement or billing effect; lifecycle transition; audit evidence; failure/retry behavior; security boundary; mapped tests,"No revenue recognition, no deferred revenue, no ledger, no export to a finance system."
P30-REQ-531,Customer Onboarding,not_verified,partial,,plan/version; tenant scope; entitlement or billing effect; lifecycle transition; audit evidence; failure/retry behavior; security boundary; mapped tests,"Provisioning seeds a working company with a library and a trial. There is no onboarding: no guided setup, no data import, no first-run checklist, no measure of whether a customer reached value."
P30-REQ-532,Provisioning,verified,built,,plan/version; tenant scope; entitlement or billing effect; lifecycle transition; audit evidence; failure/retry behavior; security boundary; mapped tests,
P30-REQ-533,Customer Success,not_verified,not_built,,plan/version; tenant scope; entitlement or billing effect; lifecycle transition; audit evidence; failure/retry behavior; security boundary; mapped tests,"No account health, no success plan, no touchpoint, no owner."
P30-REQ-534,Support,not_verified,not_built,,plan/version; tenant scope; entitlement or billing effect; lifecycle transition; audit evidence; failure/retry behavior; security boundary; mapped tests,"No ticket, no case, no queue, no support entitlement by plan."
P30-REQ-535,Service Levels,not_verified,not_built,,plan/version; tenant scope; entitlement or billing effect; lifecycle transition; audit evidence; failure/retry behavior; security boundary; mapped tests,"No service level is defined, measured or reported against."
P30-REQ-536,White Label,not_verified,partial,,plan/version; tenant scope; entitlement or billing effect; lifecycle transition; audit evidence; failure/retry behavior; security boundary; mapped tests,"A company's brand colors drive a derived palette checked for contrast, and documents carry its identity. The partner white-label plan exists in the catalog with no partner administration behind it, and there is no per-tenant application shell, domain or login page."
P30-REQ-537,Brand Themes,verified,built,,plan/version; tenant scope; entitlement or billing effect; lifecycle transition; audit evidence; failure/retry behavior; security boundary; mapped tests,
P30-REQ-538,Custom Domains,not_verified,not_built,,plan/version; tenant scope; entitlement or billing effect; lifecycle transition; audit evidence; failure/retry behavior; security boundary; mapped tests,"No custom domain, no certificate handling, no per-domain routing."
P30-REQ-539,Email Branding,not_verified,not_built,,plan/version; tenant scope; entitlement or billing effect; lifecycle transition; audit evidence; failure/retry behavior; security boundary; mapped tests,"The platform sends no email at all, so there is none to brand."
P30-REQ-540,Document Branding,verified,built,,plan/version; tenant scope; entitlement or billing effect; lifecycle transition; audit evidence; failure/retry behavior; security boundary; mapped tests,
