requirement_id,domain,verification,domain_status,unmet_conditions,met_conditions,gap
P31-REQ-001,Production Architecture,not_verified,not_built,infrastructure/configuration version; environment scope; deployment behavior; rollback/recovery evidence; observability; ownership; capacity,security controls; mapped tests,"There is no production architecture because there is no production. The intended shape is described in the deployment documentation and has never been instantiated. Blocked platform-wide by: infrastructure/configuration version (not_met), environment scope (not_met), deployment behavior (not_met), rollback/recovery evidence (not_met), observability (not_met), ownership (not_met), capacity (not_met)."
P31-REQ-002,Cloud Provider Abstraction,not_verified,not_built,infrastructure/configuration version; environment scope; deployment behavior; rollback/recovery evidence; observability; ownership; capacity,security controls; mapped tests,"None, and none intended — the platform is written to Supabase and Stripe directly. Blocked platform-wide by: infrastructure/configuration version (not_met), environment scope (not_met), deployment behavior (not_met), rollback/recovery evidence (not_met), observability (not_met), ownership (not_met), capacity (not_met)."
P31-REQ-003,Regions & Availability Zones,not_verified,not_built,infrastructure/configuration version; environment scope; deployment behavior; rollback/recovery evidence; observability; ownership; capacity,security controls; mapped tests,"Single region, no zone awareness, no residency model. Blocked platform-wide by: infrastructure/configuration version (not_met), environment scope (not_met), deployment behavior (not_met), rollback/recovery evidence (not_met), observability (not_met), ownership (not_met), capacity (not_met)."
P31-REQ-004,Network Topology,not_verified,not_built,infrastructure/configuration version; environment scope; deployment behavior; rollback/recovery evidence; observability; ownership; capacity,security controls; mapped tests,"No network the platform defines. Blocked platform-wide by: infrastructure/configuration version (not_met), environment scope (not_met), deployment behavior (not_met), rollback/recovery evidence (not_met), observability (not_met), ownership (not_met), capacity (not_met)."
P31-REQ-005,Ingress & Edge,not_verified,not_built,infrastructure/configuration version; environment scope; deployment behavior; rollback/recovery evidence; observability; ownership; capacity,security controls; mapped tests,"No ingress the platform controls, no WAF, no edge rules. Blocked platform-wide by: infrastructure/configuration version (not_met), environment scope (not_met), deployment behavior (not_met), rollback/recovery evidence (not_met), observability (not_met), ownership (not_met), capacity (not_met)."
P31-REQ-006,DNS,not_verified,not_built,infrastructure/configuration version; environment scope; deployment behavior; rollback/recovery evidence; observability; ownership; capacity,security controls; mapped tests,"No managed DNS, no custom domain. Blocked platform-wide by: infrastructure/configuration version (not_met), environment scope (not_met), deployment behavior (not_met), rollback/recovery evidence (not_met), observability (not_met), ownership (not_met), capacity (not_met)."
P31-REQ-007,TLS Certificates,not_verified,not_built,infrastructure/configuration version; environment scope; deployment behavior; rollback/recovery evidence; observability; ownership; capacity,security controls; mapped tests,"Provided by the host; nothing here manages, rotates or monitors one. Blocked platform-wide by: infrastructure/configuration version (not_met), environment scope (not_met), deployment behavior (not_met), rollback/recovery evidence (not_met), observability (not_met), ownership (not_met), capacity (not_met)."
P31-REQ-008,Load Balancing,not_verified,not_built,infrastructure/configuration version; environment scope; deployment behavior; rollback/recovery evidence; observability; ownership; capacity,security controls; mapped tests,"None. Blocked platform-wide by: infrastructure/configuration version (not_met), environment scope (not_met), deployment behavior (not_met), rollback/recovery evidence (not_met), observability (not_met), ownership (not_met), capacity (not_met)."
P31-REQ-009,Application Runtime,not_verified,not_built,infrastructure/configuration version; environment scope; deployment behavior; rollback/recovery evidence; observability; ownership; capacity,security controls; mapped tests,"No runtime the platform operates: the bundle is served by a host and the functions by a provider. Blocked platform-wide by: infrastructure/configuration version (not_met), environment scope (not_met), deployment behavior (not_met), rollback/recovery evidence (not_met), observability (not_met), ownership (not_met), capacity (not_met)."
P31-REQ-010,Container Runtime,not_verified,not_built,infrastructure/configuration version; environment scope; deployment behavior; rollback/recovery evidence; observability; ownership; capacity,security controls; mapped tests,"No container image and no orchestration. The application is a static bundle and a set of Edge Functions. Blocked platform-wide by: infrastructure/configuration version (not_met), environment scope (not_met), deployment behavior (not_met), rollback/recovery evidence (not_met), observability (not_met), ownership (not_met), capacity (not_met)."
P31-REQ-011,Serverless/Worker Runtime,not_verified,partial,infrastructure/configuration version; environment scope; deployment behavior; rollback/recovery evidence; observability; ownership; capacity,security controls; mapped tests,"Edge Functions are the runtime and they are real code with real tests. There is no worker, no queue consumer and no scheduled invocation — nothing runs except in response to a request. Blocked platform-wide by: infrastructure/configuration version (not_met), environment scope (not_met), deployment behavior (not_met), rollback/recovery evidence (not_met), observability (not_met), ownership (not_met), capacity (not_met)."
P31-REQ-012,Database Infrastructure,not_verified,partial,infrastructure/configuration version; environment scope; deployment behavior; rollback/recovery evidence; observability; ownership; capacity,security controls; mapped tests,"137 tables with forced row level security, tenant-key indexes since P03, non-overlapping period constraints, exclusion constraints, generated columns and 54 migrations behind them. It is a schema rather than infrastructure: no replica, no pooling policy, no failover, no capacity plan. Blocked platform-wide by: infrastructure/configuration version (not_met), environment scope (not_met), deployment behavior (not_met), rollback/recovery evidence (not_met), observability (not_met), ownership (not_met), capacity (not_met)."
P31-REQ-013,Cache Infrastructure,not_verified,not_built,infrastructure/configuration version; environment scope; deployment behavior; rollback/recovery evidence; observability; ownership; capacity,security controls; mapped tests,"No cache — which P02 records as satisfying its own criterion, because a cache that does not exist cannot corrupt source data. Blocked platform-wide by: infrastructure/configuration version (not_met), environment scope (not_met), deployment behavior (not_met), rollback/recovery evidence (not_met), observability (not_met), ownership (not_met), capacity (not_met)."
P31-REQ-014,Queue Infrastructure,not_verified,not_built,infrastructure/configuration version; environment scope; deployment behavior; rollback/recovery evidence; observability; ownership; capacity,security controls; mapped tests,"No queue, no broker, no consumer. Blocked platform-wide by: infrastructure/configuration version (not_met), environment scope (not_met), deployment behavior (not_met), rollback/recovery evidence (not_met), observability (not_met), ownership (not_met), capacity (not_met)."
P31-REQ-015,Object Storage,not_verified,not_built,infrastructure/configuration version; environment scope; deployment behavior; rollback/recovery evidence; observability; ownership; capacity,security controls; mapped tests,"Storage paths are recorded on documents, surfaces and machine control files; no bucket is provisioned, no lifecycle rule exists and nothing has been uploaded. Blocked platform-wide by: infrastructure/configuration version (not_met), environment scope (not_met), deployment behavior (not_met), rollback/recovery evidence (not_met), observability (not_met), ownership (not_met), capacity (not_met)."
P31-REQ-016,Search Infrastructure,not_verified,not_built,infrastructure/configuration version; environment scope; deployment behavior; rollback/recovery evidence; observability; ownership; capacity,security controls; mapped tests,"Document text search runs in PostgreSQL against the records themselves, so there is no separate search infrastructure to operate — and no search infrastructure either. Blocked platform-wide by: infrastructure/configuration version (not_met), environment scope (not_met), deployment behavior (not_met), rollback/recovery evidence (not_met), observability (not_met), ownership (not_met), capacity (not_met)."
P31-REQ-017,Analytics Infrastructure,not_verified,not_built,infrastructure/configuration version; environment scope; deployment behavior; rollback/recovery evidence; observability; ownership; capacity,security controls; mapped tests,"Thirteen live views over the operational tables. No warehouse, no pipeline, no separate compute — P29 recorded this in detail. Blocked platform-wide by: infrastructure/configuration version (not_met), environment scope (not_met), deployment behavior (not_met), rollback/recovery evidence (not_met), observability (not_met), ownership (not_met), capacity (not_met)."
P31-REQ-018,AI Runtime Infrastructure,not_verified,not_built,infrastructure/configuration version; environment scope; deployment behavior; rollback/recovery evidence; observability; ownership; capacity,security controls; mapped tests,"One function calling a provider directly. No model gateway, no routing, no fallback, no inference infrastructure. Blocked platform-wide by: infrastructure/configuration version (not_met), environment scope (not_met), deployment behavior (not_met), rollback/recovery evidence (not_met), observability (not_met), ownership (not_met), capacity (not_met)."
P31-REQ-019,Environment Strategy,not_verified,partial,infrastructure/configuration version; environment scope; deployment behavior; rollback/recovery evidence; observability; ownership; capacity,security controls; mapped tests,"Staging and production are named, the deploy workflow takes one as an input, and a secret matrix states where each credential lives and which two are public by design. No environment has been created. Blocked platform-wide by: infrastructure/configuration version (not_met), environment scope (not_met), deployment behavior (not_met), rollback/recovery evidence (not_met), observability (not_met), ownership (not_met), capacity (not_met)."
P31-REQ-020,Development Environment,not_verified,partial,infrastructure/configuration version; environment scope; deployment behavior; rollback/recovery evidence; observability; ownership; capacity,security controls; mapped tests,"One command installs, one runs the whole gate, and the database suite needs no service and no credentials. There is no seeded local application environment, and 22 of 23 screens read fixtures rather than a local database. Blocked platform-wide by: infrastructure/configuration version (not_met), environment scope (not_met), deployment behavior (not_met), rollback/recovery evidence (not_met), observability (not_met), ownership (not_met), capacity (not_met)."
P31-REQ-021,Test Environment,not_verified,not_built,infrastructure/configuration version; environment scope; deployment behavior; rollback/recovery evidence; observability; ownership; capacity,security controls; mapped tests,"The test 'environment' is PostgreSQL compiled to WebAssembly inside the test process, which is a genuine strength and is not an environment anybody operates. Blocked platform-wide by: infrastructure/configuration version (not_met), environment scope (not_met), deployment behavior (not_met), rollback/recovery evidence (not_met), observability (not_met), ownership (not_met), capacity (not_met)."
P31-REQ-022,Staging Environment,not_verified,not_built,infrastructure/configuration version; environment scope; deployment behavior; rollback/recovery evidence; observability; ownership; capacity,security controls; mapped tests,"Named in a workflow input and never created. Blocked platform-wide by: infrastructure/configuration version (not_met), environment scope (not_met), deployment behavior (not_met), rollback/recovery evidence (not_met), observability (not_met), ownership (not_met), capacity (not_met)."
P31-REQ-023,Production Environment,not_verified,not_built,infrastructure/configuration version; environment scope; deployment behavior; rollback/recovery evidence; observability; ownership; capacity,security controls; mapped tests,"Nothing has been deployed. This is the gate every other operational domain in this phase waits behind. Blocked platform-wide by: infrastructure/configuration version (not_met), environment scope (not_met), deployment behavior (not_met), rollback/recovery evidence (not_met), observability (not_met), ownership (not_met), capacity (not_met)."
P31-REQ-024,Preview Environments,not_verified,not_built,infrastructure/configuration version; environment scope; deployment behavior; rollback/recovery evidence; observability; ownership; capacity,security controls; mapped tests,"None. Blocked platform-wide by: infrastructure/configuration version (not_met), environment scope (not_met), deployment behavior (not_met), rollback/recovery evidence (not_met), observability (not_met), ownership (not_met), capacity (not_met)."
P31-REQ-025,Configuration Management,not_verified,partial,infrastructure/configuration version; environment scope; deployment behavior; rollback/recovery evidence; observability; ownership; capacity,security controls; mapped tests,"`supabase/config.toml` describes the project and the local stack, carries no secret, and states which two functions run without JWT verification and why. Application configuration is per-company in the database and versioned where it is commercial. There is no configuration promotion between environments and no drift detection. Blocked platform-wide by: infrastructure/configuration version (not_met), environment scope (not_met), deployment behavior (not_met), rollback/recovery evidence (not_met), observability (not_met), ownership (not_met), capacity (not_met)."
P31-REQ-026,Secrets Injection,not_verified,partial,infrastructure/configuration version; environment scope; deployment behavior; rollback/recovery evidence; observability; ownership; capacity,security controls; mapped tests,"Secrets live only in Edge Function environment variables, are never in source control, are redacted from logs by shape as well as by name, and since this build the emitted client bundle is scanned for them after every build — by name and by literal shape, with the service-role pattern computed across all three base64 alignments after a hand-written one was found to miss a realistic token. Blocked platform-wide by: infrastructure/configuration version (not_met), environment scope (not_met), deployment behavior (not_met), rollback/recovery evidence (not_met), observability (not_met), ownership (not_met), capacity (not_met)."
P31-REQ-027,Infrastructure as Code,not_verified,not_built,infrastructure/configuration version; environment scope; deployment behavior; rollback/recovery evidence; observability; ownership; capacity,security controls; mapped tests,"No Terraform, no Pulumi, no declarative infrastructure of any kind. Buckets, policies and Stripe products are created by hand from the runbook. Blocked platform-wide by: infrastructure/configuration version (not_met), environment scope (not_met), deployment behavior (not_met), rollback/recovery evidence (not_met), observability (not_met), ownership (not_met), capacity (not_met)."
P31-REQ-028,State Management,not_verified,not_built,infrastructure/configuration version; environment scope; deployment behavior; rollback/recovery evidence; observability; ownership; capacity,security controls; mapped tests,"No distributed state, no session store, no coordination service. Blocked platform-wide by: infrastructure/configuration version (not_met), environment scope (not_met), deployment behavior (not_met), rollback/recovery evidence (not_met), observability (not_met), ownership (not_met), capacity (not_met)."
P31-REQ-029,Policy as Code,not_verified,not_built,infrastructure/configuration version; environment scope; deployment behavior; rollback/recovery evidence; observability; ownership; capacity,security controls; mapped tests,"No policy engine, no admission control, no infrastructure policy. The platform's own rules are enforced in the database, which is a different thing. Blocked platform-wide by: infrastructure/configuration version (not_met), environment scope (not_met), deployment behavior (not_met), rollback/recovery evidence (not_met), observability (not_met), ownership (not_met), capacity (not_met)."
P31-REQ-030,CI Pipelines,not_verified,partial,infrastructure/configuration version; environment scope; deployment behavior; rollback/recovery evidence; observability; ownership; capacity,security controls; mapped tests,"One workflow runs the entire gate — typecheck, four drift checks, six suites, a production build and a bundle secret scan — on every branch and pull request, needing no secrets because the database suite runs PostgreSQL in WebAssembly. A test asserts the pipeline cannot be narrowed to a subset. Blocked platform-wide by: infrastructure/configuration version (not_met), environment scope (not_met), deployment behavior (not_met), rollback/recovery evidence (not_met), observability (not_met), ownership (not_met), capacity (not_met)."
P31-REQ-031,Build Reproducibility,not_verified,partial,infrastructure/configuration version; environment scope; deployment behavior; rollback/recovery evidence; observability; ownership; capacity,security controls; mapped tests,"`npm ci` from a committed lockfile in both workflows, a dependency-free estimating engine, a document renderer that produces identical bytes for identical input, and — since this phase — every Edge Function dependency routed through one import map with the Supabase client pinned to the exact version the browser also runs. What is missing is `deno.lock`: direct dependencies are pinned and their transitives are not. Blocked platform-wide by: infrastructure/configuration version (not_met), environment scope (not_met), deployment behavior (not_met), rollback/recovery evidence (not_met), observability (not_met), ownership (not_met), capacity (not_met)."
P31-REQ-032,Artifact Registry,not_verified,not_built,infrastructure/configuration version; environment scope; deployment behavior; rollback/recovery evidence; observability; ownership; capacity,security controls; mapped tests,"No registry, no versioned artifact, no promotion between environments. Blocked platform-wide by: infrastructure/configuration version (not_met), environment scope (not_met), deployment behavior (not_met), rollback/recovery evidence (not_met), observability (not_met), ownership (not_met), capacity (not_met)."
P31-REQ-033,SBOM & Provenance,not_verified,not_built,infrastructure/configuration version; environment scope; deployment behavior; rollback/recovery evidence; observability; ownership; capacity,security controls; mapped tests,"No software bill of materials and no build provenance. Dependencies are pinned and installed from a lockfile, which is the input to an SBOM rather than one. Blocked platform-wide by: infrastructure/configuration version (not_met), environment scope (not_met), deployment behavior (not_met), rollback/recovery evidence (not_met), observability (not_met), ownership (not_met), capacity (not_met)."
P31-REQ-034,CD Pipelines,not_verified,partial,infrastructure/configuration version; environment scope; deployment behavior; rollback/recovery evidence; observability; ownership; capacity,security controls; mapped tests,"A deployment workflow exists, is dispatched by a person behind a GitHub Environment, re-runs the full gate, lists pending migrations before applying them and deploys each function. Whether it has ever executed is the owner's to see. Blocked platform-wide by: infrastructure/configuration version (not_met), environment scope (not_met), deployment behavior (not_met), rollback/recovery evidence (not_met), observability (not_met), ownership (not_met), capacity (not_met)."
P31-REQ-035,Deployment Strategies,not_verified,not_built,infrastructure/configuration version; environment scope; deployment behavior; rollback/recovery evidence; observability; ownership; capacity,security controls; mapped tests,"A single dispatched deploy. No strategy beyond it. Blocked platform-wide by: infrastructure/configuration version (not_met), environment scope (not_met), deployment behavior (not_met), rollback/recovery evidence (not_met), observability (not_met), ownership (not_met), capacity (not_met)."
P31-REQ-036,Blue/Green Deployments,not_verified,not_built,infrastructure/configuration version; environment scope; deployment behavior; rollback/recovery evidence; observability; ownership; capacity,security controls; mapped tests,"None. Blocked platform-wide by: infrastructure/configuration version (not_met), environment scope (not_met), deployment behavior (not_met), rollback/recovery evidence (not_met), observability (not_met), ownership (not_met), capacity (not_met)."
P31-REQ-037,Canary Releases,not_verified,not_built,infrastructure/configuration version; environment scope; deployment behavior; rollback/recovery evidence; observability; ownership; capacity,security controls; mapped tests,"None. Blocked platform-wide by: infrastructure/configuration version (not_met), environment scope (not_met), deployment behavior (not_met), rollback/recovery evidence (not_met), observability (not_met), ownership (not_met), capacity (not_met)."
P31-REQ-038,Feature Flags,not_verified,not_built,infrastructure/configuration version; environment scope; deployment behavior; rollback/recovery evidence; observability; ownership; capacity,security controls; mapped tests,"None. Entitlements gate capability by plan, which is licensing rather than release control. Blocked platform-wide by: infrastructure/configuration version (not_met), environment scope (not_met), deployment behavior (not_met), rollback/recovery evidence (not_met), observability (not_met), ownership (not_met), capacity (not_met)."
P31-REQ-039,Database Migrations,not_verified,partial,infrastructure/configuration version; environment scope; deployment behavior; rollback/recovery evidence; observability; ownership; capacity,security controls; mapped tests,"The strongest operational thing in the repository: 54 ordered forward-only migrations applied unmodified to real PostgreSQL by the test suite on every run, so a migration that would fail on a real database fails the build instead of a deployment. There is no rollback path — forward-only is the stated design — and no reconciliation of what a data-moving migration actually moved. Blocked platform-wide by: infrastructure/configuration version (not_met), environment scope (not_met), deployment behavior (not_met), rollback/recovery evidence (not_met), observability (not_met), ownership (not_met), capacity (not_met)."
P31-REQ-040,Rollback,not_verified,not_built,infrastructure/configuration version; environment scope; deployment behavior; rollback/recovery evidence; observability; ownership; capacity,security controls; mapped tests,"Forward-only migrations and a manual runbook section. No automated rollback of code or schema. Blocked platform-wide by: infrastructure/configuration version (not_met), environment scope (not_met), deployment behavior (not_met), rollback/recovery evidence (not_met), observability (not_met), ownership (not_met), capacity (not_met)."
P31-REQ-041,Release Approvals,not_verified,not_built,infrastructure/configuration version; environment scope; deployment behavior; rollback/recovery evidence; observability; ownership; capacity,security controls; mapped tests,"The deploy workflow sits behind a GitHub Environment, which is the mechanism; no approval has been configured or given. Blocked platform-wide by: infrastructure/configuration version (not_met), environment scope (not_met), deployment behavior (not_met), rollback/recovery evidence (not_met), observability (not_met), ownership (not_met), capacity (not_met)."
P31-REQ-042,Release Notes,not_verified,not_built,infrastructure/configuration version; environment scope; deployment behavior; rollback/recovery evidence; observability; ownership; capacity,security controls; mapped tests,"None generated. Commit messages carry the reasoning in unusual detail and are not release notes. Blocked platform-wide by: infrastructure/configuration version (not_met), environment scope (not_met), deployment behavior (not_met), rollback/recovery evidence (not_met), observability (not_met), ownership (not_met), capacity (not_met)."
P31-REQ-043,Change Windows,not_verified,not_built,infrastructure/configuration version; environment scope; deployment behavior; rollback/recovery evidence; observability; ownership; capacity,security controls; mapped tests,"None. Blocked platform-wide by: infrastructure/configuration version (not_met), environment scope (not_met), deployment behavior (not_met), rollback/recovery evidence (not_met), observability (not_met), ownership (not_met), capacity (not_met)."
P31-REQ-044,Observability,not_verified,partial,infrastructure/configuration version; environment scope; deployment behavior; rollback/recovery evidence; observability; ownership; capacity,security controls; mapped tests,"Logging, metrics and health are all built and tested and consumed by nothing, because nothing is running. The one observability gap this build closed is in the database rather than the runtime: an audit event now records the request that caused it. Blocked platform-wide by: infrastructure/configuration version (not_met), environment scope (not_met), deployment behavior (not_met), rollback/recovery evidence (not_met), observability (not_met), ownership (not_met), capacity (not_met)."
P31-REQ-045,Structured Logging,not_verified,partial,infrastructure/configuration version; environment scope; deployment behavior; rollback/recovery evidence; observability; ownership; capacity,security controls; mapped tests,"A logger with correlation carried through every line and redaction by field name and value shape applied by default, with 49 tests. Nothing is deployed, so nothing collects it. Blocked platform-wide by: infrastructure/configuration version (not_met), environment scope (not_met), deployment behavior (not_met), rollback/recovery evidence (not_met), observability (not_met), ownership (not_met), capacity (not_met)."
P31-REQ-046,Metrics,not_verified,partial,infrastructure/configuration version; environment scope; deployment behavior; rollback/recovery evidence; observability; ownership; capacity,security controls; mapped tests,"Counters and histograms with bounded low-cardinality labels, so a metric cannot explode into a per-tenant series. Nothing scrapes them. Blocked platform-wide by: infrastructure/configuration version (not_met), environment scope (not_met), deployment behavior (not_met), rollback/recovery evidence (not_met), observability (not_met), ownership (not_met), capacity (not_met)."
P31-REQ-047,Distributed Tracing,not_verified,not_built,infrastructure/configuration version; environment scope; deployment behavior; rollback/recovery evidence; observability; ownership; capacity,security controls; mapped tests,"Correlation is carried through a request's logs and, since P01, into the audit ledger. There is no span, no trace context propagated to a provider and no collector. Blocked platform-wide by: infrastructure/configuration version (not_met), environment scope (not_met), deployment behavior (not_met), rollback/recovery evidence (not_met), observability (not_met), ownership (not_met), capacity (not_met)."
P31-REQ-048,Health Checks,not_verified,partial,infrastructure/configuration version; environment scope; deployment behavior; rollback/recovery evidence; observability; ownership; capacity,security controls; mapped tests,"Startup, readiness, liveness and degraded state are distinguished, each check runs against a deadline so a hanging dependency fails rather than hangs the probe, and the endpoint is deliberately unauthenticated. Nothing probes it. Blocked platform-wide by: infrastructure/configuration version (not_met), environment scope (not_met), deployment behavior (not_met), rollback/recovery evidence (not_met), observability (not_met), ownership (not_met), capacity (not_met)."
P31-REQ-049,SLOs & SLIs,not_verified,not_built,infrastructure/configuration version; environment scope; deployment behavior; rollback/recovery evidence; observability; ownership; capacity,security controls; mapped tests,"None defined. Blocked platform-wide by: infrastructure/configuration version (not_met), environment scope (not_met), deployment behavior (not_met), rollback/recovery evidence (not_met), observability (not_met), ownership (not_met), capacity (not_met)."
P31-REQ-050,Alerting,not_verified,not_built,infrastructure/configuration version; environment scope; deployment behavior; rollback/recovery evidence; observability; ownership; capacity,security controls; mapped tests,"No operational alerting. In-application notifications are notices to users. Blocked platform-wide by: infrastructure/configuration version (not_met), environment scope (not_met), deployment behavior (not_met), rollback/recovery evidence (not_met), observability (not_met), ownership (not_met), capacity (not_met)."
P31-REQ-051,On-Call,not_verified,not_built,infrastructure/configuration version; environment scope; deployment behavior; rollback/recovery evidence; observability; ownership; capacity,security controls; mapped tests,"No rotation, no escalation, no schedule. Blocked platform-wide by: infrastructure/configuration version (not_met), environment scope (not_met), deployment behavior (not_met), rollback/recovery evidence (not_met), observability (not_met), ownership (not_met), capacity (not_met)."
P31-REQ-052,Incident Management,not_verified,not_built,infrastructure/configuration version; environment scope; deployment behavior; rollback/recovery evidence; observability; ownership; capacity,security controls; mapped tests,"No incident record, no severity model, no postmortem. Blocked platform-wide by: infrastructure/configuration version (not_met), environment scope (not_met), deployment behavior (not_met), rollback/recovery evidence (not_met), observability (not_met), ownership (not_met), capacity (not_met)."
P31-REQ-053,Capacity Planning,not_verified,not_built,infrastructure/configuration version; environment scope; deployment behavior; rollback/recovery evidence; observability; ownership; capacity,security controls; mapped tests,"No baseline, no forecast, no headroom measure. Blocked platform-wide by: infrastructure/configuration version (not_met), environment scope (not_met), deployment behavior (not_met), rollback/recovery evidence (not_met), observability (not_met), ownership (not_met), capacity (not_met)."
P31-REQ-054,Autoscaling,not_verified,not_built,infrastructure/configuration version; environment scope; deployment behavior; rollback/recovery evidence; observability; ownership; capacity,security controls; mapped tests,"None. Blocked platform-wide by: infrastructure/configuration version (not_met), environment scope (not_met), deployment behavior (not_met), rollback/recovery evidence (not_met), observability (not_met), ownership (not_met), capacity (not_met)."
P31-REQ-055,Performance Testing,not_verified,not_built,infrastructure/configuration version; environment scope; deployment behavior; rollback/recovery evidence; observability; ownership; capacity,security controls; mapped tests,"No baseline, no budget, no measurement. The one performance improvement this build made — tenant-key indexes on 53 tables — was found by reading the catalog rather than by measuring. Blocked platform-wide by: infrastructure/configuration version (not_met), environment scope (not_met), deployment behavior (not_met), rollback/recovery evidence (not_met), observability (not_met), ownership (not_met), capacity (not_met)."
P31-REQ-056,Load Testing,not_verified,not_built,infrastructure/configuration version; environment scope; deployment behavior; rollback/recovery evidence; observability; ownership; capacity,security controls; mapped tests,"None. Blocked platform-wide by: infrastructure/configuration version (not_met), environment scope (not_met), deployment behavior (not_met), rollback/recovery evidence (not_met), observability (not_met), ownership (not_met), capacity (not_met)."
P31-REQ-057,Caching Strategy,not_verified,not_built,infrastructure/configuration version; environment scope; deployment behavior; rollback/recovery evidence; observability; ownership; capacity,security controls; mapped tests,"None, deliberately: every reporting figure is computed live and a test asserts nothing is materialized. Blocked platform-wide by: infrastructure/configuration version (not_met), environment scope (not_met), deployment behavior (not_met), rollback/recovery evidence (not_met), observability (not_met), ownership (not_met), capacity (not_met)."
P31-REQ-058,Connection Management,not_verified,not_built,infrastructure/configuration version; environment scope; deployment behavior; rollback/recovery evidence; observability; ownership; capacity,security controls; mapped tests,"No pooling policy, no connection budget, no limit the platform sets. Blocked platform-wide by: infrastructure/configuration version (not_met), environment scope (not_met), deployment behavior (not_met), rollback/recovery evidence (not_met), observability (not_met), ownership (not_met), capacity (not_met)."
P31-REQ-059,Rate Limiting,not_verified,partial,infrastructure/configuration version; environment scope; deployment behavior; rollback/recovery evidence; observability; ownership; capacity,security controls; mapped tests,"Plan limits are enforced by count triggers and an AI allowance is checked before a request runs, which is licensing rather than abuse control. There is no request rate limit anywhere — P02 and P20 recorded the same. Blocked platform-wide by: infrastructure/configuration version (not_met), environment scope (not_met), deployment behavior (not_met), rollback/recovery evidence (not_met), observability (not_met), ownership (not_met), capacity (not_met)."
P31-REQ-060,Resilience,not_verified,not_built,infrastructure/configuration version; environment scope; deployment behavior; rollback/recovery evidence; observability; ownership; capacity,security controls; mapped tests,"Several individual failure paths are handled well — a webhook replay collides on the event id and is skipped, a bad signature returns 400 so Stripe stops retrying, entitlement survives a Stripe outage through a materialized grace window — and there is no resilience practice above them. Blocked platform-wide by: infrastructure/configuration version (not_met), environment scope (not_met), deployment behavior (not_met), rollback/recovery evidence (not_met), observability (not_met), ownership (not_met), capacity (not_met)."
P31-REQ-061,Circuit Breakers,not_verified,not_built,infrastructure/configuration version; environment scope; deployment behavior; rollback/recovery evidence; observability; ownership; capacity,security controls; mapped tests,"None. Blocked platform-wide by: infrastructure/configuration version (not_met), environment scope (not_met), deployment behavior (not_met), rollback/recovery evidence (not_met), observability (not_met), ownership (not_met), capacity (not_met)."
P31-REQ-062,Retries & Backoff,not_verified,not_built,infrastructure/configuration version; environment scope; deployment behavior; rollback/recovery evidence; observability; ownership; capacity,security controls; mapped tests,"No retry policy anywhere. The connector framework records runs and does not retry them. Blocked platform-wide by: infrastructure/configuration version (not_met), environment scope (not_met), deployment behavior (not_met), rollback/recovery evidence (not_met), observability (not_met), ownership (not_met), capacity (not_met)."
P31-REQ-063,Timeouts,not_verified,partial,infrastructure/configuration version; environment scope; deployment behavior; rollback/recovery evidence; observability; ownership; capacity,security controls; mapped tests,"Health checks carry per-check deadlines and the AI call carries a timeout. There is no general timeout policy, no budget propagated across calls and no deadline on a database statement. Blocked platform-wide by: infrastructure/configuration version (not_met), environment scope (not_met), deployment behavior (not_met), rollback/recovery evidence (not_met), observability (not_met), ownership (not_met), capacity (not_met)."
P31-REQ-064,Bulkheads,not_verified,not_built,infrastructure/configuration version; environment scope; deployment behavior; rollback/recovery evidence; observability; ownership; capacity,security controls; mapped tests,"None. Blocked platform-wide by: infrastructure/configuration version (not_met), environment scope (not_met), deployment behavior (not_met), rollback/recovery evidence (not_met), observability (not_met), ownership (not_met), capacity (not_met)."
P31-REQ-065,Chaos Testing,not_verified,not_built,infrastructure/configuration version; environment scope; deployment behavior; rollback/recovery evidence; observability; ownership; capacity,security controls; mapped tests,"None. Blocked platform-wide by: infrastructure/configuration version (not_met), environment scope (not_met), deployment behavior (not_met), rollback/recovery evidence (not_met), observability (not_met), ownership (not_met), capacity (not_met)."
P31-REQ-066,Backup,not_verified,not_built,infrastructure/configuration version; environment scope; deployment behavior; rollback/recovery evidence; observability; ownership; capacity,security controls; mapped tests,"No backup of any kind. Blocked platform-wide by: infrastructure/configuration version (not_met), environment scope (not_met), deployment behavior (not_met), rollback/recovery evidence (not_met), observability (not_met), ownership (not_met), capacity (not_met)."
P31-REQ-067,Restore,not_verified,not_built,infrastructure/configuration version; environment scope; deployment behavior; rollback/recovery evidence; observability; ownership; capacity,security controls; mapped tests,"No restore, and therefore no restore test. Blocked platform-wide by: infrastructure/configuration version (not_met), environment scope (not_met), deployment behavior (not_met), rollback/recovery evidence (not_met), observability (not_met), ownership (not_met), capacity (not_met)."
P31-REQ-068,Point-in-Time Recovery,not_verified,not_built,infrastructure/configuration version; environment scope; deployment behavior; rollback/recovery evidence; observability; ownership; capacity,security controls; mapped tests,"None, and no objective stated. Blocked platform-wide by: infrastructure/configuration version (not_met), environment scope (not_met), deployment behavior (not_met), rollback/recovery evidence (not_met), observability (not_met), ownership (not_met), capacity (not_met)."
P31-REQ-069,Disaster Recovery,not_verified,not_built,infrastructure/configuration version; environment scope; deployment behavior; rollback/recovery evidence; observability; ownership; capacity,security controls; mapped tests,"No plan, no exercise, no evidence. Blocked platform-wide by: infrastructure/configuration version (not_met), environment scope (not_met), deployment behavior (not_met), rollback/recovery evidence (not_met), observability (not_met), ownership (not_met), capacity (not_met)."
P31-REQ-070,RTO/RPO,not_verified,not_built,infrastructure/configuration version; environment scope; deployment behavior; rollback/recovery evidence; observability; ownership; capacity,security controls; mapped tests,"No recovery point or time objective is stated anywhere. Blocked platform-wide by: infrastructure/configuration version (not_met), environment scope (not_met), deployment behavior (not_met), rollback/recovery evidence (not_met), observability (not_met), ownership (not_met), capacity (not_met)."
P31-REQ-071,Business Continuity,not_verified,not_built,infrastructure/configuration version; environment scope; deployment behavior; rollback/recovery evidence; observability; ownership; capacity,security controls; mapped tests,"None. Blocked platform-wide by: infrastructure/configuration version (not_met), environment scope (not_met), deployment behavior (not_met), rollback/recovery evidence (not_met), observability (not_met), ownership (not_met), capacity (not_met)."
P31-REQ-072,Multi-Region Recovery,not_verified,not_built,infrastructure/configuration version; environment scope; deployment behavior; rollback/recovery evidence; observability; ownership; capacity,security controls; mapped tests,"None. Blocked platform-wide by: infrastructure/configuration version (not_met), environment scope (not_met), deployment behavior (not_met), rollback/recovery evidence (not_met), observability (not_met), ownership (not_met), capacity (not_met)."
P31-REQ-073,Operational Runbooks,not_verified,not_built,infrastructure/configuration version; environment scope; deployment behavior; rollback/recovery evidence; observability; ownership; capacity,security controls; mapped tests,"A deployment runbook exists. There is no operational runbook for anything that runs. Blocked platform-wide by: infrastructure/configuration version (not_met), environment scope (not_met), deployment behavior (not_met), rollback/recovery evidence (not_met), observability (not_met), ownership (not_met), capacity (not_met)."
P31-REQ-074,Maintenance Windows,not_verified,not_built,infrastructure/configuration version; environment scope; deployment behavior; rollback/recovery evidence; observability; ownership; capacity,security controls; mapped tests,"None. Blocked platform-wide by: infrastructure/configuration version (not_met), environment scope (not_met), deployment behavior (not_met), rollback/recovery evidence (not_met), observability (not_met), ownership (not_met), capacity (not_met)."
P31-REQ-075,Patch Management,not_verified,not_built,infrastructure/configuration version; environment scope; deployment behavior; rollback/recovery evidence; observability; ownership; capacity,security controls; mapped tests,"No patch process, no vulnerability scan, no schedule. Blocked platform-wide by: infrastructure/configuration version (not_met), environment scope (not_met), deployment behavior (not_met), rollback/recovery evidence (not_met), observability (not_met), ownership (not_met), capacity (not_met)."
P31-REQ-076,Dependency Updates,not_verified,partial,infrastructure/configuration version; environment scope; deployment behavior; rollback/recovery evidence; observability; ownership; capacity,security controls; mapped tests,"Direct dependencies are pinned and installed from a lockfile, and this phase pinned the Edge Function imports that were floating on a major. There is no update process: no schedule, no automated bump, no vulnerability scan. Blocked platform-wide by: infrastructure/configuration version (not_met), environment scope (not_met), deployment behavior (not_met), rollback/recovery evidence (not_met), observability (not_met), ownership (not_met), capacity (not_met)."
P31-REQ-077,Operational Access,not_verified,not_built,infrastructure/configuration version; environment scope; deployment behavior; rollback/recovery evidence; observability; ownership; capacity,security controls; mapped tests,"No break-glass, no elevation, no session recording — P01 recorded the same. Blocked platform-wide by: infrastructure/configuration version (not_met), environment scope (not_met), deployment behavior (not_met), rollback/recovery evidence (not_met), observability (not_met), ownership (not_met), capacity (not_met)."
P31-REQ-078,Production Support,not_verified,not_built,infrastructure/configuration version; environment scope; deployment behavior; rollback/recovery evidence; observability; ownership; capacity,security controls; mapped tests,"No support model, no ticket, no queue, no tier. Blocked platform-wide by: infrastructure/configuration version (not_met), environment scope (not_met), deployment behavior (not_met), rollback/recovery evidence (not_met), observability (not_met), ownership (not_met), capacity (not_met)."
P31-REQ-079,FinOps,not_verified,not_built,infrastructure/configuration version; environment scope; deployment behavior; rollback/recovery evidence; observability; ownership; capacity,security controls; mapped tests,"None. Blocked platform-wide by: infrastructure/configuration version (not_met), environment scope (not_met), deployment behavior (not_met), rollback/recovery evidence (not_met), observability (not_met), ownership (not_met), capacity (not_met)."
P31-REQ-080,Cloud Cost Allocation,not_verified,not_built,infrastructure/configuration version; environment scope; deployment behavior; rollback/recovery evidence; observability; ownership; capacity,security controls; mapped tests,"No cloud spend to allocate. AI usage is metered per company, which is the one cost the platform attributes. Blocked platform-wide by: infrastructure/configuration version (not_met), environment scope (not_met), deployment behavior (not_met), rollback/recovery evidence (not_met), observability (not_met), ownership (not_met), capacity (not_met)."
P31-REQ-081,Cost Budgets,not_verified,not_built,infrastructure/configuration version; environment scope; deployment behavior; rollback/recovery evidence; observability; ownership; capacity,security controls; mapped tests,"None. Blocked platform-wide by: infrastructure/configuration version (not_met), environment scope (not_met), deployment behavior (not_met), rollback/recovery evidence (not_met), observability (not_met), ownership (not_met), capacity (not_met)."
P31-REQ-082,Resource Tagging,not_verified,not_built,infrastructure/configuration version; environment scope; deployment behavior; rollback/recovery evidence; observability; ownership; capacity,security controls; mapped tests,"No cloud resources to tag. Blocked platform-wide by: infrastructure/configuration version (not_met), environment scope (not_met), deployment behavior (not_met), rollback/recovery evidence (not_met), observability (not_met), ownership (not_met), capacity (not_met)."
P31-REQ-083,Environment Cleanup,not_verified,not_built,infrastructure/configuration version; environment scope; deployment behavior; rollback/recovery evidence; observability; ownership; capacity,security controls; mapped tests,"Nothing to clean up. Blocked platform-wide by: infrastructure/configuration version (not_met), environment scope (not_met), deployment behavior (not_met), rollback/recovery evidence (not_met), observability (not_met), ownership (not_met), capacity (not_met)."
P31-REQ-084,Release Evidence,not_verified,not_built,infrastructure/configuration version; environment scope; deployment behavior; rollback/recovery evidence; observability; ownership; capacity,security controls; mapped tests,"Nothing is produced by a release because nothing has been released. Blocked platform-wide by: infrastructure/configuration version (not_met), environment scope (not_met), deployment behavior (not_met), rollback/recovery evidence (not_met), observability (not_met), ownership (not_met), capacity (not_met)."
P31-REQ-085,Deployment Audit,not_verified,not_built,infrastructure/configuration version; environment scope; deployment behavior; rollback/recovery evidence; observability; ownership; capacity,security controls; mapped tests,"No deployment has occurred to audit. The database audit ledger covers data rather than deployments. Blocked platform-wide by: infrastructure/configuration version (not_met), environment scope (not_met), deployment behavior (not_met), rollback/recovery evidence (not_met), observability (not_met), ownership (not_met), capacity (not_met)."
P31-REQ-086,Service Catalog,not_verified,not_built,infrastructure/configuration version; environment scope; deployment behavior; rollback/recovery evidence; observability; ownership; capacity,security controls; mapped tests,"No service catalog. `governance/registry.json` catalogs tables, engines and agents rather than running services. Blocked platform-wide by: infrastructure/configuration version (not_met), environment scope (not_met), deployment behavior (not_met), rollback/recovery evidence (not_met), observability (not_met), ownership (not_met), capacity (not_met)."
P31-REQ-087,Operational Ownership,not_verified,not_built,infrastructure/configuration version; environment scope; deployment behavior; rollback/recovery evidence; observability; ownership; capacity,security controls; mapped tests,"Nothing has an owner. Four phases have now found this independently. Blocked platform-wide by: infrastructure/configuration version (not_met), environment scope (not_met), deployment behavior (not_met), rollback/recovery evidence (not_met), observability (not_met), ownership (not_met), capacity (not_met)."
P31-REQ-088,Platform Reliability,not_verified,not_built,infrastructure/configuration version; environment scope; deployment behavior; rollback/recovery evidence; observability; ownership; capacity,security controls; mapped tests,"No service level objective, no error budget, no reliability practice. Blocked platform-wide by: infrastructure/configuration version (not_met), environment scope (not_met), deployment behavior (not_met), rollback/recovery evidence (not_met), observability (not_met), ownership (not_met), capacity (not_met)."
P31-REQ-089,Production Architecture,not_verified,not_built,infrastructure/configuration version; environment scope; deployment behavior; rollback/recovery evidence; observability; ownership; capacity,security controls; mapped tests,"There is no production architecture because there is no production. The intended shape is described in the deployment documentation and has never been instantiated. Blocked platform-wide by: infrastructure/configuration version (not_met), environment scope (not_met), deployment behavior (not_met), rollback/recovery evidence (not_met), observability (not_met), ownership (not_met), capacity (not_met)."
P31-REQ-090,Cloud Provider Abstraction,not_verified,not_built,infrastructure/configuration version; environment scope; deployment behavior; rollback/recovery evidence; observability; ownership; capacity,security controls; mapped tests,"None, and none intended — the platform is written to Supabase and Stripe directly. Blocked platform-wide by: infrastructure/configuration version (not_met), environment scope (not_met), deployment behavior (not_met), rollback/recovery evidence (not_met), observability (not_met), ownership (not_met), capacity (not_met)."
P31-REQ-091,Regions & Availability Zones,not_verified,not_built,infrastructure/configuration version; environment scope; deployment behavior; rollback/recovery evidence; observability; ownership; capacity,security controls; mapped tests,"Single region, no zone awareness, no residency model. Blocked platform-wide by: infrastructure/configuration version (not_met), environment scope (not_met), deployment behavior (not_met), rollback/recovery evidence (not_met), observability (not_met), ownership (not_met), capacity (not_met)."
P31-REQ-092,Network Topology,not_verified,not_built,infrastructure/configuration version; environment scope; deployment behavior; rollback/recovery evidence; observability; ownership; capacity,security controls; mapped tests,"No network the platform defines. Blocked platform-wide by: infrastructure/configuration version (not_met), environment scope (not_met), deployment behavior (not_met), rollback/recovery evidence (not_met), observability (not_met), ownership (not_met), capacity (not_met)."
P31-REQ-093,Ingress & Edge,not_verified,not_built,infrastructure/configuration version; environment scope; deployment behavior; rollback/recovery evidence; observability; ownership; capacity,security controls; mapped tests,"No ingress the platform controls, no WAF, no edge rules. Blocked platform-wide by: infrastructure/configuration version (not_met), environment scope (not_met), deployment behavior (not_met), rollback/recovery evidence (not_met), observability (not_met), ownership (not_met), capacity (not_met)."
P31-REQ-094,DNS,not_verified,not_built,infrastructure/configuration version; environment scope; deployment behavior; rollback/recovery evidence; observability; ownership; capacity,security controls; mapped tests,"No managed DNS, no custom domain. Blocked platform-wide by: infrastructure/configuration version (not_met), environment scope (not_met), deployment behavior (not_met), rollback/recovery evidence (not_met), observability (not_met), ownership (not_met), capacity (not_met)."
P31-REQ-095,TLS Certificates,not_verified,not_built,infrastructure/configuration version; environment scope; deployment behavior; rollback/recovery evidence; observability; ownership; capacity,security controls; mapped tests,"Provided by the host; nothing here manages, rotates or monitors one. Blocked platform-wide by: infrastructure/configuration version (not_met), environment scope (not_met), deployment behavior (not_met), rollback/recovery evidence (not_met), observability (not_met), ownership (not_met), capacity (not_met)."
P31-REQ-096,Load Balancing,not_verified,not_built,infrastructure/configuration version; environment scope; deployment behavior; rollback/recovery evidence; observability; ownership; capacity,security controls; mapped tests,"None. Blocked platform-wide by: infrastructure/configuration version (not_met), environment scope (not_met), deployment behavior (not_met), rollback/recovery evidence (not_met), observability (not_met), ownership (not_met), capacity (not_met)."
P31-REQ-097,Application Runtime,not_verified,not_built,infrastructure/configuration version; environment scope; deployment behavior; rollback/recovery evidence; observability; ownership; capacity,security controls; mapped tests,"No runtime the platform operates: the bundle is served by a host and the functions by a provider. Blocked platform-wide by: infrastructure/configuration version (not_met), environment scope (not_met), deployment behavior (not_met), rollback/recovery evidence (not_met), observability (not_met), ownership (not_met), capacity (not_met)."
P31-REQ-098,Container Runtime,not_verified,not_built,infrastructure/configuration version; environment scope; deployment behavior; rollback/recovery evidence; observability; ownership; capacity,security controls; mapped tests,"No container image and no orchestration. The application is a static bundle and a set of Edge Functions. Blocked platform-wide by: infrastructure/configuration version (not_met), environment scope (not_met), deployment behavior (not_met), rollback/recovery evidence (not_met), observability (not_met), ownership (not_met), capacity (not_met)."
P31-REQ-099,Serverless/Worker Runtime,not_verified,partial,infrastructure/configuration version; environment scope; deployment behavior; rollback/recovery evidence; observability; ownership; capacity,security controls; mapped tests,"Edge Functions are the runtime and they are real code with real tests. There is no worker, no queue consumer and no scheduled invocation — nothing runs except in response to a request. Blocked platform-wide by: infrastructure/configuration version (not_met), environment scope (not_met), deployment behavior (not_met), rollback/recovery evidence (not_met), observability (not_met), ownership (not_met), capacity (not_met)."
P31-REQ-100,Database Infrastructure,not_verified,partial,infrastructure/configuration version; environment scope; deployment behavior; rollback/recovery evidence; observability; ownership; capacity,security controls; mapped tests,"137 tables with forced row level security, tenant-key indexes since P03, non-overlapping period constraints, exclusion constraints, generated columns and 54 migrations behind them. It is a schema rather than infrastructure: no replica, no pooling policy, no failover, no capacity plan. Blocked platform-wide by: infrastructure/configuration version (not_met), environment scope (not_met), deployment behavior (not_met), rollback/recovery evidence (not_met), observability (not_met), ownership (not_met), capacity (not_met)."
P31-REQ-101,Cache Infrastructure,not_verified,not_built,infrastructure/configuration version; environment scope; deployment behavior; rollback/recovery evidence; observability; ownership; capacity,security controls; mapped tests,"No cache — which P02 records as satisfying its own criterion, because a cache that does not exist cannot corrupt source data. Blocked platform-wide by: infrastructure/configuration version (not_met), environment scope (not_met), deployment behavior (not_met), rollback/recovery evidence (not_met), observability (not_met), ownership (not_met), capacity (not_met)."
P31-REQ-102,Queue Infrastructure,not_verified,not_built,infrastructure/configuration version; environment scope; deployment behavior; rollback/recovery evidence; observability; ownership; capacity,security controls; mapped tests,"No queue, no broker, no consumer. Blocked platform-wide by: infrastructure/configuration version (not_met), environment scope (not_met), deployment behavior (not_met), rollback/recovery evidence (not_met), observability (not_met), ownership (not_met), capacity (not_met)."
P31-REQ-103,Object Storage,not_verified,not_built,infrastructure/configuration version; environment scope; deployment behavior; rollback/recovery evidence; observability; ownership; capacity,security controls; mapped tests,"Storage paths are recorded on documents, surfaces and machine control files; no bucket is provisioned, no lifecycle rule exists and nothing has been uploaded. Blocked platform-wide by: infrastructure/configuration version (not_met), environment scope (not_met), deployment behavior (not_met), rollback/recovery evidence (not_met), observability (not_met), ownership (not_met), capacity (not_met)."
P31-REQ-104,Search Infrastructure,not_verified,not_built,infrastructure/configuration version; environment scope; deployment behavior; rollback/recovery evidence; observability; ownership; capacity,security controls; mapped tests,"Document text search runs in PostgreSQL against the records themselves, so there is no separate search infrastructure to operate — and no search infrastructure either. Blocked platform-wide by: infrastructure/configuration version (not_met), environment scope (not_met), deployment behavior (not_met), rollback/recovery evidence (not_met), observability (not_met), ownership (not_met), capacity (not_met)."
P31-REQ-105,Analytics Infrastructure,not_verified,not_built,infrastructure/configuration version; environment scope; deployment behavior; rollback/recovery evidence; observability; ownership; capacity,security controls; mapped tests,"Thirteen live views over the operational tables. No warehouse, no pipeline, no separate compute — P29 recorded this in detail. Blocked platform-wide by: infrastructure/configuration version (not_met), environment scope (not_met), deployment behavior (not_met), rollback/recovery evidence (not_met), observability (not_met), ownership (not_met), capacity (not_met)."
P31-REQ-106,AI Runtime Infrastructure,not_verified,not_built,infrastructure/configuration version; environment scope; deployment behavior; rollback/recovery evidence; observability; ownership; capacity,security controls; mapped tests,"One function calling a provider directly. No model gateway, no routing, no fallback, no inference infrastructure. Blocked platform-wide by: infrastructure/configuration version (not_met), environment scope (not_met), deployment behavior (not_met), rollback/recovery evidence (not_met), observability (not_met), ownership (not_met), capacity (not_met)."
P31-REQ-107,Environment Strategy,not_verified,partial,infrastructure/configuration version; environment scope; deployment behavior; rollback/recovery evidence; observability; ownership; capacity,security controls; mapped tests,"Staging and production are named, the deploy workflow takes one as an input, and a secret matrix states where each credential lives and which two are public by design. No environment has been created. Blocked platform-wide by: infrastructure/configuration version (not_met), environment scope (not_met), deployment behavior (not_met), rollback/recovery evidence (not_met), observability (not_met), ownership (not_met), capacity (not_met)."
P31-REQ-108,Development Environment,not_verified,partial,infrastructure/configuration version; environment scope; deployment behavior; rollback/recovery evidence; observability; ownership; capacity,security controls; mapped tests,"One command installs, one runs the whole gate, and the database suite needs no service and no credentials. There is no seeded local application environment, and 22 of 23 screens read fixtures rather than a local database. Blocked platform-wide by: infrastructure/configuration version (not_met), environment scope (not_met), deployment behavior (not_met), rollback/recovery evidence (not_met), observability (not_met), ownership (not_met), capacity (not_met)."
P31-REQ-109,Test Environment,not_verified,not_built,infrastructure/configuration version; environment scope; deployment behavior; rollback/recovery evidence; observability; ownership; capacity,security controls; mapped tests,"The test 'environment' is PostgreSQL compiled to WebAssembly inside the test process, which is a genuine strength and is not an environment anybody operates. Blocked platform-wide by: infrastructure/configuration version (not_met), environment scope (not_met), deployment behavior (not_met), rollback/recovery evidence (not_met), observability (not_met), ownership (not_met), capacity (not_met)."
P31-REQ-110,Staging Environment,not_verified,not_built,infrastructure/configuration version; environment scope; deployment behavior; rollback/recovery evidence; observability; ownership; capacity,security controls; mapped tests,"Named in a workflow input and never created. Blocked platform-wide by: infrastructure/configuration version (not_met), environment scope (not_met), deployment behavior (not_met), rollback/recovery evidence (not_met), observability (not_met), ownership (not_met), capacity (not_met)."
P31-REQ-111,Production Environment,not_verified,not_built,infrastructure/configuration version; environment scope; deployment behavior; rollback/recovery evidence; observability; ownership; capacity,security controls; mapped tests,"Nothing has been deployed. This is the gate every other operational domain in this phase waits behind. Blocked platform-wide by: infrastructure/configuration version (not_met), environment scope (not_met), deployment behavior (not_met), rollback/recovery evidence (not_met), observability (not_met), ownership (not_met), capacity (not_met)."
P31-REQ-112,Preview Environments,not_verified,not_built,infrastructure/configuration version; environment scope; deployment behavior; rollback/recovery evidence; observability; ownership; capacity,security controls; mapped tests,"None. Blocked platform-wide by: infrastructure/configuration version (not_met), environment scope (not_met), deployment behavior (not_met), rollback/recovery evidence (not_met), observability (not_met), ownership (not_met), capacity (not_met)."
P31-REQ-113,Configuration Management,not_verified,partial,infrastructure/configuration version; environment scope; deployment behavior; rollback/recovery evidence; observability; ownership; capacity,security controls; mapped tests,"`supabase/config.toml` describes the project and the local stack, carries no secret, and states which two functions run without JWT verification and why. Application configuration is per-company in the database and versioned where it is commercial. There is no configuration promotion between environments and no drift detection. Blocked platform-wide by: infrastructure/configuration version (not_met), environment scope (not_met), deployment behavior (not_met), rollback/recovery evidence (not_met), observability (not_met), ownership (not_met), capacity (not_met)."
P31-REQ-114,Secrets Injection,not_verified,partial,infrastructure/configuration version; environment scope; deployment behavior; rollback/recovery evidence; observability; ownership; capacity,security controls; mapped tests,"Secrets live only in Edge Function environment variables, are never in source control, are redacted from logs by shape as well as by name, and since this build the emitted client bundle is scanned for them after every build — by name and by literal shape, with the service-role pattern computed across all three base64 alignments after a hand-written one was found to miss a realistic token. Blocked platform-wide by: infrastructure/configuration version (not_met), environment scope (not_met), deployment behavior (not_met), rollback/recovery evidence (not_met), observability (not_met), ownership (not_met), capacity (not_met)."
P31-REQ-115,Infrastructure as Code,not_verified,not_built,infrastructure/configuration version; environment scope; deployment behavior; rollback/recovery evidence; observability; ownership; capacity,security controls; mapped tests,"No Terraform, no Pulumi, no declarative infrastructure of any kind. Buckets, policies and Stripe products are created by hand from the runbook. Blocked platform-wide by: infrastructure/configuration version (not_met), environment scope (not_met), deployment behavior (not_met), rollback/recovery evidence (not_met), observability (not_met), ownership (not_met), capacity (not_met)."
P31-REQ-116,State Management,not_verified,not_built,infrastructure/configuration version; environment scope; deployment behavior; rollback/recovery evidence; observability; ownership; capacity,security controls; mapped tests,"No distributed state, no session store, no coordination service. Blocked platform-wide by: infrastructure/configuration version (not_met), environment scope (not_met), deployment behavior (not_met), rollback/recovery evidence (not_met), observability (not_met), ownership (not_met), capacity (not_met)."
P31-REQ-117,Policy as Code,not_verified,not_built,infrastructure/configuration version; environment scope; deployment behavior; rollback/recovery evidence; observability; ownership; capacity,security controls; mapped tests,"No policy engine, no admission control, no infrastructure policy. The platform's own rules are enforced in the database, which is a different thing. Blocked platform-wide by: infrastructure/configuration version (not_met), environment scope (not_met), deployment behavior (not_met), rollback/recovery evidence (not_met), observability (not_met), ownership (not_met), capacity (not_met)."
P31-REQ-118,CI Pipelines,not_verified,partial,infrastructure/configuration version; environment scope; deployment behavior; rollback/recovery evidence; observability; ownership; capacity,security controls; mapped tests,"One workflow runs the entire gate — typecheck, four drift checks, six suites, a production build and a bundle secret scan — on every branch and pull request, needing no secrets because the database suite runs PostgreSQL in WebAssembly. A test asserts the pipeline cannot be narrowed to a subset. Blocked platform-wide by: infrastructure/configuration version (not_met), environment scope (not_met), deployment behavior (not_met), rollback/recovery evidence (not_met), observability (not_met), ownership (not_met), capacity (not_met)."
P31-REQ-119,Build Reproducibility,not_verified,partial,infrastructure/configuration version; environment scope; deployment behavior; rollback/recovery evidence; observability; ownership; capacity,security controls; mapped tests,"`npm ci` from a committed lockfile in both workflows, a dependency-free estimating engine, a document renderer that produces identical bytes for identical input, and — since this phase — every Edge Function dependency routed through one import map with the Supabase client pinned to the exact version the browser also runs. What is missing is `deno.lock`: direct dependencies are pinned and their transitives are not. Blocked platform-wide by: infrastructure/configuration version (not_met), environment scope (not_met), deployment behavior (not_met), rollback/recovery evidence (not_met), observability (not_met), ownership (not_met), capacity (not_met)."
P31-REQ-120,Artifact Registry,not_verified,not_built,infrastructure/configuration version; environment scope; deployment behavior; rollback/recovery evidence; observability; ownership; capacity,security controls; mapped tests,"No registry, no versioned artifact, no promotion between environments. Blocked platform-wide by: infrastructure/configuration version (not_met), environment scope (not_met), deployment behavior (not_met), rollback/recovery evidence (not_met), observability (not_met), ownership (not_met), capacity (not_met)."
P31-REQ-121,SBOM & Provenance,not_verified,not_built,infrastructure/configuration version; environment scope; deployment behavior; rollback/recovery evidence; observability; ownership; capacity,security controls; mapped tests,"No software bill of materials and no build provenance. Dependencies are pinned and installed from a lockfile, which is the input to an SBOM rather than one. Blocked platform-wide by: infrastructure/configuration version (not_met), environment scope (not_met), deployment behavior (not_met), rollback/recovery evidence (not_met), observability (not_met), ownership (not_met), capacity (not_met)."
P31-REQ-122,CD Pipelines,not_verified,partial,infrastructure/configuration version; environment scope; deployment behavior; rollback/recovery evidence; observability; ownership; capacity,security controls; mapped tests,"A deployment workflow exists, is dispatched by a person behind a GitHub Environment, re-runs the full gate, lists pending migrations before applying them and deploys each function. Whether it has ever executed is the owner's to see. Blocked platform-wide by: infrastructure/configuration version (not_met), environment scope (not_met), deployment behavior (not_met), rollback/recovery evidence (not_met), observability (not_met), ownership (not_met), capacity (not_met)."
P31-REQ-123,Deployment Strategies,not_verified,not_built,infrastructure/configuration version; environment scope; deployment behavior; rollback/recovery evidence; observability; ownership; capacity,security controls; mapped tests,"A single dispatched deploy. No strategy beyond it. Blocked platform-wide by: infrastructure/configuration version (not_met), environment scope (not_met), deployment behavior (not_met), rollback/recovery evidence (not_met), observability (not_met), ownership (not_met), capacity (not_met)."
P31-REQ-124,Blue/Green Deployments,not_verified,not_built,infrastructure/configuration version; environment scope; deployment behavior; rollback/recovery evidence; observability; ownership; capacity,security controls; mapped tests,"None. Blocked platform-wide by: infrastructure/configuration version (not_met), environment scope (not_met), deployment behavior (not_met), rollback/recovery evidence (not_met), observability (not_met), ownership (not_met), capacity (not_met)."
P31-REQ-125,Canary Releases,not_verified,not_built,infrastructure/configuration version; environment scope; deployment behavior; rollback/recovery evidence; observability; ownership; capacity,security controls; mapped tests,"None. Blocked platform-wide by: infrastructure/configuration version (not_met), environment scope (not_met), deployment behavior (not_met), rollback/recovery evidence (not_met), observability (not_met), ownership (not_met), capacity (not_met)."
P31-REQ-126,Feature Flags,not_verified,not_built,infrastructure/configuration version; environment scope; deployment behavior; rollback/recovery evidence; observability; ownership; capacity,security controls; mapped tests,"None. Entitlements gate capability by plan, which is licensing rather than release control. Blocked platform-wide by: infrastructure/configuration version (not_met), environment scope (not_met), deployment behavior (not_met), rollback/recovery evidence (not_met), observability (not_met), ownership (not_met), capacity (not_met)."
P31-REQ-127,Database Migrations,not_verified,partial,infrastructure/configuration version; environment scope; deployment behavior; rollback/recovery evidence; observability; ownership; capacity,security controls; mapped tests,"The strongest operational thing in the repository: 54 ordered forward-only migrations applied unmodified to real PostgreSQL by the test suite on every run, so a migration that would fail on a real database fails the build instead of a deployment. There is no rollback path — forward-only is the stated design — and no reconciliation of what a data-moving migration actually moved. Blocked platform-wide by: infrastructure/configuration version (not_met), environment scope (not_met), deployment behavior (not_met), rollback/recovery evidence (not_met), observability (not_met), ownership (not_met), capacity (not_met)."
P31-REQ-128,Rollback,not_verified,not_built,infrastructure/configuration version; environment scope; deployment behavior; rollback/recovery evidence; observability; ownership; capacity,security controls; mapped tests,"Forward-only migrations and a manual runbook section. No automated rollback of code or schema. Blocked platform-wide by: infrastructure/configuration version (not_met), environment scope (not_met), deployment behavior (not_met), rollback/recovery evidence (not_met), observability (not_met), ownership (not_met), capacity (not_met)."
P31-REQ-129,Release Approvals,not_verified,not_built,infrastructure/configuration version; environment scope; deployment behavior; rollback/recovery evidence; observability; ownership; capacity,security controls; mapped tests,"The deploy workflow sits behind a GitHub Environment, which is the mechanism; no approval has been configured or given. Blocked platform-wide by: infrastructure/configuration version (not_met), environment scope (not_met), deployment behavior (not_met), rollback/recovery evidence (not_met), observability (not_met), ownership (not_met), capacity (not_met)."
P31-REQ-130,Release Notes,not_verified,not_built,infrastructure/configuration version; environment scope; deployment behavior; rollback/recovery evidence; observability; ownership; capacity,security controls; mapped tests,"None generated. Commit messages carry the reasoning in unusual detail and are not release notes. Blocked platform-wide by: infrastructure/configuration version (not_met), environment scope (not_met), deployment behavior (not_met), rollback/recovery evidence (not_met), observability (not_met), ownership (not_met), capacity (not_met)."
P31-REQ-131,Change Windows,not_verified,not_built,infrastructure/configuration version; environment scope; deployment behavior; rollback/recovery evidence; observability; ownership; capacity,security controls; mapped tests,"None. Blocked platform-wide by: infrastructure/configuration version (not_met), environment scope (not_met), deployment behavior (not_met), rollback/recovery evidence (not_met), observability (not_met), ownership (not_met), capacity (not_met)."
P31-REQ-132,Observability,not_verified,partial,infrastructure/configuration version; environment scope; deployment behavior; rollback/recovery evidence; observability; ownership; capacity,security controls; mapped tests,"Logging, metrics and health are all built and tested and consumed by nothing, because nothing is running. The one observability gap this build closed is in the database rather than the runtime: an audit event now records the request that caused it. Blocked platform-wide by: infrastructure/configuration version (not_met), environment scope (not_met), deployment behavior (not_met), rollback/recovery evidence (not_met), observability (not_met), ownership (not_met), capacity (not_met)."
P31-REQ-133,Structured Logging,not_verified,partial,infrastructure/configuration version; environment scope; deployment behavior; rollback/recovery evidence; observability; ownership; capacity,security controls; mapped tests,"A logger with correlation carried through every line and redaction by field name and value shape applied by default, with 49 tests. Nothing is deployed, so nothing collects it. Blocked platform-wide by: infrastructure/configuration version (not_met), environment scope (not_met), deployment behavior (not_met), rollback/recovery evidence (not_met), observability (not_met), ownership (not_met), capacity (not_met)."
P31-REQ-134,Metrics,not_verified,partial,infrastructure/configuration version; environment scope; deployment behavior; rollback/recovery evidence; observability; ownership; capacity,security controls; mapped tests,"Counters and histograms with bounded low-cardinality labels, so a metric cannot explode into a per-tenant series. Nothing scrapes them. Blocked platform-wide by: infrastructure/configuration version (not_met), environment scope (not_met), deployment behavior (not_met), rollback/recovery evidence (not_met), observability (not_met), ownership (not_met), capacity (not_met)."
P31-REQ-135,Distributed Tracing,not_verified,not_built,infrastructure/configuration version; environment scope; deployment behavior; rollback/recovery evidence; observability; ownership; capacity,security controls; mapped tests,"Correlation is carried through a request's logs and, since P01, into the audit ledger. There is no span, no trace context propagated to a provider and no collector. Blocked platform-wide by: infrastructure/configuration version (not_met), environment scope (not_met), deployment behavior (not_met), rollback/recovery evidence (not_met), observability (not_met), ownership (not_met), capacity (not_met)."
P31-REQ-136,Health Checks,not_verified,partial,infrastructure/configuration version; environment scope; deployment behavior; rollback/recovery evidence; observability; ownership; capacity,security controls; mapped tests,"Startup, readiness, liveness and degraded state are distinguished, each check runs against a deadline so a hanging dependency fails rather than hangs the probe, and the endpoint is deliberately unauthenticated. Nothing probes it. Blocked platform-wide by: infrastructure/configuration version (not_met), environment scope (not_met), deployment behavior (not_met), rollback/recovery evidence (not_met), observability (not_met), ownership (not_met), capacity (not_met)."
P31-REQ-137,SLOs & SLIs,not_verified,not_built,infrastructure/configuration version; environment scope; deployment behavior; rollback/recovery evidence; observability; ownership; capacity,security controls; mapped tests,"None defined. Blocked platform-wide by: infrastructure/configuration version (not_met), environment scope (not_met), deployment behavior (not_met), rollback/recovery evidence (not_met), observability (not_met), ownership (not_met), capacity (not_met)."
P31-REQ-138,Alerting,not_verified,not_built,infrastructure/configuration version; environment scope; deployment behavior; rollback/recovery evidence; observability; ownership; capacity,security controls; mapped tests,"No operational alerting. In-application notifications are notices to users. Blocked platform-wide by: infrastructure/configuration version (not_met), environment scope (not_met), deployment behavior (not_met), rollback/recovery evidence (not_met), observability (not_met), ownership (not_met), capacity (not_met)."
P31-REQ-139,On-Call,not_verified,not_built,infrastructure/configuration version; environment scope; deployment behavior; rollback/recovery evidence; observability; ownership; capacity,security controls; mapped tests,"No rotation, no escalation, no schedule. Blocked platform-wide by: infrastructure/configuration version (not_met), environment scope (not_met), deployment behavior (not_met), rollback/recovery evidence (not_met), observability (not_met), ownership (not_met), capacity (not_met)."
P31-REQ-140,Incident Management,not_verified,not_built,infrastructure/configuration version; environment scope; deployment behavior; rollback/recovery evidence; observability; ownership; capacity,security controls; mapped tests,"No incident record, no severity model, no postmortem. Blocked platform-wide by: infrastructure/configuration version (not_met), environment scope (not_met), deployment behavior (not_met), rollback/recovery evidence (not_met), observability (not_met), ownership (not_met), capacity (not_met)."
P31-REQ-141,Capacity Planning,not_verified,not_built,infrastructure/configuration version; environment scope; deployment behavior; rollback/recovery evidence; observability; ownership; capacity,security controls; mapped tests,"No baseline, no forecast, no headroom measure. Blocked platform-wide by: infrastructure/configuration version (not_met), environment scope (not_met), deployment behavior (not_met), rollback/recovery evidence (not_met), observability (not_met), ownership (not_met), capacity (not_met)."
P31-REQ-142,Autoscaling,not_verified,not_built,infrastructure/configuration version; environment scope; deployment behavior; rollback/recovery evidence; observability; ownership; capacity,security controls; mapped tests,"None. Blocked platform-wide by: infrastructure/configuration version (not_met), environment scope (not_met), deployment behavior (not_met), rollback/recovery evidence (not_met), observability (not_met), ownership (not_met), capacity (not_met)."
P31-REQ-143,Performance Testing,not_verified,not_built,infrastructure/configuration version; environment scope; deployment behavior; rollback/recovery evidence; observability; ownership; capacity,security controls; mapped tests,"No baseline, no budget, no measurement. The one performance improvement this build made — tenant-key indexes on 53 tables — was found by reading the catalog rather than by measuring. Blocked platform-wide by: infrastructure/configuration version (not_met), environment scope (not_met), deployment behavior (not_met), rollback/recovery evidence (not_met), observability (not_met), ownership (not_met), capacity (not_met)."
P31-REQ-144,Load Testing,not_verified,not_built,infrastructure/configuration version; environment scope; deployment behavior; rollback/recovery evidence; observability; ownership; capacity,security controls; mapped tests,"None. Blocked platform-wide by: infrastructure/configuration version (not_met), environment scope (not_met), deployment behavior (not_met), rollback/recovery evidence (not_met), observability (not_met), ownership (not_met), capacity (not_met)."
P31-REQ-145,Caching Strategy,not_verified,not_built,infrastructure/configuration version; environment scope; deployment behavior; rollback/recovery evidence; observability; ownership; capacity,security controls; mapped tests,"None, deliberately: every reporting figure is computed live and a test asserts nothing is materialized. Blocked platform-wide by: infrastructure/configuration version (not_met), environment scope (not_met), deployment behavior (not_met), rollback/recovery evidence (not_met), observability (not_met), ownership (not_met), capacity (not_met)."
P31-REQ-146,Connection Management,not_verified,not_built,infrastructure/configuration version; environment scope; deployment behavior; rollback/recovery evidence; observability; ownership; capacity,security controls; mapped tests,"No pooling policy, no connection budget, no limit the platform sets. Blocked platform-wide by: infrastructure/configuration version (not_met), environment scope (not_met), deployment behavior (not_met), rollback/recovery evidence (not_met), observability (not_met), ownership (not_met), capacity (not_met)."
P31-REQ-147,Rate Limiting,not_verified,partial,infrastructure/configuration version; environment scope; deployment behavior; rollback/recovery evidence; observability; ownership; capacity,security controls; mapped tests,"Plan limits are enforced by count triggers and an AI allowance is checked before a request runs, which is licensing rather than abuse control. There is no request rate limit anywhere — P02 and P20 recorded the same. Blocked platform-wide by: infrastructure/configuration version (not_met), environment scope (not_met), deployment behavior (not_met), rollback/recovery evidence (not_met), observability (not_met), ownership (not_met), capacity (not_met)."
P31-REQ-148,Resilience,not_verified,not_built,infrastructure/configuration version; environment scope; deployment behavior; rollback/recovery evidence; observability; ownership; capacity,security controls; mapped tests,"Several individual failure paths are handled well — a webhook replay collides on the event id and is skipped, a bad signature returns 400 so Stripe stops retrying, entitlement survives a Stripe outage through a materialized grace window — and there is no resilience practice above them. Blocked platform-wide by: infrastructure/configuration version (not_met), environment scope (not_met), deployment behavior (not_met), rollback/recovery evidence (not_met), observability (not_met), ownership (not_met), capacity (not_met)."
P31-REQ-149,Circuit Breakers,not_verified,not_built,infrastructure/configuration version; environment scope; deployment behavior; rollback/recovery evidence; observability; ownership; capacity,security controls; mapped tests,"None. Blocked platform-wide by: infrastructure/configuration version (not_met), environment scope (not_met), deployment behavior (not_met), rollback/recovery evidence (not_met), observability (not_met), ownership (not_met), capacity (not_met)."
P31-REQ-150,Retries & Backoff,not_verified,not_built,infrastructure/configuration version; environment scope; deployment behavior; rollback/recovery evidence; observability; ownership; capacity,security controls; mapped tests,"No retry policy anywhere. The connector framework records runs and does not retry them. Blocked platform-wide by: infrastructure/configuration version (not_met), environment scope (not_met), deployment behavior (not_met), rollback/recovery evidence (not_met), observability (not_met), ownership (not_met), capacity (not_met)."
P31-REQ-151,Timeouts,not_verified,partial,infrastructure/configuration version; environment scope; deployment behavior; rollback/recovery evidence; observability; ownership; capacity,security controls; mapped tests,"Health checks carry per-check deadlines and the AI call carries a timeout. There is no general timeout policy, no budget propagated across calls and no deadline on a database statement. Blocked platform-wide by: infrastructure/configuration version (not_met), environment scope (not_met), deployment behavior (not_met), rollback/recovery evidence (not_met), observability (not_met), ownership (not_met), capacity (not_met)."
P31-REQ-152,Bulkheads,not_verified,not_built,infrastructure/configuration version; environment scope; deployment behavior; rollback/recovery evidence; observability; ownership; capacity,security controls; mapped tests,"None. Blocked platform-wide by: infrastructure/configuration version (not_met), environment scope (not_met), deployment behavior (not_met), rollback/recovery evidence (not_met), observability (not_met), ownership (not_met), capacity (not_met)."
P31-REQ-153,Chaos Testing,not_verified,not_built,infrastructure/configuration version; environment scope; deployment behavior; rollback/recovery evidence; observability; ownership; capacity,security controls; mapped tests,"None. Blocked platform-wide by: infrastructure/configuration version (not_met), environment scope (not_met), deployment behavior (not_met), rollback/recovery evidence (not_met), observability (not_met), ownership (not_met), capacity (not_met)."
P31-REQ-154,Backup,not_verified,not_built,infrastructure/configuration version; environment scope; deployment behavior; rollback/recovery evidence; observability; ownership; capacity,security controls; mapped tests,"No backup of any kind. Blocked platform-wide by: infrastructure/configuration version (not_met), environment scope (not_met), deployment behavior (not_met), rollback/recovery evidence (not_met), observability (not_met), ownership (not_met), capacity (not_met)."
P31-REQ-155,Restore,not_verified,not_built,infrastructure/configuration version; environment scope; deployment behavior; rollback/recovery evidence; observability; ownership; capacity,security controls; mapped tests,"No restore, and therefore no restore test. Blocked platform-wide by: infrastructure/configuration version (not_met), environment scope (not_met), deployment behavior (not_met), rollback/recovery evidence (not_met), observability (not_met), ownership (not_met), capacity (not_met)."
P31-REQ-156,Point-in-Time Recovery,not_verified,not_built,infrastructure/configuration version; environment scope; deployment behavior; rollback/recovery evidence; observability; ownership; capacity,security controls; mapped tests,"None, and no objective stated. Blocked platform-wide by: infrastructure/configuration version (not_met), environment scope (not_met), deployment behavior (not_met), rollback/recovery evidence (not_met), observability (not_met), ownership (not_met), capacity (not_met)."
P31-REQ-157,Disaster Recovery,not_verified,not_built,infrastructure/configuration version; environment scope; deployment behavior; rollback/recovery evidence; observability; ownership; capacity,security controls; mapped tests,"No plan, no exercise, no evidence. Blocked platform-wide by: infrastructure/configuration version (not_met), environment scope (not_met), deployment behavior (not_met), rollback/recovery evidence (not_met), observability (not_met), ownership (not_met), capacity (not_met)."
P31-REQ-158,RTO/RPO,not_verified,not_built,infrastructure/configuration version; environment scope; deployment behavior; rollback/recovery evidence; observability; ownership; capacity,security controls; mapped tests,"No recovery point or time objective is stated anywhere. Blocked platform-wide by: infrastructure/configuration version (not_met), environment scope (not_met), deployment behavior (not_met), rollback/recovery evidence (not_met), observability (not_met), ownership (not_met), capacity (not_met)."
P31-REQ-159,Business Continuity,not_verified,not_built,infrastructure/configuration version; environment scope; deployment behavior; rollback/recovery evidence; observability; ownership; capacity,security controls; mapped tests,"None. Blocked platform-wide by: infrastructure/configuration version (not_met), environment scope (not_met), deployment behavior (not_met), rollback/recovery evidence (not_met), observability (not_met), ownership (not_met), capacity (not_met)."
P31-REQ-160,Multi-Region Recovery,not_verified,not_built,infrastructure/configuration version; environment scope; deployment behavior; rollback/recovery evidence; observability; ownership; capacity,security controls; mapped tests,"None. Blocked platform-wide by: infrastructure/configuration version (not_met), environment scope (not_met), deployment behavior (not_met), rollback/recovery evidence (not_met), observability (not_met), ownership (not_met), capacity (not_met)."
P31-REQ-161,Operational Runbooks,not_verified,not_built,infrastructure/configuration version; environment scope; deployment behavior; rollback/recovery evidence; observability; ownership; capacity,security controls; mapped tests,"A deployment runbook exists. There is no operational runbook for anything that runs. Blocked platform-wide by: infrastructure/configuration version (not_met), environment scope (not_met), deployment behavior (not_met), rollback/recovery evidence (not_met), observability (not_met), ownership (not_met), capacity (not_met)."
P31-REQ-162,Maintenance Windows,not_verified,not_built,infrastructure/configuration version; environment scope; deployment behavior; rollback/recovery evidence; observability; ownership; capacity,security controls; mapped tests,"None. Blocked platform-wide by: infrastructure/configuration version (not_met), environment scope (not_met), deployment behavior (not_met), rollback/recovery evidence (not_met), observability (not_met), ownership (not_met), capacity (not_met)."
P31-REQ-163,Patch Management,not_verified,not_built,infrastructure/configuration version; environment scope; deployment behavior; rollback/recovery evidence; observability; ownership; capacity,security controls; mapped tests,"No patch process, no vulnerability scan, no schedule. Blocked platform-wide by: infrastructure/configuration version (not_met), environment scope (not_met), deployment behavior (not_met), rollback/recovery evidence (not_met), observability (not_met), ownership (not_met), capacity (not_met)."
P31-REQ-164,Dependency Updates,not_verified,partial,infrastructure/configuration version; environment scope; deployment behavior; rollback/recovery evidence; observability; ownership; capacity,security controls; mapped tests,"Direct dependencies are pinned and installed from a lockfile, and this phase pinned the Edge Function imports that were floating on a major. There is no update process: no schedule, no automated bump, no vulnerability scan. Blocked platform-wide by: infrastructure/configuration version (not_met), environment scope (not_met), deployment behavior (not_met), rollback/recovery evidence (not_met), observability (not_met), ownership (not_met), capacity (not_met)."
P31-REQ-165,Operational Access,not_verified,not_built,infrastructure/configuration version; environment scope; deployment behavior; rollback/recovery evidence; observability; ownership; capacity,security controls; mapped tests,"No break-glass, no elevation, no session recording — P01 recorded the same. Blocked platform-wide by: infrastructure/configuration version (not_met), environment scope (not_met), deployment behavior (not_met), rollback/recovery evidence (not_met), observability (not_met), ownership (not_met), capacity (not_met)."
P31-REQ-166,Production Support,not_verified,not_built,infrastructure/configuration version; environment scope; deployment behavior; rollback/recovery evidence; observability; ownership; capacity,security controls; mapped tests,"No support model, no ticket, no queue, no tier. Blocked platform-wide by: infrastructure/configuration version (not_met), environment scope (not_met), deployment behavior (not_met), rollback/recovery evidence (not_met), observability (not_met), ownership (not_met), capacity (not_met)."
P31-REQ-167,FinOps,not_verified,not_built,infrastructure/configuration version; environment scope; deployment behavior; rollback/recovery evidence; observability; ownership; capacity,security controls; mapped tests,"None. Blocked platform-wide by: infrastructure/configuration version (not_met), environment scope (not_met), deployment behavior (not_met), rollback/recovery evidence (not_met), observability (not_met), ownership (not_met), capacity (not_met)."
P31-REQ-168,Cloud Cost Allocation,not_verified,not_built,infrastructure/configuration version; environment scope; deployment behavior; rollback/recovery evidence; observability; ownership; capacity,security controls; mapped tests,"No cloud spend to allocate. AI usage is metered per company, which is the one cost the platform attributes. Blocked platform-wide by: infrastructure/configuration version (not_met), environment scope (not_met), deployment behavior (not_met), rollback/recovery evidence (not_met), observability (not_met), ownership (not_met), capacity (not_met)."
P31-REQ-169,Cost Budgets,not_verified,not_built,infrastructure/configuration version; environment scope; deployment behavior; rollback/recovery evidence; observability; ownership; capacity,security controls; mapped tests,"None. Blocked platform-wide by: infrastructure/configuration version (not_met), environment scope (not_met), deployment behavior (not_met), rollback/recovery evidence (not_met), observability (not_met), ownership (not_met), capacity (not_met)."
P31-REQ-170,Resource Tagging,not_verified,not_built,infrastructure/configuration version; environment scope; deployment behavior; rollback/recovery evidence; observability; ownership; capacity,security controls; mapped tests,"No cloud resources to tag. Blocked platform-wide by: infrastructure/configuration version (not_met), environment scope (not_met), deployment behavior (not_met), rollback/recovery evidence (not_met), observability (not_met), ownership (not_met), capacity (not_met)."
P31-REQ-171,Environment Cleanup,not_verified,not_built,infrastructure/configuration version; environment scope; deployment behavior; rollback/recovery evidence; observability; ownership; capacity,security controls; mapped tests,"Nothing to clean up. Blocked platform-wide by: infrastructure/configuration version (not_met), environment scope (not_met), deployment behavior (not_met), rollback/recovery evidence (not_met), observability (not_met), ownership (not_met), capacity (not_met)."
P31-REQ-172,Release Evidence,not_verified,not_built,infrastructure/configuration version; environment scope; deployment behavior; rollback/recovery evidence; observability; ownership; capacity,security controls; mapped tests,"Nothing is produced by a release because nothing has been released. Blocked platform-wide by: infrastructure/configuration version (not_met), environment scope (not_met), deployment behavior (not_met), rollback/recovery evidence (not_met), observability (not_met), ownership (not_met), capacity (not_met)."
P31-REQ-173,Deployment Audit,not_verified,not_built,infrastructure/configuration version; environment scope; deployment behavior; rollback/recovery evidence; observability; ownership; capacity,security controls; mapped tests,"No deployment has occurred to audit. The database audit ledger covers data rather than deployments. Blocked platform-wide by: infrastructure/configuration version (not_met), environment scope (not_met), deployment behavior (not_met), rollback/recovery evidence (not_met), observability (not_met), ownership (not_met), capacity (not_met)."
P31-REQ-174,Service Catalog,not_verified,not_built,infrastructure/configuration version; environment scope; deployment behavior; rollback/recovery evidence; observability; ownership; capacity,security controls; mapped tests,"No service catalog. `governance/registry.json` catalogs tables, engines and agents rather than running services. Blocked platform-wide by: infrastructure/configuration version (not_met), environment scope (not_met), deployment behavior (not_met), rollback/recovery evidence (not_met), observability (not_met), ownership (not_met), capacity (not_met)."
P31-REQ-175,Operational Ownership,not_verified,not_built,infrastructure/configuration version; environment scope; deployment behavior; rollback/recovery evidence; observability; ownership; capacity,security controls; mapped tests,"Nothing has an owner. Four phases have now found this independently. Blocked platform-wide by: infrastructure/configuration version (not_met), environment scope (not_met), deployment behavior (not_met), rollback/recovery evidence (not_met), observability (not_met), ownership (not_met), capacity (not_met)."
P31-REQ-176,Platform Reliability,not_verified,not_built,infrastructure/configuration version; environment scope; deployment behavior; rollback/recovery evidence; observability; ownership; capacity,security controls; mapped tests,"No service level objective, no error budget, no reliability practice. Blocked platform-wide by: infrastructure/configuration version (not_met), environment scope (not_met), deployment behavior (not_met), rollback/recovery evidence (not_met), observability (not_met), ownership (not_met), capacity (not_met)."
P31-REQ-177,Production Architecture,not_verified,not_built,infrastructure/configuration version; environment scope; deployment behavior; rollback/recovery evidence; observability; ownership; capacity,security controls; mapped tests,"There is no production architecture because there is no production. The intended shape is described in the deployment documentation and has never been instantiated. Blocked platform-wide by: infrastructure/configuration version (not_met), environment scope (not_met), deployment behavior (not_met), rollback/recovery evidence (not_met), observability (not_met), ownership (not_met), capacity (not_met)."
P31-REQ-178,Cloud Provider Abstraction,not_verified,not_built,infrastructure/configuration version; environment scope; deployment behavior; rollback/recovery evidence; observability; ownership; capacity,security controls; mapped tests,"None, and none intended — the platform is written to Supabase and Stripe directly. Blocked platform-wide by: infrastructure/configuration version (not_met), environment scope (not_met), deployment behavior (not_met), rollback/recovery evidence (not_met), observability (not_met), ownership (not_met), capacity (not_met)."
P31-REQ-179,Regions & Availability Zones,not_verified,not_built,infrastructure/configuration version; environment scope; deployment behavior; rollback/recovery evidence; observability; ownership; capacity,security controls; mapped tests,"Single region, no zone awareness, no residency model. Blocked platform-wide by: infrastructure/configuration version (not_met), environment scope (not_met), deployment behavior (not_met), rollback/recovery evidence (not_met), observability (not_met), ownership (not_met), capacity (not_met)."
P31-REQ-180,Network Topology,not_verified,not_built,infrastructure/configuration version; environment scope; deployment behavior; rollback/recovery evidence; observability; ownership; capacity,security controls; mapped tests,"No network the platform defines. Blocked platform-wide by: infrastructure/configuration version (not_met), environment scope (not_met), deployment behavior (not_met), rollback/recovery evidence (not_met), observability (not_met), ownership (not_met), capacity (not_met)."
P31-REQ-181,Ingress & Edge,not_verified,not_built,infrastructure/configuration version; environment scope; deployment behavior; rollback/recovery evidence; observability; ownership; capacity,security controls; mapped tests,"No ingress the platform controls, no WAF, no edge rules. Blocked platform-wide by: infrastructure/configuration version (not_met), environment scope (not_met), deployment behavior (not_met), rollback/recovery evidence (not_met), observability (not_met), ownership (not_met), capacity (not_met)."
P31-REQ-182,DNS,not_verified,not_built,infrastructure/configuration version; environment scope; deployment behavior; rollback/recovery evidence; observability; ownership; capacity,security controls; mapped tests,"No managed DNS, no custom domain. Blocked platform-wide by: infrastructure/configuration version (not_met), environment scope (not_met), deployment behavior (not_met), rollback/recovery evidence (not_met), observability (not_met), ownership (not_met), capacity (not_met)."
P31-REQ-183,TLS Certificates,not_verified,not_built,infrastructure/configuration version; environment scope; deployment behavior; rollback/recovery evidence; observability; ownership; capacity,security controls; mapped tests,"Provided by the host; nothing here manages, rotates or monitors one. Blocked platform-wide by: infrastructure/configuration version (not_met), environment scope (not_met), deployment behavior (not_met), rollback/recovery evidence (not_met), observability (not_met), ownership (not_met), capacity (not_met)."
P31-REQ-184,Load Balancing,not_verified,not_built,infrastructure/configuration version; environment scope; deployment behavior; rollback/recovery evidence; observability; ownership; capacity,security controls; mapped tests,"None. Blocked platform-wide by: infrastructure/configuration version (not_met), environment scope (not_met), deployment behavior (not_met), rollback/recovery evidence (not_met), observability (not_met), ownership (not_met), capacity (not_met)."
P31-REQ-185,Application Runtime,not_verified,not_built,infrastructure/configuration version; environment scope; deployment behavior; rollback/recovery evidence; observability; ownership; capacity,security controls; mapped tests,"No runtime the platform operates: the bundle is served by a host and the functions by a provider. Blocked platform-wide by: infrastructure/configuration version (not_met), environment scope (not_met), deployment behavior (not_met), rollback/recovery evidence (not_met), observability (not_met), ownership (not_met), capacity (not_met)."
P31-REQ-186,Container Runtime,not_verified,not_built,infrastructure/configuration version; environment scope; deployment behavior; rollback/recovery evidence; observability; ownership; capacity,security controls; mapped tests,"No container image and no orchestration. The application is a static bundle and a set of Edge Functions. Blocked platform-wide by: infrastructure/configuration version (not_met), environment scope (not_met), deployment behavior (not_met), rollback/recovery evidence (not_met), observability (not_met), ownership (not_met), capacity (not_met)."
P31-REQ-187,Serverless/Worker Runtime,not_verified,partial,infrastructure/configuration version; environment scope; deployment behavior; rollback/recovery evidence; observability; ownership; capacity,security controls; mapped tests,"Edge Functions are the runtime and they are real code with real tests. There is no worker, no queue consumer and no scheduled invocation — nothing runs except in response to a request. Blocked platform-wide by: infrastructure/configuration version (not_met), environment scope (not_met), deployment behavior (not_met), rollback/recovery evidence (not_met), observability (not_met), ownership (not_met), capacity (not_met)."
P31-REQ-188,Database Infrastructure,not_verified,partial,infrastructure/configuration version; environment scope; deployment behavior; rollback/recovery evidence; observability; ownership; capacity,security controls; mapped tests,"137 tables with forced row level security, tenant-key indexes since P03, non-overlapping period constraints, exclusion constraints, generated columns and 54 migrations behind them. It is a schema rather than infrastructure: no replica, no pooling policy, no failover, no capacity plan. Blocked platform-wide by: infrastructure/configuration version (not_met), environment scope (not_met), deployment behavior (not_met), rollback/recovery evidence (not_met), observability (not_met), ownership (not_met), capacity (not_met)."
P31-REQ-189,Cache Infrastructure,not_verified,not_built,infrastructure/configuration version; environment scope; deployment behavior; rollback/recovery evidence; observability; ownership; capacity,security controls; mapped tests,"No cache — which P02 records as satisfying its own criterion, because a cache that does not exist cannot corrupt source data. Blocked platform-wide by: infrastructure/configuration version (not_met), environment scope (not_met), deployment behavior (not_met), rollback/recovery evidence (not_met), observability (not_met), ownership (not_met), capacity (not_met)."
P31-REQ-190,Queue Infrastructure,not_verified,not_built,infrastructure/configuration version; environment scope; deployment behavior; rollback/recovery evidence; observability; ownership; capacity,security controls; mapped tests,"No queue, no broker, no consumer. Blocked platform-wide by: infrastructure/configuration version (not_met), environment scope (not_met), deployment behavior (not_met), rollback/recovery evidence (not_met), observability (not_met), ownership (not_met), capacity (not_met)."
P31-REQ-191,Object Storage,not_verified,not_built,infrastructure/configuration version; environment scope; deployment behavior; rollback/recovery evidence; observability; ownership; capacity,security controls; mapped tests,"Storage paths are recorded on documents, surfaces and machine control files; no bucket is provisioned, no lifecycle rule exists and nothing has been uploaded. Blocked platform-wide by: infrastructure/configuration version (not_met), environment scope (not_met), deployment behavior (not_met), rollback/recovery evidence (not_met), observability (not_met), ownership (not_met), capacity (not_met)."
P31-REQ-192,Search Infrastructure,not_verified,not_built,infrastructure/configuration version; environment scope; deployment behavior; rollback/recovery evidence; observability; ownership; capacity,security controls; mapped tests,"Document text search runs in PostgreSQL against the records themselves, so there is no separate search infrastructure to operate — and no search infrastructure either. Blocked platform-wide by: infrastructure/configuration version (not_met), environment scope (not_met), deployment behavior (not_met), rollback/recovery evidence (not_met), observability (not_met), ownership (not_met), capacity (not_met)."
P31-REQ-193,Analytics Infrastructure,not_verified,not_built,infrastructure/configuration version; environment scope; deployment behavior; rollback/recovery evidence; observability; ownership; capacity,security controls; mapped tests,"Thirteen live views over the operational tables. No warehouse, no pipeline, no separate compute — P29 recorded this in detail. Blocked platform-wide by: infrastructure/configuration version (not_met), environment scope (not_met), deployment behavior (not_met), rollback/recovery evidence (not_met), observability (not_met), ownership (not_met), capacity (not_met)."
P31-REQ-194,AI Runtime Infrastructure,not_verified,not_built,infrastructure/configuration version; environment scope; deployment behavior; rollback/recovery evidence; observability; ownership; capacity,security controls; mapped tests,"One function calling a provider directly. No model gateway, no routing, no fallback, no inference infrastructure. Blocked platform-wide by: infrastructure/configuration version (not_met), environment scope (not_met), deployment behavior (not_met), rollback/recovery evidence (not_met), observability (not_met), ownership (not_met), capacity (not_met)."
P31-REQ-195,Environment Strategy,not_verified,partial,infrastructure/configuration version; environment scope; deployment behavior; rollback/recovery evidence; observability; ownership; capacity,security controls; mapped tests,"Staging and production are named, the deploy workflow takes one as an input, and a secret matrix states where each credential lives and which two are public by design. No environment has been created. Blocked platform-wide by: infrastructure/configuration version (not_met), environment scope (not_met), deployment behavior (not_met), rollback/recovery evidence (not_met), observability (not_met), ownership (not_met), capacity (not_met)."
P31-REQ-196,Development Environment,not_verified,partial,infrastructure/configuration version; environment scope; deployment behavior; rollback/recovery evidence; observability; ownership; capacity,security controls; mapped tests,"One command installs, one runs the whole gate, and the database suite needs no service and no credentials. There is no seeded local application environment, and 22 of 23 screens read fixtures rather than a local database. Blocked platform-wide by: infrastructure/configuration version (not_met), environment scope (not_met), deployment behavior (not_met), rollback/recovery evidence (not_met), observability (not_met), ownership (not_met), capacity (not_met)."
P31-REQ-197,Test Environment,not_verified,not_built,infrastructure/configuration version; environment scope; deployment behavior; rollback/recovery evidence; observability; ownership; capacity,security controls; mapped tests,"The test 'environment' is PostgreSQL compiled to WebAssembly inside the test process, which is a genuine strength and is not an environment anybody operates. Blocked platform-wide by: infrastructure/configuration version (not_met), environment scope (not_met), deployment behavior (not_met), rollback/recovery evidence (not_met), observability (not_met), ownership (not_met), capacity (not_met)."
P31-REQ-198,Staging Environment,not_verified,not_built,infrastructure/configuration version; environment scope; deployment behavior; rollback/recovery evidence; observability; ownership; capacity,security controls; mapped tests,"Named in a workflow input and never created. Blocked platform-wide by: infrastructure/configuration version (not_met), environment scope (not_met), deployment behavior (not_met), rollback/recovery evidence (not_met), observability (not_met), ownership (not_met), capacity (not_met)."
P31-REQ-199,Production Environment,not_verified,not_built,infrastructure/configuration version; environment scope; deployment behavior; rollback/recovery evidence; observability; ownership; capacity,security controls; mapped tests,"Nothing has been deployed. This is the gate every other operational domain in this phase waits behind. Blocked platform-wide by: infrastructure/configuration version (not_met), environment scope (not_met), deployment behavior (not_met), rollback/recovery evidence (not_met), observability (not_met), ownership (not_met), capacity (not_met)."
P31-REQ-200,Preview Environments,not_verified,not_built,infrastructure/configuration version; environment scope; deployment behavior; rollback/recovery evidence; observability; ownership; capacity,security controls; mapped tests,"None. Blocked platform-wide by: infrastructure/configuration version (not_met), environment scope (not_met), deployment behavior (not_met), rollback/recovery evidence (not_met), observability (not_met), ownership (not_met), capacity (not_met)."
P31-REQ-201,Configuration Management,not_verified,partial,infrastructure/configuration version; environment scope; deployment behavior; rollback/recovery evidence; observability; ownership; capacity,security controls; mapped tests,"`supabase/config.toml` describes the project and the local stack, carries no secret, and states which two functions run without JWT verification and why. Application configuration is per-company in the database and versioned where it is commercial. There is no configuration promotion between environments and no drift detection. Blocked platform-wide by: infrastructure/configuration version (not_met), environment scope (not_met), deployment behavior (not_met), rollback/recovery evidence (not_met), observability (not_met), ownership (not_met), capacity (not_met)."
P31-REQ-202,Secrets Injection,not_verified,partial,infrastructure/configuration version; environment scope; deployment behavior; rollback/recovery evidence; observability; ownership; capacity,security controls; mapped tests,"Secrets live only in Edge Function environment variables, are never in source control, are redacted from logs by shape as well as by name, and since this build the emitted client bundle is scanned for them after every build — by name and by literal shape, with the service-role pattern computed across all three base64 alignments after a hand-written one was found to miss a realistic token. Blocked platform-wide by: infrastructure/configuration version (not_met), environment scope (not_met), deployment behavior (not_met), rollback/recovery evidence (not_met), observability (not_met), ownership (not_met), capacity (not_met)."
P31-REQ-203,Infrastructure as Code,not_verified,not_built,infrastructure/configuration version; environment scope; deployment behavior; rollback/recovery evidence; observability; ownership; capacity,security controls; mapped tests,"No Terraform, no Pulumi, no declarative infrastructure of any kind. Buckets, policies and Stripe products are created by hand from the runbook. Blocked platform-wide by: infrastructure/configuration version (not_met), environment scope (not_met), deployment behavior (not_met), rollback/recovery evidence (not_met), observability (not_met), ownership (not_met), capacity (not_met)."
P31-REQ-204,State Management,not_verified,not_built,infrastructure/configuration version; environment scope; deployment behavior; rollback/recovery evidence; observability; ownership; capacity,security controls; mapped tests,"No distributed state, no session store, no coordination service. Blocked platform-wide by: infrastructure/configuration version (not_met), environment scope (not_met), deployment behavior (not_met), rollback/recovery evidence (not_met), observability (not_met), ownership (not_met), capacity (not_met)."
P31-REQ-205,Policy as Code,not_verified,not_built,infrastructure/configuration version; environment scope; deployment behavior; rollback/recovery evidence; observability; ownership; capacity,security controls; mapped tests,"No policy engine, no admission control, no infrastructure policy. The platform's own rules are enforced in the database, which is a different thing. Blocked platform-wide by: infrastructure/configuration version (not_met), environment scope (not_met), deployment behavior (not_met), rollback/recovery evidence (not_met), observability (not_met), ownership (not_met), capacity (not_met)."
P31-REQ-206,CI Pipelines,not_verified,partial,infrastructure/configuration version; environment scope; deployment behavior; rollback/recovery evidence; observability; ownership; capacity,security controls; mapped tests,"One workflow runs the entire gate — typecheck, four drift checks, six suites, a production build and a bundle secret scan — on every branch and pull request, needing no secrets because the database suite runs PostgreSQL in WebAssembly. A test asserts the pipeline cannot be narrowed to a subset. Blocked platform-wide by: infrastructure/configuration version (not_met), environment scope (not_met), deployment behavior (not_met), rollback/recovery evidence (not_met), observability (not_met), ownership (not_met), capacity (not_met)."
P31-REQ-207,Build Reproducibility,not_verified,partial,infrastructure/configuration version; environment scope; deployment behavior; rollback/recovery evidence; observability; ownership; capacity,security controls; mapped tests,"`npm ci` from a committed lockfile in both workflows, a dependency-free estimating engine, a document renderer that produces identical bytes for identical input, and — since this phase — every Edge Function dependency routed through one import map with the Supabase client pinned to the exact version the browser also runs. What is missing is `deno.lock`: direct dependencies are pinned and their transitives are not. Blocked platform-wide by: infrastructure/configuration version (not_met), environment scope (not_met), deployment behavior (not_met), rollback/recovery evidence (not_met), observability (not_met), ownership (not_met), capacity (not_met)."
P31-REQ-208,Artifact Registry,not_verified,not_built,infrastructure/configuration version; environment scope; deployment behavior; rollback/recovery evidence; observability; ownership; capacity,security controls; mapped tests,"No registry, no versioned artifact, no promotion between environments. Blocked platform-wide by: infrastructure/configuration version (not_met), environment scope (not_met), deployment behavior (not_met), rollback/recovery evidence (not_met), observability (not_met), ownership (not_met), capacity (not_met)."
P31-REQ-209,SBOM & Provenance,not_verified,not_built,infrastructure/configuration version; environment scope; deployment behavior; rollback/recovery evidence; observability; ownership; capacity,security controls; mapped tests,"No software bill of materials and no build provenance. Dependencies are pinned and installed from a lockfile, which is the input to an SBOM rather than one. Blocked platform-wide by: infrastructure/configuration version (not_met), environment scope (not_met), deployment behavior (not_met), rollback/recovery evidence (not_met), observability (not_met), ownership (not_met), capacity (not_met)."
P31-REQ-210,CD Pipelines,not_verified,partial,infrastructure/configuration version; environment scope; deployment behavior; rollback/recovery evidence; observability; ownership; capacity,security controls; mapped tests,"A deployment workflow exists, is dispatched by a person behind a GitHub Environment, re-runs the full gate, lists pending migrations before applying them and deploys each function. Whether it has ever executed is the owner's to see. Blocked platform-wide by: infrastructure/configuration version (not_met), environment scope (not_met), deployment behavior (not_met), rollback/recovery evidence (not_met), observability (not_met), ownership (not_met), capacity (not_met)."
P31-REQ-211,Deployment Strategies,not_verified,not_built,infrastructure/configuration version; environment scope; deployment behavior; rollback/recovery evidence; observability; ownership; capacity,security controls; mapped tests,"A single dispatched deploy. No strategy beyond it. Blocked platform-wide by: infrastructure/configuration version (not_met), environment scope (not_met), deployment behavior (not_met), rollback/recovery evidence (not_met), observability (not_met), ownership (not_met), capacity (not_met)."
P31-REQ-212,Blue/Green Deployments,not_verified,not_built,infrastructure/configuration version; environment scope; deployment behavior; rollback/recovery evidence; observability; ownership; capacity,security controls; mapped tests,"None. Blocked platform-wide by: infrastructure/configuration version (not_met), environment scope (not_met), deployment behavior (not_met), rollback/recovery evidence (not_met), observability (not_met), ownership (not_met), capacity (not_met)."
P31-REQ-213,Canary Releases,not_verified,not_built,infrastructure/configuration version; environment scope; deployment behavior; rollback/recovery evidence; observability; ownership; capacity,security controls; mapped tests,"None. Blocked platform-wide by: infrastructure/configuration version (not_met), environment scope (not_met), deployment behavior (not_met), rollback/recovery evidence (not_met), observability (not_met), ownership (not_met), capacity (not_met)."
P31-REQ-214,Feature Flags,not_verified,not_built,infrastructure/configuration version; environment scope; deployment behavior; rollback/recovery evidence; observability; ownership; capacity,security controls; mapped tests,"None. Entitlements gate capability by plan, which is licensing rather than release control. Blocked platform-wide by: infrastructure/configuration version (not_met), environment scope (not_met), deployment behavior (not_met), rollback/recovery evidence (not_met), observability (not_met), ownership (not_met), capacity (not_met)."
P31-REQ-215,Database Migrations,not_verified,partial,infrastructure/configuration version; environment scope; deployment behavior; rollback/recovery evidence; observability; ownership; capacity,security controls; mapped tests,"The strongest operational thing in the repository: 54 ordered forward-only migrations applied unmodified to real PostgreSQL by the test suite on every run, so a migration that would fail on a real database fails the build instead of a deployment. There is no rollback path — forward-only is the stated design — and no reconciliation of what a data-moving migration actually moved. Blocked platform-wide by: infrastructure/configuration version (not_met), environment scope (not_met), deployment behavior (not_met), rollback/recovery evidence (not_met), observability (not_met), ownership (not_met), capacity (not_met)."
P31-REQ-216,Rollback,not_verified,not_built,infrastructure/configuration version; environment scope; deployment behavior; rollback/recovery evidence; observability; ownership; capacity,security controls; mapped tests,"Forward-only migrations and a manual runbook section. No automated rollback of code or schema. Blocked platform-wide by: infrastructure/configuration version (not_met), environment scope (not_met), deployment behavior (not_met), rollback/recovery evidence (not_met), observability (not_met), ownership (not_met), capacity (not_met)."
P31-REQ-217,Release Approvals,not_verified,not_built,infrastructure/configuration version; environment scope; deployment behavior; rollback/recovery evidence; observability; ownership; capacity,security controls; mapped tests,"The deploy workflow sits behind a GitHub Environment, which is the mechanism; no approval has been configured or given. Blocked platform-wide by: infrastructure/configuration version (not_met), environment scope (not_met), deployment behavior (not_met), rollback/recovery evidence (not_met), observability (not_met), ownership (not_met), capacity (not_met)."
P31-REQ-218,Release Notes,not_verified,not_built,infrastructure/configuration version; environment scope; deployment behavior; rollback/recovery evidence; observability; ownership; capacity,security controls; mapped tests,"None generated. Commit messages carry the reasoning in unusual detail and are not release notes. Blocked platform-wide by: infrastructure/configuration version (not_met), environment scope (not_met), deployment behavior (not_met), rollback/recovery evidence (not_met), observability (not_met), ownership (not_met), capacity (not_met)."
P31-REQ-219,Change Windows,not_verified,not_built,infrastructure/configuration version; environment scope; deployment behavior; rollback/recovery evidence; observability; ownership; capacity,security controls; mapped tests,"None. Blocked platform-wide by: infrastructure/configuration version (not_met), environment scope (not_met), deployment behavior (not_met), rollback/recovery evidence (not_met), observability (not_met), ownership (not_met), capacity (not_met)."
P31-REQ-220,Observability,not_verified,partial,infrastructure/configuration version; environment scope; deployment behavior; rollback/recovery evidence; observability; ownership; capacity,security controls; mapped tests,"Logging, metrics and health are all built and tested and consumed by nothing, because nothing is running. The one observability gap this build closed is in the database rather than the runtime: an audit event now records the request that caused it. Blocked platform-wide by: infrastructure/configuration version (not_met), environment scope (not_met), deployment behavior (not_met), rollback/recovery evidence (not_met), observability (not_met), ownership (not_met), capacity (not_met)."
P31-REQ-221,Structured Logging,not_verified,partial,infrastructure/configuration version; environment scope; deployment behavior; rollback/recovery evidence; observability; ownership; capacity,security controls; mapped tests,"A logger with correlation carried through every line and redaction by field name and value shape applied by default, with 49 tests. Nothing is deployed, so nothing collects it. Blocked platform-wide by: infrastructure/configuration version (not_met), environment scope (not_met), deployment behavior (not_met), rollback/recovery evidence (not_met), observability (not_met), ownership (not_met), capacity (not_met)."
P31-REQ-222,Metrics,not_verified,partial,infrastructure/configuration version; environment scope; deployment behavior; rollback/recovery evidence; observability; ownership; capacity,security controls; mapped tests,"Counters and histograms with bounded low-cardinality labels, so a metric cannot explode into a per-tenant series. Nothing scrapes them. Blocked platform-wide by: infrastructure/configuration version (not_met), environment scope (not_met), deployment behavior (not_met), rollback/recovery evidence (not_met), observability (not_met), ownership (not_met), capacity (not_met)."
P31-REQ-223,Distributed Tracing,not_verified,not_built,infrastructure/configuration version; environment scope; deployment behavior; rollback/recovery evidence; observability; ownership; capacity,security controls; mapped tests,"Correlation is carried through a request's logs and, since P01, into the audit ledger. There is no span, no trace context propagated to a provider and no collector. Blocked platform-wide by: infrastructure/configuration version (not_met), environment scope (not_met), deployment behavior (not_met), rollback/recovery evidence (not_met), observability (not_met), ownership (not_met), capacity (not_met)."
P31-REQ-224,Health Checks,not_verified,partial,infrastructure/configuration version; environment scope; deployment behavior; rollback/recovery evidence; observability; ownership; capacity,security controls; mapped tests,"Startup, readiness, liveness and degraded state are distinguished, each check runs against a deadline so a hanging dependency fails rather than hangs the probe, and the endpoint is deliberately unauthenticated. Nothing probes it. Blocked platform-wide by: infrastructure/configuration version (not_met), environment scope (not_met), deployment behavior (not_met), rollback/recovery evidence (not_met), observability (not_met), ownership (not_met), capacity (not_met)."
P31-REQ-225,SLOs & SLIs,not_verified,not_built,infrastructure/configuration version; environment scope; deployment behavior; rollback/recovery evidence; observability; ownership; capacity,security controls; mapped tests,"None defined. Blocked platform-wide by: infrastructure/configuration version (not_met), environment scope (not_met), deployment behavior (not_met), rollback/recovery evidence (not_met), observability (not_met), ownership (not_met), capacity (not_met)."
P31-REQ-226,Alerting,not_verified,not_built,infrastructure/configuration version; environment scope; deployment behavior; rollback/recovery evidence; observability; ownership; capacity,security controls; mapped tests,"No operational alerting. In-application notifications are notices to users. Blocked platform-wide by: infrastructure/configuration version (not_met), environment scope (not_met), deployment behavior (not_met), rollback/recovery evidence (not_met), observability (not_met), ownership (not_met), capacity (not_met)."
P31-REQ-227,On-Call,not_verified,not_built,infrastructure/configuration version; environment scope; deployment behavior; rollback/recovery evidence; observability; ownership; capacity,security controls; mapped tests,"No rotation, no escalation, no schedule. Blocked platform-wide by: infrastructure/configuration version (not_met), environment scope (not_met), deployment behavior (not_met), rollback/recovery evidence (not_met), observability (not_met), ownership (not_met), capacity (not_met)."
P31-REQ-228,Incident Management,not_verified,not_built,infrastructure/configuration version; environment scope; deployment behavior; rollback/recovery evidence; observability; ownership; capacity,security controls; mapped tests,"No incident record, no severity model, no postmortem. Blocked platform-wide by: infrastructure/configuration version (not_met), environment scope (not_met), deployment behavior (not_met), rollback/recovery evidence (not_met), observability (not_met), ownership (not_met), capacity (not_met)."
P31-REQ-229,Capacity Planning,not_verified,not_built,infrastructure/configuration version; environment scope; deployment behavior; rollback/recovery evidence; observability; ownership; capacity,security controls; mapped tests,"No baseline, no forecast, no headroom measure. Blocked platform-wide by: infrastructure/configuration version (not_met), environment scope (not_met), deployment behavior (not_met), rollback/recovery evidence (not_met), observability (not_met), ownership (not_met), capacity (not_met)."
P31-REQ-230,Autoscaling,not_verified,not_built,infrastructure/configuration version; environment scope; deployment behavior; rollback/recovery evidence; observability; ownership; capacity,security controls; mapped tests,"None. Blocked platform-wide by: infrastructure/configuration version (not_met), environment scope (not_met), deployment behavior (not_met), rollback/recovery evidence (not_met), observability (not_met), ownership (not_met), capacity (not_met)."
P31-REQ-231,Performance Testing,not_verified,not_built,infrastructure/configuration version; environment scope; deployment behavior; rollback/recovery evidence; observability; ownership; capacity,security controls; mapped tests,"No baseline, no budget, no measurement. The one performance improvement this build made — tenant-key indexes on 53 tables — was found by reading the catalog rather than by measuring. Blocked platform-wide by: infrastructure/configuration version (not_met), environment scope (not_met), deployment behavior (not_met), rollback/recovery evidence (not_met), observability (not_met), ownership (not_met), capacity (not_met)."
P31-REQ-232,Load Testing,not_verified,not_built,infrastructure/configuration version; environment scope; deployment behavior; rollback/recovery evidence; observability; ownership; capacity,security controls; mapped tests,"None. Blocked platform-wide by: infrastructure/configuration version (not_met), environment scope (not_met), deployment behavior (not_met), rollback/recovery evidence (not_met), observability (not_met), ownership (not_met), capacity (not_met)."
P31-REQ-233,Caching Strategy,not_verified,not_built,infrastructure/configuration version; environment scope; deployment behavior; rollback/recovery evidence; observability; ownership; capacity,security controls; mapped tests,"None, deliberately: every reporting figure is computed live and a test asserts nothing is materialized. Blocked platform-wide by: infrastructure/configuration version (not_met), environment scope (not_met), deployment behavior (not_met), rollback/recovery evidence (not_met), observability (not_met), ownership (not_met), capacity (not_met)."
P31-REQ-234,Connection Management,not_verified,not_built,infrastructure/configuration version; environment scope; deployment behavior; rollback/recovery evidence; observability; ownership; capacity,security controls; mapped tests,"No pooling policy, no connection budget, no limit the platform sets. Blocked platform-wide by: infrastructure/configuration version (not_met), environment scope (not_met), deployment behavior (not_met), rollback/recovery evidence (not_met), observability (not_met), ownership (not_met), capacity (not_met)."
P31-REQ-235,Rate Limiting,not_verified,partial,infrastructure/configuration version; environment scope; deployment behavior; rollback/recovery evidence; observability; ownership; capacity,security controls; mapped tests,"Plan limits are enforced by count triggers and an AI allowance is checked before a request runs, which is licensing rather than abuse control. There is no request rate limit anywhere — P02 and P20 recorded the same. Blocked platform-wide by: infrastructure/configuration version (not_met), environment scope (not_met), deployment behavior (not_met), rollback/recovery evidence (not_met), observability (not_met), ownership (not_met), capacity (not_met)."
P31-REQ-236,Resilience,not_verified,not_built,infrastructure/configuration version; environment scope; deployment behavior; rollback/recovery evidence; observability; ownership; capacity,security controls; mapped tests,"Several individual failure paths are handled well — a webhook replay collides on the event id and is skipped, a bad signature returns 400 so Stripe stops retrying, entitlement survives a Stripe outage through a materialized grace window — and there is no resilience practice above them. Blocked platform-wide by: infrastructure/configuration version (not_met), environment scope (not_met), deployment behavior (not_met), rollback/recovery evidence (not_met), observability (not_met), ownership (not_met), capacity (not_met)."
P31-REQ-237,Circuit Breakers,not_verified,not_built,infrastructure/configuration version; environment scope; deployment behavior; rollback/recovery evidence; observability; ownership; capacity,security controls; mapped tests,"None. Blocked platform-wide by: infrastructure/configuration version (not_met), environment scope (not_met), deployment behavior (not_met), rollback/recovery evidence (not_met), observability (not_met), ownership (not_met), capacity (not_met)."
P31-REQ-238,Retries & Backoff,not_verified,not_built,infrastructure/configuration version; environment scope; deployment behavior; rollback/recovery evidence; observability; ownership; capacity,security controls; mapped tests,"No retry policy anywhere. The connector framework records runs and does not retry them. Blocked platform-wide by: infrastructure/configuration version (not_met), environment scope (not_met), deployment behavior (not_met), rollback/recovery evidence (not_met), observability (not_met), ownership (not_met), capacity (not_met)."
P31-REQ-239,Timeouts,not_verified,partial,infrastructure/configuration version; environment scope; deployment behavior; rollback/recovery evidence; observability; ownership; capacity,security controls; mapped tests,"Health checks carry per-check deadlines and the AI call carries a timeout. There is no general timeout policy, no budget propagated across calls and no deadline on a database statement. Blocked platform-wide by: infrastructure/configuration version (not_met), environment scope (not_met), deployment behavior (not_met), rollback/recovery evidence (not_met), observability (not_met), ownership (not_met), capacity (not_met)."
P31-REQ-240,Bulkheads,not_verified,not_built,infrastructure/configuration version; environment scope; deployment behavior; rollback/recovery evidence; observability; ownership; capacity,security controls; mapped tests,"None. Blocked platform-wide by: infrastructure/configuration version (not_met), environment scope (not_met), deployment behavior (not_met), rollback/recovery evidence (not_met), observability (not_met), ownership (not_met), capacity (not_met)."
P31-REQ-241,Chaos Testing,not_verified,not_built,infrastructure/configuration version; environment scope; deployment behavior; rollback/recovery evidence; observability; ownership; capacity,security controls; mapped tests,"None. Blocked platform-wide by: infrastructure/configuration version (not_met), environment scope (not_met), deployment behavior (not_met), rollback/recovery evidence (not_met), observability (not_met), ownership (not_met), capacity (not_met)."
P31-REQ-242,Backup,not_verified,not_built,infrastructure/configuration version; environment scope; deployment behavior; rollback/recovery evidence; observability; ownership; capacity,security controls; mapped tests,"No backup of any kind. Blocked platform-wide by: infrastructure/configuration version (not_met), environment scope (not_met), deployment behavior (not_met), rollback/recovery evidence (not_met), observability (not_met), ownership (not_met), capacity (not_met)."
P31-REQ-243,Restore,not_verified,not_built,infrastructure/configuration version; environment scope; deployment behavior; rollback/recovery evidence; observability; ownership; capacity,security controls; mapped tests,"No restore, and therefore no restore test. Blocked platform-wide by: infrastructure/configuration version (not_met), environment scope (not_met), deployment behavior (not_met), rollback/recovery evidence (not_met), observability (not_met), ownership (not_met), capacity (not_met)."
P31-REQ-244,Point-in-Time Recovery,not_verified,not_built,infrastructure/configuration version; environment scope; deployment behavior; rollback/recovery evidence; observability; ownership; capacity,security controls; mapped tests,"None, and no objective stated. Blocked platform-wide by: infrastructure/configuration version (not_met), environment scope (not_met), deployment behavior (not_met), rollback/recovery evidence (not_met), observability (not_met), ownership (not_met), capacity (not_met)."
P31-REQ-245,Disaster Recovery,not_verified,not_built,infrastructure/configuration version; environment scope; deployment behavior; rollback/recovery evidence; observability; ownership; capacity,security controls; mapped tests,"No plan, no exercise, no evidence. Blocked platform-wide by: infrastructure/configuration version (not_met), environment scope (not_met), deployment behavior (not_met), rollback/recovery evidence (not_met), observability (not_met), ownership (not_met), capacity (not_met)."
P31-REQ-246,RTO/RPO,not_verified,not_built,infrastructure/configuration version; environment scope; deployment behavior; rollback/recovery evidence; observability; ownership; capacity,security controls; mapped tests,"No recovery point or time objective is stated anywhere. Blocked platform-wide by: infrastructure/configuration version (not_met), environment scope (not_met), deployment behavior (not_met), rollback/recovery evidence (not_met), observability (not_met), ownership (not_met), capacity (not_met)."
P31-REQ-247,Business Continuity,not_verified,not_built,infrastructure/configuration version; environment scope; deployment behavior; rollback/recovery evidence; observability; ownership; capacity,security controls; mapped tests,"None. Blocked platform-wide by: infrastructure/configuration version (not_met), environment scope (not_met), deployment behavior (not_met), rollback/recovery evidence (not_met), observability (not_met), ownership (not_met), capacity (not_met)."
P31-REQ-248,Multi-Region Recovery,not_verified,not_built,infrastructure/configuration version; environment scope; deployment behavior; rollback/recovery evidence; observability; ownership; capacity,security controls; mapped tests,"None. Blocked platform-wide by: infrastructure/configuration version (not_met), environment scope (not_met), deployment behavior (not_met), rollback/recovery evidence (not_met), observability (not_met), ownership (not_met), capacity (not_met)."
P31-REQ-249,Operational Runbooks,not_verified,not_built,infrastructure/configuration version; environment scope; deployment behavior; rollback/recovery evidence; observability; ownership; capacity,security controls; mapped tests,"A deployment runbook exists. There is no operational runbook for anything that runs. Blocked platform-wide by: infrastructure/configuration version (not_met), environment scope (not_met), deployment behavior (not_met), rollback/recovery evidence (not_met), observability (not_met), ownership (not_met), capacity (not_met)."
P31-REQ-250,Maintenance Windows,not_verified,not_built,infrastructure/configuration version; environment scope; deployment behavior; rollback/recovery evidence; observability; ownership; capacity,security controls; mapped tests,"None. Blocked platform-wide by: infrastructure/configuration version (not_met), environment scope (not_met), deployment behavior (not_met), rollback/recovery evidence (not_met), observability (not_met), ownership (not_met), capacity (not_met)."
P31-REQ-251,Patch Management,not_verified,not_built,infrastructure/configuration version; environment scope; deployment behavior; rollback/recovery evidence; observability; ownership; capacity,security controls; mapped tests,"No patch process, no vulnerability scan, no schedule. Blocked platform-wide by: infrastructure/configuration version (not_met), environment scope (not_met), deployment behavior (not_met), rollback/recovery evidence (not_met), observability (not_met), ownership (not_met), capacity (not_met)."
P31-REQ-252,Dependency Updates,not_verified,partial,infrastructure/configuration version; environment scope; deployment behavior; rollback/recovery evidence; observability; ownership; capacity,security controls; mapped tests,"Direct dependencies are pinned and installed from a lockfile, and this phase pinned the Edge Function imports that were floating on a major. There is no update process: no schedule, no automated bump, no vulnerability scan. Blocked platform-wide by: infrastructure/configuration version (not_met), environment scope (not_met), deployment behavior (not_met), rollback/recovery evidence (not_met), observability (not_met), ownership (not_met), capacity (not_met)."
P31-REQ-253,Operational Access,not_verified,not_built,infrastructure/configuration version; environment scope; deployment behavior; rollback/recovery evidence; observability; ownership; capacity,security controls; mapped tests,"No break-glass, no elevation, no session recording — P01 recorded the same. Blocked platform-wide by: infrastructure/configuration version (not_met), environment scope (not_met), deployment behavior (not_met), rollback/recovery evidence (not_met), observability (not_met), ownership (not_met), capacity (not_met)."
P31-REQ-254,Production Support,not_verified,not_built,infrastructure/configuration version; environment scope; deployment behavior; rollback/recovery evidence; observability; ownership; capacity,security controls; mapped tests,"No support model, no ticket, no queue, no tier. Blocked platform-wide by: infrastructure/configuration version (not_met), environment scope (not_met), deployment behavior (not_met), rollback/recovery evidence (not_met), observability (not_met), ownership (not_met), capacity (not_met)."
P31-REQ-255,FinOps,not_verified,not_built,infrastructure/configuration version; environment scope; deployment behavior; rollback/recovery evidence; observability; ownership; capacity,security controls; mapped tests,"None. Blocked platform-wide by: infrastructure/configuration version (not_met), environment scope (not_met), deployment behavior (not_met), rollback/recovery evidence (not_met), observability (not_met), ownership (not_met), capacity (not_met)."
P31-REQ-256,Cloud Cost Allocation,not_verified,not_built,infrastructure/configuration version; environment scope; deployment behavior; rollback/recovery evidence; observability; ownership; capacity,security controls; mapped tests,"No cloud spend to allocate. AI usage is metered per company, which is the one cost the platform attributes. Blocked platform-wide by: infrastructure/configuration version (not_met), environment scope (not_met), deployment behavior (not_met), rollback/recovery evidence (not_met), observability (not_met), ownership (not_met), capacity (not_met)."
P31-REQ-257,Cost Budgets,not_verified,not_built,infrastructure/configuration version; environment scope; deployment behavior; rollback/recovery evidence; observability; ownership; capacity,security controls; mapped tests,"None. Blocked platform-wide by: infrastructure/configuration version (not_met), environment scope (not_met), deployment behavior (not_met), rollback/recovery evidence (not_met), observability (not_met), ownership (not_met), capacity (not_met)."
P31-REQ-258,Resource Tagging,not_verified,not_built,infrastructure/configuration version; environment scope; deployment behavior; rollback/recovery evidence; observability; ownership; capacity,security controls; mapped tests,"No cloud resources to tag. Blocked platform-wide by: infrastructure/configuration version (not_met), environment scope (not_met), deployment behavior (not_met), rollback/recovery evidence (not_met), observability (not_met), ownership (not_met), capacity (not_met)."
P31-REQ-259,Environment Cleanup,not_verified,not_built,infrastructure/configuration version; environment scope; deployment behavior; rollback/recovery evidence; observability; ownership; capacity,security controls; mapped tests,"Nothing to clean up. Blocked platform-wide by: infrastructure/configuration version (not_met), environment scope (not_met), deployment behavior (not_met), rollback/recovery evidence (not_met), observability (not_met), ownership (not_met), capacity (not_met)."
P31-REQ-260,Release Evidence,not_verified,not_built,infrastructure/configuration version; environment scope; deployment behavior; rollback/recovery evidence; observability; ownership; capacity,security controls; mapped tests,"Nothing is produced by a release because nothing has been released. Blocked platform-wide by: infrastructure/configuration version (not_met), environment scope (not_met), deployment behavior (not_met), rollback/recovery evidence (not_met), observability (not_met), ownership (not_met), capacity (not_met)."
P31-REQ-261,Deployment Audit,not_verified,not_built,infrastructure/configuration version; environment scope; deployment behavior; rollback/recovery evidence; observability; ownership; capacity,security controls; mapped tests,"No deployment has occurred to audit. The database audit ledger covers data rather than deployments. Blocked platform-wide by: infrastructure/configuration version (not_met), environment scope (not_met), deployment behavior (not_met), rollback/recovery evidence (not_met), observability (not_met), ownership (not_met), capacity (not_met)."
P31-REQ-262,Service Catalog,not_verified,not_built,infrastructure/configuration version; environment scope; deployment behavior; rollback/recovery evidence; observability; ownership; capacity,security controls; mapped tests,"No service catalog. `governance/registry.json` catalogs tables, engines and agents rather than running services. Blocked platform-wide by: infrastructure/configuration version (not_met), environment scope (not_met), deployment behavior (not_met), rollback/recovery evidence (not_met), observability (not_met), ownership (not_met), capacity (not_met)."
P31-REQ-263,Operational Ownership,not_verified,not_built,infrastructure/configuration version; environment scope; deployment behavior; rollback/recovery evidence; observability; ownership; capacity,security controls; mapped tests,"Nothing has an owner. Four phases have now found this independently. Blocked platform-wide by: infrastructure/configuration version (not_met), environment scope (not_met), deployment behavior (not_met), rollback/recovery evidence (not_met), observability (not_met), ownership (not_met), capacity (not_met)."
P31-REQ-264,Platform Reliability,not_verified,not_built,infrastructure/configuration version; environment scope; deployment behavior; rollback/recovery evidence; observability; ownership; capacity,security controls; mapped tests,"No service level objective, no error budget, no reliability practice. Blocked platform-wide by: infrastructure/configuration version (not_met), environment scope (not_met), deployment behavior (not_met), rollback/recovery evidence (not_met), observability (not_met), ownership (not_met), capacity (not_met)."
P31-REQ-265,Production Architecture,not_verified,not_built,infrastructure/configuration version; environment scope; deployment behavior; rollback/recovery evidence; observability; ownership; capacity,security controls; mapped tests,"There is no production architecture because there is no production. The intended shape is described in the deployment documentation and has never been instantiated. Blocked platform-wide by: infrastructure/configuration version (not_met), environment scope (not_met), deployment behavior (not_met), rollback/recovery evidence (not_met), observability (not_met), ownership (not_met), capacity (not_met)."
P31-REQ-266,Cloud Provider Abstraction,not_verified,not_built,infrastructure/configuration version; environment scope; deployment behavior; rollback/recovery evidence; observability; ownership; capacity,security controls; mapped tests,"None, and none intended — the platform is written to Supabase and Stripe directly. Blocked platform-wide by: infrastructure/configuration version (not_met), environment scope (not_met), deployment behavior (not_met), rollback/recovery evidence (not_met), observability (not_met), ownership (not_met), capacity (not_met)."
P31-REQ-267,Regions & Availability Zones,not_verified,not_built,infrastructure/configuration version; environment scope; deployment behavior; rollback/recovery evidence; observability; ownership; capacity,security controls; mapped tests,"Single region, no zone awareness, no residency model. Blocked platform-wide by: infrastructure/configuration version (not_met), environment scope (not_met), deployment behavior (not_met), rollback/recovery evidence (not_met), observability (not_met), ownership (not_met), capacity (not_met)."
P31-REQ-268,Network Topology,not_verified,not_built,infrastructure/configuration version; environment scope; deployment behavior; rollback/recovery evidence; observability; ownership; capacity,security controls; mapped tests,"No network the platform defines. Blocked platform-wide by: infrastructure/configuration version (not_met), environment scope (not_met), deployment behavior (not_met), rollback/recovery evidence (not_met), observability (not_met), ownership (not_met), capacity (not_met)."
P31-REQ-269,Ingress & Edge,not_verified,not_built,infrastructure/configuration version; environment scope; deployment behavior; rollback/recovery evidence; observability; ownership; capacity,security controls; mapped tests,"No ingress the platform controls, no WAF, no edge rules. Blocked platform-wide by: infrastructure/configuration version (not_met), environment scope (not_met), deployment behavior (not_met), rollback/recovery evidence (not_met), observability (not_met), ownership (not_met), capacity (not_met)."
P31-REQ-270,DNS,not_verified,not_built,infrastructure/configuration version; environment scope; deployment behavior; rollback/recovery evidence; observability; ownership; capacity,security controls; mapped tests,"No managed DNS, no custom domain. Blocked platform-wide by: infrastructure/configuration version (not_met), environment scope (not_met), deployment behavior (not_met), rollback/recovery evidence (not_met), observability (not_met), ownership (not_met), capacity (not_met)."
P31-REQ-271,TLS Certificates,not_verified,not_built,infrastructure/configuration version; environment scope; deployment behavior; rollback/recovery evidence; observability; ownership; capacity,security controls; mapped tests,"Provided by the host; nothing here manages, rotates or monitors one. Blocked platform-wide by: infrastructure/configuration version (not_met), environment scope (not_met), deployment behavior (not_met), rollback/recovery evidence (not_met), observability (not_met), ownership (not_met), capacity (not_met)."
P31-REQ-272,Load Balancing,not_verified,not_built,infrastructure/configuration version; environment scope; deployment behavior; rollback/recovery evidence; observability; ownership; capacity,security controls; mapped tests,"None. Blocked platform-wide by: infrastructure/configuration version (not_met), environment scope (not_met), deployment behavior (not_met), rollback/recovery evidence (not_met), observability (not_met), ownership (not_met), capacity (not_met)."
P31-REQ-273,Application Runtime,not_verified,not_built,infrastructure/configuration version; environment scope; deployment behavior; rollback/recovery evidence; observability; ownership; capacity,security controls; mapped tests,"No runtime the platform operates: the bundle is served by a host and the functions by a provider. Blocked platform-wide by: infrastructure/configuration version (not_met), environment scope (not_met), deployment behavior (not_met), rollback/recovery evidence (not_met), observability (not_met), ownership (not_met), capacity (not_met)."
P31-REQ-274,Container Runtime,not_verified,not_built,infrastructure/configuration version; environment scope; deployment behavior; rollback/recovery evidence; observability; ownership; capacity,security controls; mapped tests,"No container image and no orchestration. The application is a static bundle and a set of Edge Functions. Blocked platform-wide by: infrastructure/configuration version (not_met), environment scope (not_met), deployment behavior (not_met), rollback/recovery evidence (not_met), observability (not_met), ownership (not_met), capacity (not_met)."
P31-REQ-275,Serverless/Worker Runtime,not_verified,partial,infrastructure/configuration version; environment scope; deployment behavior; rollback/recovery evidence; observability; ownership; capacity,security controls; mapped tests,"Edge Functions are the runtime and they are real code with real tests. There is no worker, no queue consumer and no scheduled invocation — nothing runs except in response to a request. Blocked platform-wide by: infrastructure/configuration version (not_met), environment scope (not_met), deployment behavior (not_met), rollback/recovery evidence (not_met), observability (not_met), ownership (not_met), capacity (not_met)."
P31-REQ-276,Database Infrastructure,not_verified,partial,infrastructure/configuration version; environment scope; deployment behavior; rollback/recovery evidence; observability; ownership; capacity,security controls; mapped tests,"137 tables with forced row level security, tenant-key indexes since P03, non-overlapping period constraints, exclusion constraints, generated columns and 54 migrations behind them. It is a schema rather than infrastructure: no replica, no pooling policy, no failover, no capacity plan. Blocked platform-wide by: infrastructure/configuration version (not_met), environment scope (not_met), deployment behavior (not_met), rollback/recovery evidence (not_met), observability (not_met), ownership (not_met), capacity (not_met)."
P31-REQ-277,Cache Infrastructure,not_verified,not_built,infrastructure/configuration version; environment scope; deployment behavior; rollback/recovery evidence; observability; ownership; capacity,security controls; mapped tests,"No cache — which P02 records as satisfying its own criterion, because a cache that does not exist cannot corrupt source data. Blocked platform-wide by: infrastructure/configuration version (not_met), environment scope (not_met), deployment behavior (not_met), rollback/recovery evidence (not_met), observability (not_met), ownership (not_met), capacity (not_met)."
P31-REQ-278,Queue Infrastructure,not_verified,not_built,infrastructure/configuration version; environment scope; deployment behavior; rollback/recovery evidence; observability; ownership; capacity,security controls; mapped tests,"No queue, no broker, no consumer. Blocked platform-wide by: infrastructure/configuration version (not_met), environment scope (not_met), deployment behavior (not_met), rollback/recovery evidence (not_met), observability (not_met), ownership (not_met), capacity (not_met)."
P31-REQ-279,Object Storage,not_verified,not_built,infrastructure/configuration version; environment scope; deployment behavior; rollback/recovery evidence; observability; ownership; capacity,security controls; mapped tests,"Storage paths are recorded on documents, surfaces and machine control files; no bucket is provisioned, no lifecycle rule exists and nothing has been uploaded. Blocked platform-wide by: infrastructure/configuration version (not_met), environment scope (not_met), deployment behavior (not_met), rollback/recovery evidence (not_met), observability (not_met), ownership (not_met), capacity (not_met)."
P31-REQ-280,Search Infrastructure,not_verified,not_built,infrastructure/configuration version; environment scope; deployment behavior; rollback/recovery evidence; observability; ownership; capacity,security controls; mapped tests,"Document text search runs in PostgreSQL against the records themselves, so there is no separate search infrastructure to operate — and no search infrastructure either. Blocked platform-wide by: infrastructure/configuration version (not_met), environment scope (not_met), deployment behavior (not_met), rollback/recovery evidence (not_met), observability (not_met), ownership (not_met), capacity (not_met)."
P31-REQ-281,Analytics Infrastructure,not_verified,not_built,infrastructure/configuration version; environment scope; deployment behavior; rollback/recovery evidence; observability; ownership; capacity,security controls; mapped tests,"Thirteen live views over the operational tables. No warehouse, no pipeline, no separate compute — P29 recorded this in detail. Blocked platform-wide by: infrastructure/configuration version (not_met), environment scope (not_met), deployment behavior (not_met), rollback/recovery evidence (not_met), observability (not_met), ownership (not_met), capacity (not_met)."
P31-REQ-282,AI Runtime Infrastructure,not_verified,not_built,infrastructure/configuration version; environment scope; deployment behavior; rollback/recovery evidence; observability; ownership; capacity,security controls; mapped tests,"One function calling a provider directly. No model gateway, no routing, no fallback, no inference infrastructure. Blocked platform-wide by: infrastructure/configuration version (not_met), environment scope (not_met), deployment behavior (not_met), rollback/recovery evidence (not_met), observability (not_met), ownership (not_met), capacity (not_met)."
P31-REQ-283,Environment Strategy,not_verified,partial,infrastructure/configuration version; environment scope; deployment behavior; rollback/recovery evidence; observability; ownership; capacity,security controls; mapped tests,"Staging and production are named, the deploy workflow takes one as an input, and a secret matrix states where each credential lives and which two are public by design. No environment has been created. Blocked platform-wide by: infrastructure/configuration version (not_met), environment scope (not_met), deployment behavior (not_met), rollback/recovery evidence (not_met), observability (not_met), ownership (not_met), capacity (not_met)."
P31-REQ-284,Development Environment,not_verified,partial,infrastructure/configuration version; environment scope; deployment behavior; rollback/recovery evidence; observability; ownership; capacity,security controls; mapped tests,"One command installs, one runs the whole gate, and the database suite needs no service and no credentials. There is no seeded local application environment, and 22 of 23 screens read fixtures rather than a local database. Blocked platform-wide by: infrastructure/configuration version (not_met), environment scope (not_met), deployment behavior (not_met), rollback/recovery evidence (not_met), observability (not_met), ownership (not_met), capacity (not_met)."
P31-REQ-285,Test Environment,not_verified,not_built,infrastructure/configuration version; environment scope; deployment behavior; rollback/recovery evidence; observability; ownership; capacity,security controls; mapped tests,"The test 'environment' is PostgreSQL compiled to WebAssembly inside the test process, which is a genuine strength and is not an environment anybody operates. Blocked platform-wide by: infrastructure/configuration version (not_met), environment scope (not_met), deployment behavior (not_met), rollback/recovery evidence (not_met), observability (not_met), ownership (not_met), capacity (not_met)."
P31-REQ-286,Staging Environment,not_verified,not_built,infrastructure/configuration version; environment scope; deployment behavior; rollback/recovery evidence; observability; ownership; capacity,security controls; mapped tests,"Named in a workflow input and never created. Blocked platform-wide by: infrastructure/configuration version (not_met), environment scope (not_met), deployment behavior (not_met), rollback/recovery evidence (not_met), observability (not_met), ownership (not_met), capacity (not_met)."
P31-REQ-287,Production Environment,not_verified,not_built,infrastructure/configuration version; environment scope; deployment behavior; rollback/recovery evidence; observability; ownership; capacity,security controls; mapped tests,"Nothing has been deployed. This is the gate every other operational domain in this phase waits behind. Blocked platform-wide by: infrastructure/configuration version (not_met), environment scope (not_met), deployment behavior (not_met), rollback/recovery evidence (not_met), observability (not_met), ownership (not_met), capacity (not_met)."
P31-REQ-288,Preview Environments,not_verified,not_built,infrastructure/configuration version; environment scope; deployment behavior; rollback/recovery evidence; observability; ownership; capacity,security controls; mapped tests,"None. Blocked platform-wide by: infrastructure/configuration version (not_met), environment scope (not_met), deployment behavior (not_met), rollback/recovery evidence (not_met), observability (not_met), ownership (not_met), capacity (not_met)."
P31-REQ-289,Configuration Management,not_verified,partial,infrastructure/configuration version; environment scope; deployment behavior; rollback/recovery evidence; observability; ownership; capacity,security controls; mapped tests,"`supabase/config.toml` describes the project and the local stack, carries no secret, and states which two functions run without JWT verification and why. Application configuration is per-company in the database and versioned where it is commercial. There is no configuration promotion between environments and no drift detection. Blocked platform-wide by: infrastructure/configuration version (not_met), environment scope (not_met), deployment behavior (not_met), rollback/recovery evidence (not_met), observability (not_met), ownership (not_met), capacity (not_met)."
P31-REQ-290,Secrets Injection,not_verified,partial,infrastructure/configuration version; environment scope; deployment behavior; rollback/recovery evidence; observability; ownership; capacity,security controls; mapped tests,"Secrets live only in Edge Function environment variables, are never in source control, are redacted from logs by shape as well as by name, and since this build the emitted client bundle is scanned for them after every build — by name and by literal shape, with the service-role pattern computed across all three base64 alignments after a hand-written one was found to miss a realistic token. Blocked platform-wide by: infrastructure/configuration version (not_met), environment scope (not_met), deployment behavior (not_met), rollback/recovery evidence (not_met), observability (not_met), ownership (not_met), capacity (not_met)."
P31-REQ-291,Infrastructure as Code,not_verified,not_built,infrastructure/configuration version; environment scope; deployment behavior; rollback/recovery evidence; observability; ownership; capacity,security controls; mapped tests,"No Terraform, no Pulumi, no declarative infrastructure of any kind. Buckets, policies and Stripe products are created by hand from the runbook. Blocked platform-wide by: infrastructure/configuration version (not_met), environment scope (not_met), deployment behavior (not_met), rollback/recovery evidence (not_met), observability (not_met), ownership (not_met), capacity (not_met)."
P31-REQ-292,State Management,not_verified,not_built,infrastructure/configuration version; environment scope; deployment behavior; rollback/recovery evidence; observability; ownership; capacity,security controls; mapped tests,"No distributed state, no session store, no coordination service. Blocked platform-wide by: infrastructure/configuration version (not_met), environment scope (not_met), deployment behavior (not_met), rollback/recovery evidence (not_met), observability (not_met), ownership (not_met), capacity (not_met)."
P31-REQ-293,Policy as Code,not_verified,not_built,infrastructure/configuration version; environment scope; deployment behavior; rollback/recovery evidence; observability; ownership; capacity,security controls; mapped tests,"No policy engine, no admission control, no infrastructure policy. The platform's own rules are enforced in the database, which is a different thing. Blocked platform-wide by: infrastructure/configuration version (not_met), environment scope (not_met), deployment behavior (not_met), rollback/recovery evidence (not_met), observability (not_met), ownership (not_met), capacity (not_met)."
P31-REQ-294,CI Pipelines,not_verified,partial,infrastructure/configuration version; environment scope; deployment behavior; rollback/recovery evidence; observability; ownership; capacity,security controls; mapped tests,"One workflow runs the entire gate — typecheck, four drift checks, six suites, a production build and a bundle secret scan — on every branch and pull request, needing no secrets because the database suite runs PostgreSQL in WebAssembly. A test asserts the pipeline cannot be narrowed to a subset. Blocked platform-wide by: infrastructure/configuration version (not_met), environment scope (not_met), deployment behavior (not_met), rollback/recovery evidence (not_met), observability (not_met), ownership (not_met), capacity (not_met)."
P31-REQ-295,Build Reproducibility,not_verified,partial,infrastructure/configuration version; environment scope; deployment behavior; rollback/recovery evidence; observability; ownership; capacity,security controls; mapped tests,"`npm ci` from a committed lockfile in both workflows, a dependency-free estimating engine, a document renderer that produces identical bytes for identical input, and — since this phase — every Edge Function dependency routed through one import map with the Supabase client pinned to the exact version the browser also runs. What is missing is `deno.lock`: direct dependencies are pinned and their transitives are not. Blocked platform-wide by: infrastructure/configuration version (not_met), environment scope (not_met), deployment behavior (not_met), rollback/recovery evidence (not_met), observability (not_met), ownership (not_met), capacity (not_met)."
P31-REQ-296,Artifact Registry,not_verified,not_built,infrastructure/configuration version; environment scope; deployment behavior; rollback/recovery evidence; observability; ownership; capacity,security controls; mapped tests,"No registry, no versioned artifact, no promotion between environments. Blocked platform-wide by: infrastructure/configuration version (not_met), environment scope (not_met), deployment behavior (not_met), rollback/recovery evidence (not_met), observability (not_met), ownership (not_met), capacity (not_met)."
P31-REQ-297,SBOM & Provenance,not_verified,not_built,infrastructure/configuration version; environment scope; deployment behavior; rollback/recovery evidence; observability; ownership; capacity,security controls; mapped tests,"No software bill of materials and no build provenance. Dependencies are pinned and installed from a lockfile, which is the input to an SBOM rather than one. Blocked platform-wide by: infrastructure/configuration version (not_met), environment scope (not_met), deployment behavior (not_met), rollback/recovery evidence (not_met), observability (not_met), ownership (not_met), capacity (not_met)."
P31-REQ-298,CD Pipelines,not_verified,partial,infrastructure/configuration version; environment scope; deployment behavior; rollback/recovery evidence; observability; ownership; capacity,security controls; mapped tests,"A deployment workflow exists, is dispatched by a person behind a GitHub Environment, re-runs the full gate, lists pending migrations before applying them and deploys each function. Whether it has ever executed is the owner's to see. Blocked platform-wide by: infrastructure/configuration version (not_met), environment scope (not_met), deployment behavior (not_met), rollback/recovery evidence (not_met), observability (not_met), ownership (not_met), capacity (not_met)."
P31-REQ-299,Deployment Strategies,not_verified,not_built,infrastructure/configuration version; environment scope; deployment behavior; rollback/recovery evidence; observability; ownership; capacity,security controls; mapped tests,"A single dispatched deploy. No strategy beyond it. Blocked platform-wide by: infrastructure/configuration version (not_met), environment scope (not_met), deployment behavior (not_met), rollback/recovery evidence (not_met), observability (not_met), ownership (not_met), capacity (not_met)."
P31-REQ-300,Blue/Green Deployments,not_verified,not_built,infrastructure/configuration version; environment scope; deployment behavior; rollback/recovery evidence; observability; ownership; capacity,security controls; mapped tests,"None. Blocked platform-wide by: infrastructure/configuration version (not_met), environment scope (not_met), deployment behavior (not_met), rollback/recovery evidence (not_met), observability (not_met), ownership (not_met), capacity (not_met)."
P31-REQ-301,Canary Releases,not_verified,not_built,infrastructure/configuration version; environment scope; deployment behavior; rollback/recovery evidence; observability; ownership; capacity,security controls; mapped tests,"None. Blocked platform-wide by: infrastructure/configuration version (not_met), environment scope (not_met), deployment behavior (not_met), rollback/recovery evidence (not_met), observability (not_met), ownership (not_met), capacity (not_met)."
P31-REQ-302,Feature Flags,not_verified,not_built,infrastructure/configuration version; environment scope; deployment behavior; rollback/recovery evidence; observability; ownership; capacity,security controls; mapped tests,"None. Entitlements gate capability by plan, which is licensing rather than release control. Blocked platform-wide by: infrastructure/configuration version (not_met), environment scope (not_met), deployment behavior (not_met), rollback/recovery evidence (not_met), observability (not_met), ownership (not_met), capacity (not_met)."
P31-REQ-303,Database Migrations,not_verified,partial,infrastructure/configuration version; environment scope; deployment behavior; rollback/recovery evidence; observability; ownership; capacity,security controls; mapped tests,"The strongest operational thing in the repository: 54 ordered forward-only migrations applied unmodified to real PostgreSQL by the test suite on every run, so a migration that would fail on a real database fails the build instead of a deployment. There is no rollback path — forward-only is the stated design — and no reconciliation of what a data-moving migration actually moved. Blocked platform-wide by: infrastructure/configuration version (not_met), environment scope (not_met), deployment behavior (not_met), rollback/recovery evidence (not_met), observability (not_met), ownership (not_met), capacity (not_met)."
P31-REQ-304,Rollback,not_verified,not_built,infrastructure/configuration version; environment scope; deployment behavior; rollback/recovery evidence; observability; ownership; capacity,security controls; mapped tests,"Forward-only migrations and a manual runbook section. No automated rollback of code or schema. Blocked platform-wide by: infrastructure/configuration version (not_met), environment scope (not_met), deployment behavior (not_met), rollback/recovery evidence (not_met), observability (not_met), ownership (not_met), capacity (not_met)."
P31-REQ-305,Release Approvals,not_verified,not_built,infrastructure/configuration version; environment scope; deployment behavior; rollback/recovery evidence; observability; ownership; capacity,security controls; mapped tests,"The deploy workflow sits behind a GitHub Environment, which is the mechanism; no approval has been configured or given. Blocked platform-wide by: infrastructure/configuration version (not_met), environment scope (not_met), deployment behavior (not_met), rollback/recovery evidence (not_met), observability (not_met), ownership (not_met), capacity (not_met)."
P31-REQ-306,Release Notes,not_verified,not_built,infrastructure/configuration version; environment scope; deployment behavior; rollback/recovery evidence; observability; ownership; capacity,security controls; mapped tests,"None generated. Commit messages carry the reasoning in unusual detail and are not release notes. Blocked platform-wide by: infrastructure/configuration version (not_met), environment scope (not_met), deployment behavior (not_met), rollback/recovery evidence (not_met), observability (not_met), ownership (not_met), capacity (not_met)."
P31-REQ-307,Change Windows,not_verified,not_built,infrastructure/configuration version; environment scope; deployment behavior; rollback/recovery evidence; observability; ownership; capacity,security controls; mapped tests,"None. Blocked platform-wide by: infrastructure/configuration version (not_met), environment scope (not_met), deployment behavior (not_met), rollback/recovery evidence (not_met), observability (not_met), ownership (not_met), capacity (not_met)."
P31-REQ-308,Observability,not_verified,partial,infrastructure/configuration version; environment scope; deployment behavior; rollback/recovery evidence; observability; ownership; capacity,security controls; mapped tests,"Logging, metrics and health are all built and tested and consumed by nothing, because nothing is running. The one observability gap this build closed is in the database rather than the runtime: an audit event now records the request that caused it. Blocked platform-wide by: infrastructure/configuration version (not_met), environment scope (not_met), deployment behavior (not_met), rollback/recovery evidence (not_met), observability (not_met), ownership (not_met), capacity (not_met)."
P31-REQ-309,Structured Logging,not_verified,partial,infrastructure/configuration version; environment scope; deployment behavior; rollback/recovery evidence; observability; ownership; capacity,security controls; mapped tests,"A logger with correlation carried through every line and redaction by field name and value shape applied by default, with 49 tests. Nothing is deployed, so nothing collects it. Blocked platform-wide by: infrastructure/configuration version (not_met), environment scope (not_met), deployment behavior (not_met), rollback/recovery evidence (not_met), observability (not_met), ownership (not_met), capacity (not_met)."
P31-REQ-310,Metrics,not_verified,partial,infrastructure/configuration version; environment scope; deployment behavior; rollback/recovery evidence; observability; ownership; capacity,security controls; mapped tests,"Counters and histograms with bounded low-cardinality labels, so a metric cannot explode into a per-tenant series. Nothing scrapes them. Blocked platform-wide by: infrastructure/configuration version (not_met), environment scope (not_met), deployment behavior (not_met), rollback/recovery evidence (not_met), observability (not_met), ownership (not_met), capacity (not_met)."
P31-REQ-311,Distributed Tracing,not_verified,not_built,infrastructure/configuration version; environment scope; deployment behavior; rollback/recovery evidence; observability; ownership; capacity,security controls; mapped tests,"Correlation is carried through a request's logs and, since P01, into the audit ledger. There is no span, no trace context propagated to a provider and no collector. Blocked platform-wide by: infrastructure/configuration version (not_met), environment scope (not_met), deployment behavior (not_met), rollback/recovery evidence (not_met), observability (not_met), ownership (not_met), capacity (not_met)."
P31-REQ-312,Health Checks,not_verified,partial,infrastructure/configuration version; environment scope; deployment behavior; rollback/recovery evidence; observability; ownership; capacity,security controls; mapped tests,"Startup, readiness, liveness and degraded state are distinguished, each check runs against a deadline so a hanging dependency fails rather than hangs the probe, and the endpoint is deliberately unauthenticated. Nothing probes it. Blocked platform-wide by: infrastructure/configuration version (not_met), environment scope (not_met), deployment behavior (not_met), rollback/recovery evidence (not_met), observability (not_met), ownership (not_met), capacity (not_met)."
P31-REQ-313,SLOs & SLIs,not_verified,not_built,infrastructure/configuration version; environment scope; deployment behavior; rollback/recovery evidence; observability; ownership; capacity,security controls; mapped tests,"None defined. Blocked platform-wide by: infrastructure/configuration version (not_met), environment scope (not_met), deployment behavior (not_met), rollback/recovery evidence (not_met), observability (not_met), ownership (not_met), capacity (not_met)."
P31-REQ-314,Alerting,not_verified,not_built,infrastructure/configuration version; environment scope; deployment behavior; rollback/recovery evidence; observability; ownership; capacity,security controls; mapped tests,"No operational alerting. In-application notifications are notices to users. Blocked platform-wide by: infrastructure/configuration version (not_met), environment scope (not_met), deployment behavior (not_met), rollback/recovery evidence (not_met), observability (not_met), ownership (not_met), capacity (not_met)."
P31-REQ-315,On-Call,not_verified,not_built,infrastructure/configuration version; environment scope; deployment behavior; rollback/recovery evidence; observability; ownership; capacity,security controls; mapped tests,"No rotation, no escalation, no schedule. Blocked platform-wide by: infrastructure/configuration version (not_met), environment scope (not_met), deployment behavior (not_met), rollback/recovery evidence (not_met), observability (not_met), ownership (not_met), capacity (not_met)."
P31-REQ-316,Incident Management,not_verified,not_built,infrastructure/configuration version; environment scope; deployment behavior; rollback/recovery evidence; observability; ownership; capacity,security controls; mapped tests,"No incident record, no severity model, no postmortem. Blocked platform-wide by: infrastructure/configuration version (not_met), environment scope (not_met), deployment behavior (not_met), rollback/recovery evidence (not_met), observability (not_met), ownership (not_met), capacity (not_met)."
P31-REQ-317,Capacity Planning,not_verified,not_built,infrastructure/configuration version; environment scope; deployment behavior; rollback/recovery evidence; observability; ownership; capacity,security controls; mapped tests,"No baseline, no forecast, no headroom measure. Blocked platform-wide by: infrastructure/configuration version (not_met), environment scope (not_met), deployment behavior (not_met), rollback/recovery evidence (not_met), observability (not_met), ownership (not_met), capacity (not_met)."
P31-REQ-318,Autoscaling,not_verified,not_built,infrastructure/configuration version; environment scope; deployment behavior; rollback/recovery evidence; observability; ownership; capacity,security controls; mapped tests,"None. Blocked platform-wide by: infrastructure/configuration version (not_met), environment scope (not_met), deployment behavior (not_met), rollback/recovery evidence (not_met), observability (not_met), ownership (not_met), capacity (not_met)."
P31-REQ-319,Performance Testing,not_verified,not_built,infrastructure/configuration version; environment scope; deployment behavior; rollback/recovery evidence; observability; ownership; capacity,security controls; mapped tests,"No baseline, no budget, no measurement. The one performance improvement this build made — tenant-key indexes on 53 tables — was found by reading the catalog rather than by measuring. Blocked platform-wide by: infrastructure/configuration version (not_met), environment scope (not_met), deployment behavior (not_met), rollback/recovery evidence (not_met), observability (not_met), ownership (not_met), capacity (not_met)."
P31-REQ-320,Load Testing,not_verified,not_built,infrastructure/configuration version; environment scope; deployment behavior; rollback/recovery evidence; observability; ownership; capacity,security controls; mapped tests,"None. Blocked platform-wide by: infrastructure/configuration version (not_met), environment scope (not_met), deployment behavior (not_met), rollback/recovery evidence (not_met), observability (not_met), ownership (not_met), capacity (not_met)."
P31-REQ-321,Caching Strategy,not_verified,not_built,infrastructure/configuration version; environment scope; deployment behavior; rollback/recovery evidence; observability; ownership; capacity,security controls; mapped tests,"None, deliberately: every reporting figure is computed live and a test asserts nothing is materialized. Blocked platform-wide by: infrastructure/configuration version (not_met), environment scope (not_met), deployment behavior (not_met), rollback/recovery evidence (not_met), observability (not_met), ownership (not_met), capacity (not_met)."
P31-REQ-322,Connection Management,not_verified,not_built,infrastructure/configuration version; environment scope; deployment behavior; rollback/recovery evidence; observability; ownership; capacity,security controls; mapped tests,"No pooling policy, no connection budget, no limit the platform sets. Blocked platform-wide by: infrastructure/configuration version (not_met), environment scope (not_met), deployment behavior (not_met), rollback/recovery evidence (not_met), observability (not_met), ownership (not_met), capacity (not_met)."
P31-REQ-323,Rate Limiting,not_verified,partial,infrastructure/configuration version; environment scope; deployment behavior; rollback/recovery evidence; observability; ownership; capacity,security controls; mapped tests,"Plan limits are enforced by count triggers and an AI allowance is checked before a request runs, which is licensing rather than abuse control. There is no request rate limit anywhere — P02 and P20 recorded the same. Blocked platform-wide by: infrastructure/configuration version (not_met), environment scope (not_met), deployment behavior (not_met), rollback/recovery evidence (not_met), observability (not_met), ownership (not_met), capacity (not_met)."
P31-REQ-324,Resilience,not_verified,not_built,infrastructure/configuration version; environment scope; deployment behavior; rollback/recovery evidence; observability; ownership; capacity,security controls; mapped tests,"Several individual failure paths are handled well — a webhook replay collides on the event id and is skipped, a bad signature returns 400 so Stripe stops retrying, entitlement survives a Stripe outage through a materialized grace window — and there is no resilience practice above them. Blocked platform-wide by: infrastructure/configuration version (not_met), environment scope (not_met), deployment behavior (not_met), rollback/recovery evidence (not_met), observability (not_met), ownership (not_met), capacity (not_met)."
P31-REQ-325,Circuit Breakers,not_verified,not_built,infrastructure/configuration version; environment scope; deployment behavior; rollback/recovery evidence; observability; ownership; capacity,security controls; mapped tests,"None. Blocked platform-wide by: infrastructure/configuration version (not_met), environment scope (not_met), deployment behavior (not_met), rollback/recovery evidence (not_met), observability (not_met), ownership (not_met), capacity (not_met)."
P31-REQ-326,Retries & Backoff,not_verified,not_built,infrastructure/configuration version; environment scope; deployment behavior; rollback/recovery evidence; observability; ownership; capacity,security controls; mapped tests,"No retry policy anywhere. The connector framework records runs and does not retry them. Blocked platform-wide by: infrastructure/configuration version (not_met), environment scope (not_met), deployment behavior (not_met), rollback/recovery evidence (not_met), observability (not_met), ownership (not_met), capacity (not_met)."
P31-REQ-327,Timeouts,not_verified,partial,infrastructure/configuration version; environment scope; deployment behavior; rollback/recovery evidence; observability; ownership; capacity,security controls; mapped tests,"Health checks carry per-check deadlines and the AI call carries a timeout. There is no general timeout policy, no budget propagated across calls and no deadline on a database statement. Blocked platform-wide by: infrastructure/configuration version (not_met), environment scope (not_met), deployment behavior (not_met), rollback/recovery evidence (not_met), observability (not_met), ownership (not_met), capacity (not_met)."
P31-REQ-328,Bulkheads,not_verified,not_built,infrastructure/configuration version; environment scope; deployment behavior; rollback/recovery evidence; observability; ownership; capacity,security controls; mapped tests,"None. Blocked platform-wide by: infrastructure/configuration version (not_met), environment scope (not_met), deployment behavior (not_met), rollback/recovery evidence (not_met), observability (not_met), ownership (not_met), capacity (not_met)."
P31-REQ-329,Chaos Testing,not_verified,not_built,infrastructure/configuration version; environment scope; deployment behavior; rollback/recovery evidence; observability; ownership; capacity,security controls; mapped tests,"None. Blocked platform-wide by: infrastructure/configuration version (not_met), environment scope (not_met), deployment behavior (not_met), rollback/recovery evidence (not_met), observability (not_met), ownership (not_met), capacity (not_met)."
P31-REQ-330,Backup,not_verified,not_built,infrastructure/configuration version; environment scope; deployment behavior; rollback/recovery evidence; observability; ownership; capacity,security controls; mapped tests,"No backup of any kind. Blocked platform-wide by: infrastructure/configuration version (not_met), environment scope (not_met), deployment behavior (not_met), rollback/recovery evidence (not_met), observability (not_met), ownership (not_met), capacity (not_met)."
P31-REQ-331,Restore,not_verified,not_built,infrastructure/configuration version; environment scope; deployment behavior; rollback/recovery evidence; observability; ownership; capacity,security controls; mapped tests,"No restore, and therefore no restore test. Blocked platform-wide by: infrastructure/configuration version (not_met), environment scope (not_met), deployment behavior (not_met), rollback/recovery evidence (not_met), observability (not_met), ownership (not_met), capacity (not_met)."
P31-REQ-332,Point-in-Time Recovery,not_verified,not_built,infrastructure/configuration version; environment scope; deployment behavior; rollback/recovery evidence; observability; ownership; capacity,security controls; mapped tests,"None, and no objective stated. Blocked platform-wide by: infrastructure/configuration version (not_met), environment scope (not_met), deployment behavior (not_met), rollback/recovery evidence (not_met), observability (not_met), ownership (not_met), capacity (not_met)."
P31-REQ-333,Disaster Recovery,not_verified,not_built,infrastructure/configuration version; environment scope; deployment behavior; rollback/recovery evidence; observability; ownership; capacity,security controls; mapped tests,"No plan, no exercise, no evidence. Blocked platform-wide by: infrastructure/configuration version (not_met), environment scope (not_met), deployment behavior (not_met), rollback/recovery evidence (not_met), observability (not_met), ownership (not_met), capacity (not_met)."
P31-REQ-334,RTO/RPO,not_verified,not_built,infrastructure/configuration version; environment scope; deployment behavior; rollback/recovery evidence; observability; ownership; capacity,security controls; mapped tests,"No recovery point or time objective is stated anywhere. Blocked platform-wide by: infrastructure/configuration version (not_met), environment scope (not_met), deployment behavior (not_met), rollback/recovery evidence (not_met), observability (not_met), ownership (not_met), capacity (not_met)."
P31-REQ-335,Business Continuity,not_verified,not_built,infrastructure/configuration version; environment scope; deployment behavior; rollback/recovery evidence; observability; ownership; capacity,security controls; mapped tests,"None. Blocked platform-wide by: infrastructure/configuration version (not_met), environment scope (not_met), deployment behavior (not_met), rollback/recovery evidence (not_met), observability (not_met), ownership (not_met), capacity (not_met)."
P31-REQ-336,Multi-Region Recovery,not_verified,not_built,infrastructure/configuration version; environment scope; deployment behavior; rollback/recovery evidence; observability; ownership; capacity,security controls; mapped tests,"None. Blocked platform-wide by: infrastructure/configuration version (not_met), environment scope (not_met), deployment behavior (not_met), rollback/recovery evidence (not_met), observability (not_met), ownership (not_met), capacity (not_met)."
P31-REQ-337,Operational Runbooks,not_verified,not_built,infrastructure/configuration version; environment scope; deployment behavior; rollback/recovery evidence; observability; ownership; capacity,security controls; mapped tests,"A deployment runbook exists. There is no operational runbook for anything that runs. Blocked platform-wide by: infrastructure/configuration version (not_met), environment scope (not_met), deployment behavior (not_met), rollback/recovery evidence (not_met), observability (not_met), ownership (not_met), capacity (not_met)."
P31-REQ-338,Maintenance Windows,not_verified,not_built,infrastructure/configuration version; environment scope; deployment behavior; rollback/recovery evidence; observability; ownership; capacity,security controls; mapped tests,"None. Blocked platform-wide by: infrastructure/configuration version (not_met), environment scope (not_met), deployment behavior (not_met), rollback/recovery evidence (not_met), observability (not_met), ownership (not_met), capacity (not_met)."
P31-REQ-339,Patch Management,not_verified,not_built,infrastructure/configuration version; environment scope; deployment behavior; rollback/recovery evidence; observability; ownership; capacity,security controls; mapped tests,"No patch process, no vulnerability scan, no schedule. Blocked platform-wide by: infrastructure/configuration version (not_met), environment scope (not_met), deployment behavior (not_met), rollback/recovery evidence (not_met), observability (not_met), ownership (not_met), capacity (not_met)."
P31-REQ-340,Dependency Updates,not_verified,partial,infrastructure/configuration version; environment scope; deployment behavior; rollback/recovery evidence; observability; ownership; capacity,security controls; mapped tests,"Direct dependencies are pinned and installed from a lockfile, and this phase pinned the Edge Function imports that were floating on a major. There is no update process: no schedule, no automated bump, no vulnerability scan. Blocked platform-wide by: infrastructure/configuration version (not_met), environment scope (not_met), deployment behavior (not_met), rollback/recovery evidence (not_met), observability (not_met), ownership (not_met), capacity (not_met)."
P31-REQ-341,Operational Access,not_verified,not_built,infrastructure/configuration version; environment scope; deployment behavior; rollback/recovery evidence; observability; ownership; capacity,security controls; mapped tests,"No break-glass, no elevation, no session recording — P01 recorded the same. Blocked platform-wide by: infrastructure/configuration version (not_met), environment scope (not_met), deployment behavior (not_met), rollback/recovery evidence (not_met), observability (not_met), ownership (not_met), capacity (not_met)."
P31-REQ-342,Production Support,not_verified,not_built,infrastructure/configuration version; environment scope; deployment behavior; rollback/recovery evidence; observability; ownership; capacity,security controls; mapped tests,"No support model, no ticket, no queue, no tier. Blocked platform-wide by: infrastructure/configuration version (not_met), environment scope (not_met), deployment behavior (not_met), rollback/recovery evidence (not_met), observability (not_met), ownership (not_met), capacity (not_met)."
P31-REQ-343,FinOps,not_verified,not_built,infrastructure/configuration version; environment scope; deployment behavior; rollback/recovery evidence; observability; ownership; capacity,security controls; mapped tests,"None. Blocked platform-wide by: infrastructure/configuration version (not_met), environment scope (not_met), deployment behavior (not_met), rollback/recovery evidence (not_met), observability (not_met), ownership (not_met), capacity (not_met)."
P31-REQ-344,Cloud Cost Allocation,not_verified,not_built,infrastructure/configuration version; environment scope; deployment behavior; rollback/recovery evidence; observability; ownership; capacity,security controls; mapped tests,"No cloud spend to allocate. AI usage is metered per company, which is the one cost the platform attributes. Blocked platform-wide by: infrastructure/configuration version (not_met), environment scope (not_met), deployment behavior (not_met), rollback/recovery evidence (not_met), observability (not_met), ownership (not_met), capacity (not_met)."
P31-REQ-345,Cost Budgets,not_verified,not_built,infrastructure/configuration version; environment scope; deployment behavior; rollback/recovery evidence; observability; ownership; capacity,security controls; mapped tests,"None. Blocked platform-wide by: infrastructure/configuration version (not_met), environment scope (not_met), deployment behavior (not_met), rollback/recovery evidence (not_met), observability (not_met), ownership (not_met), capacity (not_met)."
P31-REQ-346,Resource Tagging,not_verified,not_built,infrastructure/configuration version; environment scope; deployment behavior; rollback/recovery evidence; observability; ownership; capacity,security controls; mapped tests,"No cloud resources to tag. Blocked platform-wide by: infrastructure/configuration version (not_met), environment scope (not_met), deployment behavior (not_met), rollback/recovery evidence (not_met), observability (not_met), ownership (not_met), capacity (not_met)."
P31-REQ-347,Environment Cleanup,not_verified,not_built,infrastructure/configuration version; environment scope; deployment behavior; rollback/recovery evidence; observability; ownership; capacity,security controls; mapped tests,"Nothing to clean up. Blocked platform-wide by: infrastructure/configuration version (not_met), environment scope (not_met), deployment behavior (not_met), rollback/recovery evidence (not_met), observability (not_met), ownership (not_met), capacity (not_met)."
P31-REQ-348,Release Evidence,not_verified,not_built,infrastructure/configuration version; environment scope; deployment behavior; rollback/recovery evidence; observability; ownership; capacity,security controls; mapped tests,"Nothing is produced by a release because nothing has been released. Blocked platform-wide by: infrastructure/configuration version (not_met), environment scope (not_met), deployment behavior (not_met), rollback/recovery evidence (not_met), observability (not_met), ownership (not_met), capacity (not_met)."
P31-REQ-349,Deployment Audit,not_verified,not_built,infrastructure/configuration version; environment scope; deployment behavior; rollback/recovery evidence; observability; ownership; capacity,security controls; mapped tests,"No deployment has occurred to audit. The database audit ledger covers data rather than deployments. Blocked platform-wide by: infrastructure/configuration version (not_met), environment scope (not_met), deployment behavior (not_met), rollback/recovery evidence (not_met), observability (not_met), ownership (not_met), capacity (not_met)."
P31-REQ-350,Service Catalog,not_verified,not_built,infrastructure/configuration version; environment scope; deployment behavior; rollback/recovery evidence; observability; ownership; capacity,security controls; mapped tests,"No service catalog. `governance/registry.json` catalogs tables, engines and agents rather than running services. Blocked platform-wide by: infrastructure/configuration version (not_met), environment scope (not_met), deployment behavior (not_met), rollback/recovery evidence (not_met), observability (not_met), ownership (not_met), capacity (not_met)."
P31-REQ-351,Operational Ownership,not_verified,not_built,infrastructure/configuration version; environment scope; deployment behavior; rollback/recovery evidence; observability; ownership; capacity,security controls; mapped tests,"Nothing has an owner. Four phases have now found this independently. Blocked platform-wide by: infrastructure/configuration version (not_met), environment scope (not_met), deployment behavior (not_met), rollback/recovery evidence (not_met), observability (not_met), ownership (not_met), capacity (not_met)."
P31-REQ-352,Platform Reliability,not_verified,not_built,infrastructure/configuration version; environment scope; deployment behavior; rollback/recovery evidence; observability; ownership; capacity,security controls; mapped tests,"No service level objective, no error budget, no reliability practice. Blocked platform-wide by: infrastructure/configuration version (not_met), environment scope (not_met), deployment behavior (not_met), rollback/recovery evidence (not_met), observability (not_met), ownership (not_met), capacity (not_met)."
P31-REQ-353,Production Architecture,not_verified,not_built,infrastructure/configuration version; environment scope; deployment behavior; rollback/recovery evidence; observability; ownership; capacity,security controls; mapped tests,"There is no production architecture because there is no production. The intended shape is described in the deployment documentation and has never been instantiated. Blocked platform-wide by: infrastructure/configuration version (not_met), environment scope (not_met), deployment behavior (not_met), rollback/recovery evidence (not_met), observability (not_met), ownership (not_met), capacity (not_met)."
P31-REQ-354,Cloud Provider Abstraction,not_verified,not_built,infrastructure/configuration version; environment scope; deployment behavior; rollback/recovery evidence; observability; ownership; capacity,security controls; mapped tests,"None, and none intended — the platform is written to Supabase and Stripe directly. Blocked platform-wide by: infrastructure/configuration version (not_met), environment scope (not_met), deployment behavior (not_met), rollback/recovery evidence (not_met), observability (not_met), ownership (not_met), capacity (not_met)."
P31-REQ-355,Regions & Availability Zones,not_verified,not_built,infrastructure/configuration version; environment scope; deployment behavior; rollback/recovery evidence; observability; ownership; capacity,security controls; mapped tests,"Single region, no zone awareness, no residency model. Blocked platform-wide by: infrastructure/configuration version (not_met), environment scope (not_met), deployment behavior (not_met), rollback/recovery evidence (not_met), observability (not_met), ownership (not_met), capacity (not_met)."
P31-REQ-356,Network Topology,not_verified,not_built,infrastructure/configuration version; environment scope; deployment behavior; rollback/recovery evidence; observability; ownership; capacity,security controls; mapped tests,"No network the platform defines. Blocked platform-wide by: infrastructure/configuration version (not_met), environment scope (not_met), deployment behavior (not_met), rollback/recovery evidence (not_met), observability (not_met), ownership (not_met), capacity (not_met)."
P31-REQ-357,Ingress & Edge,not_verified,not_built,infrastructure/configuration version; environment scope; deployment behavior; rollback/recovery evidence; observability; ownership; capacity,security controls; mapped tests,"No ingress the platform controls, no WAF, no edge rules. Blocked platform-wide by: infrastructure/configuration version (not_met), environment scope (not_met), deployment behavior (not_met), rollback/recovery evidence (not_met), observability (not_met), ownership (not_met), capacity (not_met)."
P31-REQ-358,DNS,not_verified,not_built,infrastructure/configuration version; environment scope; deployment behavior; rollback/recovery evidence; observability; ownership; capacity,security controls; mapped tests,"No managed DNS, no custom domain. Blocked platform-wide by: infrastructure/configuration version (not_met), environment scope (not_met), deployment behavior (not_met), rollback/recovery evidence (not_met), observability (not_met), ownership (not_met), capacity (not_met)."
P31-REQ-359,TLS Certificates,not_verified,not_built,infrastructure/configuration version; environment scope; deployment behavior; rollback/recovery evidence; observability; ownership; capacity,security controls; mapped tests,"Provided by the host; nothing here manages, rotates or monitors one. Blocked platform-wide by: infrastructure/configuration version (not_met), environment scope (not_met), deployment behavior (not_met), rollback/recovery evidence (not_met), observability (not_met), ownership (not_met), capacity (not_met)."
P31-REQ-360,Load Balancing,not_verified,not_built,infrastructure/configuration version; environment scope; deployment behavior; rollback/recovery evidence; observability; ownership; capacity,security controls; mapped tests,"None. Blocked platform-wide by: infrastructure/configuration version (not_met), environment scope (not_met), deployment behavior (not_met), rollback/recovery evidence (not_met), observability (not_met), ownership (not_met), capacity (not_met)."
P31-REQ-361,Application Runtime,not_verified,not_built,infrastructure/configuration version; environment scope; deployment behavior; rollback/recovery evidence; observability; ownership; capacity,security controls; mapped tests,"No runtime the platform operates: the bundle is served by a host and the functions by a provider. Blocked platform-wide by: infrastructure/configuration version (not_met), environment scope (not_met), deployment behavior (not_met), rollback/recovery evidence (not_met), observability (not_met), ownership (not_met), capacity (not_met)."
P31-REQ-362,Container Runtime,not_verified,not_built,infrastructure/configuration version; environment scope; deployment behavior; rollback/recovery evidence; observability; ownership; capacity,security controls; mapped tests,"No container image and no orchestration. The application is a static bundle and a set of Edge Functions. Blocked platform-wide by: infrastructure/configuration version (not_met), environment scope (not_met), deployment behavior (not_met), rollback/recovery evidence (not_met), observability (not_met), ownership (not_met), capacity (not_met)."
P31-REQ-363,Serverless/Worker Runtime,not_verified,partial,infrastructure/configuration version; environment scope; deployment behavior; rollback/recovery evidence; observability; ownership; capacity,security controls; mapped tests,"Edge Functions are the runtime and they are real code with real tests. There is no worker, no queue consumer and no scheduled invocation — nothing runs except in response to a request. Blocked platform-wide by: infrastructure/configuration version (not_met), environment scope (not_met), deployment behavior (not_met), rollback/recovery evidence (not_met), observability (not_met), ownership (not_met), capacity (not_met)."
P31-REQ-364,Database Infrastructure,not_verified,partial,infrastructure/configuration version; environment scope; deployment behavior; rollback/recovery evidence; observability; ownership; capacity,security controls; mapped tests,"137 tables with forced row level security, tenant-key indexes since P03, non-overlapping period constraints, exclusion constraints, generated columns and 54 migrations behind them. It is a schema rather than infrastructure: no replica, no pooling policy, no failover, no capacity plan. Blocked platform-wide by: infrastructure/configuration version (not_met), environment scope (not_met), deployment behavior (not_met), rollback/recovery evidence (not_met), observability (not_met), ownership (not_met), capacity (not_met)."
P31-REQ-365,Cache Infrastructure,not_verified,not_built,infrastructure/configuration version; environment scope; deployment behavior; rollback/recovery evidence; observability; ownership; capacity,security controls; mapped tests,"No cache — which P02 records as satisfying its own criterion, because a cache that does not exist cannot corrupt source data. Blocked platform-wide by: infrastructure/configuration version (not_met), environment scope (not_met), deployment behavior (not_met), rollback/recovery evidence (not_met), observability (not_met), ownership (not_met), capacity (not_met)."
P31-REQ-366,Queue Infrastructure,not_verified,not_built,infrastructure/configuration version; environment scope; deployment behavior; rollback/recovery evidence; observability; ownership; capacity,security controls; mapped tests,"No queue, no broker, no consumer. Blocked platform-wide by: infrastructure/configuration version (not_met), environment scope (not_met), deployment behavior (not_met), rollback/recovery evidence (not_met), observability (not_met), ownership (not_met), capacity (not_met)."
P31-REQ-367,Object Storage,not_verified,not_built,infrastructure/configuration version; environment scope; deployment behavior; rollback/recovery evidence; observability; ownership; capacity,security controls; mapped tests,"Storage paths are recorded on documents, surfaces and machine control files; no bucket is provisioned, no lifecycle rule exists and nothing has been uploaded. Blocked platform-wide by: infrastructure/configuration version (not_met), environment scope (not_met), deployment behavior (not_met), rollback/recovery evidence (not_met), observability (not_met), ownership (not_met), capacity (not_met)."
P31-REQ-368,Search Infrastructure,not_verified,not_built,infrastructure/configuration version; environment scope; deployment behavior; rollback/recovery evidence; observability; ownership; capacity,security controls; mapped tests,"Document text search runs in PostgreSQL against the records themselves, so there is no separate search infrastructure to operate — and no search infrastructure either. Blocked platform-wide by: infrastructure/configuration version (not_met), environment scope (not_met), deployment behavior (not_met), rollback/recovery evidence (not_met), observability (not_met), ownership (not_met), capacity (not_met)."
P31-REQ-369,Analytics Infrastructure,not_verified,not_built,infrastructure/configuration version; environment scope; deployment behavior; rollback/recovery evidence; observability; ownership; capacity,security controls; mapped tests,"Thirteen live views over the operational tables. No warehouse, no pipeline, no separate compute — P29 recorded this in detail. Blocked platform-wide by: infrastructure/configuration version (not_met), environment scope (not_met), deployment behavior (not_met), rollback/recovery evidence (not_met), observability (not_met), ownership (not_met), capacity (not_met)."
P31-REQ-370,AI Runtime Infrastructure,not_verified,not_built,infrastructure/configuration version; environment scope; deployment behavior; rollback/recovery evidence; observability; ownership; capacity,security controls; mapped tests,"One function calling a provider directly. No model gateway, no routing, no fallback, no inference infrastructure. Blocked platform-wide by: infrastructure/configuration version (not_met), environment scope (not_met), deployment behavior (not_met), rollback/recovery evidence (not_met), observability (not_met), ownership (not_met), capacity (not_met)."
P31-REQ-371,Environment Strategy,not_verified,partial,infrastructure/configuration version; environment scope; deployment behavior; rollback/recovery evidence; observability; ownership; capacity,security controls; mapped tests,"Staging and production are named, the deploy workflow takes one as an input, and a secret matrix states where each credential lives and which two are public by design. No environment has been created. Blocked platform-wide by: infrastructure/configuration version (not_met), environment scope (not_met), deployment behavior (not_met), rollback/recovery evidence (not_met), observability (not_met), ownership (not_met), capacity (not_met)."
P31-REQ-372,Development Environment,not_verified,partial,infrastructure/configuration version; environment scope; deployment behavior; rollback/recovery evidence; observability; ownership; capacity,security controls; mapped tests,"One command installs, one runs the whole gate, and the database suite needs no service and no credentials. There is no seeded local application environment, and 22 of 23 screens read fixtures rather than a local database. Blocked platform-wide by: infrastructure/configuration version (not_met), environment scope (not_met), deployment behavior (not_met), rollback/recovery evidence (not_met), observability (not_met), ownership (not_met), capacity (not_met)."
P31-REQ-373,Test Environment,not_verified,not_built,infrastructure/configuration version; environment scope; deployment behavior; rollback/recovery evidence; observability; ownership; capacity,security controls; mapped tests,"The test 'environment' is PostgreSQL compiled to WebAssembly inside the test process, which is a genuine strength and is not an environment anybody operates. Blocked platform-wide by: infrastructure/configuration version (not_met), environment scope (not_met), deployment behavior (not_met), rollback/recovery evidence (not_met), observability (not_met), ownership (not_met), capacity (not_met)."
P31-REQ-374,Staging Environment,not_verified,not_built,infrastructure/configuration version; environment scope; deployment behavior; rollback/recovery evidence; observability; ownership; capacity,security controls; mapped tests,"Named in a workflow input and never created. Blocked platform-wide by: infrastructure/configuration version (not_met), environment scope (not_met), deployment behavior (not_met), rollback/recovery evidence (not_met), observability (not_met), ownership (not_met), capacity (not_met)."
P31-REQ-375,Production Environment,not_verified,not_built,infrastructure/configuration version; environment scope; deployment behavior; rollback/recovery evidence; observability; ownership; capacity,security controls; mapped tests,"Nothing has been deployed. This is the gate every other operational domain in this phase waits behind. Blocked platform-wide by: infrastructure/configuration version (not_met), environment scope (not_met), deployment behavior (not_met), rollback/recovery evidence (not_met), observability (not_met), ownership (not_met), capacity (not_met)."
P31-REQ-376,Preview Environments,not_verified,not_built,infrastructure/configuration version; environment scope; deployment behavior; rollback/recovery evidence; observability; ownership; capacity,security controls; mapped tests,"None. Blocked platform-wide by: infrastructure/configuration version (not_met), environment scope (not_met), deployment behavior (not_met), rollback/recovery evidence (not_met), observability (not_met), ownership (not_met), capacity (not_met)."
P31-REQ-377,Configuration Management,not_verified,partial,infrastructure/configuration version; environment scope; deployment behavior; rollback/recovery evidence; observability; ownership; capacity,security controls; mapped tests,"`supabase/config.toml` describes the project and the local stack, carries no secret, and states which two functions run without JWT verification and why. Application configuration is per-company in the database and versioned where it is commercial. There is no configuration promotion between environments and no drift detection. Blocked platform-wide by: infrastructure/configuration version (not_met), environment scope (not_met), deployment behavior (not_met), rollback/recovery evidence (not_met), observability (not_met), ownership (not_met), capacity (not_met)."
P31-REQ-378,Secrets Injection,not_verified,partial,infrastructure/configuration version; environment scope; deployment behavior; rollback/recovery evidence; observability; ownership; capacity,security controls; mapped tests,"Secrets live only in Edge Function environment variables, are never in source control, are redacted from logs by shape as well as by name, and since this build the emitted client bundle is scanned for them after every build — by name and by literal shape, with the service-role pattern computed across all three base64 alignments after a hand-written one was found to miss a realistic token. Blocked platform-wide by: infrastructure/configuration version (not_met), environment scope (not_met), deployment behavior (not_met), rollback/recovery evidence (not_met), observability (not_met), ownership (not_met), capacity (not_met)."
P31-REQ-379,Infrastructure as Code,not_verified,not_built,infrastructure/configuration version; environment scope; deployment behavior; rollback/recovery evidence; observability; ownership; capacity,security controls; mapped tests,"No Terraform, no Pulumi, no declarative infrastructure of any kind. Buckets, policies and Stripe products are created by hand from the runbook. Blocked platform-wide by: infrastructure/configuration version (not_met), environment scope (not_met), deployment behavior (not_met), rollback/recovery evidence (not_met), observability (not_met), ownership (not_met), capacity (not_met)."
P31-REQ-380,State Management,not_verified,not_built,infrastructure/configuration version; environment scope; deployment behavior; rollback/recovery evidence; observability; ownership; capacity,security controls; mapped tests,"No distributed state, no session store, no coordination service. Blocked platform-wide by: infrastructure/configuration version (not_met), environment scope (not_met), deployment behavior (not_met), rollback/recovery evidence (not_met), observability (not_met), ownership (not_met), capacity (not_met)."
P31-REQ-381,Policy as Code,not_verified,not_built,infrastructure/configuration version; environment scope; deployment behavior; rollback/recovery evidence; observability; ownership; capacity,security controls; mapped tests,"No policy engine, no admission control, no infrastructure policy. The platform's own rules are enforced in the database, which is a different thing. Blocked platform-wide by: infrastructure/configuration version (not_met), environment scope (not_met), deployment behavior (not_met), rollback/recovery evidence (not_met), observability (not_met), ownership (not_met), capacity (not_met)."
P31-REQ-382,CI Pipelines,not_verified,partial,infrastructure/configuration version; environment scope; deployment behavior; rollback/recovery evidence; observability; ownership; capacity,security controls; mapped tests,"One workflow runs the entire gate — typecheck, four drift checks, six suites, a production build and a bundle secret scan — on every branch and pull request, needing no secrets because the database suite runs PostgreSQL in WebAssembly. A test asserts the pipeline cannot be narrowed to a subset. Blocked platform-wide by: infrastructure/configuration version (not_met), environment scope (not_met), deployment behavior (not_met), rollback/recovery evidence (not_met), observability (not_met), ownership (not_met), capacity (not_met)."
P31-REQ-383,Build Reproducibility,not_verified,partial,infrastructure/configuration version; environment scope; deployment behavior; rollback/recovery evidence; observability; ownership; capacity,security controls; mapped tests,"`npm ci` from a committed lockfile in both workflows, a dependency-free estimating engine, a document renderer that produces identical bytes for identical input, and — since this phase — every Edge Function dependency routed through one import map with the Supabase client pinned to the exact version the browser also runs. What is missing is `deno.lock`: direct dependencies are pinned and their transitives are not. Blocked platform-wide by: infrastructure/configuration version (not_met), environment scope (not_met), deployment behavior (not_met), rollback/recovery evidence (not_met), observability (not_met), ownership (not_met), capacity (not_met)."
P31-REQ-384,Artifact Registry,not_verified,not_built,infrastructure/configuration version; environment scope; deployment behavior; rollback/recovery evidence; observability; ownership; capacity,security controls; mapped tests,"No registry, no versioned artifact, no promotion between environments. Blocked platform-wide by: infrastructure/configuration version (not_met), environment scope (not_met), deployment behavior (not_met), rollback/recovery evidence (not_met), observability (not_met), ownership (not_met), capacity (not_met)."
P31-REQ-385,SBOM & Provenance,not_verified,not_built,infrastructure/configuration version; environment scope; deployment behavior; rollback/recovery evidence; observability; ownership; capacity,security controls; mapped tests,"No software bill of materials and no build provenance. Dependencies are pinned and installed from a lockfile, which is the input to an SBOM rather than one. Blocked platform-wide by: infrastructure/configuration version (not_met), environment scope (not_met), deployment behavior (not_met), rollback/recovery evidence (not_met), observability (not_met), ownership (not_met), capacity (not_met)."
P31-REQ-386,CD Pipelines,not_verified,partial,infrastructure/configuration version; environment scope; deployment behavior; rollback/recovery evidence; observability; ownership; capacity,security controls; mapped tests,"A deployment workflow exists, is dispatched by a person behind a GitHub Environment, re-runs the full gate, lists pending migrations before applying them and deploys each function. Whether it has ever executed is the owner's to see. Blocked platform-wide by: infrastructure/configuration version (not_met), environment scope (not_met), deployment behavior (not_met), rollback/recovery evidence (not_met), observability (not_met), ownership (not_met), capacity (not_met)."
P31-REQ-387,Deployment Strategies,not_verified,not_built,infrastructure/configuration version; environment scope; deployment behavior; rollback/recovery evidence; observability; ownership; capacity,security controls; mapped tests,"A single dispatched deploy. No strategy beyond it. Blocked platform-wide by: infrastructure/configuration version (not_met), environment scope (not_met), deployment behavior (not_met), rollback/recovery evidence (not_met), observability (not_met), ownership (not_met), capacity (not_met)."
P31-REQ-388,Blue/Green Deployments,not_verified,not_built,infrastructure/configuration version; environment scope; deployment behavior; rollback/recovery evidence; observability; ownership; capacity,security controls; mapped tests,"None. Blocked platform-wide by: infrastructure/configuration version (not_met), environment scope (not_met), deployment behavior (not_met), rollback/recovery evidence (not_met), observability (not_met), ownership (not_met), capacity (not_met)."
P31-REQ-389,Canary Releases,not_verified,not_built,infrastructure/configuration version; environment scope; deployment behavior; rollback/recovery evidence; observability; ownership; capacity,security controls; mapped tests,"None. Blocked platform-wide by: infrastructure/configuration version (not_met), environment scope (not_met), deployment behavior (not_met), rollback/recovery evidence (not_met), observability (not_met), ownership (not_met), capacity (not_met)."
P31-REQ-390,Feature Flags,not_verified,not_built,infrastructure/configuration version; environment scope; deployment behavior; rollback/recovery evidence; observability; ownership; capacity,security controls; mapped tests,"None. Entitlements gate capability by plan, which is licensing rather than release control. Blocked platform-wide by: infrastructure/configuration version (not_met), environment scope (not_met), deployment behavior (not_met), rollback/recovery evidence (not_met), observability (not_met), ownership (not_met), capacity (not_met)."
P31-REQ-391,Database Migrations,not_verified,partial,infrastructure/configuration version; environment scope; deployment behavior; rollback/recovery evidence; observability; ownership; capacity,security controls; mapped tests,"The strongest operational thing in the repository: 54 ordered forward-only migrations applied unmodified to real PostgreSQL by the test suite on every run, so a migration that would fail on a real database fails the build instead of a deployment. There is no rollback path — forward-only is the stated design — and no reconciliation of what a data-moving migration actually moved. Blocked platform-wide by: infrastructure/configuration version (not_met), environment scope (not_met), deployment behavior (not_met), rollback/recovery evidence (not_met), observability (not_met), ownership (not_met), capacity (not_met)."
P31-REQ-392,Rollback,not_verified,not_built,infrastructure/configuration version; environment scope; deployment behavior; rollback/recovery evidence; observability; ownership; capacity,security controls; mapped tests,"Forward-only migrations and a manual runbook section. No automated rollback of code or schema. Blocked platform-wide by: infrastructure/configuration version (not_met), environment scope (not_met), deployment behavior (not_met), rollback/recovery evidence (not_met), observability (not_met), ownership (not_met), capacity (not_met)."
P31-REQ-393,Release Approvals,not_verified,not_built,infrastructure/configuration version; environment scope; deployment behavior; rollback/recovery evidence; observability; ownership; capacity,security controls; mapped tests,"The deploy workflow sits behind a GitHub Environment, which is the mechanism; no approval has been configured or given. Blocked platform-wide by: infrastructure/configuration version (not_met), environment scope (not_met), deployment behavior (not_met), rollback/recovery evidence (not_met), observability (not_met), ownership (not_met), capacity (not_met)."
P31-REQ-394,Release Notes,not_verified,not_built,infrastructure/configuration version; environment scope; deployment behavior; rollback/recovery evidence; observability; ownership; capacity,security controls; mapped tests,"None generated. Commit messages carry the reasoning in unusual detail and are not release notes. Blocked platform-wide by: infrastructure/configuration version (not_met), environment scope (not_met), deployment behavior (not_met), rollback/recovery evidence (not_met), observability (not_met), ownership (not_met), capacity (not_met)."
P31-REQ-395,Change Windows,not_verified,not_built,infrastructure/configuration version; environment scope; deployment behavior; rollback/recovery evidence; observability; ownership; capacity,security controls; mapped tests,"None. Blocked platform-wide by: infrastructure/configuration version (not_met), environment scope (not_met), deployment behavior (not_met), rollback/recovery evidence (not_met), observability (not_met), ownership (not_met), capacity (not_met)."
P31-REQ-396,Observability,not_verified,partial,infrastructure/configuration version; environment scope; deployment behavior; rollback/recovery evidence; observability; ownership; capacity,security controls; mapped tests,"Logging, metrics and health are all built and tested and consumed by nothing, because nothing is running. The one observability gap this build closed is in the database rather than the runtime: an audit event now records the request that caused it. Blocked platform-wide by: infrastructure/configuration version (not_met), environment scope (not_met), deployment behavior (not_met), rollback/recovery evidence (not_met), observability (not_met), ownership (not_met), capacity (not_met)."
P31-REQ-397,Structured Logging,not_verified,partial,infrastructure/configuration version; environment scope; deployment behavior; rollback/recovery evidence; observability; ownership; capacity,security controls; mapped tests,"A logger with correlation carried through every line and redaction by field name and value shape applied by default, with 49 tests. Nothing is deployed, so nothing collects it. Blocked platform-wide by: infrastructure/configuration version (not_met), environment scope (not_met), deployment behavior (not_met), rollback/recovery evidence (not_met), observability (not_met), ownership (not_met), capacity (not_met)."
P31-REQ-398,Metrics,not_verified,partial,infrastructure/configuration version; environment scope; deployment behavior; rollback/recovery evidence; observability; ownership; capacity,security controls; mapped tests,"Counters and histograms with bounded low-cardinality labels, so a metric cannot explode into a per-tenant series. Nothing scrapes them. Blocked platform-wide by: infrastructure/configuration version (not_met), environment scope (not_met), deployment behavior (not_met), rollback/recovery evidence (not_met), observability (not_met), ownership (not_met), capacity (not_met)."
P31-REQ-399,Distributed Tracing,not_verified,not_built,infrastructure/configuration version; environment scope; deployment behavior; rollback/recovery evidence; observability; ownership; capacity,security controls; mapped tests,"Correlation is carried through a request's logs and, since P01, into the audit ledger. There is no span, no trace context propagated to a provider and no collector. Blocked platform-wide by: infrastructure/configuration version (not_met), environment scope (not_met), deployment behavior (not_met), rollback/recovery evidence (not_met), observability (not_met), ownership (not_met), capacity (not_met)."
P31-REQ-400,Health Checks,not_verified,partial,infrastructure/configuration version; environment scope; deployment behavior; rollback/recovery evidence; observability; ownership; capacity,security controls; mapped tests,"Startup, readiness, liveness and degraded state are distinguished, each check runs against a deadline so a hanging dependency fails rather than hangs the probe, and the endpoint is deliberately unauthenticated. Nothing probes it. Blocked platform-wide by: infrastructure/configuration version (not_met), environment scope (not_met), deployment behavior (not_met), rollback/recovery evidence (not_met), observability (not_met), ownership (not_met), capacity (not_met)."
P31-REQ-401,SLOs & SLIs,not_verified,not_built,infrastructure/configuration version; environment scope; deployment behavior; rollback/recovery evidence; observability; ownership; capacity,security controls; mapped tests,"None defined. Blocked platform-wide by: infrastructure/configuration version (not_met), environment scope (not_met), deployment behavior (not_met), rollback/recovery evidence (not_met), observability (not_met), ownership (not_met), capacity (not_met)."
P31-REQ-402,Alerting,not_verified,not_built,infrastructure/configuration version; environment scope; deployment behavior; rollback/recovery evidence; observability; ownership; capacity,security controls; mapped tests,"No operational alerting. In-application notifications are notices to users. Blocked platform-wide by: infrastructure/configuration version (not_met), environment scope (not_met), deployment behavior (not_met), rollback/recovery evidence (not_met), observability (not_met), ownership (not_met), capacity (not_met)."
P31-REQ-403,On-Call,not_verified,not_built,infrastructure/configuration version; environment scope; deployment behavior; rollback/recovery evidence; observability; ownership; capacity,security controls; mapped tests,"No rotation, no escalation, no schedule. Blocked platform-wide by: infrastructure/configuration version (not_met), environment scope (not_met), deployment behavior (not_met), rollback/recovery evidence (not_met), observability (not_met), ownership (not_met), capacity (not_met)."
P31-REQ-404,Incident Management,not_verified,not_built,infrastructure/configuration version; environment scope; deployment behavior; rollback/recovery evidence; observability; ownership; capacity,security controls; mapped tests,"No incident record, no severity model, no postmortem. Blocked platform-wide by: infrastructure/configuration version (not_met), environment scope (not_met), deployment behavior (not_met), rollback/recovery evidence (not_met), observability (not_met), ownership (not_met), capacity (not_met)."
P31-REQ-405,Capacity Planning,not_verified,not_built,infrastructure/configuration version; environment scope; deployment behavior; rollback/recovery evidence; observability; ownership; capacity,security controls; mapped tests,"No baseline, no forecast, no headroom measure. Blocked platform-wide by: infrastructure/configuration version (not_met), environment scope (not_met), deployment behavior (not_met), rollback/recovery evidence (not_met), observability (not_met), ownership (not_met), capacity (not_met)."
P31-REQ-406,Autoscaling,not_verified,not_built,infrastructure/configuration version; environment scope; deployment behavior; rollback/recovery evidence; observability; ownership; capacity,security controls; mapped tests,"None. Blocked platform-wide by: infrastructure/configuration version (not_met), environment scope (not_met), deployment behavior (not_met), rollback/recovery evidence (not_met), observability (not_met), ownership (not_met), capacity (not_met)."
P31-REQ-407,Performance Testing,not_verified,not_built,infrastructure/configuration version; environment scope; deployment behavior; rollback/recovery evidence; observability; ownership; capacity,security controls; mapped tests,"No baseline, no budget, no measurement. The one performance improvement this build made — tenant-key indexes on 53 tables — was found by reading the catalog rather than by measuring. Blocked platform-wide by: infrastructure/configuration version (not_met), environment scope (not_met), deployment behavior (not_met), rollback/recovery evidence (not_met), observability (not_met), ownership (not_met), capacity (not_met)."
P31-REQ-408,Load Testing,not_verified,not_built,infrastructure/configuration version; environment scope; deployment behavior; rollback/recovery evidence; observability; ownership; capacity,security controls; mapped tests,"None. Blocked platform-wide by: infrastructure/configuration version (not_met), environment scope (not_met), deployment behavior (not_met), rollback/recovery evidence (not_met), observability (not_met), ownership (not_met), capacity (not_met)."
P31-REQ-409,Caching Strategy,not_verified,not_built,infrastructure/configuration version; environment scope; deployment behavior; rollback/recovery evidence; observability; ownership; capacity,security controls; mapped tests,"None, deliberately: every reporting figure is computed live and a test asserts nothing is materialized. Blocked platform-wide by: infrastructure/configuration version (not_met), environment scope (not_met), deployment behavior (not_met), rollback/recovery evidence (not_met), observability (not_met), ownership (not_met), capacity (not_met)."
P31-REQ-410,Connection Management,not_verified,not_built,infrastructure/configuration version; environment scope; deployment behavior; rollback/recovery evidence; observability; ownership; capacity,security controls; mapped tests,"No pooling policy, no connection budget, no limit the platform sets. Blocked platform-wide by: infrastructure/configuration version (not_met), environment scope (not_met), deployment behavior (not_met), rollback/recovery evidence (not_met), observability (not_met), ownership (not_met), capacity (not_met)."
P31-REQ-411,Rate Limiting,not_verified,partial,infrastructure/configuration version; environment scope; deployment behavior; rollback/recovery evidence; observability; ownership; capacity,security controls; mapped tests,"Plan limits are enforced by count triggers and an AI allowance is checked before a request runs, which is licensing rather than abuse control. There is no request rate limit anywhere — P02 and P20 recorded the same. Blocked platform-wide by: infrastructure/configuration version (not_met), environment scope (not_met), deployment behavior (not_met), rollback/recovery evidence (not_met), observability (not_met), ownership (not_met), capacity (not_met)."
P31-REQ-412,Resilience,not_verified,not_built,infrastructure/configuration version; environment scope; deployment behavior; rollback/recovery evidence; observability; ownership; capacity,security controls; mapped tests,"Several individual failure paths are handled well — a webhook replay collides on the event id and is skipped, a bad signature returns 400 so Stripe stops retrying, entitlement survives a Stripe outage through a materialized grace window — and there is no resilience practice above them. Blocked platform-wide by: infrastructure/configuration version (not_met), environment scope (not_met), deployment behavior (not_met), rollback/recovery evidence (not_met), observability (not_met), ownership (not_met), capacity (not_met)."
P31-REQ-413,Circuit Breakers,not_verified,not_built,infrastructure/configuration version; environment scope; deployment behavior; rollback/recovery evidence; observability; ownership; capacity,security controls; mapped tests,"None. Blocked platform-wide by: infrastructure/configuration version (not_met), environment scope (not_met), deployment behavior (not_met), rollback/recovery evidence (not_met), observability (not_met), ownership (not_met), capacity (not_met)."
P31-REQ-414,Retries & Backoff,not_verified,not_built,infrastructure/configuration version; environment scope; deployment behavior; rollback/recovery evidence; observability; ownership; capacity,security controls; mapped tests,"No retry policy anywhere. The connector framework records runs and does not retry them. Blocked platform-wide by: infrastructure/configuration version (not_met), environment scope (not_met), deployment behavior (not_met), rollback/recovery evidence (not_met), observability (not_met), ownership (not_met), capacity (not_met)."
P31-REQ-415,Timeouts,not_verified,partial,infrastructure/configuration version; environment scope; deployment behavior; rollback/recovery evidence; observability; ownership; capacity,security controls; mapped tests,"Health checks carry per-check deadlines and the AI call carries a timeout. There is no general timeout policy, no budget propagated across calls and no deadline on a database statement. Blocked platform-wide by: infrastructure/configuration version (not_met), environment scope (not_met), deployment behavior (not_met), rollback/recovery evidence (not_met), observability (not_met), ownership (not_met), capacity (not_met)."
P31-REQ-416,Bulkheads,not_verified,not_built,infrastructure/configuration version; environment scope; deployment behavior; rollback/recovery evidence; observability; ownership; capacity,security controls; mapped tests,"None. Blocked platform-wide by: infrastructure/configuration version (not_met), environment scope (not_met), deployment behavior (not_met), rollback/recovery evidence (not_met), observability (not_met), ownership (not_met), capacity (not_met)."
P31-REQ-417,Chaos Testing,not_verified,not_built,infrastructure/configuration version; environment scope; deployment behavior; rollback/recovery evidence; observability; ownership; capacity,security controls; mapped tests,"None. Blocked platform-wide by: infrastructure/configuration version (not_met), environment scope (not_met), deployment behavior (not_met), rollback/recovery evidence (not_met), observability (not_met), ownership (not_met), capacity (not_met)."
P31-REQ-418,Backup,not_verified,not_built,infrastructure/configuration version; environment scope; deployment behavior; rollback/recovery evidence; observability; ownership; capacity,security controls; mapped tests,"No backup of any kind. Blocked platform-wide by: infrastructure/configuration version (not_met), environment scope (not_met), deployment behavior (not_met), rollback/recovery evidence (not_met), observability (not_met), ownership (not_met), capacity (not_met)."
P31-REQ-419,Restore,not_verified,not_built,infrastructure/configuration version; environment scope; deployment behavior; rollback/recovery evidence; observability; ownership; capacity,security controls; mapped tests,"No restore, and therefore no restore test. Blocked platform-wide by: infrastructure/configuration version (not_met), environment scope (not_met), deployment behavior (not_met), rollback/recovery evidence (not_met), observability (not_met), ownership (not_met), capacity (not_met)."
P31-REQ-420,Point-in-Time Recovery,not_verified,not_built,infrastructure/configuration version; environment scope; deployment behavior; rollback/recovery evidence; observability; ownership; capacity,security controls; mapped tests,"None, and no objective stated. Blocked platform-wide by: infrastructure/configuration version (not_met), environment scope (not_met), deployment behavior (not_met), rollback/recovery evidence (not_met), observability (not_met), ownership (not_met), capacity (not_met)."
P31-REQ-421,Disaster Recovery,not_verified,not_built,infrastructure/configuration version; environment scope; deployment behavior; rollback/recovery evidence; observability; ownership; capacity,security controls; mapped tests,"No plan, no exercise, no evidence. Blocked platform-wide by: infrastructure/configuration version (not_met), environment scope (not_met), deployment behavior (not_met), rollback/recovery evidence (not_met), observability (not_met), ownership (not_met), capacity (not_met)."
P31-REQ-422,RTO/RPO,not_verified,not_built,infrastructure/configuration version; environment scope; deployment behavior; rollback/recovery evidence; observability; ownership; capacity,security controls; mapped tests,"No recovery point or time objective is stated anywhere. Blocked platform-wide by: infrastructure/configuration version (not_met), environment scope (not_met), deployment behavior (not_met), rollback/recovery evidence (not_met), observability (not_met), ownership (not_met), capacity (not_met)."
P31-REQ-423,Business Continuity,not_verified,not_built,infrastructure/configuration version; environment scope; deployment behavior; rollback/recovery evidence; observability; ownership; capacity,security controls; mapped tests,"None. Blocked platform-wide by: infrastructure/configuration version (not_met), environment scope (not_met), deployment behavior (not_met), rollback/recovery evidence (not_met), observability (not_met), ownership (not_met), capacity (not_met)."
P31-REQ-424,Multi-Region Recovery,not_verified,not_built,infrastructure/configuration version; environment scope; deployment behavior; rollback/recovery evidence; observability; ownership; capacity,security controls; mapped tests,"None. Blocked platform-wide by: infrastructure/configuration version (not_met), environment scope (not_met), deployment behavior (not_met), rollback/recovery evidence (not_met), observability (not_met), ownership (not_met), capacity (not_met)."
P31-REQ-425,Operational Runbooks,not_verified,not_built,infrastructure/configuration version; environment scope; deployment behavior; rollback/recovery evidence; observability; ownership; capacity,security controls; mapped tests,"A deployment runbook exists. There is no operational runbook for anything that runs. Blocked platform-wide by: infrastructure/configuration version (not_met), environment scope (not_met), deployment behavior (not_met), rollback/recovery evidence (not_met), observability (not_met), ownership (not_met), capacity (not_met)."
P31-REQ-426,Maintenance Windows,not_verified,not_built,infrastructure/configuration version; environment scope; deployment behavior; rollback/recovery evidence; observability; ownership; capacity,security controls; mapped tests,"None. Blocked platform-wide by: infrastructure/configuration version (not_met), environment scope (not_met), deployment behavior (not_met), rollback/recovery evidence (not_met), observability (not_met), ownership (not_met), capacity (not_met)."
P31-REQ-427,Patch Management,not_verified,not_built,infrastructure/configuration version; environment scope; deployment behavior; rollback/recovery evidence; observability; ownership; capacity,security controls; mapped tests,"No patch process, no vulnerability scan, no schedule. Blocked platform-wide by: infrastructure/configuration version (not_met), environment scope (not_met), deployment behavior (not_met), rollback/recovery evidence (not_met), observability (not_met), ownership (not_met), capacity (not_met)."
P31-REQ-428,Dependency Updates,not_verified,partial,infrastructure/configuration version; environment scope; deployment behavior; rollback/recovery evidence; observability; ownership; capacity,security controls; mapped tests,"Direct dependencies are pinned and installed from a lockfile, and this phase pinned the Edge Function imports that were floating on a major. There is no update process: no schedule, no automated bump, no vulnerability scan. Blocked platform-wide by: infrastructure/configuration version (not_met), environment scope (not_met), deployment behavior (not_met), rollback/recovery evidence (not_met), observability (not_met), ownership (not_met), capacity (not_met)."
P31-REQ-429,Operational Access,not_verified,not_built,infrastructure/configuration version; environment scope; deployment behavior; rollback/recovery evidence; observability; ownership; capacity,security controls; mapped tests,"No break-glass, no elevation, no session recording — P01 recorded the same. Blocked platform-wide by: infrastructure/configuration version (not_met), environment scope (not_met), deployment behavior (not_met), rollback/recovery evidence (not_met), observability (not_met), ownership (not_met), capacity (not_met)."
P31-REQ-430,Production Support,not_verified,not_built,infrastructure/configuration version; environment scope; deployment behavior; rollback/recovery evidence; observability; ownership; capacity,security controls; mapped tests,"No support model, no ticket, no queue, no tier. Blocked platform-wide by: infrastructure/configuration version (not_met), environment scope (not_met), deployment behavior (not_met), rollback/recovery evidence (not_met), observability (not_met), ownership (not_met), capacity (not_met)."
P31-REQ-431,FinOps,not_verified,not_built,infrastructure/configuration version; environment scope; deployment behavior; rollback/recovery evidence; observability; ownership; capacity,security controls; mapped tests,"None. Blocked platform-wide by: infrastructure/configuration version (not_met), environment scope (not_met), deployment behavior (not_met), rollback/recovery evidence (not_met), observability (not_met), ownership (not_met), capacity (not_met)."
P31-REQ-432,Cloud Cost Allocation,not_verified,not_built,infrastructure/configuration version; environment scope; deployment behavior; rollback/recovery evidence; observability; ownership; capacity,security controls; mapped tests,"No cloud spend to allocate. AI usage is metered per company, which is the one cost the platform attributes. Blocked platform-wide by: infrastructure/configuration version (not_met), environment scope (not_met), deployment behavior (not_met), rollback/recovery evidence (not_met), observability (not_met), ownership (not_met), capacity (not_met)."
P31-REQ-433,Cost Budgets,not_verified,not_built,infrastructure/configuration version; environment scope; deployment behavior; rollback/recovery evidence; observability; ownership; capacity,security controls; mapped tests,"None. Blocked platform-wide by: infrastructure/configuration version (not_met), environment scope (not_met), deployment behavior (not_met), rollback/recovery evidence (not_met), observability (not_met), ownership (not_met), capacity (not_met)."
P31-REQ-434,Resource Tagging,not_verified,not_built,infrastructure/configuration version; environment scope; deployment behavior; rollback/recovery evidence; observability; ownership; capacity,security controls; mapped tests,"No cloud resources to tag. Blocked platform-wide by: infrastructure/configuration version (not_met), environment scope (not_met), deployment behavior (not_met), rollback/recovery evidence (not_met), observability (not_met), ownership (not_met), capacity (not_met)."
P31-REQ-435,Environment Cleanup,not_verified,not_built,infrastructure/configuration version; environment scope; deployment behavior; rollback/recovery evidence; observability; ownership; capacity,security controls; mapped tests,"Nothing to clean up. Blocked platform-wide by: infrastructure/configuration version (not_met), environment scope (not_met), deployment behavior (not_met), rollback/recovery evidence (not_met), observability (not_met), ownership (not_met), capacity (not_met)."
P31-REQ-436,Release Evidence,not_verified,not_built,infrastructure/configuration version; environment scope; deployment behavior; rollback/recovery evidence; observability; ownership; capacity,security controls; mapped tests,"Nothing is produced by a release because nothing has been released. Blocked platform-wide by: infrastructure/configuration version (not_met), environment scope (not_met), deployment behavior (not_met), rollback/recovery evidence (not_met), observability (not_met), ownership (not_met), capacity (not_met)."
P31-REQ-437,Deployment Audit,not_verified,not_built,infrastructure/configuration version; environment scope; deployment behavior; rollback/recovery evidence; observability; ownership; capacity,security controls; mapped tests,"No deployment has occurred to audit. The database audit ledger covers data rather than deployments. Blocked platform-wide by: infrastructure/configuration version (not_met), environment scope (not_met), deployment behavior (not_met), rollback/recovery evidence (not_met), observability (not_met), ownership (not_met), capacity (not_met)."
P31-REQ-438,Service Catalog,not_verified,not_built,infrastructure/configuration version; environment scope; deployment behavior; rollback/recovery evidence; observability; ownership; capacity,security controls; mapped tests,"No service catalog. `governance/registry.json` catalogs tables, engines and agents rather than running services. Blocked platform-wide by: infrastructure/configuration version (not_met), environment scope (not_met), deployment behavior (not_met), rollback/recovery evidence (not_met), observability (not_met), ownership (not_met), capacity (not_met)."
P31-REQ-439,Operational Ownership,not_verified,not_built,infrastructure/configuration version; environment scope; deployment behavior; rollback/recovery evidence; observability; ownership; capacity,security controls; mapped tests,"Nothing has an owner. Four phases have now found this independently. Blocked platform-wide by: infrastructure/configuration version (not_met), environment scope (not_met), deployment behavior (not_met), rollback/recovery evidence (not_met), observability (not_met), ownership (not_met), capacity (not_met)."
P31-REQ-440,Platform Reliability,not_verified,not_built,infrastructure/configuration version; environment scope; deployment behavior; rollback/recovery evidence; observability; ownership; capacity,security controls; mapped tests,"No service level objective, no error budget, no reliability practice. Blocked platform-wide by: infrastructure/configuration version (not_met), environment scope (not_met), deployment behavior (not_met), rollback/recovery evidence (not_met), observability (not_met), ownership (not_met), capacity (not_met)."
P31-REQ-441,Production Architecture,not_verified,not_built,infrastructure/configuration version; environment scope; deployment behavior; rollback/recovery evidence; observability; ownership; capacity,security controls; mapped tests,"There is no production architecture because there is no production. The intended shape is described in the deployment documentation and has never been instantiated. Blocked platform-wide by: infrastructure/configuration version (not_met), environment scope (not_met), deployment behavior (not_met), rollback/recovery evidence (not_met), observability (not_met), ownership (not_met), capacity (not_met)."
P31-REQ-442,Cloud Provider Abstraction,not_verified,not_built,infrastructure/configuration version; environment scope; deployment behavior; rollback/recovery evidence; observability; ownership; capacity,security controls; mapped tests,"None, and none intended — the platform is written to Supabase and Stripe directly. Blocked platform-wide by: infrastructure/configuration version (not_met), environment scope (not_met), deployment behavior (not_met), rollback/recovery evidence (not_met), observability (not_met), ownership (not_met), capacity (not_met)."
P31-REQ-443,Regions & Availability Zones,not_verified,not_built,infrastructure/configuration version; environment scope; deployment behavior; rollback/recovery evidence; observability; ownership; capacity,security controls; mapped tests,"Single region, no zone awareness, no residency model. Blocked platform-wide by: infrastructure/configuration version (not_met), environment scope (not_met), deployment behavior (not_met), rollback/recovery evidence (not_met), observability (not_met), ownership (not_met), capacity (not_met)."
P31-REQ-444,Network Topology,not_verified,not_built,infrastructure/configuration version; environment scope; deployment behavior; rollback/recovery evidence; observability; ownership; capacity,security controls; mapped tests,"No network the platform defines. Blocked platform-wide by: infrastructure/configuration version (not_met), environment scope (not_met), deployment behavior (not_met), rollback/recovery evidence (not_met), observability (not_met), ownership (not_met), capacity (not_met)."
P31-REQ-445,Ingress & Edge,not_verified,not_built,infrastructure/configuration version; environment scope; deployment behavior; rollback/recovery evidence; observability; ownership; capacity,security controls; mapped tests,"No ingress the platform controls, no WAF, no edge rules. Blocked platform-wide by: infrastructure/configuration version (not_met), environment scope (not_met), deployment behavior (not_met), rollback/recovery evidence (not_met), observability (not_met), ownership (not_met), capacity (not_met)."
P31-REQ-446,DNS,not_verified,not_built,infrastructure/configuration version; environment scope; deployment behavior; rollback/recovery evidence; observability; ownership; capacity,security controls; mapped tests,"No managed DNS, no custom domain. Blocked platform-wide by: infrastructure/configuration version (not_met), environment scope (not_met), deployment behavior (not_met), rollback/recovery evidence (not_met), observability (not_met), ownership (not_met), capacity (not_met)."
P31-REQ-447,TLS Certificates,not_verified,not_built,infrastructure/configuration version; environment scope; deployment behavior; rollback/recovery evidence; observability; ownership; capacity,security controls; mapped tests,"Provided by the host; nothing here manages, rotates or monitors one. Blocked platform-wide by: infrastructure/configuration version (not_met), environment scope (not_met), deployment behavior (not_met), rollback/recovery evidence (not_met), observability (not_met), ownership (not_met), capacity (not_met)."
P31-REQ-448,Load Balancing,not_verified,not_built,infrastructure/configuration version; environment scope; deployment behavior; rollback/recovery evidence; observability; ownership; capacity,security controls; mapped tests,"None. Blocked platform-wide by: infrastructure/configuration version (not_met), environment scope (not_met), deployment behavior (not_met), rollback/recovery evidence (not_met), observability (not_met), ownership (not_met), capacity (not_met)."
P31-REQ-449,Application Runtime,not_verified,not_built,infrastructure/configuration version; environment scope; deployment behavior; rollback/recovery evidence; observability; ownership; capacity,security controls; mapped tests,"No runtime the platform operates: the bundle is served by a host and the functions by a provider. Blocked platform-wide by: infrastructure/configuration version (not_met), environment scope (not_met), deployment behavior (not_met), rollback/recovery evidence (not_met), observability (not_met), ownership (not_met), capacity (not_met)."
P31-REQ-450,Container Runtime,not_verified,not_built,infrastructure/configuration version; environment scope; deployment behavior; rollback/recovery evidence; observability; ownership; capacity,security controls; mapped tests,"No container image and no orchestration. The application is a static bundle and a set of Edge Functions. Blocked platform-wide by: infrastructure/configuration version (not_met), environment scope (not_met), deployment behavior (not_met), rollback/recovery evidence (not_met), observability (not_met), ownership (not_met), capacity (not_met)."
P31-REQ-451,Serverless/Worker Runtime,not_verified,partial,infrastructure/configuration version; environment scope; deployment behavior; rollback/recovery evidence; observability; ownership; capacity,security controls; mapped tests,"Edge Functions are the runtime and they are real code with real tests. There is no worker, no queue consumer and no scheduled invocation — nothing runs except in response to a request. Blocked platform-wide by: infrastructure/configuration version (not_met), environment scope (not_met), deployment behavior (not_met), rollback/recovery evidence (not_met), observability (not_met), ownership (not_met), capacity (not_met)."
P31-REQ-452,Database Infrastructure,not_verified,partial,infrastructure/configuration version; environment scope; deployment behavior; rollback/recovery evidence; observability; ownership; capacity,security controls; mapped tests,"137 tables with forced row level security, tenant-key indexes since P03, non-overlapping period constraints, exclusion constraints, generated columns and 54 migrations behind them. It is a schema rather than infrastructure: no replica, no pooling policy, no failover, no capacity plan. Blocked platform-wide by: infrastructure/configuration version (not_met), environment scope (not_met), deployment behavior (not_met), rollback/recovery evidence (not_met), observability (not_met), ownership (not_met), capacity (not_met)."
P31-REQ-453,Cache Infrastructure,not_verified,not_built,infrastructure/configuration version; environment scope; deployment behavior; rollback/recovery evidence; observability; ownership; capacity,security controls; mapped tests,"No cache — which P02 records as satisfying its own criterion, because a cache that does not exist cannot corrupt source data. Blocked platform-wide by: infrastructure/configuration version (not_met), environment scope (not_met), deployment behavior (not_met), rollback/recovery evidence (not_met), observability (not_met), ownership (not_met), capacity (not_met)."
P31-REQ-454,Queue Infrastructure,not_verified,not_built,infrastructure/configuration version; environment scope; deployment behavior; rollback/recovery evidence; observability; ownership; capacity,security controls; mapped tests,"No queue, no broker, no consumer. Blocked platform-wide by: infrastructure/configuration version (not_met), environment scope (not_met), deployment behavior (not_met), rollback/recovery evidence (not_met), observability (not_met), ownership (not_met), capacity (not_met)."
P31-REQ-455,Object Storage,not_verified,not_built,infrastructure/configuration version; environment scope; deployment behavior; rollback/recovery evidence; observability; ownership; capacity,security controls; mapped tests,"Storage paths are recorded on documents, surfaces and machine control files; no bucket is provisioned, no lifecycle rule exists and nothing has been uploaded. Blocked platform-wide by: infrastructure/configuration version (not_met), environment scope (not_met), deployment behavior (not_met), rollback/recovery evidence (not_met), observability (not_met), ownership (not_met), capacity (not_met)."
P31-REQ-456,Search Infrastructure,not_verified,not_built,infrastructure/configuration version; environment scope; deployment behavior; rollback/recovery evidence; observability; ownership; capacity,security controls; mapped tests,"Document text search runs in PostgreSQL against the records themselves, so there is no separate search infrastructure to operate — and no search infrastructure either. Blocked platform-wide by: infrastructure/configuration version (not_met), environment scope (not_met), deployment behavior (not_met), rollback/recovery evidence (not_met), observability (not_met), ownership (not_met), capacity (not_met)."
P31-REQ-457,Analytics Infrastructure,not_verified,not_built,infrastructure/configuration version; environment scope; deployment behavior; rollback/recovery evidence; observability; ownership; capacity,security controls; mapped tests,"Thirteen live views over the operational tables. No warehouse, no pipeline, no separate compute — P29 recorded this in detail. Blocked platform-wide by: infrastructure/configuration version (not_met), environment scope (not_met), deployment behavior (not_met), rollback/recovery evidence (not_met), observability (not_met), ownership (not_met), capacity (not_met)."
P31-REQ-458,AI Runtime Infrastructure,not_verified,not_built,infrastructure/configuration version; environment scope; deployment behavior; rollback/recovery evidence; observability; ownership; capacity,security controls; mapped tests,"One function calling a provider directly. No model gateway, no routing, no fallback, no inference infrastructure. Blocked platform-wide by: infrastructure/configuration version (not_met), environment scope (not_met), deployment behavior (not_met), rollback/recovery evidence (not_met), observability (not_met), ownership (not_met), capacity (not_met)."
P31-REQ-459,Environment Strategy,not_verified,partial,infrastructure/configuration version; environment scope; deployment behavior; rollback/recovery evidence; observability; ownership; capacity,security controls; mapped tests,"Staging and production are named, the deploy workflow takes one as an input, and a secret matrix states where each credential lives and which two are public by design. No environment has been created. Blocked platform-wide by: infrastructure/configuration version (not_met), environment scope (not_met), deployment behavior (not_met), rollback/recovery evidence (not_met), observability (not_met), ownership (not_met), capacity (not_met)."
P31-REQ-460,Development Environment,not_verified,partial,infrastructure/configuration version; environment scope; deployment behavior; rollback/recovery evidence; observability; ownership; capacity,security controls; mapped tests,"One command installs, one runs the whole gate, and the database suite needs no service and no credentials. There is no seeded local application environment, and 22 of 23 screens read fixtures rather than a local database. Blocked platform-wide by: infrastructure/configuration version (not_met), environment scope (not_met), deployment behavior (not_met), rollback/recovery evidence (not_met), observability (not_met), ownership (not_met), capacity (not_met)."
P31-REQ-461,Test Environment,not_verified,not_built,infrastructure/configuration version; environment scope; deployment behavior; rollback/recovery evidence; observability; ownership; capacity,security controls; mapped tests,"The test 'environment' is PostgreSQL compiled to WebAssembly inside the test process, which is a genuine strength and is not an environment anybody operates. Blocked platform-wide by: infrastructure/configuration version (not_met), environment scope (not_met), deployment behavior (not_met), rollback/recovery evidence (not_met), observability (not_met), ownership (not_met), capacity (not_met)."
P31-REQ-462,Staging Environment,not_verified,not_built,infrastructure/configuration version; environment scope; deployment behavior; rollback/recovery evidence; observability; ownership; capacity,security controls; mapped tests,"Named in a workflow input and never created. Blocked platform-wide by: infrastructure/configuration version (not_met), environment scope (not_met), deployment behavior (not_met), rollback/recovery evidence (not_met), observability (not_met), ownership (not_met), capacity (not_met)."
P31-REQ-463,Production Environment,not_verified,not_built,infrastructure/configuration version; environment scope; deployment behavior; rollback/recovery evidence; observability; ownership; capacity,security controls; mapped tests,"Nothing has been deployed. This is the gate every other operational domain in this phase waits behind. Blocked platform-wide by: infrastructure/configuration version (not_met), environment scope (not_met), deployment behavior (not_met), rollback/recovery evidence (not_met), observability (not_met), ownership (not_met), capacity (not_met)."
P31-REQ-464,Preview Environments,not_verified,not_built,infrastructure/configuration version; environment scope; deployment behavior; rollback/recovery evidence; observability; ownership; capacity,security controls; mapped tests,"None. Blocked platform-wide by: infrastructure/configuration version (not_met), environment scope (not_met), deployment behavior (not_met), rollback/recovery evidence (not_met), observability (not_met), ownership (not_met), capacity (not_met)."
P31-REQ-465,Configuration Management,not_verified,partial,infrastructure/configuration version; environment scope; deployment behavior; rollback/recovery evidence; observability; ownership; capacity,security controls; mapped tests,"`supabase/config.toml` describes the project and the local stack, carries no secret, and states which two functions run without JWT verification and why. Application configuration is per-company in the database and versioned where it is commercial. There is no configuration promotion between environments and no drift detection. Blocked platform-wide by: infrastructure/configuration version (not_met), environment scope (not_met), deployment behavior (not_met), rollback/recovery evidence (not_met), observability (not_met), ownership (not_met), capacity (not_met)."
P31-REQ-466,Secrets Injection,not_verified,partial,infrastructure/configuration version; environment scope; deployment behavior; rollback/recovery evidence; observability; ownership; capacity,security controls; mapped tests,"Secrets live only in Edge Function environment variables, are never in source control, are redacted from logs by shape as well as by name, and since this build the emitted client bundle is scanned for them after every build — by name and by literal shape, with the service-role pattern computed across all three base64 alignments after a hand-written one was found to miss a realistic token. Blocked platform-wide by: infrastructure/configuration version (not_met), environment scope (not_met), deployment behavior (not_met), rollback/recovery evidence (not_met), observability (not_met), ownership (not_met), capacity (not_met)."
P31-REQ-467,Infrastructure as Code,not_verified,not_built,infrastructure/configuration version; environment scope; deployment behavior; rollback/recovery evidence; observability; ownership; capacity,security controls; mapped tests,"No Terraform, no Pulumi, no declarative infrastructure of any kind. Buckets, policies and Stripe products are created by hand from the runbook. Blocked platform-wide by: infrastructure/configuration version (not_met), environment scope (not_met), deployment behavior (not_met), rollback/recovery evidence (not_met), observability (not_met), ownership (not_met), capacity (not_met)."
P31-REQ-468,State Management,not_verified,not_built,infrastructure/configuration version; environment scope; deployment behavior; rollback/recovery evidence; observability; ownership; capacity,security controls; mapped tests,"No distributed state, no session store, no coordination service. Blocked platform-wide by: infrastructure/configuration version (not_met), environment scope (not_met), deployment behavior (not_met), rollback/recovery evidence (not_met), observability (not_met), ownership (not_met), capacity (not_met)."
P31-REQ-469,Policy as Code,not_verified,not_built,infrastructure/configuration version; environment scope; deployment behavior; rollback/recovery evidence; observability; ownership; capacity,security controls; mapped tests,"No policy engine, no admission control, no infrastructure policy. The platform's own rules are enforced in the database, which is a different thing. Blocked platform-wide by: infrastructure/configuration version (not_met), environment scope (not_met), deployment behavior (not_met), rollback/recovery evidence (not_met), observability (not_met), ownership (not_met), capacity (not_met)."
P31-REQ-470,CI Pipelines,not_verified,partial,infrastructure/configuration version; environment scope; deployment behavior; rollback/recovery evidence; observability; ownership; capacity,security controls; mapped tests,"One workflow runs the entire gate — typecheck, four drift checks, six suites, a production build and a bundle secret scan — on every branch and pull request, needing no secrets because the database suite runs PostgreSQL in WebAssembly. A test asserts the pipeline cannot be narrowed to a subset. Blocked platform-wide by: infrastructure/configuration version (not_met), environment scope (not_met), deployment behavior (not_met), rollback/recovery evidence (not_met), observability (not_met), ownership (not_met), capacity (not_met)."
P31-REQ-471,Build Reproducibility,not_verified,partial,infrastructure/configuration version; environment scope; deployment behavior; rollback/recovery evidence; observability; ownership; capacity,security controls; mapped tests,"`npm ci` from a committed lockfile in both workflows, a dependency-free estimating engine, a document renderer that produces identical bytes for identical input, and — since this phase — every Edge Function dependency routed through one import map with the Supabase client pinned to the exact version the browser also runs. What is missing is `deno.lock`: direct dependencies are pinned and their transitives are not. Blocked platform-wide by: infrastructure/configuration version (not_met), environment scope (not_met), deployment behavior (not_met), rollback/recovery evidence (not_met), observability (not_met), ownership (not_met), capacity (not_met)."
P31-REQ-472,Artifact Registry,not_verified,not_built,infrastructure/configuration version; environment scope; deployment behavior; rollback/recovery evidence; observability; ownership; capacity,security controls; mapped tests,"No registry, no versioned artifact, no promotion between environments. Blocked platform-wide by: infrastructure/configuration version (not_met), environment scope (not_met), deployment behavior (not_met), rollback/recovery evidence (not_met), observability (not_met), ownership (not_met), capacity (not_met)."
P31-REQ-473,SBOM & Provenance,not_verified,not_built,infrastructure/configuration version; environment scope; deployment behavior; rollback/recovery evidence; observability; ownership; capacity,security controls; mapped tests,"No software bill of materials and no build provenance. Dependencies are pinned and installed from a lockfile, which is the input to an SBOM rather than one. Blocked platform-wide by: infrastructure/configuration version (not_met), environment scope (not_met), deployment behavior (not_met), rollback/recovery evidence (not_met), observability (not_met), ownership (not_met), capacity (not_met)."
P31-REQ-474,CD Pipelines,not_verified,partial,infrastructure/configuration version; environment scope; deployment behavior; rollback/recovery evidence; observability; ownership; capacity,security controls; mapped tests,"A deployment workflow exists, is dispatched by a person behind a GitHub Environment, re-runs the full gate, lists pending migrations before applying them and deploys each function. Whether it has ever executed is the owner's to see. Blocked platform-wide by: infrastructure/configuration version (not_met), environment scope (not_met), deployment behavior (not_met), rollback/recovery evidence (not_met), observability (not_met), ownership (not_met), capacity (not_met)."
P31-REQ-475,Deployment Strategies,not_verified,not_built,infrastructure/configuration version; environment scope; deployment behavior; rollback/recovery evidence; observability; ownership; capacity,security controls; mapped tests,"A single dispatched deploy. No strategy beyond it. Blocked platform-wide by: infrastructure/configuration version (not_met), environment scope (not_met), deployment behavior (not_met), rollback/recovery evidence (not_met), observability (not_met), ownership (not_met), capacity (not_met)."
P31-REQ-476,Blue/Green Deployments,not_verified,not_built,infrastructure/configuration version; environment scope; deployment behavior; rollback/recovery evidence; observability; ownership; capacity,security controls; mapped tests,"None. Blocked platform-wide by: infrastructure/configuration version (not_met), environment scope (not_met), deployment behavior (not_met), rollback/recovery evidence (not_met), observability (not_met), ownership (not_met), capacity (not_met)."
P31-REQ-477,Canary Releases,not_verified,not_built,infrastructure/configuration version; environment scope; deployment behavior; rollback/recovery evidence; observability; ownership; capacity,security controls; mapped tests,"None. Blocked platform-wide by: infrastructure/configuration version (not_met), environment scope (not_met), deployment behavior (not_met), rollback/recovery evidence (not_met), observability (not_met), ownership (not_met), capacity (not_met)."
P31-REQ-478,Feature Flags,not_verified,not_built,infrastructure/configuration version; environment scope; deployment behavior; rollback/recovery evidence; observability; ownership; capacity,security controls; mapped tests,"None. Entitlements gate capability by plan, which is licensing rather than release control. Blocked platform-wide by: infrastructure/configuration version (not_met), environment scope (not_met), deployment behavior (not_met), rollback/recovery evidence (not_met), observability (not_met), ownership (not_met), capacity (not_met)."
P31-REQ-479,Database Migrations,not_verified,partial,infrastructure/configuration version; environment scope; deployment behavior; rollback/recovery evidence; observability; ownership; capacity,security controls; mapped tests,"The strongest operational thing in the repository: 54 ordered forward-only migrations applied unmodified to real PostgreSQL by the test suite on every run, so a migration that would fail on a real database fails the build instead of a deployment. There is no rollback path — forward-only is the stated design — and no reconciliation of what a data-moving migration actually moved. Blocked platform-wide by: infrastructure/configuration version (not_met), environment scope (not_met), deployment behavior (not_met), rollback/recovery evidence (not_met), observability (not_met), ownership (not_met), capacity (not_met)."
P31-REQ-480,Rollback,not_verified,not_built,infrastructure/configuration version; environment scope; deployment behavior; rollback/recovery evidence; observability; ownership; capacity,security controls; mapped tests,"Forward-only migrations and a manual runbook section. No automated rollback of code or schema. Blocked platform-wide by: infrastructure/configuration version (not_met), environment scope (not_met), deployment behavior (not_met), rollback/recovery evidence (not_met), observability (not_met), ownership (not_met), capacity (not_met)."
P31-REQ-481,Release Approvals,not_verified,not_built,infrastructure/configuration version; environment scope; deployment behavior; rollback/recovery evidence; observability; ownership; capacity,security controls; mapped tests,"The deploy workflow sits behind a GitHub Environment, which is the mechanism; no approval has been configured or given. Blocked platform-wide by: infrastructure/configuration version (not_met), environment scope (not_met), deployment behavior (not_met), rollback/recovery evidence (not_met), observability (not_met), ownership (not_met), capacity (not_met)."
P31-REQ-482,Release Notes,not_verified,not_built,infrastructure/configuration version; environment scope; deployment behavior; rollback/recovery evidence; observability; ownership; capacity,security controls; mapped tests,"None generated. Commit messages carry the reasoning in unusual detail and are not release notes. Blocked platform-wide by: infrastructure/configuration version (not_met), environment scope (not_met), deployment behavior (not_met), rollback/recovery evidence (not_met), observability (not_met), ownership (not_met), capacity (not_met)."
P31-REQ-483,Change Windows,not_verified,not_built,infrastructure/configuration version; environment scope; deployment behavior; rollback/recovery evidence; observability; ownership; capacity,security controls; mapped tests,"None. Blocked platform-wide by: infrastructure/configuration version (not_met), environment scope (not_met), deployment behavior (not_met), rollback/recovery evidence (not_met), observability (not_met), ownership (not_met), capacity (not_met)."
P31-REQ-484,Observability,not_verified,partial,infrastructure/configuration version; environment scope; deployment behavior; rollback/recovery evidence; observability; ownership; capacity,security controls; mapped tests,"Logging, metrics and health are all built and tested and consumed by nothing, because nothing is running. The one observability gap this build closed is in the database rather than the runtime: an audit event now records the request that caused it. Blocked platform-wide by: infrastructure/configuration version (not_met), environment scope (not_met), deployment behavior (not_met), rollback/recovery evidence (not_met), observability (not_met), ownership (not_met), capacity (not_met)."
P31-REQ-485,Structured Logging,not_verified,partial,infrastructure/configuration version; environment scope; deployment behavior; rollback/recovery evidence; observability; ownership; capacity,security controls; mapped tests,"A logger with correlation carried through every line and redaction by field name and value shape applied by default, with 49 tests. Nothing is deployed, so nothing collects it. Blocked platform-wide by: infrastructure/configuration version (not_met), environment scope (not_met), deployment behavior (not_met), rollback/recovery evidence (not_met), observability (not_met), ownership (not_met), capacity (not_met)."
P31-REQ-486,Metrics,not_verified,partial,infrastructure/configuration version; environment scope; deployment behavior; rollback/recovery evidence; observability; ownership; capacity,security controls; mapped tests,"Counters and histograms with bounded low-cardinality labels, so a metric cannot explode into a per-tenant series. Nothing scrapes them. Blocked platform-wide by: infrastructure/configuration version (not_met), environment scope (not_met), deployment behavior (not_met), rollback/recovery evidence (not_met), observability (not_met), ownership (not_met), capacity (not_met)."
P31-REQ-487,Distributed Tracing,not_verified,not_built,infrastructure/configuration version; environment scope; deployment behavior; rollback/recovery evidence; observability; ownership; capacity,security controls; mapped tests,"Correlation is carried through a request's logs and, since P01, into the audit ledger. There is no span, no trace context propagated to a provider and no collector. Blocked platform-wide by: infrastructure/configuration version (not_met), environment scope (not_met), deployment behavior (not_met), rollback/recovery evidence (not_met), observability (not_met), ownership (not_met), capacity (not_met)."
P31-REQ-488,Health Checks,not_verified,partial,infrastructure/configuration version; environment scope; deployment behavior; rollback/recovery evidence; observability; ownership; capacity,security controls; mapped tests,"Startup, readiness, liveness and degraded state are distinguished, each check runs against a deadline so a hanging dependency fails rather than hangs the probe, and the endpoint is deliberately unauthenticated. Nothing probes it. Blocked platform-wide by: infrastructure/configuration version (not_met), environment scope (not_met), deployment behavior (not_met), rollback/recovery evidence (not_met), observability (not_met), ownership (not_met), capacity (not_met)."
P31-REQ-489,SLOs & SLIs,not_verified,not_built,infrastructure/configuration version; environment scope; deployment behavior; rollback/recovery evidence; observability; ownership; capacity,security controls; mapped tests,"None defined. Blocked platform-wide by: infrastructure/configuration version (not_met), environment scope (not_met), deployment behavior (not_met), rollback/recovery evidence (not_met), observability (not_met), ownership (not_met), capacity (not_met)."
P31-REQ-490,Alerting,not_verified,not_built,infrastructure/configuration version; environment scope; deployment behavior; rollback/recovery evidence; observability; ownership; capacity,security controls; mapped tests,"No operational alerting. In-application notifications are notices to users. Blocked platform-wide by: infrastructure/configuration version (not_met), environment scope (not_met), deployment behavior (not_met), rollback/recovery evidence (not_met), observability (not_met), ownership (not_met), capacity (not_met)."
P31-REQ-491,On-Call,not_verified,not_built,infrastructure/configuration version; environment scope; deployment behavior; rollback/recovery evidence; observability; ownership; capacity,security controls; mapped tests,"No rotation, no escalation, no schedule. Blocked platform-wide by: infrastructure/configuration version (not_met), environment scope (not_met), deployment behavior (not_met), rollback/recovery evidence (not_met), observability (not_met), ownership (not_met), capacity (not_met)."
P31-REQ-492,Incident Management,not_verified,not_built,infrastructure/configuration version; environment scope; deployment behavior; rollback/recovery evidence; observability; ownership; capacity,security controls; mapped tests,"No incident record, no severity model, no postmortem. Blocked platform-wide by: infrastructure/configuration version (not_met), environment scope (not_met), deployment behavior (not_met), rollback/recovery evidence (not_met), observability (not_met), ownership (not_met), capacity (not_met)."
P31-REQ-493,Capacity Planning,not_verified,not_built,infrastructure/configuration version; environment scope; deployment behavior; rollback/recovery evidence; observability; ownership; capacity,security controls; mapped tests,"No baseline, no forecast, no headroom measure. Blocked platform-wide by: infrastructure/configuration version (not_met), environment scope (not_met), deployment behavior (not_met), rollback/recovery evidence (not_met), observability (not_met), ownership (not_met), capacity (not_met)."
P31-REQ-494,Autoscaling,not_verified,not_built,infrastructure/configuration version; environment scope; deployment behavior; rollback/recovery evidence; observability; ownership; capacity,security controls; mapped tests,"None. Blocked platform-wide by: infrastructure/configuration version (not_met), environment scope (not_met), deployment behavior (not_met), rollback/recovery evidence (not_met), observability (not_met), ownership (not_met), capacity (not_met)."
P31-REQ-495,Performance Testing,not_verified,not_built,infrastructure/configuration version; environment scope; deployment behavior; rollback/recovery evidence; observability; ownership; capacity,security controls; mapped tests,"No baseline, no budget, no measurement. The one performance improvement this build made — tenant-key indexes on 53 tables — was found by reading the catalog rather than by measuring. Blocked platform-wide by: infrastructure/configuration version (not_met), environment scope (not_met), deployment behavior (not_met), rollback/recovery evidence (not_met), observability (not_met), ownership (not_met), capacity (not_met)."
P31-REQ-496,Load Testing,not_verified,not_built,infrastructure/configuration version; environment scope; deployment behavior; rollback/recovery evidence; observability; ownership; capacity,security controls; mapped tests,"None. Blocked platform-wide by: infrastructure/configuration version (not_met), environment scope (not_met), deployment behavior (not_met), rollback/recovery evidence (not_met), observability (not_met), ownership (not_met), capacity (not_met)."
P31-REQ-497,Caching Strategy,not_verified,not_built,infrastructure/configuration version; environment scope; deployment behavior; rollback/recovery evidence; observability; ownership; capacity,security controls; mapped tests,"None, deliberately: every reporting figure is computed live and a test asserts nothing is materialized. Blocked platform-wide by: infrastructure/configuration version (not_met), environment scope (not_met), deployment behavior (not_met), rollback/recovery evidence (not_met), observability (not_met), ownership (not_met), capacity (not_met)."
P31-REQ-498,Connection Management,not_verified,not_built,infrastructure/configuration version; environment scope; deployment behavior; rollback/recovery evidence; observability; ownership; capacity,security controls; mapped tests,"No pooling policy, no connection budget, no limit the platform sets. Blocked platform-wide by: infrastructure/configuration version (not_met), environment scope (not_met), deployment behavior (not_met), rollback/recovery evidence (not_met), observability (not_met), ownership (not_met), capacity (not_met)."
P31-REQ-499,Rate Limiting,not_verified,partial,infrastructure/configuration version; environment scope; deployment behavior; rollback/recovery evidence; observability; ownership; capacity,security controls; mapped tests,"Plan limits are enforced by count triggers and an AI allowance is checked before a request runs, which is licensing rather than abuse control. There is no request rate limit anywhere — P02 and P20 recorded the same. Blocked platform-wide by: infrastructure/configuration version (not_met), environment scope (not_met), deployment behavior (not_met), rollback/recovery evidence (not_met), observability (not_met), ownership (not_met), capacity (not_met)."
P31-REQ-500,Resilience,not_verified,not_built,infrastructure/configuration version; environment scope; deployment behavior; rollback/recovery evidence; observability; ownership; capacity,security controls; mapped tests,"Several individual failure paths are handled well — a webhook replay collides on the event id and is skipped, a bad signature returns 400 so Stripe stops retrying, entitlement survives a Stripe outage through a materialized grace window — and there is no resilience practice above them. Blocked platform-wide by: infrastructure/configuration version (not_met), environment scope (not_met), deployment behavior (not_met), rollback/recovery evidence (not_met), observability (not_met), ownership (not_met), capacity (not_met)."
P31-REQ-501,Circuit Breakers,not_verified,not_built,infrastructure/configuration version; environment scope; deployment behavior; rollback/recovery evidence; observability; ownership; capacity,security controls; mapped tests,"None. Blocked platform-wide by: infrastructure/configuration version (not_met), environment scope (not_met), deployment behavior (not_met), rollback/recovery evidence (not_met), observability (not_met), ownership (not_met), capacity (not_met)."
P31-REQ-502,Retries & Backoff,not_verified,not_built,infrastructure/configuration version; environment scope; deployment behavior; rollback/recovery evidence; observability; ownership; capacity,security controls; mapped tests,"No retry policy anywhere. The connector framework records runs and does not retry them. Blocked platform-wide by: infrastructure/configuration version (not_met), environment scope (not_met), deployment behavior (not_met), rollback/recovery evidence (not_met), observability (not_met), ownership (not_met), capacity (not_met)."
P31-REQ-503,Timeouts,not_verified,partial,infrastructure/configuration version; environment scope; deployment behavior; rollback/recovery evidence; observability; ownership; capacity,security controls; mapped tests,"Health checks carry per-check deadlines and the AI call carries a timeout. There is no general timeout policy, no budget propagated across calls and no deadline on a database statement. Blocked platform-wide by: infrastructure/configuration version (not_met), environment scope (not_met), deployment behavior (not_met), rollback/recovery evidence (not_met), observability (not_met), ownership (not_met), capacity (not_met)."
P31-REQ-504,Bulkheads,not_verified,not_built,infrastructure/configuration version; environment scope; deployment behavior; rollback/recovery evidence; observability; ownership; capacity,security controls; mapped tests,"None. Blocked platform-wide by: infrastructure/configuration version (not_met), environment scope (not_met), deployment behavior (not_met), rollback/recovery evidence (not_met), observability (not_met), ownership (not_met), capacity (not_met)."
P31-REQ-505,Chaos Testing,not_verified,not_built,infrastructure/configuration version; environment scope; deployment behavior; rollback/recovery evidence; observability; ownership; capacity,security controls; mapped tests,"None. Blocked platform-wide by: infrastructure/configuration version (not_met), environment scope (not_met), deployment behavior (not_met), rollback/recovery evidence (not_met), observability (not_met), ownership (not_met), capacity (not_met)."
P31-REQ-506,Backup,not_verified,not_built,infrastructure/configuration version; environment scope; deployment behavior; rollback/recovery evidence; observability; ownership; capacity,security controls; mapped tests,"No backup of any kind. Blocked platform-wide by: infrastructure/configuration version (not_met), environment scope (not_met), deployment behavior (not_met), rollback/recovery evidence (not_met), observability (not_met), ownership (not_met), capacity (not_met)."
P31-REQ-507,Restore,not_verified,not_built,infrastructure/configuration version; environment scope; deployment behavior; rollback/recovery evidence; observability; ownership; capacity,security controls; mapped tests,"No restore, and therefore no restore test. Blocked platform-wide by: infrastructure/configuration version (not_met), environment scope (not_met), deployment behavior (not_met), rollback/recovery evidence (not_met), observability (not_met), ownership (not_met), capacity (not_met)."
P31-REQ-508,Point-in-Time Recovery,not_verified,not_built,infrastructure/configuration version; environment scope; deployment behavior; rollback/recovery evidence; observability; ownership; capacity,security controls; mapped tests,"None, and no objective stated. Blocked platform-wide by: infrastructure/configuration version (not_met), environment scope (not_met), deployment behavior (not_met), rollback/recovery evidence (not_met), observability (not_met), ownership (not_met), capacity (not_met)."
P31-REQ-509,Disaster Recovery,not_verified,not_built,infrastructure/configuration version; environment scope; deployment behavior; rollback/recovery evidence; observability; ownership; capacity,security controls; mapped tests,"No plan, no exercise, no evidence. Blocked platform-wide by: infrastructure/configuration version (not_met), environment scope (not_met), deployment behavior (not_met), rollback/recovery evidence (not_met), observability (not_met), ownership (not_met), capacity (not_met)."
P31-REQ-510,RTO/RPO,not_verified,not_built,infrastructure/configuration version; environment scope; deployment behavior; rollback/recovery evidence; observability; ownership; capacity,security controls; mapped tests,"No recovery point or time objective is stated anywhere. Blocked platform-wide by: infrastructure/configuration version (not_met), environment scope (not_met), deployment behavior (not_met), rollback/recovery evidence (not_met), observability (not_met), ownership (not_met), capacity (not_met)."
P31-REQ-511,Business Continuity,not_verified,not_built,infrastructure/configuration version; environment scope; deployment behavior; rollback/recovery evidence; observability; ownership; capacity,security controls; mapped tests,"None. Blocked platform-wide by: infrastructure/configuration version (not_met), environment scope (not_met), deployment behavior (not_met), rollback/recovery evidence (not_met), observability (not_met), ownership (not_met), capacity (not_met)."
P31-REQ-512,Multi-Region Recovery,not_verified,not_built,infrastructure/configuration version; environment scope; deployment behavior; rollback/recovery evidence; observability; ownership; capacity,security controls; mapped tests,"None. Blocked platform-wide by: infrastructure/configuration version (not_met), environment scope (not_met), deployment behavior (not_met), rollback/recovery evidence (not_met), observability (not_met), ownership (not_met), capacity (not_met)."
P31-REQ-513,Operational Runbooks,not_verified,not_built,infrastructure/configuration version; environment scope; deployment behavior; rollback/recovery evidence; observability; ownership; capacity,security controls; mapped tests,"A deployment runbook exists. There is no operational runbook for anything that runs. Blocked platform-wide by: infrastructure/configuration version (not_met), environment scope (not_met), deployment behavior (not_met), rollback/recovery evidence (not_met), observability (not_met), ownership (not_met), capacity (not_met)."
P31-REQ-514,Maintenance Windows,not_verified,not_built,infrastructure/configuration version; environment scope; deployment behavior; rollback/recovery evidence; observability; ownership; capacity,security controls; mapped tests,"None. Blocked platform-wide by: infrastructure/configuration version (not_met), environment scope (not_met), deployment behavior (not_met), rollback/recovery evidence (not_met), observability (not_met), ownership (not_met), capacity (not_met)."
P31-REQ-515,Patch Management,not_verified,not_built,infrastructure/configuration version; environment scope; deployment behavior; rollback/recovery evidence; observability; ownership; capacity,security controls; mapped tests,"No patch process, no vulnerability scan, no schedule. Blocked platform-wide by: infrastructure/configuration version (not_met), environment scope (not_met), deployment behavior (not_met), rollback/recovery evidence (not_met), observability (not_met), ownership (not_met), capacity (not_met)."
P31-REQ-516,Dependency Updates,not_verified,partial,infrastructure/configuration version; environment scope; deployment behavior; rollback/recovery evidence; observability; ownership; capacity,security controls; mapped tests,"Direct dependencies are pinned and installed from a lockfile, and this phase pinned the Edge Function imports that were floating on a major. There is no update process: no schedule, no automated bump, no vulnerability scan. Blocked platform-wide by: infrastructure/configuration version (not_met), environment scope (not_met), deployment behavior (not_met), rollback/recovery evidence (not_met), observability (not_met), ownership (not_met), capacity (not_met)."
P31-REQ-517,Operational Access,not_verified,not_built,infrastructure/configuration version; environment scope; deployment behavior; rollback/recovery evidence; observability; ownership; capacity,security controls; mapped tests,"No break-glass, no elevation, no session recording — P01 recorded the same. Blocked platform-wide by: infrastructure/configuration version (not_met), environment scope (not_met), deployment behavior (not_met), rollback/recovery evidence (not_met), observability (not_met), ownership (not_met), capacity (not_met)."
P31-REQ-518,Production Support,not_verified,not_built,infrastructure/configuration version; environment scope; deployment behavior; rollback/recovery evidence; observability; ownership; capacity,security controls; mapped tests,"No support model, no ticket, no queue, no tier. Blocked platform-wide by: infrastructure/configuration version (not_met), environment scope (not_met), deployment behavior (not_met), rollback/recovery evidence (not_met), observability (not_met), ownership (not_met), capacity (not_met)."
P31-REQ-519,FinOps,not_verified,not_built,infrastructure/configuration version; environment scope; deployment behavior; rollback/recovery evidence; observability; ownership; capacity,security controls; mapped tests,"None. Blocked platform-wide by: infrastructure/configuration version (not_met), environment scope (not_met), deployment behavior (not_met), rollback/recovery evidence (not_met), observability (not_met), ownership (not_met), capacity (not_met)."
P31-REQ-520,Cloud Cost Allocation,not_verified,not_built,infrastructure/configuration version; environment scope; deployment behavior; rollback/recovery evidence; observability; ownership; capacity,security controls; mapped tests,"No cloud spend to allocate. AI usage is metered per company, which is the one cost the platform attributes. Blocked platform-wide by: infrastructure/configuration version (not_met), environment scope (not_met), deployment behavior (not_met), rollback/recovery evidence (not_met), observability (not_met), ownership (not_met), capacity (not_met)."
P31-REQ-521,Cost Budgets,not_verified,not_built,infrastructure/configuration version; environment scope; deployment behavior; rollback/recovery evidence; observability; ownership; capacity,security controls; mapped tests,"None. Blocked platform-wide by: infrastructure/configuration version (not_met), environment scope (not_met), deployment behavior (not_met), rollback/recovery evidence (not_met), observability (not_met), ownership (not_met), capacity (not_met)."
P31-REQ-522,Resource Tagging,not_verified,not_built,infrastructure/configuration version; environment scope; deployment behavior; rollback/recovery evidence; observability; ownership; capacity,security controls; mapped tests,"No cloud resources to tag. Blocked platform-wide by: infrastructure/configuration version (not_met), environment scope (not_met), deployment behavior (not_met), rollback/recovery evidence (not_met), observability (not_met), ownership (not_met), capacity (not_met)."
P31-REQ-523,Environment Cleanup,not_verified,not_built,infrastructure/configuration version; environment scope; deployment behavior; rollback/recovery evidence; observability; ownership; capacity,security controls; mapped tests,"Nothing to clean up. Blocked platform-wide by: infrastructure/configuration version (not_met), environment scope (not_met), deployment behavior (not_met), rollback/recovery evidence (not_met), observability (not_met), ownership (not_met), capacity (not_met)."
P31-REQ-524,Release Evidence,not_verified,not_built,infrastructure/configuration version; environment scope; deployment behavior; rollback/recovery evidence; observability; ownership; capacity,security controls; mapped tests,"Nothing is produced by a release because nothing has been released. Blocked platform-wide by: infrastructure/configuration version (not_met), environment scope (not_met), deployment behavior (not_met), rollback/recovery evidence (not_met), observability (not_met), ownership (not_met), capacity (not_met)."
P31-REQ-525,Deployment Audit,not_verified,not_built,infrastructure/configuration version; environment scope; deployment behavior; rollback/recovery evidence; observability; ownership; capacity,security controls; mapped tests,"No deployment has occurred to audit. The database audit ledger covers data rather than deployments. Blocked platform-wide by: infrastructure/configuration version (not_met), environment scope (not_met), deployment behavior (not_met), rollback/recovery evidence (not_met), observability (not_met), ownership (not_met), capacity (not_met)."
P31-REQ-526,Service Catalog,not_verified,not_built,infrastructure/configuration version; environment scope; deployment behavior; rollback/recovery evidence; observability; ownership; capacity,security controls; mapped tests,"No service catalog. `governance/registry.json` catalogs tables, engines and agents rather than running services. Blocked platform-wide by: infrastructure/configuration version (not_met), environment scope (not_met), deployment behavior (not_met), rollback/recovery evidence (not_met), observability (not_met), ownership (not_met), capacity (not_met)."
P31-REQ-527,Operational Ownership,not_verified,not_built,infrastructure/configuration version; environment scope; deployment behavior; rollback/recovery evidence; observability; ownership; capacity,security controls; mapped tests,"Nothing has an owner. Four phases have now found this independently. Blocked platform-wide by: infrastructure/configuration version (not_met), environment scope (not_met), deployment behavior (not_met), rollback/recovery evidence (not_met), observability (not_met), ownership (not_met), capacity (not_met)."
P31-REQ-528,Platform Reliability,not_verified,not_built,infrastructure/configuration version; environment scope; deployment behavior; rollback/recovery evidence; observability; ownership; capacity,security controls; mapped tests,"No service level objective, no error budget, no reliability practice. Blocked platform-wide by: infrastructure/configuration version (not_met), environment scope (not_met), deployment behavior (not_met), rollback/recovery evidence (not_met), observability (not_met), ownership (not_met), capacity (not_met)."
P31-REQ-529,Production Architecture,not_verified,not_built,infrastructure/configuration version; environment scope; deployment behavior; rollback/recovery evidence; observability; ownership; capacity,security controls; mapped tests,"There is no production architecture because there is no production. The intended shape is described in the deployment documentation and has never been instantiated. Blocked platform-wide by: infrastructure/configuration version (not_met), environment scope (not_met), deployment behavior (not_met), rollback/recovery evidence (not_met), observability (not_met), ownership (not_met), capacity (not_met)."
P31-REQ-530,Cloud Provider Abstraction,not_verified,not_built,infrastructure/configuration version; environment scope; deployment behavior; rollback/recovery evidence; observability; ownership; capacity,security controls; mapped tests,"None, and none intended — the platform is written to Supabase and Stripe directly. Blocked platform-wide by: infrastructure/configuration version (not_met), environment scope (not_met), deployment behavior (not_met), rollback/recovery evidence (not_met), observability (not_met), ownership (not_met), capacity (not_met)."
P31-REQ-531,Regions & Availability Zones,not_verified,not_built,infrastructure/configuration version; environment scope; deployment behavior; rollback/recovery evidence; observability; ownership; capacity,security controls; mapped tests,"Single region, no zone awareness, no residency model. Blocked platform-wide by: infrastructure/configuration version (not_met), environment scope (not_met), deployment behavior (not_met), rollback/recovery evidence (not_met), observability (not_met), ownership (not_met), capacity (not_met)."
P31-REQ-532,Network Topology,not_verified,not_built,infrastructure/configuration version; environment scope; deployment behavior; rollback/recovery evidence; observability; ownership; capacity,security controls; mapped tests,"No network the platform defines. Blocked platform-wide by: infrastructure/configuration version (not_met), environment scope (not_met), deployment behavior (not_met), rollback/recovery evidence (not_met), observability (not_met), ownership (not_met), capacity (not_met)."
P31-REQ-533,Ingress & Edge,not_verified,not_built,infrastructure/configuration version; environment scope; deployment behavior; rollback/recovery evidence; observability; ownership; capacity,security controls; mapped tests,"No ingress the platform controls, no WAF, no edge rules. Blocked platform-wide by: infrastructure/configuration version (not_met), environment scope (not_met), deployment behavior (not_met), rollback/recovery evidence (not_met), observability (not_met), ownership (not_met), capacity (not_met)."
P31-REQ-534,DNS,not_verified,not_built,infrastructure/configuration version; environment scope; deployment behavior; rollback/recovery evidence; observability; ownership; capacity,security controls; mapped tests,"No managed DNS, no custom domain. Blocked platform-wide by: infrastructure/configuration version (not_met), environment scope (not_met), deployment behavior (not_met), rollback/recovery evidence (not_met), observability (not_met), ownership (not_met), capacity (not_met)."
P31-REQ-535,TLS Certificates,not_verified,not_built,infrastructure/configuration version; environment scope; deployment behavior; rollback/recovery evidence; observability; ownership; capacity,security controls; mapped tests,"Provided by the host; nothing here manages, rotates or monitors one. Blocked platform-wide by: infrastructure/configuration version (not_met), environment scope (not_met), deployment behavior (not_met), rollback/recovery evidence (not_met), observability (not_met), ownership (not_met), capacity (not_met)."
P31-REQ-536,Load Balancing,not_verified,not_built,infrastructure/configuration version; environment scope; deployment behavior; rollback/recovery evidence; observability; ownership; capacity,security controls; mapped tests,"None. Blocked platform-wide by: infrastructure/configuration version (not_met), environment scope (not_met), deployment behavior (not_met), rollback/recovery evidence (not_met), observability (not_met), ownership (not_met), capacity (not_met)."
P31-REQ-537,Application Runtime,not_verified,not_built,infrastructure/configuration version; environment scope; deployment behavior; rollback/recovery evidence; observability; ownership; capacity,security controls; mapped tests,"No runtime the platform operates: the bundle is served by a host and the functions by a provider. Blocked platform-wide by: infrastructure/configuration version (not_met), environment scope (not_met), deployment behavior (not_met), rollback/recovery evidence (not_met), observability (not_met), ownership (not_met), capacity (not_met)."
P31-REQ-538,Container Runtime,not_verified,not_built,infrastructure/configuration version; environment scope; deployment behavior; rollback/recovery evidence; observability; ownership; capacity,security controls; mapped tests,"No container image and no orchestration. The application is a static bundle and a set of Edge Functions. Blocked platform-wide by: infrastructure/configuration version (not_met), environment scope (not_met), deployment behavior (not_met), rollback/recovery evidence (not_met), observability (not_met), ownership (not_met), capacity (not_met)."
P31-REQ-539,Serverless/Worker Runtime,not_verified,partial,infrastructure/configuration version; environment scope; deployment behavior; rollback/recovery evidence; observability; ownership; capacity,security controls; mapped tests,"Edge Functions are the runtime and they are real code with real tests. There is no worker, no queue consumer and no scheduled invocation — nothing runs except in response to a request. Blocked platform-wide by: infrastructure/configuration version (not_met), environment scope (not_met), deployment behavior (not_met), rollback/recovery evidence (not_met), observability (not_met), ownership (not_met), capacity (not_met)."
P31-REQ-540,Database Infrastructure,not_verified,partial,infrastructure/configuration version; environment scope; deployment behavior; rollback/recovery evidence; observability; ownership; capacity,security controls; mapped tests,"137 tables with forced row level security, tenant-key indexes since P03, non-overlapping period constraints, exclusion constraints, generated columns and 54 migrations behind them. It is a schema rather than infrastructure: no replica, no pooling policy, no failover, no capacity plan. Blocked platform-wide by: infrastructure/configuration version (not_met), environment scope (not_met), deployment behavior (not_met), rollback/recovery evidence (not_met), observability (not_met), ownership (not_met), capacity (not_met)."
P31-REQ-541,Cache Infrastructure,not_verified,not_built,infrastructure/configuration version; environment scope; deployment behavior; rollback/recovery evidence; observability; ownership; capacity,security controls; mapped tests,"No cache — which P02 records as satisfying its own criterion, because a cache that does not exist cannot corrupt source data. Blocked platform-wide by: infrastructure/configuration version (not_met), environment scope (not_met), deployment behavior (not_met), rollback/recovery evidence (not_met), observability (not_met), ownership (not_met), capacity (not_met)."
P31-REQ-542,Queue Infrastructure,not_verified,not_built,infrastructure/configuration version; environment scope; deployment behavior; rollback/recovery evidence; observability; ownership; capacity,security controls; mapped tests,"No queue, no broker, no consumer. Blocked platform-wide by: infrastructure/configuration version (not_met), environment scope (not_met), deployment behavior (not_met), rollback/recovery evidence (not_met), observability (not_met), ownership (not_met), capacity (not_met)."
P31-REQ-543,Object Storage,not_verified,not_built,infrastructure/configuration version; environment scope; deployment behavior; rollback/recovery evidence; observability; ownership; capacity,security controls; mapped tests,"Storage paths are recorded on documents, surfaces and machine control files; no bucket is provisioned, no lifecycle rule exists and nothing has been uploaded. Blocked platform-wide by: infrastructure/configuration version (not_met), environment scope (not_met), deployment behavior (not_met), rollback/recovery evidence (not_met), observability (not_met), ownership (not_met), capacity (not_met)."
P31-REQ-544,Search Infrastructure,not_verified,not_built,infrastructure/configuration version; environment scope; deployment behavior; rollback/recovery evidence; observability; ownership; capacity,security controls; mapped tests,"Document text search runs in PostgreSQL against the records themselves, so there is no separate search infrastructure to operate — and no search infrastructure either. Blocked platform-wide by: infrastructure/configuration version (not_met), environment scope (not_met), deployment behavior (not_met), rollback/recovery evidence (not_met), observability (not_met), ownership (not_met), capacity (not_met)."
P31-REQ-545,Analytics Infrastructure,not_verified,not_built,infrastructure/configuration version; environment scope; deployment behavior; rollback/recovery evidence; observability; ownership; capacity,security controls; mapped tests,"Thirteen live views over the operational tables. No warehouse, no pipeline, no separate compute — P29 recorded this in detail. Blocked platform-wide by: infrastructure/configuration version (not_met), environment scope (not_met), deployment behavior (not_met), rollback/recovery evidence (not_met), observability (not_met), ownership (not_met), capacity (not_met)."
P31-REQ-546,AI Runtime Infrastructure,not_verified,not_built,infrastructure/configuration version; environment scope; deployment behavior; rollback/recovery evidence; observability; ownership; capacity,security controls; mapped tests,"One function calling a provider directly. No model gateway, no routing, no fallback, no inference infrastructure. Blocked platform-wide by: infrastructure/configuration version (not_met), environment scope (not_met), deployment behavior (not_met), rollback/recovery evidence (not_met), observability (not_met), ownership (not_met), capacity (not_met)."
P31-REQ-547,Environment Strategy,not_verified,partial,infrastructure/configuration version; environment scope; deployment behavior; rollback/recovery evidence; observability; ownership; capacity,security controls; mapped tests,"Staging and production are named, the deploy workflow takes one as an input, and a secret matrix states where each credential lives and which two are public by design. No environment has been created. Blocked platform-wide by: infrastructure/configuration version (not_met), environment scope (not_met), deployment behavior (not_met), rollback/recovery evidence (not_met), observability (not_met), ownership (not_met), capacity (not_met)."
P31-REQ-548,Development Environment,not_verified,partial,infrastructure/configuration version; environment scope; deployment behavior; rollback/recovery evidence; observability; ownership; capacity,security controls; mapped tests,"One command installs, one runs the whole gate, and the database suite needs no service and no credentials. There is no seeded local application environment, and 22 of 23 screens read fixtures rather than a local database. Blocked platform-wide by: infrastructure/configuration version (not_met), environment scope (not_met), deployment behavior (not_met), rollback/recovery evidence (not_met), observability (not_met), ownership (not_met), capacity (not_met)."
P31-REQ-549,Test Environment,not_verified,not_built,infrastructure/configuration version; environment scope; deployment behavior; rollback/recovery evidence; observability; ownership; capacity,security controls; mapped tests,"The test 'environment' is PostgreSQL compiled to WebAssembly inside the test process, which is a genuine strength and is not an environment anybody operates. Blocked platform-wide by: infrastructure/configuration version (not_met), environment scope (not_met), deployment behavior (not_met), rollback/recovery evidence (not_met), observability (not_met), ownership (not_met), capacity (not_met)."
P31-REQ-550,Staging Environment,not_verified,not_built,infrastructure/configuration version; environment scope; deployment behavior; rollback/recovery evidence; observability; ownership; capacity,security controls; mapped tests,"Named in a workflow input and never created. Blocked platform-wide by: infrastructure/configuration version (not_met), environment scope (not_met), deployment behavior (not_met), rollback/recovery evidence (not_met), observability (not_met), ownership (not_met), capacity (not_met)."
P31-REQ-551,Production Environment,not_verified,not_built,infrastructure/configuration version; environment scope; deployment behavior; rollback/recovery evidence; observability; ownership; capacity,security controls; mapped tests,"Nothing has been deployed. This is the gate every other operational domain in this phase waits behind. Blocked platform-wide by: infrastructure/configuration version (not_met), environment scope (not_met), deployment behavior (not_met), rollback/recovery evidence (not_met), observability (not_met), ownership (not_met), capacity (not_met)."
P31-REQ-552,Preview Environments,not_verified,not_built,infrastructure/configuration version; environment scope; deployment behavior; rollback/recovery evidence; observability; ownership; capacity,security controls; mapped tests,"None. Blocked platform-wide by: infrastructure/configuration version (not_met), environment scope (not_met), deployment behavior (not_met), rollback/recovery evidence (not_met), observability (not_met), ownership (not_met), capacity (not_met)."
P31-REQ-553,Configuration Management,not_verified,partial,infrastructure/configuration version; environment scope; deployment behavior; rollback/recovery evidence; observability; ownership; capacity,security controls; mapped tests,"`supabase/config.toml` describes the project and the local stack, carries no secret, and states which two functions run without JWT verification and why. Application configuration is per-company in the database and versioned where it is commercial. There is no configuration promotion between environments and no drift detection. Blocked platform-wide by: infrastructure/configuration version (not_met), environment scope (not_met), deployment behavior (not_met), rollback/recovery evidence (not_met), observability (not_met), ownership (not_met), capacity (not_met)."
P31-REQ-554,Secrets Injection,not_verified,partial,infrastructure/configuration version; environment scope; deployment behavior; rollback/recovery evidence; observability; ownership; capacity,security controls; mapped tests,"Secrets live only in Edge Function environment variables, are never in source control, are redacted from logs by shape as well as by name, and since this build the emitted client bundle is scanned for them after every build — by name and by literal shape, with the service-role pattern computed across all three base64 alignments after a hand-written one was found to miss a realistic token. Blocked platform-wide by: infrastructure/configuration version (not_met), environment scope (not_met), deployment behavior (not_met), rollback/recovery evidence (not_met), observability (not_met), ownership (not_met), capacity (not_met)."
P31-REQ-555,Infrastructure as Code,not_verified,not_built,infrastructure/configuration version; environment scope; deployment behavior; rollback/recovery evidence; observability; ownership; capacity,security controls; mapped tests,"No Terraform, no Pulumi, no declarative infrastructure of any kind. Buckets, policies and Stripe products are created by hand from the runbook. Blocked platform-wide by: infrastructure/configuration version (not_met), environment scope (not_met), deployment behavior (not_met), rollback/recovery evidence (not_met), observability (not_met), ownership (not_met), capacity (not_met)."
P31-REQ-556,State Management,not_verified,not_built,infrastructure/configuration version; environment scope; deployment behavior; rollback/recovery evidence; observability; ownership; capacity,security controls; mapped tests,"No distributed state, no session store, no coordination service. Blocked platform-wide by: infrastructure/configuration version (not_met), environment scope (not_met), deployment behavior (not_met), rollback/recovery evidence (not_met), observability (not_met), ownership (not_met), capacity (not_met)."
P31-REQ-557,Policy as Code,not_verified,not_built,infrastructure/configuration version; environment scope; deployment behavior; rollback/recovery evidence; observability; ownership; capacity,security controls; mapped tests,"No policy engine, no admission control, no infrastructure policy. The platform's own rules are enforced in the database, which is a different thing. Blocked platform-wide by: infrastructure/configuration version (not_met), environment scope (not_met), deployment behavior (not_met), rollback/recovery evidence (not_met), observability (not_met), ownership (not_met), capacity (not_met)."
P31-REQ-558,CI Pipelines,not_verified,partial,infrastructure/configuration version; environment scope; deployment behavior; rollback/recovery evidence; observability; ownership; capacity,security controls; mapped tests,"One workflow runs the entire gate — typecheck, four drift checks, six suites, a production build and a bundle secret scan — on every branch and pull request, needing no secrets because the database suite runs PostgreSQL in WebAssembly. A test asserts the pipeline cannot be narrowed to a subset. Blocked platform-wide by: infrastructure/configuration version (not_met), environment scope (not_met), deployment behavior (not_met), rollback/recovery evidence (not_met), observability (not_met), ownership (not_met), capacity (not_met)."
P31-REQ-559,Build Reproducibility,not_verified,partial,infrastructure/configuration version; environment scope; deployment behavior; rollback/recovery evidence; observability; ownership; capacity,security controls; mapped tests,"`npm ci` from a committed lockfile in both workflows, a dependency-free estimating engine, a document renderer that produces identical bytes for identical input, and — since this phase — every Edge Function dependency routed through one import map with the Supabase client pinned to the exact version the browser also runs. What is missing is `deno.lock`: direct dependencies are pinned and their transitives are not. Blocked platform-wide by: infrastructure/configuration version (not_met), environment scope (not_met), deployment behavior (not_met), rollback/recovery evidence (not_met), observability (not_met), ownership (not_met), capacity (not_met)."
P31-REQ-560,Artifact Registry,not_verified,not_built,infrastructure/configuration version; environment scope; deployment behavior; rollback/recovery evidence; observability; ownership; capacity,security controls; mapped tests,"No registry, no versioned artifact, no promotion between environments. Blocked platform-wide by: infrastructure/configuration version (not_met), environment scope (not_met), deployment behavior (not_met), rollback/recovery evidence (not_met), observability (not_met), ownership (not_met), capacity (not_met)."
