requirement_id,domain,priority,requirement,acceptance_criteria,version
P16-REQ-001,GIS Core,Must,"GrounUp shall provide governed gis core capability 1 with tenant/project scope, spatial reference metadata, source lineage, accuracy/quality evidence, permissions and auditable processing history.","Verify requirement 1 using controlled spatial data, coordinate/reference metadata, source evidence, applicable QA checks, authorization boundaries and mapped test evidence.",v1.0.0
P16-REQ-002,Coordinate Reference Systems,Must,"GrounUp shall provide governed coordinate reference systems capability 2 with tenant/project scope, spatial reference metadata, source lineage, accuracy/quality evidence, permissions and auditable processing history.","Verify requirement 2 using controlled spatial data, coordinate/reference metadata, source evidence, applicable QA checks, authorization boundaries and mapped test evidence.",v1.0.0
P16-REQ-003,Survey Control,Must,"GrounUp shall provide governed survey control capability 3 with tenant/project scope, spatial reference metadata, source lineage, accuracy/quality evidence, permissions and auditable processing history.","Verify requirement 3 using controlled spatial data, coordinate/reference metadata, source evidence, applicable QA checks, authorization boundaries and mapped test evidence.",v1.0.0
P16-REQ-004,GNSS Survey,Must,"GrounUp shall provide governed gnss survey capability 4 with tenant/project scope, spatial reference metadata, source lineage, accuracy/quality evidence, permissions and auditable processing history.","Verify requirement 4 using controlled spatial data, coordinate/reference metadata, source evidence, applicable QA checks, authorization boundaries and mapped test evidence.",v1.0.0
P16-REQ-005,Total Station Survey,Must,"GrounUp shall provide governed total station survey capability 5 with tenant/project scope, spatial reference metadata, source lineage, accuracy/quality evidence, permissions and auditable processing history.","Verify requirement 5 using controlled spatial data, coordinate/reference metadata, source evidence, applicable QA checks, authorization boundaries and mapped test evidence.",v1.0.0
P16-REQ-006,Digital Levels,Must,"GrounUp shall provide governed digital levels capability 6 with tenant/project scope, spatial reference metadata, source lineage, accuracy/quality evidence, permissions and auditable processing history.","Verify requirement 6 using controlled spatial data, coordinate/reference metadata, source evidence, applicable QA checks, authorization boundaries and mapped test evidence.",v1.0.0
P16-REQ-007,Construction Layout,Must,"GrounUp shall provide governed construction layout capability 7 with tenant/project scope, spatial reference metadata, source lineage, accuracy/quality evidence, permissions and auditable processing history.","Verify requirement 7 using controlled spatial data, coordinate/reference metadata, source evidence, applicable QA checks, authorization boundaries and mapped test evidence.",v1.0.0
P16-REQ-008,Topographic Survey,Must,"GrounUp shall provide governed topographic survey capability 8 with tenant/project scope, spatial reference metadata, source lineage, accuracy/quality evidence, permissions and auditable processing history.","Verify requirement 8 using controlled spatial data, coordinate/reference metadata, source evidence, applicable QA checks, authorization boundaries and mapped test evidence.",v1.0.0
P16-REQ-009,Existing Conditions,Must,"GrounUp shall provide governed existing conditions capability 9 with tenant/project scope, spatial reference metadata, source lineage, accuracy/quality evidence, permissions and auditable processing history.","Verify requirement 9 using controlled spatial data, coordinate/reference metadata, source evidence, applicable QA checks, authorization boundaries and mapped test evidence.",v1.0.0
P16-REQ-010,Drone Operations,Must,"GrounUp shall provide governed drone operations capability 10 with tenant/project scope, spatial reference metadata, source lineage, accuracy/quality evidence, permissions and auditable processing history.","Verify requirement 10 using controlled spatial data, coordinate/reference metadata, source evidence, applicable QA checks, authorization boundaries and mapped test evidence.",v1.0.0
P16-REQ-011,Photogrammetry,Must,"GrounUp shall provide governed photogrammetry capability 11 with tenant/project scope, spatial reference metadata, source lineage, accuracy/quality evidence, permissions and auditable processing history.","Verify requirement 11 using controlled spatial data, coordinate/reference metadata, source evidence, applicable QA checks, authorization boundaries and mapped test evidence.",v1.0.0
P16-REQ-012,LiDAR Reality Capture,Must,"GrounUp shall provide governed lidar reality capture capability 12 with tenant/project scope, spatial reference metadata, source lineage, accuracy/quality evidence, permissions and auditable processing history.","Verify requirement 12 using controlled spatial data, coordinate/reference metadata, source evidence, applicable QA checks, authorization boundaries and mapped test evidence.",v1.0.0
P16-REQ-013,Point Cloud Management,Must,"GrounUp shall provide governed point cloud management capability 13 with tenant/project scope, spatial reference metadata, source lineage, accuracy/quality evidence, permissions and auditable processing history.","Verify requirement 13 using controlled spatial data, coordinate/reference metadata, source evidence, applicable QA checks, authorization boundaries and mapped test evidence.",v1.0.0
P16-REQ-014,Orthomosaic Management,Must,"GrounUp shall provide governed orthomosaic management capability 14 with tenant/project scope, spatial reference metadata, source lineage, accuracy/quality evidence, permissions and auditable processing history.","Verify requirement 14 using controlled spatial data, coordinate/reference metadata, source evidence, applicable QA checks, authorization boundaries and mapped test evidence.",v1.0.0
P16-REQ-015,Surface & Terrain Models,Must,"GrounUp shall provide governed surface & terrain models capability 15 with tenant/project scope, spatial reference metadata, source lineage, accuracy/quality evidence, permissions and auditable processing history.","Verify requirement 15 using controlled spatial data, coordinate/reference metadata, source evidence, applicable QA checks, authorization boundaries and mapped test evidence.",v1.0.0
P16-REQ-016,Volumes & Earthwork,Must,"GrounUp shall provide governed volumes & earthwork capability 16 with tenant/project scope, spatial reference metadata, source lineage, accuracy/quality evidence, permissions and auditable processing history.","Verify requirement 16 using controlled spatial data, coordinate/reference metadata, source evidence, applicable QA checks, authorization boundaries and mapped test evidence.",v1.0.0
P16-REQ-017,Progress & Change Detection,Must,"GrounUp shall provide governed progress & change detection capability 17 with tenant/project scope, spatial reference metadata, source lineage, accuracy/quality evidence, permissions and auditable processing history.","Verify requirement 17 using controlled spatial data, coordinate/reference metadata, source evidence, applicable QA checks, authorization boundaries and mapped test evidence.",v1.0.0
P16-REQ-018,Corridor & Linear Infrastructure,Must,"GrounUp shall provide governed corridor & linear infrastructure capability 18 with tenant/project scope, spatial reference metadata, source lineage, accuracy/quality evidence, permissions and auditable processing history.","Verify requirement 18 using controlled spatial data, coordinate/reference metadata, source evidence, applicable QA checks, authorization boundaries and mapped test evidence.",v1.0.0
P16-REQ-019,Utility Mapping,Must,"GrounUp shall provide governed utility mapping capability 19 with tenant/project scope, spatial reference metadata, source lineage, accuracy/quality evidence, permissions and auditable processing history.","Verify requirement 19 using controlled spatial data, coordinate/reference metadata, source evidence, applicable QA checks, authorization boundaries and mapped test evidence.",v1.0.0
P16-REQ-020,GIS Field Collection,Must,"GrounUp shall provide governed gis field collection capability 20 with tenant/project scope, spatial reference metadata, source lineage, accuracy/quality evidence, permissions and auditable processing history.","Verify requirement 20 using controlled spatial data, coordinate/reference metadata, source evidence, applicable QA checks, authorization boundaries and mapped test evidence.",v1.0.0
P16-REQ-021,Reality Capture QA/QC,Must,"GrounUp shall provide governed reality capture qa/qc capability 21 with tenant/project scope, spatial reference metadata, source lineage, accuracy/quality evidence, permissions and auditable processing history.","Verify requirement 21 using controlled spatial data, coordinate/reference metadata, source evidence, applicable QA checks, authorization boundaries and mapped test evidence.",v1.0.0
P16-REQ-022,Geofencing & Location Intelligence,Must,"GrounUp shall provide governed geofencing & location intelligence capability 22 with tenant/project scope, spatial reference metadata, source lineage, accuracy/quality evidence, permissions and auditable processing history.","Verify requirement 22 using controlled spatial data, coordinate/reference metadata, source evidence, applicable QA checks, authorization boundaries and mapped test evidence.",v1.0.0
P16-REQ-023,Drone Media & Inspection,Must,"GrounUp shall provide governed drone media & inspection capability 23 with tenant/project scope, spatial reference metadata, source lineage, accuracy/quality evidence, permissions and auditable processing history.","Verify requirement 23 using controlled spatial data, coordinate/reference metadata, source evidence, applicable QA checks, authorization boundaries and mapped test evidence.",v1.0.0
P16-REQ-024,Regulatory & Flight Compliance,Must,"GrounUp shall provide governed regulatory & flight compliance capability 24 with tenant/project scope, spatial reference metadata, source lineage, accuracy/quality evidence, permissions and auditable processing history.","Verify requirement 24 using controlled spatial data, coordinate/reference metadata, source evidence, applicable QA checks, authorization boundaries and mapped test evidence.",v1.0.0
P16-REQ-025,Survey Deliverables,Must,"GrounUp shall provide governed survey deliverables capability 25 with tenant/project scope, spatial reference metadata, source lineage, accuracy/quality evidence, permissions and auditable processing history.","Verify requirement 25 using controlled spatial data, coordinate/reference metadata, source evidence, applicable QA checks, authorization boundaries and mapped test evidence.",v1.0.0
P16-REQ-026,Machine Control Handoff,Must,"GrounUp shall provide governed machine control handoff capability 26 with tenant/project scope, spatial reference metadata, source lineage, accuracy/quality evidence, permissions and auditable processing history.","Verify requirement 26 using controlled spatial data, coordinate/reference metadata, source evidence, applicable QA checks, authorization boundaries and mapped test evidence.",v1.0.0
P16-REQ-027,Spatial Analytics,Must,"GrounUp shall provide governed spatial analytics capability 27 with tenant/project scope, spatial reference metadata, source lineage, accuracy/quality evidence, permissions and auditable processing history.","Verify requirement 27 using controlled spatial data, coordinate/reference metadata, source evidence, applicable QA checks, authorization boundaries and mapped test evidence.",v1.0.0
P16-REQ-028,AI Geospatial Intelligence,Must,"GrounUp shall provide governed ai geospatial intelligence capability 28 with tenant/project scope, spatial reference metadata, source lineage, accuracy/quality evidence, permissions and auditable processing history.","Verify requirement 28 using controlled spatial data, coordinate/reference metadata, source evidence, applicable QA checks, authorization boundaries and mapped test evidence.",v1.0.0
P16-REQ-029,Geospatial Digital Twin,Must,"GrounUp shall provide governed geospatial digital twin capability 29 with tenant/project scope, spatial reference metadata, source lineage, accuracy/quality evidence, permissions and auditable processing history.","Verify requirement 29 using controlled spatial data, coordinate/reference metadata, source evidence, applicable QA checks, authorization boundaries and mapped test evidence.",v1.0.0
P16-REQ-030,GIS Core,Must,"GrounUp shall provide governed gis core capability 30 with tenant/project scope, spatial reference metadata, source lineage, accuracy/quality evidence, permissions and auditable processing history.","Verify requirement 30 using controlled spatial data, coordinate/reference metadata, source evidence, applicable QA checks, authorization boundaries and mapped test evidence.",v1.0.0
P16-REQ-031,Coordinate Reference Systems,Must,"GrounUp shall provide governed coordinate reference systems capability 31 with tenant/project scope, spatial reference metadata, source lineage, accuracy/quality evidence, permissions and auditable processing history.","Verify requirement 31 using controlled spatial data, coordinate/reference metadata, source evidence, applicable QA checks, authorization boundaries and mapped test evidence.",v1.0.0
P16-REQ-032,Survey Control,Must,"GrounUp shall provide governed survey control capability 32 with tenant/project scope, spatial reference metadata, source lineage, accuracy/quality evidence, permissions and auditable processing history.","Verify requirement 32 using controlled spatial data, coordinate/reference metadata, source evidence, applicable QA checks, authorization boundaries and mapped test evidence.",v1.0.0
P16-REQ-033,GNSS Survey,Must,"GrounUp shall provide governed gnss survey capability 33 with tenant/project scope, spatial reference metadata, source lineage, accuracy/quality evidence, permissions and auditable processing history.","Verify requirement 33 using controlled spatial data, coordinate/reference metadata, source evidence, applicable QA checks, authorization boundaries and mapped test evidence.",v1.0.0
P16-REQ-034,Total Station Survey,Must,"GrounUp shall provide governed total station survey capability 34 with tenant/project scope, spatial reference metadata, source lineage, accuracy/quality evidence, permissions and auditable processing history.","Verify requirement 34 using controlled spatial data, coordinate/reference metadata, source evidence, applicable QA checks, authorization boundaries and mapped test evidence.",v1.0.0
P16-REQ-035,Digital Levels,Must,"GrounUp shall provide governed digital levels capability 35 with tenant/project scope, spatial reference metadata, source lineage, accuracy/quality evidence, permissions and auditable processing history.","Verify requirement 35 using controlled spatial data, coordinate/reference metadata, source evidence, applicable QA checks, authorization boundaries and mapped test evidence.",v1.0.0
P16-REQ-036,Construction Layout,Must,"GrounUp shall provide governed construction layout capability 36 with tenant/project scope, spatial reference metadata, source lineage, accuracy/quality evidence, permissions and auditable processing history.","Verify requirement 36 using controlled spatial data, coordinate/reference metadata, source evidence, applicable QA checks, authorization boundaries and mapped test evidence.",v1.0.0
P16-REQ-037,Topographic Survey,Must,"GrounUp shall provide governed topographic survey capability 37 with tenant/project scope, spatial reference metadata, source lineage, accuracy/quality evidence, permissions and auditable processing history.","Verify requirement 37 using controlled spatial data, coordinate/reference metadata, source evidence, applicable QA checks, authorization boundaries and mapped test evidence.",v1.0.0
P16-REQ-038,Existing Conditions,Must,"GrounUp shall provide governed existing conditions capability 38 with tenant/project scope, spatial reference metadata, source lineage, accuracy/quality evidence, permissions and auditable processing history.","Verify requirement 38 using controlled spatial data, coordinate/reference metadata, source evidence, applicable QA checks, authorization boundaries and mapped test evidence.",v1.0.0
P16-REQ-039,Drone Operations,Must,"GrounUp shall provide governed drone operations capability 39 with tenant/project scope, spatial reference metadata, source lineage, accuracy/quality evidence, permissions and auditable processing history.","Verify requirement 39 using controlled spatial data, coordinate/reference metadata, source evidence, applicable QA checks, authorization boundaries and mapped test evidence.",v1.0.0
P16-REQ-040,Photogrammetry,Must,"GrounUp shall provide governed photogrammetry capability 40 with tenant/project scope, spatial reference metadata, source lineage, accuracy/quality evidence, permissions and auditable processing history.","Verify requirement 40 using controlled spatial data, coordinate/reference metadata, source evidence, applicable QA checks, authorization boundaries and mapped test evidence.",v1.0.0
P16-REQ-041,LiDAR Reality Capture,Must,"GrounUp shall provide governed lidar reality capture capability 41 with tenant/project scope, spatial reference metadata, source lineage, accuracy/quality evidence, permissions and auditable processing history.","Verify requirement 41 using controlled spatial data, coordinate/reference metadata, source evidence, applicable QA checks, authorization boundaries and mapped test evidence.",v1.0.0
P16-REQ-042,Point Cloud Management,Must,"GrounUp shall provide governed point cloud management capability 42 with tenant/project scope, spatial reference metadata, source lineage, accuracy/quality evidence, permissions and auditable processing history.","Verify requirement 42 using controlled spatial data, coordinate/reference metadata, source evidence, applicable QA checks, authorization boundaries and mapped test evidence.",v1.0.0
P16-REQ-043,Orthomosaic Management,Must,"GrounUp shall provide governed orthomosaic management capability 43 with tenant/project scope, spatial reference metadata, source lineage, accuracy/quality evidence, permissions and auditable processing history.","Verify requirement 43 using controlled spatial data, coordinate/reference metadata, source evidence, applicable QA checks, authorization boundaries and mapped test evidence.",v1.0.0
P16-REQ-044,Surface & Terrain Models,Must,"GrounUp shall provide governed surface & terrain models capability 44 with tenant/project scope, spatial reference metadata, source lineage, accuracy/quality evidence, permissions and auditable processing history.","Verify requirement 44 using controlled spatial data, coordinate/reference metadata, source evidence, applicable QA checks, authorization boundaries and mapped test evidence.",v1.0.0
P16-REQ-045,Volumes & Earthwork,Must,"GrounUp shall provide governed volumes & earthwork capability 45 with tenant/project scope, spatial reference metadata, source lineage, accuracy/quality evidence, permissions and auditable processing history.","Verify requirement 45 using controlled spatial data, coordinate/reference metadata, source evidence, applicable QA checks, authorization boundaries and mapped test evidence.",v1.0.0
P16-REQ-046,Progress & Change Detection,Must,"GrounUp shall provide governed progress & change detection capability 46 with tenant/project scope, spatial reference metadata, source lineage, accuracy/quality evidence, permissions and auditable processing history.","Verify requirement 46 using controlled spatial data, coordinate/reference metadata, source evidence, applicable QA checks, authorization boundaries and mapped test evidence.",v1.0.0
P16-REQ-047,Corridor & Linear Infrastructure,Must,"GrounUp shall provide governed corridor & linear infrastructure capability 47 with tenant/project scope, spatial reference metadata, source lineage, accuracy/quality evidence, permissions and auditable processing history.","Verify requirement 47 using controlled spatial data, coordinate/reference metadata, source evidence, applicable QA checks, authorization boundaries and mapped test evidence.",v1.0.0
P16-REQ-048,Utility Mapping,Must,"GrounUp shall provide governed utility mapping capability 48 with tenant/project scope, spatial reference metadata, source lineage, accuracy/quality evidence, permissions and auditable processing history.","Verify requirement 48 using controlled spatial data, coordinate/reference metadata, source evidence, applicable QA checks, authorization boundaries and mapped test evidence.",v1.0.0
P16-REQ-049,GIS Field Collection,Must,"GrounUp shall provide governed gis field collection capability 49 with tenant/project scope, spatial reference metadata, source lineage, accuracy/quality evidence, permissions and auditable processing history.","Verify requirement 49 using controlled spatial data, coordinate/reference metadata, source evidence, applicable QA checks, authorization boundaries and mapped test evidence.",v1.0.0
P16-REQ-050,Reality Capture QA/QC,Must,"GrounUp shall provide governed reality capture qa/qc capability 50 with tenant/project scope, spatial reference metadata, source lineage, accuracy/quality evidence, permissions and auditable processing history.","Verify requirement 50 using controlled spatial data, coordinate/reference metadata, source evidence, applicable QA checks, authorization boundaries and mapped test evidence.",v1.0.0
P16-REQ-051,Geofencing & Location Intelligence,Must,"GrounUp shall provide governed geofencing & location intelligence capability 51 with tenant/project scope, spatial reference metadata, source lineage, accuracy/quality evidence, permissions and auditable processing history.","Verify requirement 51 using controlled spatial data, coordinate/reference metadata, source evidence, applicable QA checks, authorization boundaries and mapped test evidence.",v1.0.0
P16-REQ-052,Drone Media & Inspection,Must,"GrounUp shall provide governed drone media & inspection capability 52 with tenant/project scope, spatial reference metadata, source lineage, accuracy/quality evidence, permissions and auditable processing history.","Verify requirement 52 using controlled spatial data, coordinate/reference metadata, source evidence, applicable QA checks, authorization boundaries and mapped test evidence.",v1.0.0
P16-REQ-053,Regulatory & Flight Compliance,Must,"GrounUp shall provide governed regulatory & flight compliance capability 53 with tenant/project scope, spatial reference metadata, source lineage, accuracy/quality evidence, permissions and auditable processing history.","Verify requirement 53 using controlled spatial data, coordinate/reference metadata, source evidence, applicable QA checks, authorization boundaries and mapped test evidence.",v1.0.0
P16-REQ-054,Survey Deliverables,Must,"GrounUp shall provide governed survey deliverables capability 54 with tenant/project scope, spatial reference metadata, source lineage, accuracy/quality evidence, permissions and auditable processing history.","Verify requirement 54 using controlled spatial data, coordinate/reference metadata, source evidence, applicable QA checks, authorization boundaries and mapped test evidence.",v1.0.0
P16-REQ-055,Machine Control Handoff,Must,"GrounUp shall provide governed machine control handoff capability 55 with tenant/project scope, spatial reference metadata, source lineage, accuracy/quality evidence, permissions and auditable processing history.","Verify requirement 55 using controlled spatial data, coordinate/reference metadata, source evidence, applicable QA checks, authorization boundaries and mapped test evidence.",v1.0.0
P16-REQ-056,Spatial Analytics,Must,"GrounUp shall provide governed spatial analytics capability 56 with tenant/project scope, spatial reference metadata, source lineage, accuracy/quality evidence, permissions and auditable processing history.","Verify requirement 56 using controlled spatial data, coordinate/reference metadata, source evidence, applicable QA checks, authorization boundaries and mapped test evidence.",v1.0.0
P16-REQ-057,AI Geospatial Intelligence,Must,"GrounUp shall provide governed ai geospatial intelligence capability 57 with tenant/project scope, spatial reference metadata, source lineage, accuracy/quality evidence, permissions and auditable processing history.","Verify requirement 57 using controlled spatial data, coordinate/reference metadata, source evidence, applicable QA checks, authorization boundaries and mapped test evidence.",v1.0.0
P16-REQ-058,Geospatial Digital Twin,Must,"GrounUp shall provide governed geospatial digital twin capability 58 with tenant/project scope, spatial reference metadata, source lineage, accuracy/quality evidence, permissions and auditable processing history.","Verify requirement 58 using controlled spatial data, coordinate/reference metadata, source evidence, applicable QA checks, authorization boundaries and mapped test evidence.",v1.0.0
P16-REQ-059,GIS Core,Must,"GrounUp shall provide governed gis core capability 59 with tenant/project scope, spatial reference metadata, source lineage, accuracy/quality evidence, permissions and auditable processing history.","Verify requirement 59 using controlled spatial data, coordinate/reference metadata, source evidence, applicable QA checks, authorization boundaries and mapped test evidence.",v1.0.0
P16-REQ-060,Coordinate Reference Systems,Must,"GrounUp shall provide governed coordinate reference systems capability 60 with tenant/project scope, spatial reference metadata, source lineage, accuracy/quality evidence, permissions and auditable processing history.","Verify requirement 60 using controlled spatial data, coordinate/reference metadata, source evidence, applicable QA checks, authorization boundaries and mapped test evidence.",v1.0.0
P16-REQ-061,Survey Control,Must,"GrounUp shall provide governed survey control capability 61 with tenant/project scope, spatial reference metadata, source lineage, accuracy/quality evidence, permissions and auditable processing history.","Verify requirement 61 using controlled spatial data, coordinate/reference metadata, source evidence, applicable QA checks, authorization boundaries and mapped test evidence.",v1.0.0
P16-REQ-062,GNSS Survey,Must,"GrounUp shall provide governed gnss survey capability 62 with tenant/project scope, spatial reference metadata, source lineage, accuracy/quality evidence, permissions and auditable processing history.","Verify requirement 62 using controlled spatial data, coordinate/reference metadata, source evidence, applicable QA checks, authorization boundaries and mapped test evidence.",v1.0.0
P16-REQ-063,Total Station Survey,Must,"GrounUp shall provide governed total station survey capability 63 with tenant/project scope, spatial reference metadata, source lineage, accuracy/quality evidence, permissions and auditable processing history.","Verify requirement 63 using controlled spatial data, coordinate/reference metadata, source evidence, applicable QA checks, authorization boundaries and mapped test evidence.",v1.0.0
P16-REQ-064,Digital Levels,Must,"GrounUp shall provide governed digital levels capability 64 with tenant/project scope, spatial reference metadata, source lineage, accuracy/quality evidence, permissions and auditable processing history.","Verify requirement 64 using controlled spatial data, coordinate/reference metadata, source evidence, applicable QA checks, authorization boundaries and mapped test evidence.",v1.0.0
P16-REQ-065,Construction Layout,Must,"GrounUp shall provide governed construction layout capability 65 with tenant/project scope, spatial reference metadata, source lineage, accuracy/quality evidence, permissions and auditable processing history.","Verify requirement 65 using controlled spatial data, coordinate/reference metadata, source evidence, applicable QA checks, authorization boundaries and mapped test evidence.",v1.0.0
P16-REQ-066,Topographic Survey,Must,"GrounUp shall provide governed topographic survey capability 66 with tenant/project scope, spatial reference metadata, source lineage, accuracy/quality evidence, permissions and auditable processing history.","Verify requirement 66 using controlled spatial data, coordinate/reference metadata, source evidence, applicable QA checks, authorization boundaries and mapped test evidence.",v1.0.0
P16-REQ-067,Existing Conditions,Must,"GrounUp shall provide governed existing conditions capability 67 with tenant/project scope, spatial reference metadata, source lineage, accuracy/quality evidence, permissions and auditable processing history.","Verify requirement 67 using controlled spatial data, coordinate/reference metadata, source evidence, applicable QA checks, authorization boundaries and mapped test evidence.",v1.0.0
P16-REQ-068,Drone Operations,Must,"GrounUp shall provide governed drone operations capability 68 with tenant/project scope, spatial reference metadata, source lineage, accuracy/quality evidence, permissions and auditable processing history.","Verify requirement 68 using controlled spatial data, coordinate/reference metadata, source evidence, applicable QA checks, authorization boundaries and mapped test evidence.",v1.0.0
P16-REQ-069,Photogrammetry,Must,"GrounUp shall provide governed photogrammetry capability 69 with tenant/project scope, spatial reference metadata, source lineage, accuracy/quality evidence, permissions and auditable processing history.","Verify requirement 69 using controlled spatial data, coordinate/reference metadata, source evidence, applicable QA checks, authorization boundaries and mapped test evidence.",v1.0.0
P16-REQ-070,LiDAR Reality Capture,Must,"GrounUp shall provide governed lidar reality capture capability 70 with tenant/project scope, spatial reference metadata, source lineage, accuracy/quality evidence, permissions and auditable processing history.","Verify requirement 70 using controlled spatial data, coordinate/reference metadata, source evidence, applicable QA checks, authorization boundaries and mapped test evidence.",v1.0.0
P16-REQ-071,Point Cloud Management,Must,"GrounUp shall provide governed point cloud management capability 71 with tenant/project scope, spatial reference metadata, source lineage, accuracy/quality evidence, permissions and auditable processing history.","Verify requirement 71 using controlled spatial data, coordinate/reference metadata, source evidence, applicable QA checks, authorization boundaries and mapped test evidence.",v1.0.0
P16-REQ-072,Orthomosaic Management,Must,"GrounUp shall provide governed orthomosaic management capability 72 with tenant/project scope, spatial reference metadata, source lineage, accuracy/quality evidence, permissions and auditable processing history.","Verify requirement 72 using controlled spatial data, coordinate/reference metadata, source evidence, applicable QA checks, authorization boundaries and mapped test evidence.",v1.0.0
P16-REQ-073,Surface & Terrain Models,Must,"GrounUp shall provide governed surface & terrain models capability 73 with tenant/project scope, spatial reference metadata, source lineage, accuracy/quality evidence, permissions and auditable processing history.","Verify requirement 73 using controlled spatial data, coordinate/reference metadata, source evidence, applicable QA checks, authorization boundaries and mapped test evidence.",v1.0.0
P16-REQ-074,Volumes & Earthwork,Must,"GrounUp shall provide governed volumes & earthwork capability 74 with tenant/project scope, spatial reference metadata, source lineage, accuracy/quality evidence, permissions and auditable processing history.","Verify requirement 74 using controlled spatial data, coordinate/reference metadata, source evidence, applicable QA checks, authorization boundaries and mapped test evidence.",v1.0.0
P16-REQ-075,Progress & Change Detection,Must,"GrounUp shall provide governed progress & change detection capability 75 with tenant/project scope, spatial reference metadata, source lineage, accuracy/quality evidence, permissions and auditable processing history.","Verify requirement 75 using controlled spatial data, coordinate/reference metadata, source evidence, applicable QA checks, authorization boundaries and mapped test evidence.",v1.0.0
P16-REQ-076,Corridor & Linear Infrastructure,Must,"GrounUp shall provide governed corridor & linear infrastructure capability 76 with tenant/project scope, spatial reference metadata, source lineage, accuracy/quality evidence, permissions and auditable processing history.","Verify requirement 76 using controlled spatial data, coordinate/reference metadata, source evidence, applicable QA checks, authorization boundaries and mapped test evidence.",v1.0.0
P16-REQ-077,Utility Mapping,Must,"GrounUp shall provide governed utility mapping capability 77 with tenant/project scope, spatial reference metadata, source lineage, accuracy/quality evidence, permissions and auditable processing history.","Verify requirement 77 using controlled spatial data, coordinate/reference metadata, source evidence, applicable QA checks, authorization boundaries and mapped test evidence.",v1.0.0
P16-REQ-078,GIS Field Collection,Must,"GrounUp shall provide governed gis field collection capability 78 with tenant/project scope, spatial reference metadata, source lineage, accuracy/quality evidence, permissions and auditable processing history.","Verify requirement 78 using controlled spatial data, coordinate/reference metadata, source evidence, applicable QA checks, authorization boundaries and mapped test evidence.",v1.0.0
P16-REQ-079,Reality Capture QA/QC,Must,"GrounUp shall provide governed reality capture qa/qc capability 79 with tenant/project scope, spatial reference metadata, source lineage, accuracy/quality evidence, permissions and auditable processing history.","Verify requirement 79 using controlled spatial data, coordinate/reference metadata, source evidence, applicable QA checks, authorization boundaries and mapped test evidence.",v1.0.0
P16-REQ-080,Geofencing & Location Intelligence,Must,"GrounUp shall provide governed geofencing & location intelligence capability 80 with tenant/project scope, spatial reference metadata, source lineage, accuracy/quality evidence, permissions and auditable processing history.","Verify requirement 80 using controlled spatial data, coordinate/reference metadata, source evidence, applicable QA checks, authorization boundaries and mapped test evidence.",v1.0.0
P16-REQ-081,Drone Media & Inspection,Must,"GrounUp shall provide governed drone media & inspection capability 81 with tenant/project scope, spatial reference metadata, source lineage, accuracy/quality evidence, permissions and auditable processing history.","Verify requirement 81 using controlled spatial data, coordinate/reference metadata, source evidence, applicable QA checks, authorization boundaries and mapped test evidence.",v1.0.0
P16-REQ-082,Regulatory & Flight Compliance,Must,"GrounUp shall provide governed regulatory & flight compliance capability 82 with tenant/project scope, spatial reference metadata, source lineage, accuracy/quality evidence, permissions and auditable processing history.","Verify requirement 82 using controlled spatial data, coordinate/reference metadata, source evidence, applicable QA checks, authorization boundaries and mapped test evidence.",v1.0.0
P16-REQ-083,Survey Deliverables,Must,"GrounUp shall provide governed survey deliverables capability 83 with tenant/project scope, spatial reference metadata, source lineage, accuracy/quality evidence, permissions and auditable processing history.","Verify requirement 83 using controlled spatial data, coordinate/reference metadata, source evidence, applicable QA checks, authorization boundaries and mapped test evidence.",v1.0.0
P16-REQ-084,Machine Control Handoff,Must,"GrounUp shall provide governed machine control handoff capability 84 with tenant/project scope, spatial reference metadata, source lineage, accuracy/quality evidence, permissions and auditable processing history.","Verify requirement 84 using controlled spatial data, coordinate/reference metadata, source evidence, applicable QA checks, authorization boundaries and mapped test evidence.",v1.0.0
P16-REQ-085,Spatial Analytics,Must,"GrounUp shall provide governed spatial analytics capability 85 with tenant/project scope, spatial reference metadata, source lineage, accuracy/quality evidence, permissions and auditable processing history.","Verify requirement 85 using controlled spatial data, coordinate/reference metadata, source evidence, applicable QA checks, authorization boundaries and mapped test evidence.",v1.0.0
P16-REQ-086,AI Geospatial Intelligence,Must,"GrounUp shall provide governed ai geospatial intelligence capability 86 with tenant/project scope, spatial reference metadata, source lineage, accuracy/quality evidence, permissions and auditable processing history.","Verify requirement 86 using controlled spatial data, coordinate/reference metadata, source evidence, applicable QA checks, authorization boundaries and mapped test evidence.",v1.0.0
P16-REQ-087,Geospatial Digital Twin,Must,"GrounUp shall provide governed geospatial digital twin capability 87 with tenant/project scope, spatial reference metadata, source lineage, accuracy/quality evidence, permissions and auditable processing history.","Verify requirement 87 using controlled spatial data, coordinate/reference metadata, source evidence, applicable QA checks, authorization boundaries and mapped test evidence.",v1.0.0
P16-REQ-088,GIS Core,Must,"GrounUp shall provide governed gis core capability 88 with tenant/project scope, spatial reference metadata, source lineage, accuracy/quality evidence, permissions and auditable processing history.","Verify requirement 88 using controlled spatial data, coordinate/reference metadata, source evidence, applicable QA checks, authorization boundaries and mapped test evidence.",v1.0.0
P16-REQ-089,Coordinate Reference Systems,Must,"GrounUp shall provide governed coordinate reference systems capability 89 with tenant/project scope, spatial reference metadata, source lineage, accuracy/quality evidence, permissions and auditable processing history.","Verify requirement 89 using controlled spatial data, coordinate/reference metadata, source evidence, applicable QA checks, authorization boundaries and mapped test evidence.",v1.0.0
P16-REQ-090,Survey Control,Must,"GrounUp shall provide governed survey control capability 90 with tenant/project scope, spatial reference metadata, source lineage, accuracy/quality evidence, permissions and auditable processing history.","Verify requirement 90 using controlled spatial data, coordinate/reference metadata, source evidence, applicable QA checks, authorization boundaries and mapped test evidence.",v1.0.0
P16-REQ-091,GNSS Survey,Must,"GrounUp shall provide governed gnss survey capability 91 with tenant/project scope, spatial reference metadata, source lineage, accuracy/quality evidence, permissions and auditable processing history.","Verify requirement 91 using controlled spatial data, coordinate/reference metadata, source evidence, applicable QA checks, authorization boundaries and mapped test evidence.",v1.0.0
P16-REQ-092,Total Station Survey,Must,"GrounUp shall provide governed total station survey capability 92 with tenant/project scope, spatial reference metadata, source lineage, accuracy/quality evidence, permissions and auditable processing history.","Verify requirement 92 using controlled spatial data, coordinate/reference metadata, source evidence, applicable QA checks, authorization boundaries and mapped test evidence.",v1.0.0
P16-REQ-093,Digital Levels,Must,"GrounUp shall provide governed digital levels capability 93 with tenant/project scope, spatial reference metadata, source lineage, accuracy/quality evidence, permissions and auditable processing history.","Verify requirement 93 using controlled spatial data, coordinate/reference metadata, source evidence, applicable QA checks, authorization boundaries and mapped test evidence.",v1.0.0
P16-REQ-094,Construction Layout,Must,"GrounUp shall provide governed construction layout capability 94 with tenant/project scope, spatial reference metadata, source lineage, accuracy/quality evidence, permissions and auditable processing history.","Verify requirement 94 using controlled spatial data, coordinate/reference metadata, source evidence, applicable QA checks, authorization boundaries and mapped test evidence.",v1.0.0
P16-REQ-095,Topographic Survey,Must,"GrounUp shall provide governed topographic survey capability 95 with tenant/project scope, spatial reference metadata, source lineage, accuracy/quality evidence, permissions and auditable processing history.","Verify requirement 95 using controlled spatial data, coordinate/reference metadata, source evidence, applicable QA checks, authorization boundaries and mapped test evidence.",v1.0.0
P16-REQ-096,Existing Conditions,Must,"GrounUp shall provide governed existing conditions capability 96 with tenant/project scope, spatial reference metadata, source lineage, accuracy/quality evidence, permissions and auditable processing history.","Verify requirement 96 using controlled spatial data, coordinate/reference metadata, source evidence, applicable QA checks, authorization boundaries and mapped test evidence.",v1.0.0
P16-REQ-097,Drone Operations,Must,"GrounUp shall provide governed drone operations capability 97 with tenant/project scope, spatial reference metadata, source lineage, accuracy/quality evidence, permissions and auditable processing history.","Verify requirement 97 using controlled spatial data, coordinate/reference metadata, source evidence, applicable QA checks, authorization boundaries and mapped test evidence.",v1.0.0
P16-REQ-098,Photogrammetry,Must,"GrounUp shall provide governed photogrammetry capability 98 with tenant/project scope, spatial reference metadata, source lineage, accuracy/quality evidence, permissions and auditable processing history.","Verify requirement 98 using controlled spatial data, coordinate/reference metadata, source evidence, applicable QA checks, authorization boundaries and mapped test evidence.",v1.0.0
P16-REQ-099,LiDAR Reality Capture,Must,"GrounUp shall provide governed lidar reality capture capability 99 with tenant/project scope, spatial reference metadata, source lineage, accuracy/quality evidence, permissions and auditable processing history.","Verify requirement 99 using controlled spatial data, coordinate/reference metadata, source evidence, applicable QA checks, authorization boundaries and mapped test evidence.",v1.0.0
P16-REQ-100,Point Cloud Management,Must,"GrounUp shall provide governed point cloud management capability 100 with tenant/project scope, spatial reference metadata, source lineage, accuracy/quality evidence, permissions and auditable processing history.","Verify requirement 100 using controlled spatial data, coordinate/reference metadata, source evidence, applicable QA checks, authorization boundaries and mapped test evidence.",v1.0.0
P16-REQ-101,Orthomosaic Management,Must,"GrounUp shall provide governed orthomosaic management capability 101 with tenant/project scope, spatial reference metadata, source lineage, accuracy/quality evidence, permissions and auditable processing history.","Verify requirement 101 using controlled spatial data, coordinate/reference metadata, source evidence, applicable QA checks, authorization boundaries and mapped test evidence.",v1.0.0
P16-REQ-102,Surface & Terrain Models,Must,"GrounUp shall provide governed surface & terrain models capability 102 with tenant/project scope, spatial reference metadata, source lineage, accuracy/quality evidence, permissions and auditable processing history.","Verify requirement 102 using controlled spatial data, coordinate/reference metadata, source evidence, applicable QA checks, authorization boundaries and mapped test evidence.",v1.0.0
P16-REQ-103,Volumes & Earthwork,Must,"GrounUp shall provide governed volumes & earthwork capability 103 with tenant/project scope, spatial reference metadata, source lineage, accuracy/quality evidence, permissions and auditable processing history.","Verify requirement 103 using controlled spatial data, coordinate/reference metadata, source evidence, applicable QA checks, authorization boundaries and mapped test evidence.",v1.0.0
P16-REQ-104,Progress & Change Detection,Must,"GrounUp shall provide governed progress & change detection capability 104 with tenant/project scope, spatial reference metadata, source lineage, accuracy/quality evidence, permissions and auditable processing history.","Verify requirement 104 using controlled spatial data, coordinate/reference metadata, source evidence, applicable QA checks, authorization boundaries and mapped test evidence.",v1.0.0
P16-REQ-105,Corridor & Linear Infrastructure,Must,"GrounUp shall provide governed corridor & linear infrastructure capability 105 with tenant/project scope, spatial reference metadata, source lineage, accuracy/quality evidence, permissions and auditable processing history.","Verify requirement 105 using controlled spatial data, coordinate/reference metadata, source evidence, applicable QA checks, authorization boundaries and mapped test evidence.",v1.0.0
P16-REQ-106,Utility Mapping,Must,"GrounUp shall provide governed utility mapping capability 106 with tenant/project scope, spatial reference metadata, source lineage, accuracy/quality evidence, permissions and auditable processing history.","Verify requirement 106 using controlled spatial data, coordinate/reference metadata, source evidence, applicable QA checks, authorization boundaries and mapped test evidence.",v1.0.0
P16-REQ-107,GIS Field Collection,Must,"GrounUp shall provide governed gis field collection capability 107 with tenant/project scope, spatial reference metadata, source lineage, accuracy/quality evidence, permissions and auditable processing history.","Verify requirement 107 using controlled spatial data, coordinate/reference metadata, source evidence, applicable QA checks, authorization boundaries and mapped test evidence.",v1.0.0
P16-REQ-108,Reality Capture QA/QC,Must,"GrounUp shall provide governed reality capture qa/qc capability 108 with tenant/project scope, spatial reference metadata, source lineage, accuracy/quality evidence, permissions and auditable processing history.","Verify requirement 108 using controlled spatial data, coordinate/reference metadata, source evidence, applicable QA checks, authorization boundaries and mapped test evidence.",v1.0.0
P16-REQ-109,Geofencing & Location Intelligence,Must,"GrounUp shall provide governed geofencing & location intelligence capability 109 with tenant/project scope, spatial reference metadata, source lineage, accuracy/quality evidence, permissions and auditable processing history.","Verify requirement 109 using controlled spatial data, coordinate/reference metadata, source evidence, applicable QA checks, authorization boundaries and mapped test evidence.",v1.0.0
P16-REQ-110,Drone Media & Inspection,Must,"GrounUp shall provide governed drone media & inspection capability 110 with tenant/project scope, spatial reference metadata, source lineage, accuracy/quality evidence, permissions and auditable processing history.","Verify requirement 110 using controlled spatial data, coordinate/reference metadata, source evidence, applicable QA checks, authorization boundaries and mapped test evidence.",v1.0.0
P16-REQ-111,Regulatory & Flight Compliance,Must,"GrounUp shall provide governed regulatory & flight compliance capability 111 with tenant/project scope, spatial reference metadata, source lineage, accuracy/quality evidence, permissions and auditable processing history.","Verify requirement 111 using controlled spatial data, coordinate/reference metadata, source evidence, applicable QA checks, authorization boundaries and mapped test evidence.",v1.0.0
P16-REQ-112,Survey Deliverables,Must,"GrounUp shall provide governed survey deliverables capability 112 with tenant/project scope, spatial reference metadata, source lineage, accuracy/quality evidence, permissions and auditable processing history.","Verify requirement 112 using controlled spatial data, coordinate/reference metadata, source evidence, applicable QA checks, authorization boundaries and mapped test evidence.",v1.0.0
P16-REQ-113,Machine Control Handoff,Must,"GrounUp shall provide governed machine control handoff capability 113 with tenant/project scope, spatial reference metadata, source lineage, accuracy/quality evidence, permissions and auditable processing history.","Verify requirement 113 using controlled spatial data, coordinate/reference metadata, source evidence, applicable QA checks, authorization boundaries and mapped test evidence.",v1.0.0
P16-REQ-114,Spatial Analytics,Must,"GrounUp shall provide governed spatial analytics capability 114 with tenant/project scope, spatial reference metadata, source lineage, accuracy/quality evidence, permissions and auditable processing history.","Verify requirement 114 using controlled spatial data, coordinate/reference metadata, source evidence, applicable QA checks, authorization boundaries and mapped test evidence.",v1.0.0
P16-REQ-115,AI Geospatial Intelligence,Must,"GrounUp shall provide governed ai geospatial intelligence capability 115 with tenant/project scope, spatial reference metadata, source lineage, accuracy/quality evidence, permissions and auditable processing history.","Verify requirement 115 using controlled spatial data, coordinate/reference metadata, source evidence, applicable QA checks, authorization boundaries and mapped test evidence.",v1.0.0
P16-REQ-116,Geospatial Digital Twin,Must,"GrounUp shall provide governed geospatial digital twin capability 116 with tenant/project scope, spatial reference metadata, source lineage, accuracy/quality evidence, permissions and auditable processing history.","Verify requirement 116 using controlled spatial data, coordinate/reference metadata, source evidence, applicable QA checks, authorization boundaries and mapped test evidence.",v1.0.0
P16-REQ-117,GIS Core,Must,"GrounUp shall provide governed gis core capability 117 with tenant/project scope, spatial reference metadata, source lineage, accuracy/quality evidence, permissions and auditable processing history.","Verify requirement 117 using controlled spatial data, coordinate/reference metadata, source evidence, applicable QA checks, authorization boundaries and mapped test evidence.",v1.0.0
P16-REQ-118,Coordinate Reference Systems,Must,"GrounUp shall provide governed coordinate reference systems capability 118 with tenant/project scope, spatial reference metadata, source lineage, accuracy/quality evidence, permissions and auditable processing history.","Verify requirement 118 using controlled spatial data, coordinate/reference metadata, source evidence, applicable QA checks, authorization boundaries and mapped test evidence.",v1.0.0
P16-REQ-119,Survey Control,Must,"GrounUp shall provide governed survey control capability 119 with tenant/project scope, spatial reference metadata, source lineage, accuracy/quality evidence, permissions and auditable processing history.","Verify requirement 119 using controlled spatial data, coordinate/reference metadata, source evidence, applicable QA checks, authorization boundaries and mapped test evidence.",v1.0.0
P16-REQ-120,GNSS Survey,Must,"GrounUp shall provide governed gnss survey capability 120 with tenant/project scope, spatial reference metadata, source lineage, accuracy/quality evidence, permissions and auditable processing history.","Verify requirement 120 using controlled spatial data, coordinate/reference metadata, source evidence, applicable QA checks, authorization boundaries and mapped test evidence.",v1.0.0
P16-REQ-121,Total Station Survey,Must,"GrounUp shall provide governed total station survey capability 121 with tenant/project scope, spatial reference metadata, source lineage, accuracy/quality evidence, permissions and auditable processing history.","Verify requirement 121 using controlled spatial data, coordinate/reference metadata, source evidence, applicable QA checks, authorization boundaries and mapped test evidence.",v1.0.0
P16-REQ-122,Digital Levels,Must,"GrounUp shall provide governed digital levels capability 122 with tenant/project scope, spatial reference metadata, source lineage, accuracy/quality evidence, permissions and auditable processing history.","Verify requirement 122 using controlled spatial data, coordinate/reference metadata, source evidence, applicable QA checks, authorization boundaries and mapped test evidence.",v1.0.0
P16-REQ-123,Construction Layout,Must,"GrounUp shall provide governed construction layout capability 123 with tenant/project scope, spatial reference metadata, source lineage, accuracy/quality evidence, permissions and auditable processing history.","Verify requirement 123 using controlled spatial data, coordinate/reference metadata, source evidence, applicable QA checks, authorization boundaries and mapped test evidence.",v1.0.0
P16-REQ-124,Topographic Survey,Must,"GrounUp shall provide governed topographic survey capability 124 with tenant/project scope, spatial reference metadata, source lineage, accuracy/quality evidence, permissions and auditable processing history.","Verify requirement 124 using controlled spatial data, coordinate/reference metadata, source evidence, applicable QA checks, authorization boundaries and mapped test evidence.",v1.0.0
P16-REQ-125,Existing Conditions,Must,"GrounUp shall provide governed existing conditions capability 125 with tenant/project scope, spatial reference metadata, source lineage, accuracy/quality evidence, permissions and auditable processing history.","Verify requirement 125 using controlled spatial data, coordinate/reference metadata, source evidence, applicable QA checks, authorization boundaries and mapped test evidence.",v1.0.0
P16-REQ-126,Drone Operations,Must,"GrounUp shall provide governed drone operations capability 126 with tenant/project scope, spatial reference metadata, source lineage, accuracy/quality evidence, permissions and auditable processing history.","Verify requirement 126 using controlled spatial data, coordinate/reference metadata, source evidence, applicable QA checks, authorization boundaries and mapped test evidence.",v1.0.0
P16-REQ-127,Photogrammetry,Must,"GrounUp shall provide governed photogrammetry capability 127 with tenant/project scope, spatial reference metadata, source lineage, accuracy/quality evidence, permissions and auditable processing history.","Verify requirement 127 using controlled spatial data, coordinate/reference metadata, source evidence, applicable QA checks, authorization boundaries and mapped test evidence.",v1.0.0
P16-REQ-128,LiDAR Reality Capture,Must,"GrounUp shall provide governed lidar reality capture capability 128 with tenant/project scope, spatial reference metadata, source lineage, accuracy/quality evidence, permissions and auditable processing history.","Verify requirement 128 using controlled spatial data, coordinate/reference metadata, source evidence, applicable QA checks, authorization boundaries and mapped test evidence.",v1.0.0
P16-REQ-129,Point Cloud Management,Must,"GrounUp shall provide governed point cloud management capability 129 with tenant/project scope, spatial reference metadata, source lineage, accuracy/quality evidence, permissions and auditable processing history.","Verify requirement 129 using controlled spatial data, coordinate/reference metadata, source evidence, applicable QA checks, authorization boundaries and mapped test evidence.",v1.0.0
P16-REQ-130,Orthomosaic Management,Must,"GrounUp shall provide governed orthomosaic management capability 130 with tenant/project scope, spatial reference metadata, source lineage, accuracy/quality evidence, permissions and auditable processing history.","Verify requirement 130 using controlled spatial data, coordinate/reference metadata, source evidence, applicable QA checks, authorization boundaries and mapped test evidence.",v1.0.0
P16-REQ-131,Surface & Terrain Models,Must,"GrounUp shall provide governed surface & terrain models capability 131 with tenant/project scope, spatial reference metadata, source lineage, accuracy/quality evidence, permissions and auditable processing history.","Verify requirement 131 using controlled spatial data, coordinate/reference metadata, source evidence, applicable QA checks, authorization boundaries and mapped test evidence.",v1.0.0
P16-REQ-132,Volumes & Earthwork,Must,"GrounUp shall provide governed volumes & earthwork capability 132 with tenant/project scope, spatial reference metadata, source lineage, accuracy/quality evidence, permissions and auditable processing history.","Verify requirement 132 using controlled spatial data, coordinate/reference metadata, source evidence, applicable QA checks, authorization boundaries and mapped test evidence.",v1.0.0
P16-REQ-133,Progress & Change Detection,Must,"GrounUp shall provide governed progress & change detection capability 133 with tenant/project scope, spatial reference metadata, source lineage, accuracy/quality evidence, permissions and auditable processing history.","Verify requirement 133 using controlled spatial data, coordinate/reference metadata, source evidence, applicable QA checks, authorization boundaries and mapped test evidence.",v1.0.0
P16-REQ-134,Corridor & Linear Infrastructure,Must,"GrounUp shall provide governed corridor & linear infrastructure capability 134 with tenant/project scope, spatial reference metadata, source lineage, accuracy/quality evidence, permissions and auditable processing history.","Verify requirement 134 using controlled spatial data, coordinate/reference metadata, source evidence, applicable QA checks, authorization boundaries and mapped test evidence.",v1.0.0
P16-REQ-135,Utility Mapping,Must,"GrounUp shall provide governed utility mapping capability 135 with tenant/project scope, spatial reference metadata, source lineage, accuracy/quality evidence, permissions and auditable processing history.","Verify requirement 135 using controlled spatial data, coordinate/reference metadata, source evidence, applicable QA checks, authorization boundaries and mapped test evidence.",v1.0.0
P16-REQ-136,GIS Field Collection,Must,"GrounUp shall provide governed gis field collection capability 136 with tenant/project scope, spatial reference metadata, source lineage, accuracy/quality evidence, permissions and auditable processing history.","Verify requirement 136 using controlled spatial data, coordinate/reference metadata, source evidence, applicable QA checks, authorization boundaries and mapped test evidence.",v1.0.0
P16-REQ-137,Reality Capture QA/QC,Must,"GrounUp shall provide governed reality capture qa/qc capability 137 with tenant/project scope, spatial reference metadata, source lineage, accuracy/quality evidence, permissions and auditable processing history.","Verify requirement 137 using controlled spatial data, coordinate/reference metadata, source evidence, applicable QA checks, authorization boundaries and mapped test evidence.",v1.0.0
P16-REQ-138,Geofencing & Location Intelligence,Must,"GrounUp shall provide governed geofencing & location intelligence capability 138 with tenant/project scope, spatial reference metadata, source lineage, accuracy/quality evidence, permissions and auditable processing history.","Verify requirement 138 using controlled spatial data, coordinate/reference metadata, source evidence, applicable QA checks, authorization boundaries and mapped test evidence.",v1.0.0
P16-REQ-139,Drone Media & Inspection,Must,"GrounUp shall provide governed drone media & inspection capability 139 with tenant/project scope, spatial reference metadata, source lineage, accuracy/quality evidence, permissions and auditable processing history.","Verify requirement 139 using controlled spatial data, coordinate/reference metadata, source evidence, applicable QA checks, authorization boundaries and mapped test evidence.",v1.0.0
P16-REQ-140,Regulatory & Flight Compliance,Must,"GrounUp shall provide governed regulatory & flight compliance capability 140 with tenant/project scope, spatial reference metadata, source lineage, accuracy/quality evidence, permissions and auditable processing history.","Verify requirement 140 using controlled spatial data, coordinate/reference metadata, source evidence, applicable QA checks, authorization boundaries and mapped test evidence.",v1.0.0
P16-REQ-141,Survey Deliverables,Must,"GrounUp shall provide governed survey deliverables capability 141 with tenant/project scope, spatial reference metadata, source lineage, accuracy/quality evidence, permissions and auditable processing history.","Verify requirement 141 using controlled spatial data, coordinate/reference metadata, source evidence, applicable QA checks, authorization boundaries and mapped test evidence.",v1.0.0
P16-REQ-142,Machine Control Handoff,Must,"GrounUp shall provide governed machine control handoff capability 142 with tenant/project scope, spatial reference metadata, source lineage, accuracy/quality evidence, permissions and auditable processing history.","Verify requirement 142 using controlled spatial data, coordinate/reference metadata, source evidence, applicable QA checks, authorization boundaries and mapped test evidence.",v1.0.0
P16-REQ-143,Spatial Analytics,Must,"GrounUp shall provide governed spatial analytics capability 143 with tenant/project scope, spatial reference metadata, source lineage, accuracy/quality evidence, permissions and auditable processing history.","Verify requirement 143 using controlled spatial data, coordinate/reference metadata, source evidence, applicable QA checks, authorization boundaries and mapped test evidence.",v1.0.0
P16-REQ-144,AI Geospatial Intelligence,Must,"GrounUp shall provide governed ai geospatial intelligence capability 144 with tenant/project scope, spatial reference metadata, source lineage, accuracy/quality evidence, permissions and auditable processing history.","Verify requirement 144 using controlled spatial data, coordinate/reference metadata, source evidence, applicable QA checks, authorization boundaries and mapped test evidence.",v1.0.0
P16-REQ-145,Geospatial Digital Twin,Must,"GrounUp shall provide governed geospatial digital twin capability 145 with tenant/project scope, spatial reference metadata, source lineage, accuracy/quality evidence, permissions and auditable processing history.","Verify requirement 145 using controlled spatial data, coordinate/reference metadata, source evidence, applicable QA checks, authorization boundaries and mapped test evidence.",v1.0.0
P16-REQ-146,GIS Core,Must,"GrounUp shall provide governed gis core capability 146 with tenant/project scope, spatial reference metadata, source lineage, accuracy/quality evidence, permissions and auditable processing history.","Verify requirement 146 using controlled spatial data, coordinate/reference metadata, source evidence, applicable QA checks, authorization boundaries and mapped test evidence.",v1.0.0
P16-REQ-147,Coordinate Reference Systems,Must,"GrounUp shall provide governed coordinate reference systems capability 147 with tenant/project scope, spatial reference metadata, source lineage, accuracy/quality evidence, permissions and auditable processing history.","Verify requirement 147 using controlled spatial data, coordinate/reference metadata, source evidence, applicable QA checks, authorization boundaries and mapped test evidence.",v1.0.0
P16-REQ-148,Survey Control,Must,"GrounUp shall provide governed survey control capability 148 with tenant/project scope, spatial reference metadata, source lineage, accuracy/quality evidence, permissions and auditable processing history.","Verify requirement 148 using controlled spatial data, coordinate/reference metadata, source evidence, applicable QA checks, authorization boundaries and mapped test evidence.",v1.0.0
P16-REQ-149,GNSS Survey,Must,"GrounUp shall provide governed gnss survey capability 149 with tenant/project scope, spatial reference metadata, source lineage, accuracy/quality evidence, permissions and auditable processing history.","Verify requirement 149 using controlled spatial data, coordinate/reference metadata, source evidence, applicable QA checks, authorization boundaries and mapped test evidence.",v1.0.0
P16-REQ-150,Total Station Survey,Must,"GrounUp shall provide governed total station survey capability 150 with tenant/project scope, spatial reference metadata, source lineage, accuracy/quality evidence, permissions and auditable processing history.","Verify requirement 150 using controlled spatial data, coordinate/reference metadata, source evidence, applicable QA checks, authorization boundaries and mapped test evidence.",v1.0.0
P16-REQ-151,Digital Levels,Must,"GrounUp shall provide governed digital levels capability 151 with tenant/project scope, spatial reference metadata, source lineage, accuracy/quality evidence, permissions and auditable processing history.","Verify requirement 151 using controlled spatial data, coordinate/reference metadata, source evidence, applicable QA checks, authorization boundaries and mapped test evidence.",v1.0.0
P16-REQ-152,Construction Layout,Must,"GrounUp shall provide governed construction layout capability 152 with tenant/project scope, spatial reference metadata, source lineage, accuracy/quality evidence, permissions and auditable processing history.","Verify requirement 152 using controlled spatial data, coordinate/reference metadata, source evidence, applicable QA checks, authorization boundaries and mapped test evidence.",v1.0.0
P16-REQ-153,Topographic Survey,Must,"GrounUp shall provide governed topographic survey capability 153 with tenant/project scope, spatial reference metadata, source lineage, accuracy/quality evidence, permissions and auditable processing history.","Verify requirement 153 using controlled spatial data, coordinate/reference metadata, source evidence, applicable QA checks, authorization boundaries and mapped test evidence.",v1.0.0
P16-REQ-154,Existing Conditions,Must,"GrounUp shall provide governed existing conditions capability 154 with tenant/project scope, spatial reference metadata, source lineage, accuracy/quality evidence, permissions and auditable processing history.","Verify requirement 154 using controlled spatial data, coordinate/reference metadata, source evidence, applicable QA checks, authorization boundaries and mapped test evidence.",v1.0.0
P16-REQ-155,Drone Operations,Must,"GrounUp shall provide governed drone operations capability 155 with tenant/project scope, spatial reference metadata, source lineage, accuracy/quality evidence, permissions and auditable processing history.","Verify requirement 155 using controlled spatial data, coordinate/reference metadata, source evidence, applicable QA checks, authorization boundaries and mapped test evidence.",v1.0.0
P16-REQ-156,Photogrammetry,Must,"GrounUp shall provide governed photogrammetry capability 156 with tenant/project scope, spatial reference metadata, source lineage, accuracy/quality evidence, permissions and auditable processing history.","Verify requirement 156 using controlled spatial data, coordinate/reference metadata, source evidence, applicable QA checks, authorization boundaries and mapped test evidence.",v1.0.0
P16-REQ-157,LiDAR Reality Capture,Must,"GrounUp shall provide governed lidar reality capture capability 157 with tenant/project scope, spatial reference metadata, source lineage, accuracy/quality evidence, permissions and auditable processing history.","Verify requirement 157 using controlled spatial data, coordinate/reference metadata, source evidence, applicable QA checks, authorization boundaries and mapped test evidence.",v1.0.0
P16-REQ-158,Point Cloud Management,Must,"GrounUp shall provide governed point cloud management capability 158 with tenant/project scope, spatial reference metadata, source lineage, accuracy/quality evidence, permissions and auditable processing history.","Verify requirement 158 using controlled spatial data, coordinate/reference metadata, source evidence, applicable QA checks, authorization boundaries and mapped test evidence.",v1.0.0
P16-REQ-159,Orthomosaic Management,Must,"GrounUp shall provide governed orthomosaic management capability 159 with tenant/project scope, spatial reference metadata, source lineage, accuracy/quality evidence, permissions and auditable processing history.","Verify requirement 159 using controlled spatial data, coordinate/reference metadata, source evidence, applicable QA checks, authorization boundaries and mapped test evidence.",v1.0.0
P16-REQ-160,Surface & Terrain Models,Must,"GrounUp shall provide governed surface & terrain models capability 160 with tenant/project scope, spatial reference metadata, source lineage, accuracy/quality evidence, permissions and auditable processing history.","Verify requirement 160 using controlled spatial data, coordinate/reference metadata, source evidence, applicable QA checks, authorization boundaries and mapped test evidence.",v1.0.0
P16-REQ-161,Volumes & Earthwork,Must,"GrounUp shall provide governed volumes & earthwork capability 161 with tenant/project scope, spatial reference metadata, source lineage, accuracy/quality evidence, permissions and auditable processing history.","Verify requirement 161 using controlled spatial data, coordinate/reference metadata, source evidence, applicable QA checks, authorization boundaries and mapped test evidence.",v1.0.0
P16-REQ-162,Progress & Change Detection,Must,"GrounUp shall provide governed progress & change detection capability 162 with tenant/project scope, spatial reference metadata, source lineage, accuracy/quality evidence, permissions and auditable processing history.","Verify requirement 162 using controlled spatial data, coordinate/reference metadata, source evidence, applicable QA checks, authorization boundaries and mapped test evidence.",v1.0.0
P16-REQ-163,Corridor & Linear Infrastructure,Must,"GrounUp shall provide governed corridor & linear infrastructure capability 163 with tenant/project scope, spatial reference metadata, source lineage, accuracy/quality evidence, permissions and auditable processing history.","Verify requirement 163 using controlled spatial data, coordinate/reference metadata, source evidence, applicable QA checks, authorization boundaries and mapped test evidence.",v1.0.0
P16-REQ-164,Utility Mapping,Must,"GrounUp shall provide governed utility mapping capability 164 with tenant/project scope, spatial reference metadata, source lineage, accuracy/quality evidence, permissions and auditable processing history.","Verify requirement 164 using controlled spatial data, coordinate/reference metadata, source evidence, applicable QA checks, authorization boundaries and mapped test evidence.",v1.0.0
P16-REQ-165,GIS Field Collection,Must,"GrounUp shall provide governed gis field collection capability 165 with tenant/project scope, spatial reference metadata, source lineage, accuracy/quality evidence, permissions and auditable processing history.","Verify requirement 165 using controlled spatial data, coordinate/reference metadata, source evidence, applicable QA checks, authorization boundaries and mapped test evidence.",v1.0.0
P16-REQ-166,Reality Capture QA/QC,Must,"GrounUp shall provide governed reality capture qa/qc capability 166 with tenant/project scope, spatial reference metadata, source lineage, accuracy/quality evidence, permissions and auditable processing history.","Verify requirement 166 using controlled spatial data, coordinate/reference metadata, source evidence, applicable QA checks, authorization boundaries and mapped test evidence.",v1.0.0
P16-REQ-167,Geofencing & Location Intelligence,Must,"GrounUp shall provide governed geofencing & location intelligence capability 167 with tenant/project scope, spatial reference metadata, source lineage, accuracy/quality evidence, permissions and auditable processing history.","Verify requirement 167 using controlled spatial data, coordinate/reference metadata, source evidence, applicable QA checks, authorization boundaries and mapped test evidence.",v1.0.0
P16-REQ-168,Drone Media & Inspection,Must,"GrounUp shall provide governed drone media & inspection capability 168 with tenant/project scope, spatial reference metadata, source lineage, accuracy/quality evidence, permissions and auditable processing history.","Verify requirement 168 using controlled spatial data, coordinate/reference metadata, source evidence, applicable QA checks, authorization boundaries and mapped test evidence.",v1.0.0
P16-REQ-169,Regulatory & Flight Compliance,Must,"GrounUp shall provide governed regulatory & flight compliance capability 169 with tenant/project scope, spatial reference metadata, source lineage, accuracy/quality evidence, permissions and auditable processing history.","Verify requirement 169 using controlled spatial data, coordinate/reference metadata, source evidence, applicable QA checks, authorization boundaries and mapped test evidence.",v1.0.0
P16-REQ-170,Survey Deliverables,Must,"GrounUp shall provide governed survey deliverables capability 170 with tenant/project scope, spatial reference metadata, source lineage, accuracy/quality evidence, permissions and auditable processing history.","Verify requirement 170 using controlled spatial data, coordinate/reference metadata, source evidence, applicable QA checks, authorization boundaries and mapped test evidence.",v1.0.0
P16-REQ-171,Machine Control Handoff,Must,"GrounUp shall provide governed machine control handoff capability 171 with tenant/project scope, spatial reference metadata, source lineage, accuracy/quality evidence, permissions and auditable processing history.","Verify requirement 171 using controlled spatial data, coordinate/reference metadata, source evidence, applicable QA checks, authorization boundaries and mapped test evidence.",v1.0.0
P16-REQ-172,Spatial Analytics,Must,"GrounUp shall provide governed spatial analytics capability 172 with tenant/project scope, spatial reference metadata, source lineage, accuracy/quality evidence, permissions and auditable processing history.","Verify requirement 172 using controlled spatial data, coordinate/reference metadata, source evidence, applicable QA checks, authorization boundaries and mapped test evidence.",v1.0.0
P16-REQ-173,AI Geospatial Intelligence,Must,"GrounUp shall provide governed ai geospatial intelligence capability 173 with tenant/project scope, spatial reference metadata, source lineage, accuracy/quality evidence, permissions and auditable processing history.","Verify requirement 173 using controlled spatial data, coordinate/reference metadata, source evidence, applicable QA checks, authorization boundaries and mapped test evidence.",v1.0.0
P16-REQ-174,Geospatial Digital Twin,Must,"GrounUp shall provide governed geospatial digital twin capability 174 with tenant/project scope, spatial reference metadata, source lineage, accuracy/quality evidence, permissions and auditable processing history.","Verify requirement 174 using controlled spatial data, coordinate/reference metadata, source evidence, applicable QA checks, authorization boundaries and mapped test evidence.",v1.0.0
P16-REQ-175,GIS Core,Must,"GrounUp shall provide governed gis core capability 175 with tenant/project scope, spatial reference metadata, source lineage, accuracy/quality evidence, permissions and auditable processing history.","Verify requirement 175 using controlled spatial data, coordinate/reference metadata, source evidence, applicable QA checks, authorization boundaries and mapped test evidence.",v1.0.0
P16-REQ-176,Coordinate Reference Systems,Must,"GrounUp shall provide governed coordinate reference systems capability 176 with tenant/project scope, spatial reference metadata, source lineage, accuracy/quality evidence, permissions and auditable processing history.","Verify requirement 176 using controlled spatial data, coordinate/reference metadata, source evidence, applicable QA checks, authorization boundaries and mapped test evidence.",v1.0.0
P16-REQ-177,Survey Control,Must,"GrounUp shall provide governed survey control capability 177 with tenant/project scope, spatial reference metadata, source lineage, accuracy/quality evidence, permissions and auditable processing history.","Verify requirement 177 using controlled spatial data, coordinate/reference metadata, source evidence, applicable QA checks, authorization boundaries and mapped test evidence.",v1.0.0
P16-REQ-178,GNSS Survey,Must,"GrounUp shall provide governed gnss survey capability 178 with tenant/project scope, spatial reference metadata, source lineage, accuracy/quality evidence, permissions and auditable processing history.","Verify requirement 178 using controlled spatial data, coordinate/reference metadata, source evidence, applicable QA checks, authorization boundaries and mapped test evidence.",v1.0.0
P16-REQ-179,Total Station Survey,Must,"GrounUp shall provide governed total station survey capability 179 with tenant/project scope, spatial reference metadata, source lineage, accuracy/quality evidence, permissions and auditable processing history.","Verify requirement 179 using controlled spatial data, coordinate/reference metadata, source evidence, applicable QA checks, authorization boundaries and mapped test evidence.",v1.0.0
P16-REQ-180,Digital Levels,Must,"GrounUp shall provide governed digital levels capability 180 with tenant/project scope, spatial reference metadata, source lineage, accuracy/quality evidence, permissions and auditable processing history.","Verify requirement 180 using controlled spatial data, coordinate/reference metadata, source evidence, applicable QA checks, authorization boundaries and mapped test evidence.",v1.0.0
P16-REQ-181,Construction Layout,Must,"GrounUp shall provide governed construction layout capability 181 with tenant/project scope, spatial reference metadata, source lineage, accuracy/quality evidence, permissions and auditable processing history.","Verify requirement 181 using controlled spatial data, coordinate/reference metadata, source evidence, applicable QA checks, authorization boundaries and mapped test evidence.",v1.0.0
P16-REQ-182,Topographic Survey,Must,"GrounUp shall provide governed topographic survey capability 182 with tenant/project scope, spatial reference metadata, source lineage, accuracy/quality evidence, permissions and auditable processing history.","Verify requirement 182 using controlled spatial data, coordinate/reference metadata, source evidence, applicable QA checks, authorization boundaries and mapped test evidence.",v1.0.0
P16-REQ-183,Existing Conditions,Must,"GrounUp shall provide governed existing conditions capability 183 with tenant/project scope, spatial reference metadata, source lineage, accuracy/quality evidence, permissions and auditable processing history.","Verify requirement 183 using controlled spatial data, coordinate/reference metadata, source evidence, applicable QA checks, authorization boundaries and mapped test evidence.",v1.0.0
P16-REQ-184,Drone Operations,Must,"GrounUp shall provide governed drone operations capability 184 with tenant/project scope, spatial reference metadata, source lineage, accuracy/quality evidence, permissions and auditable processing history.","Verify requirement 184 using controlled spatial data, coordinate/reference metadata, source evidence, applicable QA checks, authorization boundaries and mapped test evidence.",v1.0.0
P16-REQ-185,Photogrammetry,Must,"GrounUp shall provide governed photogrammetry capability 185 with tenant/project scope, spatial reference metadata, source lineage, accuracy/quality evidence, permissions and auditable processing history.","Verify requirement 185 using controlled spatial data, coordinate/reference metadata, source evidence, applicable QA checks, authorization boundaries and mapped test evidence.",v1.0.0
P16-REQ-186,LiDAR Reality Capture,Must,"GrounUp shall provide governed lidar reality capture capability 186 with tenant/project scope, spatial reference metadata, source lineage, accuracy/quality evidence, permissions and auditable processing history.","Verify requirement 186 using controlled spatial data, coordinate/reference metadata, source evidence, applicable QA checks, authorization boundaries and mapped test evidence.",v1.0.0
P16-REQ-187,Point Cloud Management,Must,"GrounUp shall provide governed point cloud management capability 187 with tenant/project scope, spatial reference metadata, source lineage, accuracy/quality evidence, permissions and auditable processing history.","Verify requirement 187 using controlled spatial data, coordinate/reference metadata, source evidence, applicable QA checks, authorization boundaries and mapped test evidence.",v1.0.0
P16-REQ-188,Orthomosaic Management,Must,"GrounUp shall provide governed orthomosaic management capability 188 with tenant/project scope, spatial reference metadata, source lineage, accuracy/quality evidence, permissions and auditable processing history.","Verify requirement 188 using controlled spatial data, coordinate/reference metadata, source evidence, applicable QA checks, authorization boundaries and mapped test evidence.",v1.0.0
P16-REQ-189,Surface & Terrain Models,Must,"GrounUp shall provide governed surface & terrain models capability 189 with tenant/project scope, spatial reference metadata, source lineage, accuracy/quality evidence, permissions and auditable processing history.","Verify requirement 189 using controlled spatial data, coordinate/reference metadata, source evidence, applicable QA checks, authorization boundaries and mapped test evidence.",v1.0.0
P16-REQ-190,Volumes & Earthwork,Must,"GrounUp shall provide governed volumes & earthwork capability 190 with tenant/project scope, spatial reference metadata, source lineage, accuracy/quality evidence, permissions and auditable processing history.","Verify requirement 190 using controlled spatial data, coordinate/reference metadata, source evidence, applicable QA checks, authorization boundaries and mapped test evidence.",v1.0.0
P16-REQ-191,Progress & Change Detection,Must,"GrounUp shall provide governed progress & change detection capability 191 with tenant/project scope, spatial reference metadata, source lineage, accuracy/quality evidence, permissions and auditable processing history.","Verify requirement 191 using controlled spatial data, coordinate/reference metadata, source evidence, applicable QA checks, authorization boundaries and mapped test evidence.",v1.0.0
P16-REQ-192,Corridor & Linear Infrastructure,Must,"GrounUp shall provide governed corridor & linear infrastructure capability 192 with tenant/project scope, spatial reference metadata, source lineage, accuracy/quality evidence, permissions and auditable processing history.","Verify requirement 192 using controlled spatial data, coordinate/reference metadata, source evidence, applicable QA checks, authorization boundaries and mapped test evidence.",v1.0.0
P16-REQ-193,Utility Mapping,Must,"GrounUp shall provide governed utility mapping capability 193 with tenant/project scope, spatial reference metadata, source lineage, accuracy/quality evidence, permissions and auditable processing history.","Verify requirement 193 using controlled spatial data, coordinate/reference metadata, source evidence, applicable QA checks, authorization boundaries and mapped test evidence.",v1.0.0
P16-REQ-194,GIS Field Collection,Must,"GrounUp shall provide governed gis field collection capability 194 with tenant/project scope, spatial reference metadata, source lineage, accuracy/quality evidence, permissions and auditable processing history.","Verify requirement 194 using controlled spatial data, coordinate/reference metadata, source evidence, applicable QA checks, authorization boundaries and mapped test evidence.",v1.0.0
P16-REQ-195,Reality Capture QA/QC,Must,"GrounUp shall provide governed reality capture qa/qc capability 195 with tenant/project scope, spatial reference metadata, source lineage, accuracy/quality evidence, permissions and auditable processing history.","Verify requirement 195 using controlled spatial data, coordinate/reference metadata, source evidence, applicable QA checks, authorization boundaries and mapped test evidence.",v1.0.0
P16-REQ-196,Geofencing & Location Intelligence,Must,"GrounUp shall provide governed geofencing & location intelligence capability 196 with tenant/project scope, spatial reference metadata, source lineage, accuracy/quality evidence, permissions and auditable processing history.","Verify requirement 196 using controlled spatial data, coordinate/reference metadata, source evidence, applicable QA checks, authorization boundaries and mapped test evidence.",v1.0.0
P16-REQ-197,Drone Media & Inspection,Must,"GrounUp shall provide governed drone media & inspection capability 197 with tenant/project scope, spatial reference metadata, source lineage, accuracy/quality evidence, permissions and auditable processing history.","Verify requirement 197 using controlled spatial data, coordinate/reference metadata, source evidence, applicable QA checks, authorization boundaries and mapped test evidence.",v1.0.0
P16-REQ-198,Regulatory & Flight Compliance,Must,"GrounUp shall provide governed regulatory & flight compliance capability 198 with tenant/project scope, spatial reference metadata, source lineage, accuracy/quality evidence, permissions and auditable processing history.","Verify requirement 198 using controlled spatial data, coordinate/reference metadata, source evidence, applicable QA checks, authorization boundaries and mapped test evidence.",v1.0.0
P16-REQ-199,Survey Deliverables,Must,"GrounUp shall provide governed survey deliverables capability 199 with tenant/project scope, spatial reference metadata, source lineage, accuracy/quality evidence, permissions and auditable processing history.","Verify requirement 199 using controlled spatial data, coordinate/reference metadata, source evidence, applicable QA checks, authorization boundaries and mapped test evidence.",v1.0.0
P16-REQ-200,Machine Control Handoff,Must,"GrounUp shall provide governed machine control handoff capability 200 with tenant/project scope, spatial reference metadata, source lineage, accuracy/quality evidence, permissions and auditable processing history.","Verify requirement 200 using controlled spatial data, coordinate/reference metadata, source evidence, applicable QA checks, authorization boundaries and mapped test evidence.",v1.0.0
P16-REQ-201,Spatial Analytics,Must,"GrounUp shall provide governed spatial analytics capability 201 with tenant/project scope, spatial reference metadata, source lineage, accuracy/quality evidence, permissions and auditable processing history.","Verify requirement 201 using controlled spatial data, coordinate/reference metadata, source evidence, applicable QA checks, authorization boundaries and mapped test evidence.",v1.0.0
P16-REQ-202,AI Geospatial Intelligence,Must,"GrounUp shall provide governed ai geospatial intelligence capability 202 with tenant/project scope, spatial reference metadata, source lineage, accuracy/quality evidence, permissions and auditable processing history.","Verify requirement 202 using controlled spatial data, coordinate/reference metadata, source evidence, applicable QA checks, authorization boundaries and mapped test evidence.",v1.0.0
P16-REQ-203,Geospatial Digital Twin,Must,"GrounUp shall provide governed geospatial digital twin capability 203 with tenant/project scope, spatial reference metadata, source lineage, accuracy/quality evidence, permissions and auditable processing history.","Verify requirement 203 using controlled spatial data, coordinate/reference metadata, source evidence, applicable QA checks, authorization boundaries and mapped test evidence.",v1.0.0
P16-REQ-204,GIS Core,Must,"GrounUp shall provide governed gis core capability 204 with tenant/project scope, spatial reference metadata, source lineage, accuracy/quality evidence, permissions and auditable processing history.","Verify requirement 204 using controlled spatial data, coordinate/reference metadata, source evidence, applicable QA checks, authorization boundaries and mapped test evidence.",v1.0.0
P16-REQ-205,Coordinate Reference Systems,Must,"GrounUp shall provide governed coordinate reference systems capability 205 with tenant/project scope, spatial reference metadata, source lineage, accuracy/quality evidence, permissions and auditable processing history.","Verify requirement 205 using controlled spatial data, coordinate/reference metadata, source evidence, applicable QA checks, authorization boundaries and mapped test evidence.",v1.0.0
P16-REQ-206,Survey Control,Must,"GrounUp shall provide governed survey control capability 206 with tenant/project scope, spatial reference metadata, source lineage, accuracy/quality evidence, permissions and auditable processing history.","Verify requirement 206 using controlled spatial data, coordinate/reference metadata, source evidence, applicable QA checks, authorization boundaries and mapped test evidence.",v1.0.0
P16-REQ-207,GNSS Survey,Must,"GrounUp shall provide governed gnss survey capability 207 with tenant/project scope, spatial reference metadata, source lineage, accuracy/quality evidence, permissions and auditable processing history.","Verify requirement 207 using controlled spatial data, coordinate/reference metadata, source evidence, applicable QA checks, authorization boundaries and mapped test evidence.",v1.0.0
P16-REQ-208,Total Station Survey,Must,"GrounUp shall provide governed total station survey capability 208 with tenant/project scope, spatial reference metadata, source lineage, accuracy/quality evidence, permissions and auditable processing history.","Verify requirement 208 using controlled spatial data, coordinate/reference metadata, source evidence, applicable QA checks, authorization boundaries and mapped test evidence.",v1.0.0
P16-REQ-209,Digital Levels,Must,"GrounUp shall provide governed digital levels capability 209 with tenant/project scope, spatial reference metadata, source lineage, accuracy/quality evidence, permissions and auditable processing history.","Verify requirement 209 using controlled spatial data, coordinate/reference metadata, source evidence, applicable QA checks, authorization boundaries and mapped test evidence.",v1.0.0
P16-REQ-210,Construction Layout,Must,"GrounUp shall provide governed construction layout capability 210 with tenant/project scope, spatial reference metadata, source lineage, accuracy/quality evidence, permissions and auditable processing history.","Verify requirement 210 using controlled spatial data, coordinate/reference metadata, source evidence, applicable QA checks, authorization boundaries and mapped test evidence.",v1.0.0
P16-REQ-211,Topographic Survey,Must,"GrounUp shall provide governed topographic survey capability 211 with tenant/project scope, spatial reference metadata, source lineage, accuracy/quality evidence, permissions and auditable processing history.","Verify requirement 211 using controlled spatial data, coordinate/reference metadata, source evidence, applicable QA checks, authorization boundaries and mapped test evidence.",v1.0.0
P16-REQ-212,Existing Conditions,Must,"GrounUp shall provide governed existing conditions capability 212 with tenant/project scope, spatial reference metadata, source lineage, accuracy/quality evidence, permissions and auditable processing history.","Verify requirement 212 using controlled spatial data, coordinate/reference metadata, source evidence, applicable QA checks, authorization boundaries and mapped test evidence.",v1.0.0
P16-REQ-213,Drone Operations,Must,"GrounUp shall provide governed drone operations capability 213 with tenant/project scope, spatial reference metadata, source lineage, accuracy/quality evidence, permissions and auditable processing history.","Verify requirement 213 using controlled spatial data, coordinate/reference metadata, source evidence, applicable QA checks, authorization boundaries and mapped test evidence.",v1.0.0
P16-REQ-214,Photogrammetry,Must,"GrounUp shall provide governed photogrammetry capability 214 with tenant/project scope, spatial reference metadata, source lineage, accuracy/quality evidence, permissions and auditable processing history.","Verify requirement 214 using controlled spatial data, coordinate/reference metadata, source evidence, applicable QA checks, authorization boundaries and mapped test evidence.",v1.0.0
P16-REQ-215,LiDAR Reality Capture,Must,"GrounUp shall provide governed lidar reality capture capability 215 with tenant/project scope, spatial reference metadata, source lineage, accuracy/quality evidence, permissions and auditable processing history.","Verify requirement 215 using controlled spatial data, coordinate/reference metadata, source evidence, applicable QA checks, authorization boundaries and mapped test evidence.",v1.0.0
P16-REQ-216,Point Cloud Management,Must,"GrounUp shall provide governed point cloud management capability 216 with tenant/project scope, spatial reference metadata, source lineage, accuracy/quality evidence, permissions and auditable processing history.","Verify requirement 216 using controlled spatial data, coordinate/reference metadata, source evidence, applicable QA checks, authorization boundaries and mapped test evidence.",v1.0.0
P16-REQ-217,Orthomosaic Management,Must,"GrounUp shall provide governed orthomosaic management capability 217 with tenant/project scope, spatial reference metadata, source lineage, accuracy/quality evidence, permissions and auditable processing history.","Verify requirement 217 using controlled spatial data, coordinate/reference metadata, source evidence, applicable QA checks, authorization boundaries and mapped test evidence.",v1.0.0
P16-REQ-218,Surface & Terrain Models,Must,"GrounUp shall provide governed surface & terrain models capability 218 with tenant/project scope, spatial reference metadata, source lineage, accuracy/quality evidence, permissions and auditable processing history.","Verify requirement 218 using controlled spatial data, coordinate/reference metadata, source evidence, applicable QA checks, authorization boundaries and mapped test evidence.",v1.0.0
P16-REQ-219,Volumes & Earthwork,Must,"GrounUp shall provide governed volumes & earthwork capability 219 with tenant/project scope, spatial reference metadata, source lineage, accuracy/quality evidence, permissions and auditable processing history.","Verify requirement 219 using controlled spatial data, coordinate/reference metadata, source evidence, applicable QA checks, authorization boundaries and mapped test evidence.",v1.0.0
P16-REQ-220,Progress & Change Detection,Must,"GrounUp shall provide governed progress & change detection capability 220 with tenant/project scope, spatial reference metadata, source lineage, accuracy/quality evidence, permissions and auditable processing history.","Verify requirement 220 using controlled spatial data, coordinate/reference metadata, source evidence, applicable QA checks, authorization boundaries and mapped test evidence.",v1.0.0
P16-REQ-221,Corridor & Linear Infrastructure,Must,"GrounUp shall provide governed corridor & linear infrastructure capability 221 with tenant/project scope, spatial reference metadata, source lineage, accuracy/quality evidence, permissions and auditable processing history.","Verify requirement 221 using controlled spatial data, coordinate/reference metadata, source evidence, applicable QA checks, authorization boundaries and mapped test evidence.",v1.0.0
P16-REQ-222,Utility Mapping,Must,"GrounUp shall provide governed utility mapping capability 222 with tenant/project scope, spatial reference metadata, source lineage, accuracy/quality evidence, permissions and auditable processing history.","Verify requirement 222 using controlled spatial data, coordinate/reference metadata, source evidence, applicable QA checks, authorization boundaries and mapped test evidence.",v1.0.0
P16-REQ-223,GIS Field Collection,Must,"GrounUp shall provide governed gis field collection capability 223 with tenant/project scope, spatial reference metadata, source lineage, accuracy/quality evidence, permissions and auditable processing history.","Verify requirement 223 using controlled spatial data, coordinate/reference metadata, source evidence, applicable QA checks, authorization boundaries and mapped test evidence.",v1.0.0
P16-REQ-224,Reality Capture QA/QC,Must,"GrounUp shall provide governed reality capture qa/qc capability 224 with tenant/project scope, spatial reference metadata, source lineage, accuracy/quality evidence, permissions and auditable processing history.","Verify requirement 224 using controlled spatial data, coordinate/reference metadata, source evidence, applicable QA checks, authorization boundaries and mapped test evidence.",v1.0.0
P16-REQ-225,Geofencing & Location Intelligence,Must,"GrounUp shall provide governed geofencing & location intelligence capability 225 with tenant/project scope, spatial reference metadata, source lineage, accuracy/quality evidence, permissions and auditable processing history.","Verify requirement 225 using controlled spatial data, coordinate/reference metadata, source evidence, applicable QA checks, authorization boundaries and mapped test evidence.",v1.0.0
P16-REQ-226,Drone Media & Inspection,Must,"GrounUp shall provide governed drone media & inspection capability 226 with tenant/project scope, spatial reference metadata, source lineage, accuracy/quality evidence, permissions and auditable processing history.","Verify requirement 226 using controlled spatial data, coordinate/reference metadata, source evidence, applicable QA checks, authorization boundaries and mapped test evidence.",v1.0.0
P16-REQ-227,Regulatory & Flight Compliance,Must,"GrounUp shall provide governed regulatory & flight compliance capability 227 with tenant/project scope, spatial reference metadata, source lineage, accuracy/quality evidence, permissions and auditable processing history.","Verify requirement 227 using controlled spatial data, coordinate/reference metadata, source evidence, applicable QA checks, authorization boundaries and mapped test evidence.",v1.0.0
P16-REQ-228,Survey Deliverables,Must,"GrounUp shall provide governed survey deliverables capability 228 with tenant/project scope, spatial reference metadata, source lineage, accuracy/quality evidence, permissions and auditable processing history.","Verify requirement 228 using controlled spatial data, coordinate/reference metadata, source evidence, applicable QA checks, authorization boundaries and mapped test evidence.",v1.0.0
P16-REQ-229,Machine Control Handoff,Must,"GrounUp shall provide governed machine control handoff capability 229 with tenant/project scope, spatial reference metadata, source lineage, accuracy/quality evidence, permissions and auditable processing history.","Verify requirement 229 using controlled spatial data, coordinate/reference metadata, source evidence, applicable QA checks, authorization boundaries and mapped test evidence.",v1.0.0
P16-REQ-230,Spatial Analytics,Must,"GrounUp shall provide governed spatial analytics capability 230 with tenant/project scope, spatial reference metadata, source lineage, accuracy/quality evidence, permissions and auditable processing history.","Verify requirement 230 using controlled spatial data, coordinate/reference metadata, source evidence, applicable QA checks, authorization boundaries and mapped test evidence.",v1.0.0
P16-REQ-231,AI Geospatial Intelligence,Must,"GrounUp shall provide governed ai geospatial intelligence capability 231 with tenant/project scope, spatial reference metadata, source lineage, accuracy/quality evidence, permissions and auditable processing history.","Verify requirement 231 using controlled spatial data, coordinate/reference metadata, source evidence, applicable QA checks, authorization boundaries and mapped test evidence.",v1.0.0
P16-REQ-232,Geospatial Digital Twin,Must,"GrounUp shall provide governed geospatial digital twin capability 232 with tenant/project scope, spatial reference metadata, source lineage, accuracy/quality evidence, permissions and auditable processing history.","Verify requirement 232 using controlled spatial data, coordinate/reference metadata, source evidence, applicable QA checks, authorization boundaries and mapped test evidence.",v1.0.0
P16-REQ-233,GIS Core,Must,"GrounUp shall provide governed gis core capability 233 with tenant/project scope, spatial reference metadata, source lineage, accuracy/quality evidence, permissions and auditable processing history.","Verify requirement 233 using controlled spatial data, coordinate/reference metadata, source evidence, applicable QA checks, authorization boundaries and mapped test evidence.",v1.0.0
P16-REQ-234,Coordinate Reference Systems,Must,"GrounUp shall provide governed coordinate reference systems capability 234 with tenant/project scope, spatial reference metadata, source lineage, accuracy/quality evidence, permissions and auditable processing history.","Verify requirement 234 using controlled spatial data, coordinate/reference metadata, source evidence, applicable QA checks, authorization boundaries and mapped test evidence.",v1.0.0
P16-REQ-235,Survey Control,Must,"GrounUp shall provide governed survey control capability 235 with tenant/project scope, spatial reference metadata, source lineage, accuracy/quality evidence, permissions and auditable processing history.","Verify requirement 235 using controlled spatial data, coordinate/reference metadata, source evidence, applicable QA checks, authorization boundaries and mapped test evidence.",v1.0.0
P16-REQ-236,GNSS Survey,Must,"GrounUp shall provide governed gnss survey capability 236 with tenant/project scope, spatial reference metadata, source lineage, accuracy/quality evidence, permissions and auditable processing history.","Verify requirement 236 using controlled spatial data, coordinate/reference metadata, source evidence, applicable QA checks, authorization boundaries and mapped test evidence.",v1.0.0
P16-REQ-237,Total Station Survey,Must,"GrounUp shall provide governed total station survey capability 237 with tenant/project scope, spatial reference metadata, source lineage, accuracy/quality evidence, permissions and auditable processing history.","Verify requirement 237 using controlled spatial data, coordinate/reference metadata, source evidence, applicable QA checks, authorization boundaries and mapped test evidence.",v1.0.0
P16-REQ-238,Digital Levels,Must,"GrounUp shall provide governed digital levels capability 238 with tenant/project scope, spatial reference metadata, source lineage, accuracy/quality evidence, permissions and auditable processing history.","Verify requirement 238 using controlled spatial data, coordinate/reference metadata, source evidence, applicable QA checks, authorization boundaries and mapped test evidence.",v1.0.0
P16-REQ-239,Construction Layout,Must,"GrounUp shall provide governed construction layout capability 239 with tenant/project scope, spatial reference metadata, source lineage, accuracy/quality evidence, permissions and auditable processing history.","Verify requirement 239 using controlled spatial data, coordinate/reference metadata, source evidence, applicable QA checks, authorization boundaries and mapped test evidence.",v1.0.0
P16-REQ-240,Topographic Survey,Must,"GrounUp shall provide governed topographic survey capability 240 with tenant/project scope, spatial reference metadata, source lineage, accuracy/quality evidence, permissions and auditable processing history.","Verify requirement 240 using controlled spatial data, coordinate/reference metadata, source evidence, applicable QA checks, authorization boundaries and mapped test evidence.",v1.0.0
P16-REQ-241,Existing Conditions,Must,"GrounUp shall provide governed existing conditions capability 241 with tenant/project scope, spatial reference metadata, source lineage, accuracy/quality evidence, permissions and auditable processing history.","Verify requirement 241 using controlled spatial data, coordinate/reference metadata, source evidence, applicable QA checks, authorization boundaries and mapped test evidence.",v1.0.0
P16-REQ-242,Drone Operations,Must,"GrounUp shall provide governed drone operations capability 242 with tenant/project scope, spatial reference metadata, source lineage, accuracy/quality evidence, permissions and auditable processing history.","Verify requirement 242 using controlled spatial data, coordinate/reference metadata, source evidence, applicable QA checks, authorization boundaries and mapped test evidence.",v1.0.0
P16-REQ-243,Photogrammetry,Must,"GrounUp shall provide governed photogrammetry capability 243 with tenant/project scope, spatial reference metadata, source lineage, accuracy/quality evidence, permissions and auditable processing history.","Verify requirement 243 using controlled spatial data, coordinate/reference metadata, source evidence, applicable QA checks, authorization boundaries and mapped test evidence.",v1.0.0
P16-REQ-244,LiDAR Reality Capture,Must,"GrounUp shall provide governed lidar reality capture capability 244 with tenant/project scope, spatial reference metadata, source lineage, accuracy/quality evidence, permissions and auditable processing history.","Verify requirement 244 using controlled spatial data, coordinate/reference metadata, source evidence, applicable QA checks, authorization boundaries and mapped test evidence.",v1.0.0
P16-REQ-245,Point Cloud Management,Must,"GrounUp shall provide governed point cloud management capability 245 with tenant/project scope, spatial reference metadata, source lineage, accuracy/quality evidence, permissions and auditable processing history.","Verify requirement 245 using controlled spatial data, coordinate/reference metadata, source evidence, applicable QA checks, authorization boundaries and mapped test evidence.",v1.0.0
P16-REQ-246,Orthomosaic Management,Must,"GrounUp shall provide governed orthomosaic management capability 246 with tenant/project scope, spatial reference metadata, source lineage, accuracy/quality evidence, permissions and auditable processing history.","Verify requirement 246 using controlled spatial data, coordinate/reference metadata, source evidence, applicable QA checks, authorization boundaries and mapped test evidence.",v1.0.0
P16-REQ-247,Surface & Terrain Models,Must,"GrounUp shall provide governed surface & terrain models capability 247 with tenant/project scope, spatial reference metadata, source lineage, accuracy/quality evidence, permissions and auditable processing history.","Verify requirement 247 using controlled spatial data, coordinate/reference metadata, source evidence, applicable QA checks, authorization boundaries and mapped test evidence.",v1.0.0
P16-REQ-248,Volumes & Earthwork,Must,"GrounUp shall provide governed volumes & earthwork capability 248 with tenant/project scope, spatial reference metadata, source lineage, accuracy/quality evidence, permissions and auditable processing history.","Verify requirement 248 using controlled spatial data, coordinate/reference metadata, source evidence, applicable QA checks, authorization boundaries and mapped test evidence.",v1.0.0
P16-REQ-249,Progress & Change Detection,Must,"GrounUp shall provide governed progress & change detection capability 249 with tenant/project scope, spatial reference metadata, source lineage, accuracy/quality evidence, permissions and auditable processing history.","Verify requirement 249 using controlled spatial data, coordinate/reference metadata, source evidence, applicable QA checks, authorization boundaries and mapped test evidence.",v1.0.0
P16-REQ-250,Corridor & Linear Infrastructure,Must,"GrounUp shall provide governed corridor & linear infrastructure capability 250 with tenant/project scope, spatial reference metadata, source lineage, accuracy/quality evidence, permissions and auditable processing history.","Verify requirement 250 using controlled spatial data, coordinate/reference metadata, source evidence, applicable QA checks, authorization boundaries and mapped test evidence.",v1.0.0
P16-REQ-251,Utility Mapping,Must,"GrounUp shall provide governed utility mapping capability 251 with tenant/project scope, spatial reference metadata, source lineage, accuracy/quality evidence, permissions and auditable processing history.","Verify requirement 251 using controlled spatial data, coordinate/reference metadata, source evidence, applicable QA checks, authorization boundaries and mapped test evidence.",v1.0.0
P16-REQ-252,GIS Field Collection,Must,"GrounUp shall provide governed gis field collection capability 252 with tenant/project scope, spatial reference metadata, source lineage, accuracy/quality evidence, permissions and auditable processing history.","Verify requirement 252 using controlled spatial data, coordinate/reference metadata, source evidence, applicable QA checks, authorization boundaries and mapped test evidence.",v1.0.0
P16-REQ-253,Reality Capture QA/QC,Must,"GrounUp shall provide governed reality capture qa/qc capability 253 with tenant/project scope, spatial reference metadata, source lineage, accuracy/quality evidence, permissions and auditable processing history.","Verify requirement 253 using controlled spatial data, coordinate/reference metadata, source evidence, applicable QA checks, authorization boundaries and mapped test evidence.",v1.0.0
P16-REQ-254,Geofencing & Location Intelligence,Must,"GrounUp shall provide governed geofencing & location intelligence capability 254 with tenant/project scope, spatial reference metadata, source lineage, accuracy/quality evidence, permissions and auditable processing history.","Verify requirement 254 using controlled spatial data, coordinate/reference metadata, source evidence, applicable QA checks, authorization boundaries and mapped test evidence.",v1.0.0
P16-REQ-255,Drone Media & Inspection,Must,"GrounUp shall provide governed drone media & inspection capability 255 with tenant/project scope, spatial reference metadata, source lineage, accuracy/quality evidence, permissions and auditable processing history.","Verify requirement 255 using controlled spatial data, coordinate/reference metadata, source evidence, applicable QA checks, authorization boundaries and mapped test evidence.",v1.0.0
P16-REQ-256,Regulatory & Flight Compliance,Must,"GrounUp shall provide governed regulatory & flight compliance capability 256 with tenant/project scope, spatial reference metadata, source lineage, accuracy/quality evidence, permissions and auditable processing history.","Verify requirement 256 using controlled spatial data, coordinate/reference metadata, source evidence, applicable QA checks, authorization boundaries and mapped test evidence.",v1.0.0
P16-REQ-257,Survey Deliverables,Must,"GrounUp shall provide governed survey deliverables capability 257 with tenant/project scope, spatial reference metadata, source lineage, accuracy/quality evidence, permissions and auditable processing history.","Verify requirement 257 using controlled spatial data, coordinate/reference metadata, source evidence, applicable QA checks, authorization boundaries and mapped test evidence.",v1.0.0
P16-REQ-258,Machine Control Handoff,Must,"GrounUp shall provide governed machine control handoff capability 258 with tenant/project scope, spatial reference metadata, source lineage, accuracy/quality evidence, permissions and auditable processing history.","Verify requirement 258 using controlled spatial data, coordinate/reference metadata, source evidence, applicable QA checks, authorization boundaries and mapped test evidence.",v1.0.0
P16-REQ-259,Spatial Analytics,Must,"GrounUp shall provide governed spatial analytics capability 259 with tenant/project scope, spatial reference metadata, source lineage, accuracy/quality evidence, permissions and auditable processing history.","Verify requirement 259 using controlled spatial data, coordinate/reference metadata, source evidence, applicable QA checks, authorization boundaries and mapped test evidence.",v1.0.0
P16-REQ-260,AI Geospatial Intelligence,Must,"GrounUp shall provide governed ai geospatial intelligence capability 260 with tenant/project scope, spatial reference metadata, source lineage, accuracy/quality evidence, permissions and auditable processing history.","Verify requirement 260 using controlled spatial data, coordinate/reference metadata, source evidence, applicable QA checks, authorization boundaries and mapped test evidence.",v1.0.0
P16-REQ-261,Geospatial Digital Twin,Must,"GrounUp shall provide governed geospatial digital twin capability 261 with tenant/project scope, spatial reference metadata, source lineage, accuracy/quality evidence, permissions and auditable processing history.","Verify requirement 261 using controlled spatial data, coordinate/reference metadata, source evidence, applicable QA checks, authorization boundaries and mapped test evidence.",v1.0.0
P16-REQ-262,GIS Core,Must,"GrounUp shall provide governed gis core capability 262 with tenant/project scope, spatial reference metadata, source lineage, accuracy/quality evidence, permissions and auditable processing history.","Verify requirement 262 using controlled spatial data, coordinate/reference metadata, source evidence, applicable QA checks, authorization boundaries and mapped test evidence.",v1.0.0
P16-REQ-263,Coordinate Reference Systems,Must,"GrounUp shall provide governed coordinate reference systems capability 263 with tenant/project scope, spatial reference metadata, source lineage, accuracy/quality evidence, permissions and auditable processing history.","Verify requirement 263 using controlled spatial data, coordinate/reference metadata, source evidence, applicable QA checks, authorization boundaries and mapped test evidence.",v1.0.0
P16-REQ-264,Survey Control,Must,"GrounUp shall provide governed survey control capability 264 with tenant/project scope, spatial reference metadata, source lineage, accuracy/quality evidence, permissions and auditable processing history.","Verify requirement 264 using controlled spatial data, coordinate/reference metadata, source evidence, applicable QA checks, authorization boundaries and mapped test evidence.",v1.0.0
P16-REQ-265,GNSS Survey,Must,"GrounUp shall provide governed gnss survey capability 265 with tenant/project scope, spatial reference metadata, source lineage, accuracy/quality evidence, permissions and auditable processing history.","Verify requirement 265 using controlled spatial data, coordinate/reference metadata, source evidence, applicable QA checks, authorization boundaries and mapped test evidence.",v1.0.0
P16-REQ-266,Total Station Survey,Must,"GrounUp shall provide governed total station survey capability 266 with tenant/project scope, spatial reference metadata, source lineage, accuracy/quality evidence, permissions and auditable processing history.","Verify requirement 266 using controlled spatial data, coordinate/reference metadata, source evidence, applicable QA checks, authorization boundaries and mapped test evidence.",v1.0.0
P16-REQ-267,Digital Levels,Must,"GrounUp shall provide governed digital levels capability 267 with tenant/project scope, spatial reference metadata, source lineage, accuracy/quality evidence, permissions and auditable processing history.","Verify requirement 267 using controlled spatial data, coordinate/reference metadata, source evidence, applicable QA checks, authorization boundaries and mapped test evidence.",v1.0.0
P16-REQ-268,Construction Layout,Must,"GrounUp shall provide governed construction layout capability 268 with tenant/project scope, spatial reference metadata, source lineage, accuracy/quality evidence, permissions and auditable processing history.","Verify requirement 268 using controlled spatial data, coordinate/reference metadata, source evidence, applicable QA checks, authorization boundaries and mapped test evidence.",v1.0.0
P16-REQ-269,Topographic Survey,Must,"GrounUp shall provide governed topographic survey capability 269 with tenant/project scope, spatial reference metadata, source lineage, accuracy/quality evidence, permissions and auditable processing history.","Verify requirement 269 using controlled spatial data, coordinate/reference metadata, source evidence, applicable QA checks, authorization boundaries and mapped test evidence.",v1.0.0
P16-REQ-270,Existing Conditions,Must,"GrounUp shall provide governed existing conditions capability 270 with tenant/project scope, spatial reference metadata, source lineage, accuracy/quality evidence, permissions and auditable processing history.","Verify requirement 270 using controlled spatial data, coordinate/reference metadata, source evidence, applicable QA checks, authorization boundaries and mapped test evidence.",v1.0.0
P16-REQ-271,Drone Operations,Must,"GrounUp shall provide governed drone operations capability 271 with tenant/project scope, spatial reference metadata, source lineage, accuracy/quality evidence, permissions and auditable processing history.","Verify requirement 271 using controlled spatial data, coordinate/reference metadata, source evidence, applicable QA checks, authorization boundaries and mapped test evidence.",v1.0.0
P16-REQ-272,Photogrammetry,Must,"GrounUp shall provide governed photogrammetry capability 272 with tenant/project scope, spatial reference metadata, source lineage, accuracy/quality evidence, permissions and auditable processing history.","Verify requirement 272 using controlled spatial data, coordinate/reference metadata, source evidence, applicable QA checks, authorization boundaries and mapped test evidence.",v1.0.0
P16-REQ-273,LiDAR Reality Capture,Must,"GrounUp shall provide governed lidar reality capture capability 273 with tenant/project scope, spatial reference metadata, source lineage, accuracy/quality evidence, permissions and auditable processing history.","Verify requirement 273 using controlled spatial data, coordinate/reference metadata, source evidence, applicable QA checks, authorization boundaries and mapped test evidence.",v1.0.0
P16-REQ-274,Point Cloud Management,Must,"GrounUp shall provide governed point cloud management capability 274 with tenant/project scope, spatial reference metadata, source lineage, accuracy/quality evidence, permissions and auditable processing history.","Verify requirement 274 using controlled spatial data, coordinate/reference metadata, source evidence, applicable QA checks, authorization boundaries and mapped test evidence.",v1.0.0
P16-REQ-275,Orthomosaic Management,Must,"GrounUp shall provide governed orthomosaic management capability 275 with tenant/project scope, spatial reference metadata, source lineage, accuracy/quality evidence, permissions and auditable processing history.","Verify requirement 275 using controlled spatial data, coordinate/reference metadata, source evidence, applicable QA checks, authorization boundaries and mapped test evidence.",v1.0.0
P16-REQ-276,Surface & Terrain Models,Must,"GrounUp shall provide governed surface & terrain models capability 276 with tenant/project scope, spatial reference metadata, source lineage, accuracy/quality evidence, permissions and auditable processing history.","Verify requirement 276 using controlled spatial data, coordinate/reference metadata, source evidence, applicable QA checks, authorization boundaries and mapped test evidence.",v1.0.0
P16-REQ-277,Volumes & Earthwork,Must,"GrounUp shall provide governed volumes & earthwork capability 277 with tenant/project scope, spatial reference metadata, source lineage, accuracy/quality evidence, permissions and auditable processing history.","Verify requirement 277 using controlled spatial data, coordinate/reference metadata, source evidence, applicable QA checks, authorization boundaries and mapped test evidence.",v1.0.0
P16-REQ-278,Progress & Change Detection,Must,"GrounUp shall provide governed progress & change detection capability 278 with tenant/project scope, spatial reference metadata, source lineage, accuracy/quality evidence, permissions and auditable processing history.","Verify requirement 278 using controlled spatial data, coordinate/reference metadata, source evidence, applicable QA checks, authorization boundaries and mapped test evidence.",v1.0.0
P16-REQ-279,Corridor & Linear Infrastructure,Must,"GrounUp shall provide governed corridor & linear infrastructure capability 279 with tenant/project scope, spatial reference metadata, source lineage, accuracy/quality evidence, permissions and auditable processing history.","Verify requirement 279 using controlled spatial data, coordinate/reference metadata, source evidence, applicable QA checks, authorization boundaries and mapped test evidence.",v1.0.0
P16-REQ-280,Utility Mapping,Must,"GrounUp shall provide governed utility mapping capability 280 with tenant/project scope, spatial reference metadata, source lineage, accuracy/quality evidence, permissions and auditable processing history.","Verify requirement 280 using controlled spatial data, coordinate/reference metadata, source evidence, applicable QA checks, authorization boundaries and mapped test evidence.",v1.0.0
P16-REQ-281,GIS Field Collection,Must,"GrounUp shall provide governed gis field collection capability 281 with tenant/project scope, spatial reference metadata, source lineage, accuracy/quality evidence, permissions and auditable processing history.","Verify requirement 281 using controlled spatial data, coordinate/reference metadata, source evidence, applicable QA checks, authorization boundaries and mapped test evidence.",v1.0.0
P16-REQ-282,Reality Capture QA/QC,Must,"GrounUp shall provide governed reality capture qa/qc capability 282 with tenant/project scope, spatial reference metadata, source lineage, accuracy/quality evidence, permissions and auditable processing history.","Verify requirement 282 using controlled spatial data, coordinate/reference metadata, source evidence, applicable QA checks, authorization boundaries and mapped test evidence.",v1.0.0
P16-REQ-283,Geofencing & Location Intelligence,Must,"GrounUp shall provide governed geofencing & location intelligence capability 283 with tenant/project scope, spatial reference metadata, source lineage, accuracy/quality evidence, permissions and auditable processing history.","Verify requirement 283 using controlled spatial data, coordinate/reference metadata, source evidence, applicable QA checks, authorization boundaries and mapped test evidence.",v1.0.0
P16-REQ-284,Drone Media & Inspection,Must,"GrounUp shall provide governed drone media & inspection capability 284 with tenant/project scope, spatial reference metadata, source lineage, accuracy/quality evidence, permissions and auditable processing history.","Verify requirement 284 using controlled spatial data, coordinate/reference metadata, source evidence, applicable QA checks, authorization boundaries and mapped test evidence.",v1.0.0
P16-REQ-285,Regulatory & Flight Compliance,Must,"GrounUp shall provide governed regulatory & flight compliance capability 285 with tenant/project scope, spatial reference metadata, source lineage, accuracy/quality evidence, permissions and auditable processing history.","Verify requirement 285 using controlled spatial data, coordinate/reference metadata, source evidence, applicable QA checks, authorization boundaries and mapped test evidence.",v1.0.0
P16-REQ-286,Survey Deliverables,Should,"GrounUp shall provide governed survey deliverables capability 286 with tenant/project scope, spatial reference metadata, source lineage, accuracy/quality evidence, permissions and auditable processing history.","Verify requirement 286 using controlled spatial data, coordinate/reference metadata, source evidence, applicable QA checks, authorization boundaries and mapped test evidence.",v1.0.0
P16-REQ-287,Machine Control Handoff,Should,"GrounUp shall provide governed machine control handoff capability 287 with tenant/project scope, spatial reference metadata, source lineage, accuracy/quality evidence, permissions and auditable processing history.","Verify requirement 287 using controlled spatial data, coordinate/reference metadata, source evidence, applicable QA checks, authorization boundaries and mapped test evidence.",v1.0.0
P16-REQ-288,Spatial Analytics,Should,"GrounUp shall provide governed spatial analytics capability 288 with tenant/project scope, spatial reference metadata, source lineage, accuracy/quality evidence, permissions and auditable processing history.","Verify requirement 288 using controlled spatial data, coordinate/reference metadata, source evidence, applicable QA checks, authorization boundaries and mapped test evidence.",v1.0.0
P16-REQ-289,AI Geospatial Intelligence,Should,"GrounUp shall provide governed ai geospatial intelligence capability 289 with tenant/project scope, spatial reference metadata, source lineage, accuracy/quality evidence, permissions and auditable processing history.","Verify requirement 289 using controlled spatial data, coordinate/reference metadata, source evidence, applicable QA checks, authorization boundaries and mapped test evidence.",v1.0.0
P16-REQ-290,Geospatial Digital Twin,Should,"GrounUp shall provide governed geospatial digital twin capability 290 with tenant/project scope, spatial reference metadata, source lineage, accuracy/quality evidence, permissions and auditable processing history.","Verify requirement 290 using controlled spatial data, coordinate/reference metadata, source evidence, applicable QA checks, authorization boundaries and mapped test evidence.",v1.0.0
P16-REQ-291,GIS Core,Should,"GrounUp shall provide governed gis core capability 291 with tenant/project scope, spatial reference metadata, source lineage, accuracy/quality evidence, permissions and auditable processing history.","Verify requirement 291 using controlled spatial data, coordinate/reference metadata, source evidence, applicable QA checks, authorization boundaries and mapped test evidence.",v1.0.0
P16-REQ-292,Coordinate Reference Systems,Should,"GrounUp shall provide governed coordinate reference systems capability 292 with tenant/project scope, spatial reference metadata, source lineage, accuracy/quality evidence, permissions and auditable processing history.","Verify requirement 292 using controlled spatial data, coordinate/reference metadata, source evidence, applicable QA checks, authorization boundaries and mapped test evidence.",v1.0.0
P16-REQ-293,Survey Control,Should,"GrounUp shall provide governed survey control capability 293 with tenant/project scope, spatial reference metadata, source lineage, accuracy/quality evidence, permissions and auditable processing history.","Verify requirement 293 using controlled spatial data, coordinate/reference metadata, source evidence, applicable QA checks, authorization boundaries and mapped test evidence.",v1.0.0
P16-REQ-294,GNSS Survey,Should,"GrounUp shall provide governed gnss survey capability 294 with tenant/project scope, spatial reference metadata, source lineage, accuracy/quality evidence, permissions and auditable processing history.","Verify requirement 294 using controlled spatial data, coordinate/reference metadata, source evidence, applicable QA checks, authorization boundaries and mapped test evidence.",v1.0.0
P16-REQ-295,Total Station Survey,Should,"GrounUp shall provide governed total station survey capability 295 with tenant/project scope, spatial reference metadata, source lineage, accuracy/quality evidence, permissions and auditable processing history.","Verify requirement 295 using controlled spatial data, coordinate/reference metadata, source evidence, applicable QA checks, authorization boundaries and mapped test evidence.",v1.0.0
P16-REQ-296,Digital Levels,Should,"GrounUp shall provide governed digital levels capability 296 with tenant/project scope, spatial reference metadata, source lineage, accuracy/quality evidence, permissions and auditable processing history.","Verify requirement 296 using controlled spatial data, coordinate/reference metadata, source evidence, applicable QA checks, authorization boundaries and mapped test evidence.",v1.0.0
P16-REQ-297,Construction Layout,Should,"GrounUp shall provide governed construction layout capability 297 with tenant/project scope, spatial reference metadata, source lineage, accuracy/quality evidence, permissions and auditable processing history.","Verify requirement 297 using controlled spatial data, coordinate/reference metadata, source evidence, applicable QA checks, authorization boundaries and mapped test evidence.",v1.0.0
P16-REQ-298,Topographic Survey,Should,"GrounUp shall provide governed topographic survey capability 298 with tenant/project scope, spatial reference metadata, source lineage, accuracy/quality evidence, permissions and auditable processing history.","Verify requirement 298 using controlled spatial data, coordinate/reference metadata, source evidence, applicable QA checks, authorization boundaries and mapped test evidence.",v1.0.0
P16-REQ-299,Existing Conditions,Should,"GrounUp shall provide governed existing conditions capability 299 with tenant/project scope, spatial reference metadata, source lineage, accuracy/quality evidence, permissions and auditable processing history.","Verify requirement 299 using controlled spatial data, coordinate/reference metadata, source evidence, applicable QA checks, authorization boundaries and mapped test evidence.",v1.0.0
P16-REQ-300,Drone Operations,Should,"GrounUp shall provide governed drone operations capability 300 with tenant/project scope, spatial reference metadata, source lineage, accuracy/quality evidence, permissions and auditable processing history.","Verify requirement 300 using controlled spatial data, coordinate/reference metadata, source evidence, applicable QA checks, authorization boundaries and mapped test evidence.",v1.0.0
P16-REQ-301,Photogrammetry,Should,"GrounUp shall provide governed photogrammetry capability 301 with tenant/project scope, spatial reference metadata, source lineage, accuracy/quality evidence, permissions and auditable processing history.","Verify requirement 301 using controlled spatial data, coordinate/reference metadata, source evidence, applicable QA checks, authorization boundaries and mapped test evidence.",v1.0.0
P16-REQ-302,LiDAR Reality Capture,Should,"GrounUp shall provide governed lidar reality capture capability 302 with tenant/project scope, spatial reference metadata, source lineage, accuracy/quality evidence, permissions and auditable processing history.","Verify requirement 302 using controlled spatial data, coordinate/reference metadata, source evidence, applicable QA checks, authorization boundaries and mapped test evidence.",v1.0.0
P16-REQ-303,Point Cloud Management,Should,"GrounUp shall provide governed point cloud management capability 303 with tenant/project scope, spatial reference metadata, source lineage, accuracy/quality evidence, permissions and auditable processing history.","Verify requirement 303 using controlled spatial data, coordinate/reference metadata, source evidence, applicable QA checks, authorization boundaries and mapped test evidence.",v1.0.0
P16-REQ-304,Orthomosaic Management,Should,"GrounUp shall provide governed orthomosaic management capability 304 with tenant/project scope, spatial reference metadata, source lineage, accuracy/quality evidence, permissions and auditable processing history.","Verify requirement 304 using controlled spatial data, coordinate/reference metadata, source evidence, applicable QA checks, authorization boundaries and mapped test evidence.",v1.0.0
P16-REQ-305,Surface & Terrain Models,Should,"GrounUp shall provide governed surface & terrain models capability 305 with tenant/project scope, spatial reference metadata, source lineage, accuracy/quality evidence, permissions and auditable processing history.","Verify requirement 305 using controlled spatial data, coordinate/reference metadata, source evidence, applicable QA checks, authorization boundaries and mapped test evidence.",v1.0.0
P16-REQ-306,Volumes & Earthwork,Should,"GrounUp shall provide governed volumes & earthwork capability 306 with tenant/project scope, spatial reference metadata, source lineage, accuracy/quality evidence, permissions and auditable processing history.","Verify requirement 306 using controlled spatial data, coordinate/reference metadata, source evidence, applicable QA checks, authorization boundaries and mapped test evidence.",v1.0.0
P16-REQ-307,Progress & Change Detection,Should,"GrounUp shall provide governed progress & change detection capability 307 with tenant/project scope, spatial reference metadata, source lineage, accuracy/quality evidence, permissions and auditable processing history.","Verify requirement 307 using controlled spatial data, coordinate/reference metadata, source evidence, applicable QA checks, authorization boundaries and mapped test evidence.",v1.0.0
P16-REQ-308,Corridor & Linear Infrastructure,Should,"GrounUp shall provide governed corridor & linear infrastructure capability 308 with tenant/project scope, spatial reference metadata, source lineage, accuracy/quality evidence, permissions and auditable processing history.","Verify requirement 308 using controlled spatial data, coordinate/reference metadata, source evidence, applicable QA checks, authorization boundaries and mapped test evidence.",v1.0.0
P16-REQ-309,Utility Mapping,Should,"GrounUp shall provide governed utility mapping capability 309 with tenant/project scope, spatial reference metadata, source lineage, accuracy/quality evidence, permissions and auditable processing history.","Verify requirement 309 using controlled spatial data, coordinate/reference metadata, source evidence, applicable QA checks, authorization boundaries and mapped test evidence.",v1.0.0
P16-REQ-310,GIS Field Collection,Should,"GrounUp shall provide governed gis field collection capability 310 with tenant/project scope, spatial reference metadata, source lineage, accuracy/quality evidence, permissions and auditable processing history.","Verify requirement 310 using controlled spatial data, coordinate/reference metadata, source evidence, applicable QA checks, authorization boundaries and mapped test evidence.",v1.0.0
P16-REQ-311,Reality Capture QA/QC,Should,"GrounUp shall provide governed reality capture qa/qc capability 311 with tenant/project scope, spatial reference metadata, source lineage, accuracy/quality evidence, permissions and auditable processing history.","Verify requirement 311 using controlled spatial data, coordinate/reference metadata, source evidence, applicable QA checks, authorization boundaries and mapped test evidence.",v1.0.0
P16-REQ-312,Geofencing & Location Intelligence,Should,"GrounUp shall provide governed geofencing & location intelligence capability 312 with tenant/project scope, spatial reference metadata, source lineage, accuracy/quality evidence, permissions and auditable processing history.","Verify requirement 312 using controlled spatial data, coordinate/reference metadata, source evidence, applicable QA checks, authorization boundaries and mapped test evidence.",v1.0.0
P16-REQ-313,Drone Media & Inspection,Should,"GrounUp shall provide governed drone media & inspection capability 313 with tenant/project scope, spatial reference metadata, source lineage, accuracy/quality evidence, permissions and auditable processing history.","Verify requirement 313 using controlled spatial data, coordinate/reference metadata, source evidence, applicable QA checks, authorization boundaries and mapped test evidence.",v1.0.0
P16-REQ-314,Regulatory & Flight Compliance,Should,"GrounUp shall provide governed regulatory & flight compliance capability 314 with tenant/project scope, spatial reference metadata, source lineage, accuracy/quality evidence, permissions and auditable processing history.","Verify requirement 314 using controlled spatial data, coordinate/reference metadata, source evidence, applicable QA checks, authorization boundaries and mapped test evidence.",v1.0.0
P16-REQ-315,Survey Deliverables,Should,"GrounUp shall provide governed survey deliverables capability 315 with tenant/project scope, spatial reference metadata, source lineage, accuracy/quality evidence, permissions and auditable processing history.","Verify requirement 315 using controlled spatial data, coordinate/reference metadata, source evidence, applicable QA checks, authorization boundaries and mapped test evidence.",v1.0.0
P16-REQ-316,Machine Control Handoff,Should,"GrounUp shall provide governed machine control handoff capability 316 with tenant/project scope, spatial reference metadata, source lineage, accuracy/quality evidence, permissions and auditable processing history.","Verify requirement 316 using controlled spatial data, coordinate/reference metadata, source evidence, applicable QA checks, authorization boundaries and mapped test evidence.",v1.0.0
P16-REQ-317,Spatial Analytics,Should,"GrounUp shall provide governed spatial analytics capability 317 with tenant/project scope, spatial reference metadata, source lineage, accuracy/quality evidence, permissions and auditable processing history.","Verify requirement 317 using controlled spatial data, coordinate/reference metadata, source evidence, applicable QA checks, authorization boundaries and mapped test evidence.",v1.0.0
P16-REQ-318,AI Geospatial Intelligence,Should,"GrounUp shall provide governed ai geospatial intelligence capability 318 with tenant/project scope, spatial reference metadata, source lineage, accuracy/quality evidence, permissions and auditable processing history.","Verify requirement 318 using controlled spatial data, coordinate/reference metadata, source evidence, applicable QA checks, authorization boundaries and mapped test evidence.",v1.0.0
P16-REQ-319,Geospatial Digital Twin,Should,"GrounUp shall provide governed geospatial digital twin capability 319 with tenant/project scope, spatial reference metadata, source lineage, accuracy/quality evidence, permissions and auditable processing history.","Verify requirement 319 using controlled spatial data, coordinate/reference metadata, source evidence, applicable QA checks, authorization boundaries and mapped test evidence.",v1.0.0
P16-REQ-320,GIS Core,Should,"GrounUp shall provide governed gis core capability 320 with tenant/project scope, spatial reference metadata, source lineage, accuracy/quality evidence, permissions and auditable processing history.","Verify requirement 320 using controlled spatial data, coordinate/reference metadata, source evidence, applicable QA checks, authorization boundaries and mapped test evidence.",v1.0.0
P16-REQ-321,Coordinate Reference Systems,Should,"GrounUp shall provide governed coordinate reference systems capability 321 with tenant/project scope, spatial reference metadata, source lineage, accuracy/quality evidence, permissions and auditable processing history.","Verify requirement 321 using controlled spatial data, coordinate/reference metadata, source evidence, applicable QA checks, authorization boundaries and mapped test evidence.",v1.0.0
P16-REQ-322,Survey Control,Should,"GrounUp shall provide governed survey control capability 322 with tenant/project scope, spatial reference metadata, source lineage, accuracy/quality evidence, permissions and auditable processing history.","Verify requirement 322 using controlled spatial data, coordinate/reference metadata, source evidence, applicable QA checks, authorization boundaries and mapped test evidence.",v1.0.0
P16-REQ-323,GNSS Survey,Should,"GrounUp shall provide governed gnss survey capability 323 with tenant/project scope, spatial reference metadata, source lineage, accuracy/quality evidence, permissions and auditable processing history.","Verify requirement 323 using controlled spatial data, coordinate/reference metadata, source evidence, applicable QA checks, authorization boundaries and mapped test evidence.",v1.0.0
P16-REQ-324,Total Station Survey,Should,"GrounUp shall provide governed total station survey capability 324 with tenant/project scope, spatial reference metadata, source lineage, accuracy/quality evidence, permissions and auditable processing history.","Verify requirement 324 using controlled spatial data, coordinate/reference metadata, source evidence, applicable QA checks, authorization boundaries and mapped test evidence.",v1.0.0
P16-REQ-325,Digital Levels,Should,"GrounUp shall provide governed digital levels capability 325 with tenant/project scope, spatial reference metadata, source lineage, accuracy/quality evidence, permissions and auditable processing history.","Verify requirement 325 using controlled spatial data, coordinate/reference metadata, source evidence, applicable QA checks, authorization boundaries and mapped test evidence.",v1.0.0
P16-REQ-326,Construction Layout,Should,"GrounUp shall provide governed construction layout capability 326 with tenant/project scope, spatial reference metadata, source lineage, accuracy/quality evidence, permissions and auditable processing history.","Verify requirement 326 using controlled spatial data, coordinate/reference metadata, source evidence, applicable QA checks, authorization boundaries and mapped test evidence.",v1.0.0
P16-REQ-327,Topographic Survey,Should,"GrounUp shall provide governed topographic survey capability 327 with tenant/project scope, spatial reference metadata, source lineage, accuracy/quality evidence, permissions and auditable processing history.","Verify requirement 327 using controlled spatial data, coordinate/reference metadata, source evidence, applicable QA checks, authorization boundaries and mapped test evidence.",v1.0.0
P16-REQ-328,Existing Conditions,Should,"GrounUp shall provide governed existing conditions capability 328 with tenant/project scope, spatial reference metadata, source lineage, accuracy/quality evidence, permissions and auditable processing history.","Verify requirement 328 using controlled spatial data, coordinate/reference metadata, source evidence, applicable QA checks, authorization boundaries and mapped test evidence.",v1.0.0
P16-REQ-329,Drone Operations,Should,"GrounUp shall provide governed drone operations capability 329 with tenant/project scope, spatial reference metadata, source lineage, accuracy/quality evidence, permissions and auditable processing history.","Verify requirement 329 using controlled spatial data, coordinate/reference metadata, source evidence, applicable QA checks, authorization boundaries and mapped test evidence.",v1.0.0
P16-REQ-330,Photogrammetry,Should,"GrounUp shall provide governed photogrammetry capability 330 with tenant/project scope, spatial reference metadata, source lineage, accuracy/quality evidence, permissions and auditable processing history.","Verify requirement 330 using controlled spatial data, coordinate/reference metadata, source evidence, applicable QA checks, authorization boundaries and mapped test evidence.",v1.0.0
P16-REQ-331,LiDAR Reality Capture,Should,"GrounUp shall provide governed lidar reality capture capability 331 with tenant/project scope, spatial reference metadata, source lineage, accuracy/quality evidence, permissions and auditable processing history.","Verify requirement 331 using controlled spatial data, coordinate/reference metadata, source evidence, applicable QA checks, authorization boundaries and mapped test evidence.",v1.0.0
P16-REQ-332,Point Cloud Management,Should,"GrounUp shall provide governed point cloud management capability 332 with tenant/project scope, spatial reference metadata, source lineage, accuracy/quality evidence, permissions and auditable processing history.","Verify requirement 332 using controlled spatial data, coordinate/reference metadata, source evidence, applicable QA checks, authorization boundaries and mapped test evidence.",v1.0.0
P16-REQ-333,Orthomosaic Management,Should,"GrounUp shall provide governed orthomosaic management capability 333 with tenant/project scope, spatial reference metadata, source lineage, accuracy/quality evidence, permissions and auditable processing history.","Verify requirement 333 using controlled spatial data, coordinate/reference metadata, source evidence, applicable QA checks, authorization boundaries and mapped test evidence.",v1.0.0
P16-REQ-334,Surface & Terrain Models,Should,"GrounUp shall provide governed surface & terrain models capability 334 with tenant/project scope, spatial reference metadata, source lineage, accuracy/quality evidence, permissions and auditable processing history.","Verify requirement 334 using controlled spatial data, coordinate/reference metadata, source evidence, applicable QA checks, authorization boundaries and mapped test evidence.",v1.0.0
P16-REQ-335,Volumes & Earthwork,Should,"GrounUp shall provide governed volumes & earthwork capability 335 with tenant/project scope, spatial reference metadata, source lineage, accuracy/quality evidence, permissions and auditable processing history.","Verify requirement 335 using controlled spatial data, coordinate/reference metadata, source evidence, applicable QA checks, authorization boundaries and mapped test evidence.",v1.0.0
P16-REQ-336,Progress & Change Detection,Should,"GrounUp shall provide governed progress & change detection capability 336 with tenant/project scope, spatial reference metadata, source lineage, accuracy/quality evidence, permissions and auditable processing history.","Verify requirement 336 using controlled spatial data, coordinate/reference metadata, source evidence, applicable QA checks, authorization boundaries and mapped test evidence.",v1.0.0
P16-REQ-337,Corridor & Linear Infrastructure,Should,"GrounUp shall provide governed corridor & linear infrastructure capability 337 with tenant/project scope, spatial reference metadata, source lineage, accuracy/quality evidence, permissions and auditable processing history.","Verify requirement 337 using controlled spatial data, coordinate/reference metadata, source evidence, applicable QA checks, authorization boundaries and mapped test evidence.",v1.0.0
P16-REQ-338,Utility Mapping,Should,"GrounUp shall provide governed utility mapping capability 338 with tenant/project scope, spatial reference metadata, source lineage, accuracy/quality evidence, permissions and auditable processing history.","Verify requirement 338 using controlled spatial data, coordinate/reference metadata, source evidence, applicable QA checks, authorization boundaries and mapped test evidence.",v1.0.0
P16-REQ-339,GIS Field Collection,Should,"GrounUp shall provide governed gis field collection capability 339 with tenant/project scope, spatial reference metadata, source lineage, accuracy/quality evidence, permissions and auditable processing history.","Verify requirement 339 using controlled spatial data, coordinate/reference metadata, source evidence, applicable QA checks, authorization boundaries and mapped test evidence.",v1.0.0
P16-REQ-340,Reality Capture QA/QC,Should,"GrounUp shall provide governed reality capture qa/qc capability 340 with tenant/project scope, spatial reference metadata, source lineage, accuracy/quality evidence, permissions and auditable processing history.","Verify requirement 340 using controlled spatial data, coordinate/reference metadata, source evidence, applicable QA checks, authorization boundaries and mapped test evidence.",v1.0.0
P16-REQ-341,Geofencing & Location Intelligence,Should,"GrounUp shall provide governed geofencing & location intelligence capability 341 with tenant/project scope, spatial reference metadata, source lineage, accuracy/quality evidence, permissions and auditable processing history.","Verify requirement 341 using controlled spatial data, coordinate/reference metadata, source evidence, applicable QA checks, authorization boundaries and mapped test evidence.",v1.0.0
P16-REQ-342,Drone Media & Inspection,Should,"GrounUp shall provide governed drone media & inspection capability 342 with tenant/project scope, spatial reference metadata, source lineage, accuracy/quality evidence, permissions and auditable processing history.","Verify requirement 342 using controlled spatial data, coordinate/reference metadata, source evidence, applicable QA checks, authorization boundaries and mapped test evidence.",v1.0.0
P16-REQ-343,Regulatory & Flight Compliance,Should,"GrounUp shall provide governed regulatory & flight compliance capability 343 with tenant/project scope, spatial reference metadata, source lineage, accuracy/quality evidence, permissions and auditable processing history.","Verify requirement 343 using controlled spatial data, coordinate/reference metadata, source evidence, applicable QA checks, authorization boundaries and mapped test evidence.",v1.0.0
P16-REQ-344,Survey Deliverables,Should,"GrounUp shall provide governed survey deliverables capability 344 with tenant/project scope, spatial reference metadata, source lineage, accuracy/quality evidence, permissions and auditable processing history.","Verify requirement 344 using controlled spatial data, coordinate/reference metadata, source evidence, applicable QA checks, authorization boundaries and mapped test evidence.",v1.0.0
P16-REQ-345,Machine Control Handoff,Should,"GrounUp shall provide governed machine control handoff capability 345 with tenant/project scope, spatial reference metadata, source lineage, accuracy/quality evidence, permissions and auditable processing history.","Verify requirement 345 using controlled spatial data, coordinate/reference metadata, source evidence, applicable QA checks, authorization boundaries and mapped test evidence.",v1.0.0
P16-REQ-346,Spatial Analytics,Could,"GrounUp shall provide governed spatial analytics capability 346 with tenant/project scope, spatial reference metadata, source lineage, accuracy/quality evidence, permissions and auditable processing history.","Verify requirement 346 using controlled spatial data, coordinate/reference metadata, source evidence, applicable QA checks, authorization boundaries and mapped test evidence.",v1.0.0
P16-REQ-347,AI Geospatial Intelligence,Could,"GrounUp shall provide governed ai geospatial intelligence capability 347 with tenant/project scope, spatial reference metadata, source lineage, accuracy/quality evidence, permissions and auditable processing history.","Verify requirement 347 using controlled spatial data, coordinate/reference metadata, source evidence, applicable QA checks, authorization boundaries and mapped test evidence.",v1.0.0
P16-REQ-348,Geospatial Digital Twin,Could,"GrounUp shall provide governed geospatial digital twin capability 348 with tenant/project scope, spatial reference metadata, source lineage, accuracy/quality evidence, permissions and auditable processing history.","Verify requirement 348 using controlled spatial data, coordinate/reference metadata, source evidence, applicable QA checks, authorization boundaries and mapped test evidence.",v1.0.0
P16-REQ-349,GIS Core,Could,"GrounUp shall provide governed gis core capability 349 with tenant/project scope, spatial reference metadata, source lineage, accuracy/quality evidence, permissions and auditable processing history.","Verify requirement 349 using controlled spatial data, coordinate/reference metadata, source evidence, applicable QA checks, authorization boundaries and mapped test evidence.",v1.0.0
P16-REQ-350,Coordinate Reference Systems,Could,"GrounUp shall provide governed coordinate reference systems capability 350 with tenant/project scope, spatial reference metadata, source lineage, accuracy/quality evidence, permissions and auditable processing history.","Verify requirement 350 using controlled spatial data, coordinate/reference metadata, source evidence, applicable QA checks, authorization boundaries and mapped test evidence.",v1.0.0
P16-REQ-351,Survey Control,Could,"GrounUp shall provide governed survey control capability 351 with tenant/project scope, spatial reference metadata, source lineage, accuracy/quality evidence, permissions and auditable processing history.","Verify requirement 351 using controlled spatial data, coordinate/reference metadata, source evidence, applicable QA checks, authorization boundaries and mapped test evidence.",v1.0.0
P16-REQ-352,GNSS Survey,Could,"GrounUp shall provide governed gnss survey capability 352 with tenant/project scope, spatial reference metadata, source lineage, accuracy/quality evidence, permissions and auditable processing history.","Verify requirement 352 using controlled spatial data, coordinate/reference metadata, source evidence, applicable QA checks, authorization boundaries and mapped test evidence.",v1.0.0
P16-REQ-353,Total Station Survey,Could,"GrounUp shall provide governed total station survey capability 353 with tenant/project scope, spatial reference metadata, source lineage, accuracy/quality evidence, permissions and auditable processing history.","Verify requirement 353 using controlled spatial data, coordinate/reference metadata, source evidence, applicable QA checks, authorization boundaries and mapped test evidence.",v1.0.0
P16-REQ-354,Digital Levels,Could,"GrounUp shall provide governed digital levels capability 354 with tenant/project scope, spatial reference metadata, source lineage, accuracy/quality evidence, permissions and auditable processing history.","Verify requirement 354 using controlled spatial data, coordinate/reference metadata, source evidence, applicable QA checks, authorization boundaries and mapped test evidence.",v1.0.0
P16-REQ-355,Construction Layout,Could,"GrounUp shall provide governed construction layout capability 355 with tenant/project scope, spatial reference metadata, source lineage, accuracy/quality evidence, permissions and auditable processing history.","Verify requirement 355 using controlled spatial data, coordinate/reference metadata, source evidence, applicable QA checks, authorization boundaries and mapped test evidence.",v1.0.0
P16-REQ-356,Topographic Survey,Could,"GrounUp shall provide governed topographic survey capability 356 with tenant/project scope, spatial reference metadata, source lineage, accuracy/quality evidence, permissions and auditable processing history.","Verify requirement 356 using controlled spatial data, coordinate/reference metadata, source evidence, applicable QA checks, authorization boundaries and mapped test evidence.",v1.0.0
P16-REQ-357,Existing Conditions,Could,"GrounUp shall provide governed existing conditions capability 357 with tenant/project scope, spatial reference metadata, source lineage, accuracy/quality evidence, permissions and auditable processing history.","Verify requirement 357 using controlled spatial data, coordinate/reference metadata, source evidence, applicable QA checks, authorization boundaries and mapped test evidence.",v1.0.0
P16-REQ-358,Drone Operations,Could,"GrounUp shall provide governed drone operations capability 358 with tenant/project scope, spatial reference metadata, source lineage, accuracy/quality evidence, permissions and auditable processing history.","Verify requirement 358 using controlled spatial data, coordinate/reference metadata, source evidence, applicable QA checks, authorization boundaries and mapped test evidence.",v1.0.0
P16-REQ-359,Photogrammetry,Could,"GrounUp shall provide governed photogrammetry capability 359 with tenant/project scope, spatial reference metadata, source lineage, accuracy/quality evidence, permissions and auditable processing history.","Verify requirement 359 using controlled spatial data, coordinate/reference metadata, source evidence, applicable QA checks, authorization boundaries and mapped test evidence.",v1.0.0
P16-REQ-360,LiDAR Reality Capture,Could,"GrounUp shall provide governed lidar reality capture capability 360 with tenant/project scope, spatial reference metadata, source lineage, accuracy/quality evidence, permissions and auditable processing history.","Verify requirement 360 using controlled spatial data, coordinate/reference metadata, source evidence, applicable QA checks, authorization boundaries and mapped test evidence.",v1.0.0
