phase,phase_title,ui_id,name,domain,capabilities,form_factor
01,Governance,UI-P01-001,Governance Dashboard,,"Tenant status, access risk, pending approvals, policy status, exceptions, recent admin changes",
01,Governance,UI-P01-002,Organization Designer,,"Create and version company, office, department, and division hierarchy",
01,Governance,UI-P01-003,User Administration,,"Invite, activate, suspend, terminate, restore, and inspect users",
01,Governance,UI-P01-004,Role and Permission Studio,,"Create roles, assign permissions, inspect effective access, and identify conflicts",
01,Governance,UI-P01-005,Policy Center,,"Draft, review, publish, acknowledge, supersede, and retire policies",
01,Governance,UI-P01-006,Configuration Center,,"Define layered settings, preview effective values, compare scopes, and schedule changes",
01,Governance,UI-P01-007,Approval Administration,,"Configure approval policies, routing, delegations, thresholds, and escalation",
01,Governance,UI-P01-008,Audit Explorer,,"Search, filter, correlate, export, and review immutable events",
01,Governance,UI-P01-009,Records and Retention,,"Manage classifications, schedules, legal holds, disposition, and exceptions",
01,Governance,UI-P01-010,Change Control Board,,"Review impact, dependencies, approvals, implementation, verification, and closure",
01,Governance,UI-P01-011,Emergency Access Console,,"Approve, monitor, revoke, and review break-glass access",
01,Governance,UI-P01-012,AI Governance Queue,,"Review AI evidence, confidence, target diff, approval, and writeback status",
02,Core Platform,UI-P02-001,Platform Operations Dashboard,,"Service health, queue depth, failures, latency, capacity, and regional status",
02,Core Platform,UI-P02-002,Identity and Session Console,,"Sessions, devices, service identities, risks, revocation, and credential status",
02,Core Platform,UI-P02-003,File and Document Center,,"Upload, preview, version, classify, share, search, and inspect files",
02,Core Platform,UI-P02-004,Search Experience,,"Universal permission-aware search with filters, saved searches, and recent items",
02,Core Platform,UI-P02-005,Workflow Monitor,,"Inspect running, waiting, failed, compensated, and completed workflows",
02,Core Platform,UI-P02-006,Job and Scheduler Console,,"Schedules, background jobs, retries, progress, cancellation, and dead letters",
02,Core Platform,UI-P02-007,Integration Center,,"Connectors, credentials, mappings, webhooks, events, imports, exports, and health",
02,Core Platform,UI-P02-008,Mobile Sync Status,,"Offline packs, queued actions, conflicts, sync receipts, and device status",
02,Core Platform,UI-P02-009,Feature Flag Console,,"Targeting, rollout percentage, cohorts, metrics, pause, rollback, and history",
02,Core Platform,UI-P02-010,Configuration Explorer,,"Effective values, source layers, versions, validation, and change subscriptions",
02,Core Platform,UI-P02-011,Observability Explorer,,"Correlated logs, metrics, traces, alerts, and runbooks",
02,Core Platform,UI-P02-012,AI Platform Console,,"Agents, prompts, models, tools, evaluations, usage, costs, and execution logs",
03,Enterprise Data Model,UI-P03-001,Enterprise Data Catalog,,"Browse domains, entities, fields, relationships, ownership, classification, and versions",
03,Enterprise Data Model,UI-P03-002,Entity Definition Designer,,"Design and version fields, constraints, relationships, lifecycle, and API/event mappings",
03,Enterprise Data Model,UI-P03-003,Reference Data Manager,,"Manage reference sets, values, translations, effective dates, and deprecation",
03,Enterprise Data Model,UI-P03-004,Master Data Workbench,,"Create, validate, duplicate-check, merge, and govern parties and resource masters",
03,Enterprise Data Model,UI-P03-005,Data Quality Dashboard,,"Quality scores, rule failures, trends, exceptions, ownership, and remediation",
03,Enterprise Data Model,UI-P03-006,Lineage Explorer,,"Trace imported, calculated, converted, and AI-generated values to sources and logic",
03,Enterprise Data Model,UI-P03-007,Schema Change Console,,"Impact analysis, compatibility, migration, reconciliation, release, and rollback",
03,Enterprise Data Model,UI-P03-008,AI Writeback Review,,"Compare recommendation to current record, evidence, permissions, and proposed field changes",
05,Estimating Cost Intelligence,GES-P05-UI-001,Estimate Workspace,,"Tree, grid, detail panel, calculation trace and AI assistant.",
05,Estimating Cost Intelligence,GES-P05-UI-002,Quick Estimate,,Guided wizard for small contractors.,
05,Estimating Cost Intelligence,GES-P05-UI-003,Takeoff Studio,,"Document viewer, calibration, measurements, layers and revision compare.",
05,Estimating Cost Intelligence,GES-P05-UI-004,Cost Library Browser,,"Search, filter, compare and approve rates.",
05,Estimating Cost Intelligence,GES-P05-UI-005,Crew & Production Designer,,"Visual crew balance, bottleneck and duration modeling.",
05,Estimating Cost Intelligence,GES-P05-UI-006,Scenario Compare,,"Side-by-side cost, duration, risk and margin comparison.",
05,Estimating Cost Intelligence,GES-P05-UI-007,Estimate Review Center,,"Exceptions, assumptions, overrides, AI decisions and approvals.",
05,Estimating Cost Intelligence,GES-P05-UI-008,Field Actuals,,"Offline time, quantity, equipment, tickets, photos and notes.",
05,Estimating Cost Intelligence,GES-P05-UI-009,Configuration Studio,,"No-code fields, forms, workflows, rules, terminology and defaults.",
05,Estimating Cost Intelligence,GES-P05-UI-010,Brand Studio,,"Logo, theme, domain, emails, reports, portals and mobile branding.",
05,Estimating Cost Intelligence,GES-P05-UI-011,Executive Estimating Dashboard,,"Pipeline, win rate, margin, variance, risk and estimator performance.",
05,Estimating Cost Intelligence,GES-P05-UI-012,Customer Proposal Portal,,"Review scope, alternates, documents and electronic acceptance.",
06,AI Construction Intelligence,AI-UI-001,AI Workspace,,,
06,AI Construction Intelligence,AI-UI-002,Agent Catalog,,,
06,AI Construction Intelligence,AI-UI-003,Agent Builder Studio,,,
06,AI Construction Intelligence,AI-UI-004,Prompt Studio,,,
06,AI Construction Intelligence,AI-UI-005,Knowledge Center,,,
06,AI Construction Intelligence,AI-UI-006,Approval Inbox,,,
06,AI Construction Intelligence,AI-UI-007,AI Audit Explorer,,,
06,AI Construction Intelligence,AI-UI-008,Evaluation Dashboard,,,
06,AI Construction Intelligence,AI-UI-009,AI Usage and Cost Dashboard,,,
06,AI Construction Intelligence,AI-UI-010,AI Incident Console,,,
06,AI Construction Intelligence,AI-UI-011,Marketplace,,,
06,AI Construction Intelligence,AI-UI-012,Tenant AI Settings,,,
07,Enterprise Project Management,,Project Command Center,,"Project health, cost, schedule, risk, alerts, approvals, and actions",
07,Enterprise Project Management,,Project Setup Wizard,,"Award conversion, contract setup, WBS, budget, schedule, team, and templates",
07,Enterprise Project Management,,Schedule Workspace,,"Gantt, CPM, baselines, updates, look-ahead, constraints, and resources",
07,Enterprise Project Management,,Field Operations Hub,,"Daily reports, labor, equipment, production, weather, deliveries, photos, and voice",
07,Enterprise Project Management,,Document Control Center,,"Drawings, specs, revisions, RFIs, submittals, transmittals, and search",
07,Enterprise Project Management,,Change Management Workspace,,"Change events, pricing, schedule impacts, negotiation, approvals, and contract updates",
07,Enterprise Project Management,,Cost Control Workspace,,"Budget, commitments, actuals, forecast, EAC, cash flow, and billing",
07,Enterprise Project Management,,Resource Board,,"Crews, equipment, trucks, subcontractors, conflicts, and assignment",
07,Enterprise Project Management,,Quality and Punch Workspace,,"Inspection plans, checklists, deficiencies, corrective action, and punch",
07,Enterprise Project Management,,Safety Workspace,,"Plans, JHAs, talks, observations, incidents, and corrective actions",
07,Enterprise Project Management,,Digital Twin Viewer,,"Time-based operational model, map, evidence, freshness, and scenario overlays",
07,Enterprise Project Management,,External Collaboration Portal,,"Scoped submissions, approvals, messages, documents, billing, and status",
08,Enterprise CRM Sales Customer Experience,GES-P08-UI-001,CRM Command Center,,,
08,Enterprise CRM Sales Customer Experience,GES-P08-UI-002,Lead Inbox,,,
08,Enterprise CRM Sales Customer Experience,GES-P08-UI-003,Customer 360,,,
08,Enterprise CRM Sales Customer Experience,GES-P08-UI-004,Opportunity Workspace,,,
08,Enterprise CRM Sales Customer Experience,GES-P08-UI-005,Pipeline Board,,,
08,Enterprise CRM Sales Customer Experience,GES-P08-UI-006,Proposal Studio,,,
08,Enterprise CRM Sales Customer Experience,GES-P08-UI-007,Marketing Journey Builder,,,
08,Enterprise CRM Sales Customer Experience,GES-P08-UI-008,Communication Center,,,
08,Enterprise CRM Sales Customer Experience,GES-P08-UI-009,Customer Portal,,,
08,Enterprise CRM Sales Customer Experience,GES-P08-UI-010,Customer Success Workspace,,,
08,Enterprise CRM Sales Customer Experience,GES-P08-UI-011,Reputation Center,,,
08,Enterprise CRM Sales Customer Experience,GES-P08-UI-012,CRM Administration,,,
09,HR Workforce Talent Management,GES-P09-UI-001,HR Command Center,,Role-based workspace for hr command center.,
09,HR Workforce Talent Management,GES-P09-UI-002,Workforce Planning Studio,,Role-based workspace for workforce planning studio.,
09,HR Workforce Talent Management,GES-P09-UI-003,Recruiting Pipeline,,Role-based workspace for recruiting pipeline.,
09,HR Workforce Talent Management,GES-P09-UI-004,Candidate Profile,,Role-based workspace for candidate profile.,
09,HR Workforce Talent Management,GES-P09-UI-005,Employee 360,,Role-based workspace for employee 360.,
09,HR Workforce Talent Management,GES-P09-UI-006,Crew Planner,,Role-based workspace for crew planner.,
09,HR Workforce Talent Management,GES-P09-UI-007,Timecard Review,,Role-based workspace for timecard review.,
09,HR Workforce Talent Management,GES-P09-UI-008,Union and Wage Compliance,,Role-based workspace for union and wage compliance.,
09,HR Workforce Talent Management,GES-P09-UI-009,Training and Credential Center,,Role-based workspace for training and credential center.,
09,HR Workforce Talent Management,GES-P09-UI-010,Performance and Career Center,,Role-based workspace for performance and career center.,
09,HR Workforce Talent Management,GES-P09-UI-011,Employee Self-Service,,Role-based workspace for employee self-service.,
09,HR Workforce Talent Management,GES-P09-UI-012,Manager Self-Service,,Role-based workspace for manager self-service.,
09,HR Workforce Talent Management,GES-P09-UI-013,Payroll Control Center,,Role-based workspace for payroll control center.,
09,HR Workforce Talent Management,GES-P09-UI-014,AI Workforce Center,,Role-based workspace for ai workforce center.,
09,HR Workforce Talent Management,GES-P09-UI-015,Workforce Analytics,,Role-based workspace for workforce analytics.,
10,Enterprise Financial Management Accounting,UI-P10-01,CFO Command Center,,,
10,Enterprise Financial Management Accounting,UI-P10-02,Controller Close Workspace,,,
10,Enterprise Financial Management Accounting,UI-P10-03,General Ledger Workbench,,,
10,Enterprise Financial Management Accounting,UI-P10-04,Accounts Payable Workspace,,,
10,Enterprise Financial Management Accounting,UI-P10-05,Payment Approval Center,,,
10,Enterprise Financial Management Accounting,UI-P10-06,Accounts Receivable & Collections,,,
10,Enterprise Financial Management Accounting,UI-P10-07,Construction Billing Workspace,,,
10,Enterprise Financial Management Accounting,UI-P10-08,Project Financial Control Center,,,
10,Enterprise Financial Management Accounting,UI-P10-09,WIP & Revenue Recognition Center,,,
10,Enterprise Financial Management Accounting,UI-P10-10,Cash & Treasury Dashboard,,,
10,Enterprise Financial Management Accounting,UI-P10-11,Fixed Assets Workspace,,,
10,Enterprise Financial Management Accounting,UI-P10-12,Tax & Compliance Workspace,,,
10,Enterprise Financial Management Accounting,UI-P10-13,Financial Reporting Studio,,,
10,Enterprise Financial Management Accounting,UI-P10-14,AI Financial Intelligence Center,,,
10,Enterprise Financial Management Accounting,UI-P10-15,Financial Administration & Configuration,,,
10,Enterprise Financial Management Accounting,UI-P10-16,Mobile Finance Approvals,,,
10,Enterprise Financial Management Accounting,UI-P10-17,Vendor Financial Portal,,,
10,Enterprise Financial Management Accounting,UI-P10-18,Customer Billing Portal,,,
11,Enterprise Procurement Supply Chain Inventory,P11-UI-001,Procurement Command Center,,Role-based interface for procurement command center.,
11,Enterprise Procurement Supply Chain Inventory,P11-UI-002,Supplier 360,,Role-based interface for supplier 360.,
11,Enterprise Procurement Supply Chain Inventory,P11-UI-003,Supplier Onboarding Portal,,Role-based interface for supplier onboarding portal.,
11,Enterprise Procurement Supply Chain Inventory,P11-UI-004,Sourcing Event Workspace,,Role-based interface for sourcing event workspace.,
11,Enterprise Procurement Supply Chain Inventory,P11-UI-005,Bid Comparison and Leveling,,Role-based interface for bid comparison and leveling.,
11,Enterprise Procurement Supply Chain Inventory,P11-UI-006,Requisition Workspace,,Role-based interface for requisition workspace.,
11,Enterprise Procurement Supply Chain Inventory,P11-UI-007,Purchase Order Workspace,,Role-based interface for purchase order workspace.,
11,Enterprise Procurement Supply Chain Inventory,P11-UI-008,Subcontract Procurement Workspace,,Role-based interface for subcontract procurement workspace.,
11,Enterprise Procurement Supply Chain Inventory,P11-UI-009,Item and Catalog Manager,,Role-based interface for item and catalog manager.,
11,Enterprise Procurement Supply Chain Inventory,P11-UI-010,Inventory Control Center,,Role-based interface for inventory control center.,
11,Enterprise Procurement Supply Chain Inventory,P11-UI-011,Warehouse Mobile Workspace,,Role-based interface for warehouse mobile workspace.,
11,Enterprise Procurement Supply Chain Inventory,P11-UI-012,Receiving and Inspection Mobile,,Role-based interface for receiving and inspection mobile.,
11,Enterprise Procurement Supply Chain Inventory,P11-UI-013,Delivery and Logistics Board,,Role-based interface for delivery and logistics board.,
11,Enterprise Procurement Supply Chain Inventory,P11-UI-014,Rental Control Center,,Role-based interface for rental control center.,
11,Enterprise Procurement Supply Chain Inventory,P11-UI-015,Three-Way Match Exceptions,,Role-based interface for three-way match exceptions.,
11,Enterprise Procurement Supply Chain Inventory,P11-UI-016,Supply Risk Center,,Role-based interface for supply risk center.,
11,Enterprise Procurement Supply Chain Inventory,P11-UI-017,Supply Chain Digital Twin,,Role-based interface for supply chain digital twin.,
11,Enterprise Procurement Supply Chain Inventory,P11-UI-018,Executive Supply Chain Dashboard,,Role-based interface for executive supply chain dashboard.,
11,Enterprise Procurement Supply Chain Inventory,P11-UI-019,Vendor Self-Service Portal,,Role-based interface for vendor self-service portal.,
11,Enterprise Procurement Supply Chain Inventory,P11-UI-020,Project Material Planner,,Role-based interface for project material planner.,
11,Enterprise Procurement Supply Chain Inventory,P11-UI-021,Cycle Count Mobile,,Role-based interface for cycle count mobile.,
11,Enterprise Procurement Supply Chain Inventory,P11-UI-022,AI Procurement Copilot,,Role-based interface for ai procurement copilot.,
12,Enterprise Fleet Asset Maintenance Telematics,P12-UI-01,Fleet Command Center,Fleet Registry,,
12,Enterprise Fleet Asset Maintenance Telematics,P12-UI-02,Asset 360,Asset Lifecycle,,
12,Enterprise Fleet Asset Maintenance Telematics,P12-UI-03,Fleet Map,Preventive Maintenance,,
12,Enterprise Fleet Asset Maintenance Telematics,P12-UI-04,Maintenance Planner,Corrective Maintenance,,
12,Enterprise Fleet Asset Maintenance Telematics,P12-UI-05,Work Order Board,Inspections,,
12,Enterprise Fleet Asset Maintenance Telematics,P12-UI-06,Technician Workspace,Telematics & IoT,,
12,Enterprise Fleet Asset Maintenance Telematics,P12-UI-07,Mobile Inspection,Fuel & Energy,,
12,Enterprise Fleet Asset Maintenance Telematics,P12-UI-08,Defect Triage,Parts & Components,,
12,Enterprise Fleet Asset Maintenance Telematics,P12-UI-09,Shop Capacity Board,Work Orders,,
12,Enterprise Fleet Asset Maintenance Telematics,P12-UI-10,Field Service Dispatch,Shop Operations,,
12,Enterprise Fleet Asset Maintenance Telematics,P12-UI-11,Telematics Health Center,Field Service,,
12,Enterprise Fleet Asset Maintenance Telematics,P12-UI-12,Fuel & Energy Center,Rental & Leased Assets,,
12,Enterprise Fleet Asset Maintenance Telematics,P12-UI-13,Utilization & Availability,Compliance,,
12,Enterprise Fleet Asset Maintenance Telematics,P12-UI-14,Equipment Cost Center,Safety & Risk,,
12,Enterprise Fleet Asset Maintenance Telematics,P12-UI-15,Rental Management,Utilization & Dispatch,,
12,Enterprise Fleet Asset Maintenance Telematics,P12-UI-16,Warranty Recovery,Equipment Costing,,
12,Enterprise Fleet Asset Maintenance Telematics,P12-UI-17,Compliance Center,Warranty & Claims,,
12,Enterprise Fleet Asset Maintenance Telematics,P12-UI-18,Tire & Undercarriage,Tires & Undercarriage,,
12,Enterprise Fleet Asset Maintenance Telematics,P12-UI-19,Attachments & Tools,Attachments & Tools,,
12,Enterprise Fleet Asset Maintenance Telematics,P12-UI-20,Replacement Planning,Documents & Media,,
12,Enterprise Fleet Asset Maintenance Telematics,P12-UI-21,Fleet Digital Twin,Mobile & Offline,,
12,Enterprise Fleet Asset Maintenance Telematics,P12-UI-22,Fleet Administration,Fleet Intelligence,,
13,Enterprise Business Intelligence Decision Intelligence,P13-UI-001,Executive Command Center,Executive Command Center,Role-based responsive web; drill-through; filters; export; accessibility; audit-aware,Desktop/tablet; selected mobile views
13,Enterprise Business Intelligence Decision Intelligence,P13-UI-002,CEO Dashboard,Semantic Metrics Layer,Role-based responsive web; drill-through; filters; export; accessibility; audit-aware,Desktop/tablet; selected mobile views
13,Enterprise Business Intelligence Decision Intelligence,P13-UI-003,COO Operations Dashboard,Operational Intelligence,Role-based responsive web; drill-through; filters; export; accessibility; audit-aware,Desktop/tablet; selected mobile views
13,Enterprise Business Intelligence Decision Intelligence,P13-UI-004,CFO Finance Dashboard,Financial Intelligence,Role-based responsive web; drill-through; filters; export; accessibility; audit-aware,Desktop/tablet; selected mobile views
13,Enterprise Business Intelligence Decision Intelligence,P13-UI-005,Project Executive Dashboard,Project Intelligence,Role-based responsive web; drill-through; filters; export; accessibility; audit-aware,Desktop/tablet; selected mobile views
13,Enterprise Business Intelligence Decision Intelligence,P13-UI-006,Estimating Intelligence,Estimating Intelligence,Role-based responsive web; drill-through; filters; export; accessibility; audit-aware,Desktop/tablet; selected mobile views
13,Enterprise Business Intelligence Decision Intelligence,P13-UI-007,CRM & Market Intelligence,CRM & Market Intelligence,Role-based responsive web; drill-through; filters; export; accessibility; audit-aware,Desktop/tablet; selected mobile views
13,Enterprise Business Intelligence Decision Intelligence,P13-UI-008,Workforce Intelligence,Workforce Intelligence,Role-based responsive web; drill-through; filters; export; accessibility; audit-aware,Desktop/tablet; selected mobile views
13,Enterprise Business Intelligence Decision Intelligence,P13-UI-009,Procurement Intelligence,Procurement Intelligence,Role-based responsive web; drill-through; filters; export; accessibility; audit-aware,Desktop/tablet; selected mobile views
13,Enterprise Business Intelligence Decision Intelligence,P13-UI-010,Fleet Intelligence,Fleet Intelligence,Role-based responsive web; drill-through; filters; export; accessibility; audit-aware,Desktop/tablet; selected mobile views
13,Enterprise Business Intelligence Decision Intelligence,P13-UI-011,Safety & Quality Intelligence,"Safety, Quality & Compliance Analytics",Role-based responsive web; drill-through; filters; export; accessibility; audit-aware,Desktop/tablet; selected mobile views
13,Enterprise Business Intelligence Decision Intelligence,P13-UI-012,Portfolio Explorer,Portfolio & Program Intelligence,Role-based responsive web; drill-through; filters; export; accessibility; audit-aware,Desktop/tablet; selected mobile views
13,Enterprise Business Intelligence Decision Intelligence,P13-UI-013,Project Health Explorer,Forecasting & Scenario Planning,Role-based responsive web; drill-through; filters; export; accessibility; audit-aware,Desktop/tablet; selected mobile views
13,Enterprise Business Intelligence Decision Intelligence,P13-UI-014,KPI Studio,AI Decision Intelligence,Role-based responsive web; drill-through; filters; export; accessibility; audit-aware,Desktop/tablet; selected mobile views
13,Enterprise Business Intelligence Decision Intelligence,P13-UI-015,Semantic Model Studio,Data Platform & Lineage,Role-based responsive web; drill-through; filters; export; accessibility; audit-aware,Desktop/tablet; selected mobile views
13,Enterprise Business Intelligence Decision Intelligence,P13-UI-016,Forecast & Scenario Studio,Reporting & Distribution,Role-based responsive web; drill-through; filters; export; accessibility; audit-aware,Desktop/tablet; selected mobile views
13,Enterprise Business Intelligence Decision Intelligence,P13-UI-017,Alert & Exception Center,Self-Service Analytics,Role-based responsive web; drill-through; filters; export; accessibility; audit-aware,Desktop/tablet; selected mobile views
13,Enterprise Business Intelligence Decision Intelligence,P13-UI-018,AI Insight Review,Enterprise Digital Twin,Role-based responsive web; drill-through; filters; export; accessibility; audit-aware,Desktop/tablet; selected mobile views
13,Enterprise Business Intelligence Decision Intelligence,P13-UI-019,Decision Journal,Executive Command Center,Role-based responsive web; drill-through; filters; export; accessibility; audit-aware,Desktop/tablet; selected mobile views
13,Enterprise Business Intelligence Decision Intelligence,P13-UI-020,Board Pack Builder,Semantic Metrics Layer,Role-based responsive web; drill-through; filters; export; accessibility; audit-aware,Desktop/tablet; selected mobile views
13,Enterprise Business Intelligence Decision Intelligence,P13-UI-021,Self-Service Analytics,Operational Intelligence,Role-based responsive web; drill-through; filters; export; accessibility; audit-aware,Desktop/tablet; selected mobile views
13,Enterprise Business Intelligence Decision Intelligence,P13-UI-022,Data Quality & Lineage,Financial Intelligence,Role-based responsive web; drill-through; filters; export; accessibility; audit-aware,Desktop/tablet; selected mobile views
13,Enterprise Business Intelligence Decision Intelligence,P13-UI-023,Analytics Administration,Project Intelligence,Role-based responsive web; drill-through; filters; export; accessibility; audit-aware,Desktop/tablet; selected mobile views
13,Enterprise Business Intelligence Decision Intelligence,P13-UI-024,Mobile Executive Brief,Estimating Intelligence,Role-based responsive web; drill-through; filters; export; accessibility; audit-aware,Desktop/tablet; selected mobile views
13,Enterprise Business Intelligence Decision Intelligence,P13-UI-025,Enterprise Digital Twin,CRM & Market Intelligence,Role-based responsive web; drill-through; filters; export; accessibility; audit-aware,Desktop/tablet; selected mobile views
14,Enterprise HSE Safety Environmental Quality Compliance,P14-UI-001,HSEQ Command Center,Safety Management,Role-based; mobile-first where field-facing; offline capture where configured; signatures/photos/evidence; accessibility,Web/tablet/mobile
14,Enterprise HSE Safety Environmental Quality Compliance,P14-UI-002,Safety Dashboard,Incident & Near-Miss Management,Role-based; mobile-first where field-facing; offline capture where configured; signatures/photos/evidence; accessibility,Web/tablet/mobile
14,Enterprise HSE Safety Environmental Quality Compliance,P14-UI-003,Environmental Dashboard,JHA/JSA & Pre-Task Planning,Role-based; mobile-first where field-facing; offline capture where configured; signatures/photos/evidence; accessibility,Web/tablet/mobile
14,Enterprise HSE Safety Environmental Quality Compliance,P14-UI-004,Quality Dashboard,Permits to Work,Role-based; mobile-first where field-facing; offline capture where configured; signatures/photos/evidence; accessibility,Web/tablet/mobile
14,Enterprise HSE Safety Environmental Quality Compliance,P14-UI-005,Compliance Dashboard,Training & Competency,Role-based; mobile-first where field-facing; offline capture where configured; signatures/photos/evidence; accessibility,Web/tablet/mobile
14,Enterprise HSE Safety Environmental Quality Compliance,P14-UI-006,Hazard & Risk Register,Environmental Management,Role-based; mobile-first where field-facing; offline capture where configured; signatures/photos/evidence; accessibility,Web/tablet/mobile
14,Enterprise HSE Safety Environmental Quality Compliance,P14-UI-007,JHA/JSA Workspace,Quality Management,Role-based; mobile-first where field-facing; offline capture where configured; signatures/photos/evidence; accessibility,Web/tablet/mobile
14,Enterprise HSE Safety Environmental Quality Compliance,P14-UI-008,Pre-Task Planning Mobile,Compliance & Regulatory,Role-based; mobile-first where field-facing; offline capture where configured; signatures/photos/evidence; accessibility,Web/tablet/mobile
14,Enterprise HSE Safety Environmental Quality Compliance,P14-UI-009,Toolbox Talk Mobile,Industrial Hygiene,Role-based; mobile-first where field-facing; offline capture where configured; signatures/photos/evidence; accessibility,Web/tablet/mobile
14,Enterprise HSE Safety Environmental Quality Compliance,P14-UI-010,Safety Observation Mobile,Emergency Management,Role-based; mobile-first where field-facing; offline capture where configured; signatures/photos/evidence; accessibility,Web/tablet/mobile
14,Enterprise HSE Safety Environmental Quality Compliance,P14-UI-011,Stop Work Center,Subcontractor HSEQ,Role-based; mobile-first where field-facing; offline capture where configured; signatures/photos/evidence; accessibility,Web/tablet/mobile
14,Enterprise HSE Safety Environmental Quality Compliance,P14-UI-012,Incident & Near-Miss Center,Equipment & Fleet Safety,Role-based; mobile-first where field-facing; offline capture where configured; signatures/photos/evidence; accessibility,Web/tablet/mobile
14,Enterprise HSE Safety Environmental Quality Compliance,P14-UI-013,Investigation Workspace,Public & Traffic Safety,Role-based; mobile-first where field-facing; offline capture where configured; signatures/photos/evidence; accessibility,Web/tablet/mobile
14,Enterprise HSE Safety Environmental Quality Compliance,P14-UI-014,CAPA Center,Corrective & Preventive Action,Role-based; mobile-first where field-facing; offline capture where configured; signatures/photos/evidence; accessibility,Web/tablet/mobile
14,Enterprise HSE Safety Environmental Quality Compliance,P14-UI-015,Permit-to-Work Center,Audit & Assurance,Role-based; mobile-first where field-facing; offline capture where configured; signatures/photos/evidence; accessibility,Web/tablet/mobile
14,Enterprise HSE Safety Environmental Quality Compliance,P14-UI-016,Training & Competency,HSEQ Analytics,Role-based; mobile-first where field-facing; offline capture where configured; signatures/photos/evidence; accessibility,Web/tablet/mobile
14,Enterprise HSE Safety Environmental Quality Compliance,P14-UI-017,Inspection Center,AI HSEQ Intelligence,Role-based; mobile-first where field-facing; offline capture where configured; signatures/photos/evidence; accessibility,Web/tablet/mobile
14,Enterprise HSE Safety Environmental Quality Compliance,P14-UI-018,Audit & Assurance,HSEQ Digital Twin,Role-based; mobile-first where field-facing; offline capture where configured; signatures/photos/evidence; accessibility,Web/tablet/mobile
14,Enterprise HSE Safety Environmental Quality Compliance,P14-UI-019,Environmental Compliance,Safety Management,Role-based; mobile-first where field-facing; offline capture where configured; signatures/photos/evidence; accessibility,Web/tablet/mobile
14,Enterprise HSE Safety Environmental Quality Compliance,P14-UI-020,SWPPP & Erosion Control,Incident & Near-Miss Management,Role-based; mobile-first where field-facing; offline capture where configured; signatures/photos/evidence; accessibility,Web/tablet/mobile
14,Enterprise HSE Safety Environmental Quality Compliance,P14-UI-021,Spill & Waste Management,JHA/JSA & Pre-Task Planning,Role-based; mobile-first where field-facing; offline capture where configured; signatures/photos/evidence; accessibility,Web/tablet/mobile
14,Enterprise HSE Safety Environmental Quality Compliance,P14-UI-022,Industrial Hygiene,Permits to Work,Role-based; mobile-first where field-facing; offline capture where configured; signatures/photos/evidence; accessibility,Web/tablet/mobile
14,Enterprise HSE Safety Environmental Quality Compliance,P14-UI-023,Emergency Management,Training & Competency,Role-based; mobile-first where field-facing; offline capture where configured; signatures/photos/evidence; accessibility,Web/tablet/mobile
14,Enterprise HSE Safety Environmental Quality Compliance,P14-UI-024,Quality ITP & Testing,Environmental Management,Role-based; mobile-first where field-facing; offline capture where configured; signatures/photos/evidence; accessibility,Web/tablet/mobile
14,Enterprise HSE Safety Environmental Quality Compliance,P14-UI-025,NCR & Deficiency Center,Quality Management,Role-based; mobile-first where field-facing; offline capture where configured; signatures/photos/evidence; accessibility,Web/tablet/mobile
14,Enterprise HSE Safety Environmental Quality Compliance,P14-UI-026,Subcontractor HSEQ,Compliance & Regulatory,Role-based; mobile-first where field-facing; offline capture where configured; signatures/photos/evidence; accessibility,Web/tablet/mobile
14,Enterprise HSE Safety Environmental Quality Compliance,P14-UI-027,Fleet & Operator Safety,Industrial Hygiene,Role-based; mobile-first where field-facing; offline capture where configured; signatures/photos/evidence; accessibility,Web/tablet/mobile
14,Enterprise HSE Safety Environmental Quality Compliance,P14-UI-028,Traffic/Public Safety,Emergency Management,Role-based; mobile-first where field-facing; offline capture where configured; signatures/photos/evidence; accessibility,Web/tablet/mobile
14,Enterprise HSE Safety Environmental Quality Compliance,P14-UI-029,Regulatory Calendar,Subcontractor HSEQ,Role-based; mobile-first where field-facing; offline capture where configured; signatures/photos/evidence; accessibility,Web/tablet/mobile
14,Enterprise HSE Safety Environmental Quality Compliance,P14-UI-030,HSEQ Analytics,Equipment & Fleet Safety,Role-based; mobile-first where field-facing; offline capture where configured; signatures/photos/evidence; accessibility,Web/tablet/mobile
14,Enterprise HSE Safety Environmental Quality Compliance,P14-UI-031,AI HSEQ Review,Public & Traffic Safety,Role-based; mobile-first where field-facing; offline capture where configured; signatures/photos/evidence; accessibility,Web/tablet/mobile
14,Enterprise HSE Safety Environmental Quality Compliance,P14-UI-032,Evidence & Audit Trail,Corrective & Preventive Action,Role-based; mobile-first where field-facing; offline capture where configured; signatures/photos/evidence; accessibility,Web/tablet/mobile
14,Enterprise HSE Safety Environmental Quality Compliance,P14-UI-033,HSEQ Administration,Audit & Assurance,Role-based; mobile-first where field-facing; offline capture where configured; signatures/photos/evidence; accessibility,Web/tablet/mobile
14,Enterprise HSE Safety Environmental Quality Compliance,P14-UI-034,Mobile Safety Home,HSEQ Analytics,Role-based; mobile-first where field-facing; offline capture where configured; signatures/photos/evidence; accessibility,Web/tablet/mobile
14,Enterprise HSE Safety Environmental Quality Compliance,P14-UI-035,HSEQ Digital Twin,AI HSEQ Intelligence,Role-based; mobile-first where field-facing; offline capture where configured; signatures/photos/evidence; accessibility,Web/tablet/mobile
15,Enterprise Document Drawing Specification Information Management,P15-UI-001,Information Management Home,Document Control,Permission-aware; revision banner; full-text/metadata search; responsive; evidence/audit access; accessibility,Web/tablet/mobile/guest as applicable
15,Enterprise Document Drawing Specification Information Management,P15-UI-002,Document Register,Drawing Management,Permission-aware; revision banner; full-text/metadata search; responsive; evidence/audit access; accessibility,Web/tablet/mobile/guest as applicable
15,Enterprise Document Drawing Specification Information Management,P15-UI-003,Drawing Register,Specification Management,Permission-aware; revision banner; full-text/metadata search; responsive; evidence/audit access; accessibility,Web/tablet/mobile/guest as applicable
15,Enterprise Document Drawing Specification Information Management,P15-UI-004,Specification Register,Submittals,Permission-aware; revision banner; full-text/metadata search; responsive; evidence/audit access; accessibility,Web/tablet/mobile/guest as applicable
15,Enterprise Document Drawing Specification Information Management,P15-UI-005,Current Drawing Set,RFIs,Permission-aware; revision banner; full-text/metadata search; responsive; evidence/audit access; accessibility,Web/tablet/mobile/guest as applicable
15,Enterprise Document Drawing Specification Information Management,P15-UI-006,Document Viewer,Transmittals & Distribution,Permission-aware; revision banner; full-text/metadata search; responsive; evidence/audit access; accessibility,Web/tablet/mobile/guest as applicable
15,Enterprise Document Drawing Specification Information Management,P15-UI-007,Drawing Viewer & Markup,Correspondence & Records,Permission-aware; revision banner; full-text/metadata search; responsive; evidence/audit access; accessibility,Web/tablet/mobile/guest as applicable
15,Enterprise Document Drawing Specification Information Management,P15-UI-008,Revision Compare,Version & Revision Control,Permission-aware; revision banner; full-text/metadata search; responsive; evidence/audit access; accessibility,Web/tablet/mobile/guest as applicable
15,Enterprise Document Drawing Specification Information Management,P15-UI-009,Specification Compare,Markup & Review,Permission-aware; revision banner; full-text/metadata search; responsive; evidence/audit access; accessibility,Web/tablet/mobile/guest as applicable
15,Enterprise Document Drawing Specification Information Management,P15-UI-010,Submittal Center,OCR & Content Extraction,Permission-aware; revision banner; full-text/metadata search; responsive; evidence/audit access; accessibility,Web/tablet/mobile/guest as applicable
15,Enterprise Document Drawing Specification Information Management,P15-UI-011,RFI Center,Plan & Spec Intelligence,Permission-aware; revision banner; full-text/metadata search; responsive; evidence/audit access; accessibility,Web/tablet/mobile/guest as applicable
15,Enterprise Document Drawing Specification Information Management,P15-UI-012,Transmittal Center,Document Search & Retrieval,Permission-aware; revision banner; full-text/metadata search; responsive; evidence/audit access; accessibility,Web/tablet/mobile/guest as applicable
15,Enterprise Document Drawing Specification Information Management,P15-UI-013,Correspondence Center,Records Retention & Legal Hold,Permission-aware; revision banner; full-text/metadata search; responsive; evidence/audit access; accessibility,Web/tablet/mobile/guest as applicable
15,Enterprise Document Drawing Specification Information Management,P15-UI-014,Review & Approval Inbox,External Collaboration,Permission-aware; revision banner; full-text/metadata search; responsive; evidence/audit access; accessibility,Web/tablet/mobile/guest as applicable
15,Enterprise Document Drawing Specification Information Management,P15-UI-015,Markup Sessions,Field Document Access,Permission-aware; revision banner; full-text/metadata search; responsive; evidence/audit access; accessibility,Web/tablet/mobile/guest as applicable
15,Enterprise Document Drawing Specification Information Management,P15-UI-016,Issue & Coordination Center,BIM/CDE Coordination,Permission-aware; revision banner; full-text/metadata search; responsive; evidence/audit access; accessibility,Web/tablet/mobile/guest as applicable
15,Enterprise Document Drawing Specification Information Management,P15-UI-017,OCR/Classification Review,Closeout & Turnover,Permission-aware; revision banner; full-text/metadata search; responsive; evidence/audit access; accessibility,Web/tablet/mobile/guest as applicable
15,Enterprise Document Drawing Specification Information Management,P15-UI-018,AI Plan & Spec Review,Document Intelligence Digital Twin,Permission-aware; revision banner; full-text/metadata search; responsive; evidence/audit access; accessibility,Web/tablet/mobile/guest as applicable
15,Enterprise Document Drawing Specification Information Management,P15-UI-019,Conflict & Cross-Reference Review,Document Control,Permission-aware; revision banner; full-text/metadata search; responsive; evidence/audit access; accessibility,Web/tablet/mobile/guest as applicable
15,Enterprise Document Drawing Specification Information Management,P15-UI-020,Enterprise Search,Drawing Management,Permission-aware; revision banner; full-text/metadata search; responsive; evidence/audit access; accessibility,Web/tablet/mobile/guest as applicable
15,Enterprise Document Drawing Specification Information Management,P15-UI-021,Saved Search & Alerts,Specification Management,Permission-aware; revision banner; full-text/metadata search; responsive; evidence/audit access; accessibility,Web/tablet/mobile/guest as applicable
15,Enterprise Document Drawing Specification Information Management,P15-UI-022,External Sharing Center,Submittals,Permission-aware; revision banner; full-text/metadata search; responsive; evidence/audit access; accessibility,Web/tablet/mobile/guest as applicable
15,Enterprise Document Drawing Specification Information Management,P15-UI-023,Field Document Mobile,RFIs,Permission-aware; revision banner; full-text/metadata search; responsive; evidence/audit access; accessibility,Web/tablet/mobile/guest as applicable
15,Enterprise Document Drawing Specification Information Management,P15-UI-024,Offline Current Set,Transmittals & Distribution,Permission-aware; revision banner; full-text/metadata search; responsive; evidence/audit access; accessibility,Web/tablet/mobile/guest as applicable
15,Enterprise Document Drawing Specification Information Management,P15-UI-025,BIM/CDE Coordination,Correspondence & Records,Permission-aware; revision banner; full-text/metadata search; responsive; evidence/audit access; accessibility,Web/tablet/mobile/guest as applicable
15,Enterprise Document Drawing Specification Information Management,P15-UI-026,Retention & Legal Hold,Version & Revision Control,Permission-aware; revision banner; full-text/metadata search; responsive; evidence/audit access; accessibility,Web/tablet/mobile/guest as applicable
15,Enterprise Document Drawing Specification Information Management,P15-UI-027,Closeout & Turnover,Markup & Review,Permission-aware; revision banner; full-text/metadata search; responsive; evidence/audit access; accessibility,Web/tablet/mobile/guest as applicable
15,Enterprise Document Drawing Specification Information Management,P15-UI-028,As-Built Manager,OCR & Content Extraction,Permission-aware; revision banner; full-text/metadata search; responsive; evidence/audit access; accessibility,Web/tablet/mobile/guest as applicable
15,Enterprise Document Drawing Specification Information Management,P15-UI-029,O&M Manual Manager,Plan & Spec Intelligence,Permission-aware; revision banner; full-text/metadata search; responsive; evidence/audit access; accessibility,Web/tablet/mobile/guest as applicable
15,Enterprise Document Drawing Specification Information Management,P15-UI-030,Document Administration,Document Search & Retrieval,Permission-aware; revision banner; full-text/metadata search; responsive; evidence/audit access; accessibility,Web/tablet/mobile/guest as applicable
15,Enterprise Document Drawing Specification Information Management,P15-UI-031,Metadata & Numbering Studio,Records Retention & Legal Hold,Permission-aware; revision banner; full-text/metadata search; responsive; evidence/audit access; accessibility,Web/tablet/mobile/guest as applicable
15,Enterprise Document Drawing Specification Information Management,P15-UI-032,Permission Administration,External Collaboration,Permission-aware; revision banner; full-text/metadata search; responsive; evidence/audit access; accessibility,Web/tablet/mobile/guest as applicable
15,Enterprise Document Drawing Specification Information Management,P15-UI-033,Audit & Distribution History,Field Document Access,Permission-aware; revision banner; full-text/metadata search; responsive; evidence/audit access; accessibility,Web/tablet/mobile/guest as applicable
15,Enterprise Document Drawing Specification Information Management,P15-UI-034,Document Analytics,BIM/CDE Coordination,Permission-aware; revision banner; full-text/metadata search; responsive; evidence/audit access; accessibility,Web/tablet/mobile/guest as applicable
15,Enterprise Document Drawing Specification Information Management,P15-UI-035,Document Digital Twin,Closeout & Turnover,Permission-aware; revision banner; full-text/metadata search; responsive; evidence/audit access; accessibility,Web/tablet/mobile/guest as applicable
15,Enterprise Document Drawing Specification Information Management,P15-UI-036,Mobile Viewer,Document Intelligence Digital Twin,Permission-aware; revision banner; full-text/metadata search; responsive; evidence/audit access; accessibility,Web/tablet/mobile/guest as applicable
15,Enterprise Document Drawing Specification Information Management,P15-UI-037,Guest Review Portal,Document Control,Permission-aware; revision banner; full-text/metadata search; responsive; evidence/audit access; accessibility,Web/tablet/mobile/guest as applicable
15,Enterprise Document Drawing Specification Information Management,P15-UI-038,Controlled Copy Manager,Drawing Management,Permission-aware; revision banner; full-text/metadata search; responsive; evidence/audit access; accessibility,Web/tablet/mobile/guest as applicable
16,GIS Survey Reality Capture Drone Operations,P16-UI-001,Geospatial Command Center,GIS Core,Map-first; role-based; coordinate-aware; quality indicators; evidence/lineage; responsive; field views support offline capture,Web/tablet/mobile
16,GIS Survey Reality Capture Drone Operations,P16-UI-002,Enterprise Map,Coordinate Reference Systems,Map-first; role-based; coordinate-aware; quality indicators; evidence/lineage; responsive; field views support offline capture,Web/tablet/mobile
16,GIS Survey Reality Capture Drone Operations,P16-UI-003,Project Map,Survey Control,Map-first; role-based; coordinate-aware; quality indicators; evidence/lineage; responsive; field views support offline capture,Web/tablet/mobile
16,GIS Survey Reality Capture Drone Operations,P16-UI-004,Layer Catalog,GNSS Survey,Map-first; role-based; coordinate-aware; quality indicators; evidence/lineage; responsive; field views support offline capture,Web/tablet/mobile
16,GIS Survey Reality Capture Drone Operations,P16-UI-005,Spatial Search,Total Station Survey,Map-first; role-based; coordinate-aware; quality indicators; evidence/lineage; responsive; field views support offline capture,Web/tablet/mobile
16,GIS Survey Reality Capture Drone Operations,P16-UI-006,CRS & Datum Manager,Digital Levels,Map-first; role-based; coordinate-aware; quality indicators; evidence/lineage; responsive; field views support offline capture,Web/tablet/mobile
16,GIS Survey Reality Capture Drone Operations,P16-UI-007,Survey Control Register,Construction Layout,Map-first; role-based; coordinate-aware; quality indicators; evidence/lineage; responsive; field views support offline capture,Web/tablet/mobile
16,GIS Survey Reality Capture Drone Operations,P16-UI-008,Control Network Workspace,Topographic Survey,Map-first; role-based; coordinate-aware; quality indicators; evidence/lineage; responsive; field views support offline capture,Web/tablet/mobile
16,GIS Survey Reality Capture Drone Operations,P16-UI-009,GNSS Survey Workspace,Existing Conditions,Map-first; role-based; coordinate-aware; quality indicators; evidence/lineage; responsive; field views support offline capture,Web/tablet/mobile
16,GIS Survey Reality Capture Drone Operations,P16-UI-010,Total Station Workspace,Drone Operations,Map-first; role-based; coordinate-aware; quality indicators; evidence/lineage; responsive; field views support offline capture,Web/tablet/mobile
16,GIS Survey Reality Capture Drone Operations,P16-UI-011,Leveling Workspace,Photogrammetry,Map-first; role-based; coordinate-aware; quality indicators; evidence/lineage; responsive; field views support offline capture,Web/tablet/mobile
16,GIS Survey Reality Capture Drone Operations,P16-UI-012,Construction Layout Center,LiDAR Reality Capture,Map-first; role-based; coordinate-aware; quality indicators; evidence/lineage; responsive; field views support offline capture,Web/tablet/mobile
16,GIS Survey Reality Capture Drone Operations,P16-UI-013,Stakeout Mobile,Point Cloud Management,Map-first; role-based; coordinate-aware; quality indicators; evidence/lineage; responsive; field views support offline capture,Web/tablet/mobile
16,GIS Survey Reality Capture Drone Operations,P16-UI-014,Topographic Survey Mobile,Orthomosaic Management,Map-first; role-based; coordinate-aware; quality indicators; evidence/lineage; responsive; field views support offline capture,Web/tablet/mobile
16,GIS Survey Reality Capture Drone Operations,P16-UI-015,Existing Conditions Map,Surface & Terrain Models,Map-first; role-based; coordinate-aware; quality indicators; evidence/lineage; responsive; field views support offline capture,Web/tablet/mobile
16,GIS Survey Reality Capture Drone Operations,P16-UI-016,Utility Mapping Center,Volumes & Earthwork,Map-first; role-based; coordinate-aware; quality indicators; evidence/lineage; responsive; field views support offline capture,Web/tablet/mobile
16,GIS Survey Reality Capture Drone Operations,P16-UI-017,Drone Operations Center,Progress & Change Detection,Map-first; role-based; coordinate-aware; quality indicators; evidence/lineage; responsive; field views support offline capture,Web/tablet/mobile
16,GIS Survey Reality Capture Drone Operations,P16-UI-018,Mission Planner,Corridor & Linear Infrastructure,Map-first; role-based; coordinate-aware; quality indicators; evidence/lineage; responsive; field views support offline capture,Web/tablet/mobile
16,GIS Survey Reality Capture Drone Operations,P16-UI-019,Flight Compliance Center,Utility Mapping,Map-first; role-based; coordinate-aware; quality indicators; evidence/lineage; responsive; field views support offline capture,Web/tablet/mobile
16,GIS Survey Reality Capture Drone Operations,P16-UI-020,Aircraft & Payload Register,GIS Field Collection,Map-first; role-based; coordinate-aware; quality indicators; evidence/lineage; responsive; field views support offline capture,Web/tablet/mobile
16,GIS Survey Reality Capture Drone Operations,P16-UI-021,Battery Manager,Reality Capture QA/QC,Map-first; role-based; coordinate-aware; quality indicators; evidence/lineage; responsive; field views support offline capture,Web/tablet/mobile
16,GIS Survey Reality Capture Drone Operations,P16-UI-022,Drone Flight Mobile,Geofencing & Location Intelligence,Map-first; role-based; coordinate-aware; quality indicators; evidence/lineage; responsive; field views support offline capture,Web/tablet/mobile
16,GIS Survey Reality Capture Drone Operations,P16-UI-023,Photogrammetry Processing Review,Drone Media & Inspection,Map-first; role-based; coordinate-aware; quality indicators; evidence/lineage; responsive; field views support offline capture,Web/tablet/mobile
16,GIS Survey Reality Capture Drone Operations,P16-UI-024,LiDAR Processing Review,Regulatory & Flight Compliance,Map-first; role-based; coordinate-aware; quality indicators; evidence/lineage; responsive; field views support offline capture,Web/tablet/mobile
16,GIS Survey Reality Capture Drone Operations,P16-UI-025,Point Cloud Viewer,Survey Deliverables,Map-first; role-based; coordinate-aware; quality indicators; evidence/lineage; responsive; field views support offline capture,Web/tablet/mobile
16,GIS Survey Reality Capture Drone Operations,P16-UI-026,Orthomosaic Viewer,Machine Control Handoff,Map-first; role-based; coordinate-aware; quality indicators; evidence/lineage; responsive; field views support offline capture,Web/tablet/mobile
16,GIS Survey Reality Capture Drone Operations,P16-UI-027,Surface/Terrain Manager,Spatial Analytics,Map-first; role-based; coordinate-aware; quality indicators; evidence/lineage; responsive; field views support offline capture,Web/tablet/mobile
16,GIS Survey Reality Capture Drone Operations,P16-UI-028,Cut/Fill & Volume Center,AI Geospatial Intelligence,Map-first; role-based; coordinate-aware; quality indicators; evidence/lineage; responsive; field views support offline capture,Web/tablet/mobile
16,GIS Survey Reality Capture Drone Operations,P16-UI-029,Stockpile Volume Center,Geospatial Digital Twin,Map-first; role-based; coordinate-aware; quality indicators; evidence/lineage; responsive; field views support offline capture,Web/tablet/mobile
16,GIS Survey Reality Capture Drone Operations,P16-UI-030,Progress Comparison,GIS Core,Map-first; role-based; coordinate-aware; quality indicators; evidence/lineage; responsive; field views support offline capture,Web/tablet/mobile
16,GIS Survey Reality Capture Drone Operations,P16-UI-031,Change Detection Review,Coordinate Reference Systems,Map-first; role-based; coordinate-aware; quality indicators; evidence/lineage; responsive; field views support offline capture,Web/tablet/mobile
16,GIS Survey Reality Capture Drone Operations,P16-UI-032,Corridor/Stationing Viewer,Survey Control,Map-first; role-based; coordinate-aware; quality indicators; evidence/lineage; responsive; field views support offline capture,Web/tablet/mobile
16,GIS Survey Reality Capture Drone Operations,P16-UI-033,Field GIS Mobile,GNSS Survey,Map-first; role-based; coordinate-aware; quality indicators; evidence/lineage; responsive; field views support offline capture,Web/tablet/mobile
16,GIS Survey Reality Capture Drone Operations,P16-UI-034,Offline Map Manager,Total Station Survey,Map-first; role-based; coordinate-aware; quality indicators; evidence/lineage; responsive; field views support offline capture,Web/tablet/mobile
16,GIS Survey Reality Capture Drone Operations,P16-UI-035,Geofence & Spatial Alerts,Digital Levels,Map-first; role-based; coordinate-aware; quality indicators; evidence/lineage; responsive; field views support offline capture,Web/tablet/mobile
16,GIS Survey Reality Capture Drone Operations,P16-UI-036,Aerial Inspection Center,Construction Layout,Map-first; role-based; coordinate-aware; quality indicators; evidence/lineage; responsive; field views support offline capture,Web/tablet/mobile
16,GIS Survey Reality Capture Drone Operations,P16-UI-037,Reality Capture QA/QC,Topographic Survey,Map-first; role-based; coordinate-aware; quality indicators; evidence/lineage; responsive; field views support offline capture,Web/tablet/mobile
16,GIS Survey Reality Capture Drone Operations,P16-UI-038,Survey Deliverables Center,Existing Conditions,Map-first; role-based; coordinate-aware; quality indicators; evidence/lineage; responsive; field views support offline capture,Web/tablet/mobile
16,GIS Survey Reality Capture Drone Operations,P16-UI-039,Machine Control Handoff,Drone Operations,Map-first; role-based; coordinate-aware; quality indicators; evidence/lineage; responsive; field views support offline capture,Web/tablet/mobile
16,GIS Survey Reality Capture Drone Operations,P16-UI-040,Spatial Analytics,Photogrammetry,Map-first; role-based; coordinate-aware; quality indicators; evidence/lineage; responsive; field views support offline capture,Web/tablet/mobile
16,GIS Survey Reality Capture Drone Operations,P16-UI-041,AI Geospatial Review,LiDAR Reality Capture,Map-first; role-based; coordinate-aware; quality indicators; evidence/lineage; responsive; field views support offline capture,Web/tablet/mobile
16,GIS Survey Reality Capture Drone Operations,P16-UI-042,Geospatial Digital Twin,Point Cloud Management,Map-first; role-based; coordinate-aware; quality indicators; evidence/lineage; responsive; field views support offline capture,Web/tablet/mobile
17,Machine Control GPS Field Automation,P17-UI-001,Machine Control Command Center,Machine Control Core,Role-based; revision and localization status visible; machine/device context; safety alerts; responsive; in-cab surfaces prioritize simple operator UX,Web/tablet/mobile/in-cab
17,Machine Control GPS Field Automation,P17-UI-002,Project Machine Control Setup,GPS/GNSS Positioning,Role-based; revision and localization status visible; machine/device context; safety alerts; responsive; in-cab surfaces prioritize simple operator UX,Web/tablet/mobile/in-cab
17,Machine Control GPS Field Automation,P17-UI-003,Phase 16 Handoff Review,Localization & Calibration,Role-based; revision and localization status visible; machine/device context; safety alerts; responsive; in-cab surfaces prioritize simple operator UX,Web/tablet/mobile/in-cab
17,Machine Control GPS Field Automation,P17-UI-004,Model Register,3D Models & Surfaces,Role-based; revision and localization status visible; machine/device context; safety alerts; responsive; in-cab surfaces prioritize simple operator UX,Web/tablet/mobile/in-cab
17,Machine Control GPS Field Automation,P17-UI-005,Surface Manager,2D Guidance,Role-based; revision and localization status visible; machine/device context; safety alerts; responsive; in-cab surfaces prioritize simple operator UX,Web/tablet/mobile/in-cab
17,Machine Control GPS Field Automation,P17-UI-006,Alignment/Corridor Manager,3D Guidance,Role-based; revision and localization status visible; machine/device context; safety alerts; responsive; in-cab surfaces prioritize simple operator UX,Web/tablet/mobile/in-cab
17,Machine Control GPS Field Automation,P17-UI-007,Localization Manager,Automatic Grade Control,Role-based; revision and localization status visible; machine/device context; safety alerts; responsive; in-cab surfaces prioritize simple operator UX,Web/tablet/mobile/in-cab
17,Machine Control GPS Field Automation,P17-UI-008,Calibration Review,Excavator Guidance,Role-based; revision and localization status visible; machine/device context; safety alerts; responsive; in-cab surfaces prioritize simple operator UX,Web/tablet/mobile/in-cab
17,Machine Control GPS Field Automation,P17-UI-009,Control Reference Viewer,Dozer Guidance,Role-based; revision and localization status visible; machine/device context; safety alerts; responsive; in-cab surfaces prioritize simple operator UX,Web/tablet/mobile/in-cab
17,Machine Control GPS Field Automation,P17-UI-010,Machine/Device Register,Grader Guidance,Role-based; revision and localization status visible; machine/device context; safety alerts; responsive; in-cab surfaces prioritize simple operator UX,Web/tablet/mobile/in-cab
17,Machine Control GPS Field Automation,P17-UI-011,Compatibility Matrix,Compactor Guidance,Role-based; revision and localization status visible; machine/device context; safety alerts; responsive; in-cab surfaces prioritize simple operator UX,Web/tablet/mobile/in-cab
17,Machine Control GPS Field Automation,P17-UI-012,Firmware/Software Manager,Loader & Material Handling,Role-based; revision and localization status visible; machine/device context; safety alerts; responsive; in-cab surfaces prioritize simple operator UX,Web/tablet/mobile/in-cab
17,Machine Control GPS Field Automation,P17-UI-013,Job Package Builder,Paver/Milling Guidance,Role-based; revision and localization status visible; machine/device context; safety alerts; responsive; in-cab surfaces prioritize simple operator UX,Web/tablet/mobile/in-cab
17,Machine Control GPS Field Automation,P17-UI-014,Job Package Approval,Trenching & Utilities,Role-based; revision and localization status visible; machine/device context; safety alerts; responsive; in-cab surfaces prioritize simple operator UX,Web/tablet/mobile/in-cab
17,Machine Control GPS Field Automation,P17-UI-015,Machine Assignment Board,Road & Highway Machine Control,Role-based; revision and localization status visible; machine/device context; safety alerts; responsive; in-cab surfaces prioritize simple operator UX,Web/tablet/mobile/in-cab
17,Machine Control GPS Field Automation,P17-UI-016,Operator Authorization,Site Models & Job Files,Role-based; revision and localization status visible; machine/device context; safety alerts; responsive; in-cab surfaces prioritize simple operator UX,Web/tablet/mobile/in-cab
17,Machine Control GPS Field Automation,P17-UI-017,Job Load & Acknowledgement,Field Data Sync,Role-based; revision and localization status visible; machine/device context; safety alerts; responsive; in-cab surfaces prioritize simple operator UX,Web/tablet/mobile/in-cab
17,Machine Control GPS Field Automation,P17-UI-018,In-Cab 2D Guidance,Machine Telemetry Integration,Role-based; revision and localization status visible; machine/device context; safety alerts; responsive; in-cab surfaces prioritize simple operator UX,Web/tablet/mobile/in-cab
17,Machine Control GPS Field Automation,P17-UI-019,In-Cab 3D Guidance,Operator Interface,Role-based; revision and localization status visible; machine/device context; safety alerts; responsive; in-cab surfaces prioritize simple operator UX,Web/tablet/mobile/in-cab
17,Machine Control GPS Field Automation,P17-UI-020,Automatic Control Status,Safety & Exclusion Controls,Role-based; revision and localization status visible; machine/device context; safety alerts; responsive; in-cab surfaces prioritize simple operator UX,Web/tablet/mobile/in-cab
17,Machine Control GPS Field Automation,P17-UI-021,Excavator Guidance View,Design Change Management,Role-based; revision and localization status visible; machine/device context; safety alerts; responsive; in-cab surfaces prioritize simple operator UX,Web/tablet/mobile/in-cab
17,Machine Control GPS Field Automation,P17-UI-022,Dozer Guidance View,As-Built & Production Capture,Role-based; revision and localization status visible; machine/device context; safety alerts; responsive; in-cab surfaces prioritize simple operator UX,Web/tablet/mobile/in-cab
17,Machine Control GPS Field Automation,P17-UI-023,Grader Guidance View,Quality Assurance,Role-based; revision and localization status visible; machine/device context; safety alerts; responsive; in-cab surfaces prioritize simple operator UX,Web/tablet/mobile/in-cab
17,Machine Control GPS Field Automation,P17-UI-024,Compactor Guidance View,Field Automation,Role-based; revision and localization status visible; machine/device context; safety alerts; responsive; in-cab surfaces prioritize simple operator UX,Web/tablet/mobile/in-cab
17,Machine Control GPS Field Automation,P17-UI-025,Paver/Milling Guidance,Remote Support & Diagnostics,Role-based; revision and localization status visible; machine/device context; safety alerts; responsive; in-cab surfaces prioritize simple operator UX,Web/tablet/mobile/in-cab
17,Machine Control GPS Field Automation,P17-UI-026,Trench/Utility Guidance,Device & Firmware Management,Role-based; revision and localization status visible; machine/device context; safety alerts; responsive; in-cab surfaces prioritize simple operator UX,Web/tablet/mobile/in-cab
17,Machine Control GPS Field Automation,P17-UI-027,Road/Highway Guidance,Vendor/Platform Interoperability,Role-based; revision and localization status visible; machine/device context; safety alerts; responsive; in-cab surfaces prioritize simple operator UX,Web/tablet/mobile/in-cab
17,Machine Control GPS Field Automation,P17-UI-028,Geofence/No-Go Manager,AI Machine Intelligence,Role-based; revision and localization status visible; machine/device context; safety alerts; responsive; in-cab surfaces prioritize simple operator UX,Web/tablet/mobile/in-cab
17,Machine Control GPS Field Automation,P17-UI-029,Position Quality Monitor,Machine Control Digital Twin,Role-based; revision and localization status visible; machine/device context; safety alerts; responsive; in-cab surfaces prioritize simple operator UX,Web/tablet/mobile/in-cab
17,Machine Control GPS Field Automation,P17-UI-030,GNSS/Correction Health,Machine Control Core,Role-based; revision and localization status visible; machine/device context; safety alerts; responsive; in-cab surfaces prioritize simple operator UX,Web/tablet/mobile/in-cab
17,Machine Control GPS Field Automation,P17-UI-031,Safety & Revision Alerts,GPS/GNSS Positioning,Role-based; revision and localization status visible; machine/device context; safety alerts; responsive; in-cab surfaces prioritize simple operator UX,Web/tablet/mobile/in-cab
17,Machine Control GPS Field Automation,P17-UI-032,Field Issue Mobile,Localization & Calibration,Role-based; revision and localization status visible; machine/device context; safety alerts; responsive; in-cab surfaces prioritize simple operator UX,Web/tablet/mobile/in-cab
17,Machine Control GPS Field Automation,P17-UI-033,Design Change Impact Center,3D Models & Surfaces,Role-based; revision and localization status visible; machine/device context; safety alerts; responsive; in-cab surfaces prioritize simple operator UX,Web/tablet/mobile/in-cab
17,Machine Control GPS Field Automation,P17-UI-034,Withdrawal/Reissue Center,2D Guidance,Role-based; revision and localization status visible; machine/device context; safety alerts; responsive; in-cab surfaces prioritize simple operator UX,Web/tablet/mobile/in-cab
17,Machine Control GPS Field Automation,P17-UI-035,Sync Monitor,3D Guidance,Role-based; revision and localization status visible; machine/device context; safety alerts; responsive; in-cab surfaces prioritize simple operator UX,Web/tablet/mobile/in-cab
17,Machine Control GPS Field Automation,P17-UI-036,Offline Conflict Center,Automatic Grade Control,Role-based; revision and localization status visible; machine/device context; safety alerts; responsive; in-cab surfaces prioritize simple operator UX,Web/tablet/mobile/in-cab
17,Machine Control GPS Field Automation,P17-UI-037,As-Built Viewer,Excavator Guidance,Role-based; revision and localization status visible; machine/device context; safety alerts; responsive; in-cab surfaces prioritize simple operator UX,Web/tablet/mobile/in-cab
17,Machine Control GPS Field Automation,P17-UI-038,Production & Pass Map,Dozer Guidance,Role-based; revision and localization status visible; machine/device context; safety alerts; responsive; in-cab surfaces prioritize simple operator UX,Web/tablet/mobile/in-cab
17,Machine Control GPS Field Automation,P17-UI-039,Tolerance/Conformance Center,Grader Guidance,Role-based; revision and localization status visible; machine/device context; safety alerts; responsive; in-cab surfaces prioritize simple operator UX,Web/tablet/mobile/in-cab
17,Machine Control GPS Field Automation,P17-UI-040,Compaction QA,Compactor Guidance,Role-based; revision and localization status visible; machine/device context; safety alerts; responsive; in-cab surfaces prioritize simple operator UX,Web/tablet/mobile/in-cab
17,Machine Control GPS Field Automation,P17-UI-041,Remote Support Console,Loader & Material Handling,Role-based; revision and localization status visible; machine/device context; safety alerts; responsive; in-cab surfaces prioritize simple operator UX,Web/tablet/mobile/in-cab
17,Machine Control GPS Field Automation,P17-UI-042,Device Diagnostics,Paver/Milling Guidance,Role-based; revision and localization status visible; machine/device context; safety alerts; responsive; in-cab surfaces prioritize simple operator UX,Web/tablet/mobile/in-cab
17,Machine Control GPS Field Automation,P17-UI-043,Vendor File Conversion,Trenching & Utilities,Role-based; revision and localization status visible; machine/device context; safety alerts; responsive; in-cab surfaces prioritize simple operator UX,Web/tablet/mobile/in-cab
17,Machine Control GPS Field Automation,P17-UI-044,Field Automation Studio,Road & Highway Machine Control,Role-based; revision and localization status visible; machine/device context; safety alerts; responsive; in-cab surfaces prioritize simple operator UX,Web/tablet/mobile/in-cab
17,Machine Control GPS Field Automation,P17-UI-045,AI Machine Intelligence Review,Site Models & Job Files,Role-based; revision and localization status visible; machine/device context; safety alerts; responsive; in-cab surfaces prioritize simple operator UX,Web/tablet/mobile/in-cab
17,Machine Control GPS Field Automation,P17-UI-046,Machine Control Analytics,Field Data Sync,Role-based; revision and localization status visible; machine/device context; safety alerts; responsive; in-cab surfaces prioritize simple operator UX,Web/tablet/mobile/in-cab
17,Machine Control GPS Field Automation,P17-UI-047,Machine Control Digital Twin,Machine Telemetry Integration,Role-based; revision and localization status visible; machine/device context; safety alerts; responsive; in-cab surfaces prioritize simple operator UX,Web/tablet/mobile/in-cab
17,Machine Control GPS Field Automation,P17-UI-048,Mobile Supervisor View,Operator Interface,Role-based; revision and localization status visible; machine/device context; safety alerts; responsive; in-cab surfaces prioritize simple operator UX,Web/tablet/mobile/in-cab
17,Machine Control GPS Field Automation,P17-UI-049,Machine Control Administration,Safety & Exclusion Controls,Role-based; revision and localization status visible; machine/device context; safety alerts; responsive; in-cab surfaces prioritize simple operator UX,Web/tablet/mobile/in-cab
18,Enterprise Scheduling Resource Planning,P18-UI-001,Scheduling Command Center,Enterprise Scheduling Core,Role-based; schedule version/baseline visible; drill-through; resource/calendar context; responsive; selected field views offline capable,Web/tablet/mobile
18,Enterprise Scheduling Resource Planning,P18-UI-002,Portfolio Schedule,CPM Scheduling,Role-based; schedule version/baseline visible; drill-through; resource/calendar context; responsive; selected field views offline capable,Web/tablet/mobile
18,Enterprise Scheduling Resource Planning,P18-UI-003,Project Schedule,Work Breakdown Structure,Role-based; schedule version/baseline visible; drill-through; resource/calendar context; responsive; selected field views offline capable,Web/tablet/mobile
18,Enterprise Scheduling Resource Planning,P18-UI-004,WBS Builder,Calendars & Shifts,Role-based; schedule version/baseline visible; drill-through; resource/calendar context; responsive; selected field views offline capable,Web/tablet/mobile
18,Enterprise Scheduling Resource Planning,P18-UI-005,Activity Table,Resource Planning,Role-based; schedule version/baseline visible; drill-through; resource/calendar context; responsive; selected field views offline capable,Web/tablet/mobile
18,Enterprise Scheduling Resource Planning,P18-UI-006,Gantt Chart,Resource Loading,Role-based; schedule version/baseline visible; drill-through; resource/calendar context; responsive; selected field views offline capable,Web/tablet/mobile
18,Enterprise Scheduling Resource Planning,P18-UI-007,Network Diagram,Resource Leveling,Role-based; schedule version/baseline visible; drill-through; resource/calendar context; responsive; selected field views offline capable,Web/tablet/mobile
18,Enterprise Scheduling Resource Planning,P18-UI-008,Calendar Manager,Crew Planning,Role-based; schedule version/baseline visible; drill-through; resource/calendar context; responsive; selected field views offline capable,Web/tablet/mobile
18,Enterprise Scheduling Resource Planning,P18-UI-009,Milestone Register,Equipment Planning,Role-based; schedule version/baseline visible; drill-through; resource/calendar context; responsive; selected field views offline capable,Web/tablet/mobile
18,Enterprise Scheduling Resource Planning,P18-UI-010,Baseline Manager,Truck & Haul Planning,Role-based; schedule version/baseline visible; drill-through; resource/calendar context; responsive; selected field views offline capable,Web/tablet/mobile
18,Enterprise Scheduling Resource Planning,P18-UI-011,Schedule Update Workspace,Material Planning,Role-based; schedule version/baseline visible; drill-through; resource/calendar context; responsive; selected field views offline capable,Web/tablet/mobile
18,Enterprise Scheduling Resource Planning,P18-UI-012,Progress Update Mobile,Subcontractor Planning,Role-based; schedule version/baseline visible; drill-through; resource/calendar context; responsive; selected field views offline capable,Web/tablet/mobile
18,Enterprise Scheduling Resource Planning,P18-UI-013,Critical Path Viewer,Look-Ahead Planning,Role-based; schedule version/baseline visible; drill-through; resource/calendar context; responsive; selected field views offline capable,Web/tablet/mobile
18,Enterprise Scheduling Resource Planning,P18-UI-014,Longest Path Viewer,Last Planner & Commitments,Role-based; schedule version/baseline visible; drill-through; resource/calendar context; responsive; selected field views offline capable,Web/tablet/mobile
18,Enterprise Scheduling Resource Planning,P18-UI-015,Schedule Quality Center,Pull Planning,Role-based; schedule version/baseline visible; drill-through; resource/calendar context; responsive; selected field views offline capable,Web/tablet/mobile
18,Enterprise Scheduling Resource Planning,P18-UI-016,Resource Planning Board,Milestones & Contract Dates,Role-based; schedule version/baseline visible; drill-through; resource/calendar context; responsive; selected field views offline capable,Web/tablet/mobile
18,Enterprise Scheduling Resource Planning,P18-UI-017,Resource Histogram,Baseline Management,Role-based; schedule version/baseline visible; drill-through; resource/calendar context; responsive; selected field views offline capable,Web/tablet/mobile
18,Enterprise Scheduling Resource Planning,P18-UI-018,Crew Planning,Schedule Update Cycle,Role-based; schedule version/baseline visible; drill-through; resource/calendar context; responsive; selected field views offline capable,Web/tablet/mobile
18,Enterprise Scheduling Resource Planning,P18-UI-019,Equipment Planning,Progress Measurement,Role-based; schedule version/baseline visible; drill-through; resource/calendar context; responsive; selected field views offline capable,Web/tablet/mobile
18,Enterprise Scheduling Resource Planning,P18-UI-020,Truck/Haul Planning,Cost & Schedule Integration,Role-based; schedule version/baseline visible; drill-through; resource/calendar context; responsive; selected field views offline capable,Web/tablet/mobile
18,Enterprise Scheduling Resource Planning,P18-UI-021,Material Need-Date Planner,Constraint Management,Role-based; schedule version/baseline visible; drill-through; resource/calendar context; responsive; selected field views offline capable,Web/tablet/mobile
18,Enterprise Scheduling Resource Planning,P18-UI-022,Subcontractor Capacity Planner,Weather & Calendar Impacts,Role-based; schedule version/baseline visible; drill-through; resource/calendar context; responsive; selected field views offline capable,Web/tablet/mobile
18,Enterprise Scheduling Resource Planning,P18-UI-023,Resource Leveling Studio,Schedule Risk Analysis,Role-based; schedule version/baseline visible; drill-through; resource/calendar context; responsive; selected field views offline capable,Web/tablet/mobile
18,Enterprise Scheduling Resource Planning,P18-UI-024,Look-Ahead Planner,Recovery & Acceleration,Role-based; schedule version/baseline visible; drill-through; resource/calendar context; responsive; selected field views offline capable,Web/tablet/mobile
18,Enterprise Scheduling Resource Planning,P18-UI-025,Weekly Work Plan,Delay & Impact Analysis,Role-based; schedule version/baseline visible; drill-through; resource/calendar context; responsive; selected field views offline capable,Web/tablet/mobile
18,Enterprise Scheduling Resource Planning,P18-UI-026,Last Planner/PPC,Portfolio Capacity Planning,Role-based; schedule version/baseline visible; drill-through; resource/calendar context; responsive; selected field views offline capable,Web/tablet/mobile
18,Enterprise Scheduling Resource Planning,P18-UI-027,Pull Planning Board,What-If & Scenario Planning,Role-based; schedule version/baseline visible; drill-through; resource/calendar context; responsive; selected field views offline capable,Web/tablet/mobile
18,Enterprise Scheduling Resource Planning,P18-UI-028,Constraint Register,AI Schedule Intelligence,Role-based; schedule version/baseline visible; drill-through; resource/calendar context; responsive; selected field views offline capable,Web/tablet/mobile
18,Enterprise Scheduling Resource Planning,P18-UI-029,Constraint Readiness,Scheduling Digital Twin,Role-based; schedule version/baseline visible; drill-through; resource/calendar context; responsive; selected field views offline capable,Web/tablet/mobile
18,Enterprise Scheduling Resource Planning,P18-UI-030,Weather Impact Center,Enterprise Scheduling Core,Role-based; schedule version/baseline visible; drill-through; resource/calendar context; responsive; selected field views offline capable,Web/tablet/mobile
18,Enterprise Scheduling Resource Planning,P18-UI-031,Schedule Risk Studio,CPM Scheduling,Role-based; schedule version/baseline visible; drill-through; resource/calendar context; responsive; selected field views offline capable,Web/tablet/mobile
18,Enterprise Scheduling Resource Planning,P18-UI-032,Scenario/What-If Studio,Work Breakdown Structure,Role-based; schedule version/baseline visible; drill-through; resource/calendar context; responsive; selected field views offline capable,Web/tablet/mobile
18,Enterprise Scheduling Resource Planning,P18-UI-033,Recovery Planning,Calendars & Shifts,Role-based; schedule version/baseline visible; drill-through; resource/calendar context; responsive; selected field views offline capable,Web/tablet/mobile
18,Enterprise Scheduling Resource Planning,P18-UI-034,Acceleration Analysis,Resource Planning,Role-based; schedule version/baseline visible; drill-through; resource/calendar context; responsive; selected field views offline capable,Web/tablet/mobile
18,Enterprise Scheduling Resource Planning,P18-UI-035,Delay Event Center,Resource Loading,Role-based; schedule version/baseline visible; drill-through; resource/calendar context; responsive; selected field views offline capable,Web/tablet/mobile
18,Enterprise Scheduling Resource Planning,P18-UI-036,Time Impact Analysis,Resource Leveling,Role-based; schedule version/baseline visible; drill-through; resource/calendar context; responsive; selected field views offline capable,Web/tablet/mobile
18,Enterprise Scheduling Resource Planning,P18-UI-037,Portfolio Capacity Planner,Crew Planning,Role-based; schedule version/baseline visible; drill-through; resource/calendar context; responsive; selected field views offline capable,Web/tablet/mobile
18,Enterprise Scheduling Resource Planning,P18-UI-038,Backlog Resource Forecast,Equipment Planning,Role-based; schedule version/baseline visible; drill-through; resource/calendar context; responsive; selected field views offline capable,Web/tablet/mobile
18,Enterprise Scheduling Resource Planning,P18-UI-039,Earned Value View,Truck & Haul Planning,Role-based; schedule version/baseline visible; drill-through; resource/calendar context; responsive; selected field views offline capable,Web/tablet/mobile
18,Enterprise Scheduling Resource Planning,P18-UI-040,Cash Flow Curve,Material Planning,Role-based; schedule version/baseline visible; drill-through; resource/calendar context; responsive; selected field views offline capable,Web/tablet/mobile
18,Enterprise Scheduling Resource Planning,P18-UI-041,Forecast Completion,Subcontractor Planning,Role-based; schedule version/baseline visible; drill-through; resource/calendar context; responsive; selected field views offline capable,Web/tablet/mobile
18,Enterprise Scheduling Resource Planning,P18-UI-042,Schedule Alerts,Look-Ahead Planning,Role-based; schedule version/baseline visible; drill-through; resource/calendar context; responsive; selected field views offline capable,Web/tablet/mobile
18,Enterprise Scheduling Resource Planning,P18-UI-043,Schedule Narrative Builder,Last Planner & Commitments,Role-based; schedule version/baseline visible; drill-through; resource/calendar context; responsive; selected field views offline capable,Web/tablet/mobile
18,Enterprise Scheduling Resource Planning,P18-UI-044,AI Schedule Intelligence Review,Pull Planning,Role-based; schedule version/baseline visible; drill-through; resource/calendar context; responsive; selected field views offline capable,Web/tablet/mobile
18,Enterprise Scheduling Resource Planning,P18-UI-045,Schedule Analytics,Milestones & Contract Dates,Role-based; schedule version/baseline visible; drill-through; resource/calendar context; responsive; selected field views offline capable,Web/tablet/mobile
18,Enterprise Scheduling Resource Planning,P18-UI-046,Scheduling Digital Twin,Baseline Management,Role-based; schedule version/baseline visible; drill-through; resource/calendar context; responsive; selected field views offline capable,Web/tablet/mobile
18,Enterprise Scheduling Resource Planning,P18-UI-047,Mobile Superintendent Schedule,Schedule Update Cycle,Role-based; schedule version/baseline visible; drill-through; resource/calendar context; responsive; selected field views offline capable,Web/tablet/mobile
18,Enterprise Scheduling Resource Planning,P18-UI-048,Import/Export Center,Progress Measurement,Role-based; schedule version/baseline visible; drill-through; resource/calendar context; responsive; selected field views offline capable,Web/tablet/mobile
18,Enterprise Scheduling Resource Planning,P18-UI-049,Scheduling Administration,Cost & Schedule Integration,Role-based; schedule version/baseline visible; drill-through; resource/calendar context; responsive; selected field views offline capable,Web/tablet/mobile
19,Contract Change Order Claims Commercial Management,P19-UI-001,Commercial Command Center,Commercial Management Core,Role-based; contract/version/deadline/authority visible; evidence drill-through; approval state; responsive; sensitive-data controls,Web/tablet/mobile
19,Contract Change Order Claims Commercial Management,P19-UI-002,Contract Register,Prime Contract Management,Role-based; contract/version/deadline/authority visible; evidence drill-through; approval state; responsive; sensitive-data controls,Web/tablet/mobile
19,Contract Change Order Claims Commercial Management,P19-UI-003,Contract Workspace,Subcontract Management,Role-based; contract/version/deadline/authority visible; evidence drill-through; approval state; responsive; sensitive-data controls,Web/tablet/mobile
19,Contract Change Order Claims Commercial Management,P19-UI-004,Clause Registry,Purchase Contract Commercials,Role-based; contract/version/deadline/authority visible; evidence drill-through; approval state; responsive; sensitive-data controls,Web/tablet/mobile
19,Contract Change Order Claims Commercial Management,P19-UI-005,Clause Review,Contract Clause Registry,Role-based; contract/version/deadline/authority visible; evidence drill-through; approval state; responsive; sensitive-data controls,Web/tablet/mobile
19,Contract Change Order Claims Commercial Management,P19-UI-006,Obligation Register,Obligation Management,Role-based; contract/version/deadline/authority visible; evidence drill-through; approval state; responsive; sensitive-data controls,Web/tablet/mobile
19,Contract Change Order Claims Commercial Management,P19-UI-007,Obligation Calendar,Notice Management,Role-based; contract/version/deadline/authority visible; evidence drill-through; approval state; responsive; sensitive-data controls,Web/tablet/mobile
19,Contract Change Order Claims Commercial Management,P19-UI-008,Notice Center,Potential Change Management,Role-based; contract/version/deadline/authority visible; evidence drill-through; approval state; responsive; sensitive-data controls,Web/tablet/mobile
19,Contract Change Order Claims Commercial Management,P19-UI-009,Notice Deadline Monitor,Change Order Management,Role-based; contract/version/deadline/authority visible; evidence drill-through; approval state; responsive; sensitive-data controls,Web/tablet/mobile
19,Contract Change Order Claims Commercial Management,P19-UI-010,Potential Change Register,Change Pricing,Role-based; contract/version/deadline/authority visible; evidence drill-through; approval state; responsive; sensitive-data controls,Web/tablet/mobile
19,Contract Change Order Claims Commercial Management,P19-UI-011,Change Event Workspace,T&M / Force Account,Role-based; contract/version/deadline/authority visible; evidence drill-through; approval state; responsive; sensitive-data controls,Web/tablet/mobile
19,Contract Change Order Claims Commercial Management,P19-UI-012,Change Pricing Workspace,Change Authorization,Role-based; contract/version/deadline/authority visible; evidence drill-through; approval state; responsive; sensitive-data controls,Web/tablet/mobile
19,Contract Change Order Claims Commercial Management,P19-UI-013,T&M/Force Account Mobile,Contract Value Control,Role-based; contract/version/deadline/authority visible; evidence drill-through; approval state; responsive; sensitive-data controls,Web/tablet/mobile
19,Contract Change Order Claims Commercial Management,P19-UI-014,T&M Reconciliation,Claims Management,Role-based; contract/version/deadline/authority visible; evidence drill-through; approval state; responsive; sensitive-data controls,Web/tablet/mobile
19,Contract Change Order Claims Commercial Management,P19-UI-015,Change Schedule Impact,Delay & Disruption Records,Role-based; contract/version/deadline/authority visible; evidence drill-through; approval state; responsive; sensitive-data controls,Web/tablet/mobile
19,Contract Change Order Claims Commercial Management,P19-UI-016,Change Authorization,Differing Site Conditions,Role-based; contract/version/deadline/authority visible; evidence drill-through; approval state; responsive; sensitive-data controls,Web/tablet/mobile
19,Contract Change Order Claims Commercial Management,P19-UI-017,Change Order Builder,Scope & Design Change,Role-based; contract/version/deadline/authority visible; evidence drill-through; approval state; responsive; sensitive-data controls,Web/tablet/mobile
19,Contract Change Order Claims Commercial Management,P19-UI-018,Owner Change Orders,Payment & Billing Commercials,Role-based; contract/version/deadline/authority visible; evidence drill-through; approval state; responsive; sensitive-data controls,Web/tablet/mobile
19,Contract Change Order Claims Commercial Management,P19-UI-019,Subcontract Change Orders,Retainage & Holdbacks,Role-based; contract/version/deadline/authority visible; evidence drill-through; approval state; responsive; sensitive-data controls,Web/tablet/mobile
19,Contract Change Order Claims Commercial Management,P19-UI-020,Change Directive Center,Backcharges & Deductions,Role-based; contract/version/deadline/authority visible; evidence drill-through; approval state; responsive; sensitive-data controls,Web/tablet/mobile
19,Contract Change Order Claims Commercial Management,P19-UI-021,Contract Value Dashboard,Allowances & Contingencies,Role-based; contract/version/deadline/authority visible; evidence drill-through; approval state; responsive; sensitive-data controls,Web/tablet/mobile
19,Contract Change Order Claims Commercial Management,P19-UI-022,Pending Change Exposure,Escalation & Price Adjustment,Role-based; contract/version/deadline/authority visible; evidence drill-through; approval state; responsive; sensitive-data controls,Web/tablet/mobile
19,Contract Change Order Claims Commercial Management,P19-UI-023,Claims Register,"Insurance, Bonds & Commercial Compliance",Role-based; contract/version/deadline/authority visible; evidence drill-through; approval state; responsive; sensitive-data controls,Web/tablet/mobile
19,Contract Change Order Claims Commercial Management,P19-UI-024,Claim Workspace,Lien & Waiver Administration,Role-based; contract/version/deadline/authority visible; evidence drill-through; approval state; responsive; sensitive-data controls,Web/tablet/mobile
19,Contract Change Order Claims Commercial Management,P19-UI-025,Claim Chronology,Dispute Management,Role-based; contract/version/deadline/authority visible; evidence drill-through; approval state; responsive; sensitive-data controls,Web/tablet/mobile
19,Contract Change Order Claims Commercial Management,P19-UI-026,Claim Cost Build,Commercial Forecasting,Role-based; contract/version/deadline/authority visible; evidence drill-through; approval state; responsive; sensitive-data controls,Web/tablet/mobile
19,Contract Change Order Claims Commercial Management,P19-UI-027,Claim Time Build,Contract Closeout,Role-based; contract/version/deadline/authority visible; evidence drill-through; approval state; responsive; sensitive-data controls,Web/tablet/mobile
19,Contract Change Order Claims Commercial Management,P19-UI-028,Claim Evidence Room,AI Commercial Intelligence,Role-based; contract/version/deadline/authority visible; evidence drill-through; approval state; responsive; sensitive-data controls,Web/tablet/mobile
19,Contract Change Order Claims Commercial Management,P19-UI-029,Differing Site Conditions,Commercial Digital Twin,Role-based; contract/version/deadline/authority visible; evidence drill-through; approval state; responsive; sensitive-data controls,Web/tablet/mobile
19,Contract Change Order Claims Commercial Management,P19-UI-030,Delay/Disruption Center,Commercial Management Core,Role-based; contract/version/deadline/authority visible; evidence drill-through; approval state; responsive; sensitive-data controls,Web/tablet/mobile
19,Contract Change Order Claims Commercial Management,P19-UI-031,Acceleration Center,Prime Contract Management,Role-based; contract/version/deadline/authority visible; evidence drill-through; approval state; responsive; sensitive-data controls,Web/tablet/mobile
19,Contract Change Order Claims Commercial Management,P19-UI-032,Scope/Design Change Trace,Subcontract Management,Role-based; contract/version/deadline/authority visible; evidence drill-through; approval state; responsive; sensitive-data controls,Web/tablet/mobile
19,Contract Change Order Claims Commercial Management,P19-UI-033,Payment Application Center,Purchase Contract Commercials,Role-based; contract/version/deadline/authority visible; evidence drill-through; approval state; responsive; sensitive-data controls,Web/tablet/mobile
19,Contract Change Order Claims Commercial Management,P19-UI-034,Retainage Manager,Contract Clause Registry,Role-based; contract/version/deadline/authority visible; evidence drill-through; approval state; responsive; sensitive-data controls,Web/tablet/mobile
19,Contract Change Order Claims Commercial Management,P19-UI-035,Backcharge Center,Obligation Management,Role-based; contract/version/deadline/authority visible; evidence drill-through; approval state; responsive; sensitive-data controls,Web/tablet/mobile
19,Contract Change Order Claims Commercial Management,P19-UI-036,Allowance/Contingency Manager,Notice Management,Role-based; contract/version/deadline/authority visible; evidence drill-through; approval state; responsive; sensitive-data controls,Web/tablet/mobile
19,Contract Change Order Claims Commercial Management,P19-UI-037,Escalation/Price Adjustment,Potential Change Management,Role-based; contract/version/deadline/authority visible; evidence drill-through; approval state; responsive; sensitive-data controls,Web/tablet/mobile
19,Contract Change Order Claims Commercial Management,P19-UI-038,Insurance/Bond Compliance,Change Order Management,Role-based; contract/version/deadline/authority visible; evidence drill-through; approval state; responsive; sensitive-data controls,Web/tablet/mobile
19,Contract Change Order Claims Commercial Management,P19-UI-039,Lien/Waiver Center,Change Pricing,Role-based; contract/version/deadline/authority visible; evidence drill-through; approval state; responsive; sensitive-data controls,Web/tablet/mobile
19,Contract Change Order Claims Commercial Management,P19-UI-040,Commercial Forecast,T&M / Force Account,Role-based; contract/version/deadline/authority visible; evidence drill-through; approval state; responsive; sensitive-data controls,Web/tablet/mobile
19,Contract Change Order Claims Commercial Management,P19-UI-041,Margin at Completion,Change Authorization,Role-based; contract/version/deadline/authority visible; evidence drill-through; approval state; responsive; sensitive-data controls,Web/tablet/mobile
19,Contract Change Order Claims Commercial Management,P19-UI-042,Dispute/Settlement Center,Contract Value Control,Role-based; contract/version/deadline/authority visible; evidence drill-through; approval state; responsive; sensitive-data controls,Web/tablet/mobile
19,Contract Change Order Claims Commercial Management,P19-UI-043,Commercial Closeout,Claims Management,Role-based; contract/version/deadline/authority visible; evidence drill-through; approval state; responsive; sensitive-data controls,Web/tablet/mobile
19,Contract Change Order Claims Commercial Management,P19-UI-044,AI Commercial Intelligence Review,Delay & Disruption Records,Role-based; contract/version/deadline/authority visible; evidence drill-through; approval state; responsive; sensitive-data controls,Web/tablet/mobile
19,Contract Change Order Claims Commercial Management,P19-UI-045,Commercial Analytics,Differing Site Conditions,Role-based; contract/version/deadline/authority visible; evidence drill-through; approval state; responsive; sensitive-data controls,Web/tablet/mobile
19,Contract Change Order Claims Commercial Management,P19-UI-046,Commercial Digital Twin,Scope & Design Change,Role-based; contract/version/deadline/authority visible; evidence drill-through; approval state; responsive; sensitive-data controls,Web/tablet/mobile
19,Contract Change Order Claims Commercial Management,P19-UI-047,Mobile Commercial Field Capture,Payment & Billing Commercials,Role-based; contract/version/deadline/authority visible; evidence drill-through; approval state; responsive; sensitive-data controls,Web/tablet/mobile
19,Contract Change Order Claims Commercial Management,P19-UI-048,Commercial Administration,Retainage & Holdbacks,Role-based; contract/version/deadline/authority visible; evidence drill-through; approval state; responsive; sensitive-data controls,Web/tablet/mobile
19,Contract Change Order Claims Commercial Management,P19-UI-049,Template/Jurisdiction Manager,Backcharges & Deductions,Role-based; contract/version/deadline/authority visible; evidence drill-through; approval state; responsive; sensitive-data controls,Web/tablet/mobile
20,Enterprise Integration Deployment Testing Governance Production Readiness,P20-UI-001,Platform Control Tower,Enterprise Integration Architecture,Role-based; tenant/environment/version visible; readiness and risk status; evidence drill-through; approval state; responsive,Web/tablet/mobile
20,Enterprise Integration Deployment Testing Governance Production Readiness,P20-UI-002,Integration Registry,API Governance,Role-based; tenant/environment/version visible; readiness and risk status; evidence drill-through; approval state; responsive,Web/tablet/mobile
20,Enterprise Integration Deployment Testing Governance Production Readiness,P20-UI-003,Connector Manager,Event & Messaging Platform,Role-based; tenant/environment/version visible; readiness and risk status; evidence drill-through; approval state; responsive,Web/tablet/mobile
20,Enterprise Integration Deployment Testing Governance Production Readiness,P20-UI-004,API Governance Center,Data Integration & Synchronization,Role-based; tenant/environment/version visible; readiness and risk status; evidence drill-through; approval state; responsive,Web/tablet/mobile
20,Enterprise Integration Deployment Testing Governance Production Readiness,P20-UI-005,Event & Messaging Center,Identity & Access Integration,Role-based; tenant/environment/version visible; readiness and risk status; evidence drill-through; approval state; responsive,Web/tablet/mobile
20,Enterprise Integration Deployment Testing Governance Production Readiness,P20-UI-006,Sync/Reconciliation Center,External Connectors,Role-based; tenant/environment/version visible; readiness and risk status; evidence drill-through; approval state; responsive,Web/tablet/mobile
20,Enterprise Integration Deployment Testing Governance Production Readiness,P20-UI-007,Identity Integration Center,Environment Strategy,Role-based; tenant/environment/version visible; readiness and risk status; evidence drill-through; approval state; responsive,Web/tablet/mobile
20,Enterprise Integration Deployment Testing Governance Production Readiness,P20-UI-008,Environment Manager,Configuration Management,Role-based; tenant/environment/version visible; readiness and risk status; evidence drill-through; approval state; responsive,Web/tablet/mobile
20,Enterprise Integration Deployment Testing Governance Production Readiness,P20-UI-009,Configuration Manager,CI/CD & Release Engineering,Role-based; tenant/environment/version visible; readiness and risk status; evidence drill-through; approval state; responsive,Web/tablet/mobile
20,Enterprise Integration Deployment Testing Governance Production Readiness,P20-UI-010,Feature Flag Center,Infrastructure as Code,Role-based; tenant/environment/version visible; readiness and risk status; evidence drill-through; approval state; responsive,Web/tablet/mobile
20,Enterprise Integration Deployment Testing Governance Production Readiness,P20-UI-011,Secrets/Certificate Status,Container & Runtime Platform,Role-based; tenant/environment/version visible; readiness and risk status; evidence drill-through; approval state; responsive,Web/tablet/mobile
20,Enterprise Integration Deployment Testing Governance Production Readiness,P20-UI-012,CI/CD Pipeline Center,Database & Storage Readiness,Role-based; tenant/environment/version visible; readiness and risk status; evidence drill-through; approval state; responsive,Web/tablet/mobile
20,Enterprise Integration Deployment Testing Governance Production Readiness,P20-UI-013,Release Manager,Security Engineering,Role-based; tenant/environment/version visible; readiness and risk status; evidence drill-through; approval state; responsive,Web/tablet/mobile
20,Enterprise Integration Deployment Testing Governance Production Readiness,P20-UI-014,Deployment Center,Privacy & Data Protection,Role-based; tenant/environment/version visible; readiness and risk status; evidence drill-through; approval state; responsive,Web/tablet/mobile
20,Enterprise Integration Deployment Testing Governance Production Readiness,P20-UI-015,Rollback Center,Observability,Role-based; tenant/environment/version visible; readiness and risk status; evidence drill-through; approval state; responsive,Web/tablet/mobile
20,Enterprise Integration Deployment Testing Governance Production Readiness,P20-UI-016,Infrastructure as Code Center,Reliability Engineering,Role-based; tenant/environment/version visible; readiness and risk status; evidence drill-through; approval state; responsive,Web/tablet/mobile
20,Enterprise Integration Deployment Testing Governance Production Readiness,P20-UI-017,Runtime/Container Health,Performance & Scalability,Role-based; tenant/environment/version visible; readiness and risk status; evidence drill-through; approval state; responsive,Web/tablet/mobile
20,Enterprise Integration Deployment Testing Governance Production Readiness,P20-UI-018,Database Migration Center,Disaster Recovery & Business Continuity,Role-based; tenant/environment/version visible; readiness and risk status; evidence drill-through; approval state; responsive,Web/tablet/mobile
20,Enterprise Integration Deployment Testing Governance Production Readiness,P20-UI-019,Backup/Restore Center,Testing Governance,Role-based; tenant/environment/version visible; readiness and risk status; evidence drill-through; approval state; responsive,Web/tablet/mobile
20,Enterprise Integration Deployment Testing Governance Production Readiness,P20-UI-020,Security Readiness Center,Automated Test Platform,Role-based; tenant/environment/version visible; readiness and risk status; evidence drill-through; approval state; responsive,Web/tablet/mobile
20,Enterprise Integration Deployment Testing Governance Production Readiness,P20-UI-021,Privacy/Data Protection Center,Requirements Traceability & Coverage,Role-based; tenant/environment/version visible; readiness and risk status; evidence drill-through; approval state; responsive,Web/tablet/mobile
20,Enterprise Integration Deployment Testing Governance Production Readiness,P20-UI-022,Observability Center,Data Migration & Cutover,Role-based; tenant/environment/version visible; readiness and risk status; evidence drill-through; approval state; responsive,Web/tablet/mobile
20,Enterprise Integration Deployment Testing Governance Production Readiness,P20-UI-023,SLO/Error Budget Center,Production Readiness Review,Role-based; tenant/environment/version visible; readiness and risk status; evidence drill-through; approval state; responsive,Web/tablet/mobile
20,Enterprise Integration Deployment Testing Governance Production Readiness,P20-UI-024,Reliability Center,Release & Change Management,Role-based; tenant/environment/version visible; readiness and risk status; evidence drill-through; approval state; responsive,Web/tablet/mobile
20,Enterprise Integration Deployment Testing Governance Production Readiness,P20-UI-025,Performance/Capacity Center,Incident & Problem Management,Role-based; tenant/environment/version visible; readiness and risk status; evidence drill-through; approval state; responsive,Web/tablet/mobile
20,Enterprise Integration Deployment Testing Governance Production Readiness,P20-UI-026,Disaster Recovery Center,Service Management & Support,Role-based; tenant/environment/version visible; readiness and risk status; evidence drill-through; approval state; responsive,Web/tablet/mobile
20,Enterprise Integration Deployment Testing Governance Production Readiness,P20-UI-027,Master Test Center,Tenant Provisioning & SaaS Operations,Role-based; tenant/environment/version visible; readiness and risk status; evidence drill-through; approval state; responsive,Web/tablet/mobile
20,Enterprise Integration Deployment Testing Governance Production Readiness,P20-UI-028,Automated Test Runs,Compliance & Audit Readiness,Role-based; tenant/environment/version visible; readiness and risk status; evidence drill-through; approval state; responsive,Web/tablet/mobile
20,Enterprise Integration Deployment Testing Governance Production Readiness,P20-UI-029,Requirements Coverage Matrix,AI/ML Production Governance,Role-based; tenant/environment/version visible; readiness and risk status; evidence drill-through; approval state; responsive,Web/tablet/mobile
20,Enterprise Integration Deployment Testing Governance Production Readiness,P20-UI-030,Defect Center,Enterprise Go-Live & Hypercare,Role-based; tenant/environment/version visible; readiness and risk status; evidence drill-through; approval state; responsive,Web/tablet/mobile
20,Enterprise Integration Deployment Testing Governance Production Readiness,P20-UI-031,UAT Center,Platform Digital Twin & Control Tower,Role-based; tenant/environment/version visible; readiness and risk status; evidence drill-through; approval state; responsive,Web/tablet/mobile
20,Enterprise Integration Deployment Testing Governance Production Readiness,P20-UI-032,Migration Factory,Enterprise Integration Architecture,Role-based; tenant/environment/version visible; readiness and risk status; evidence drill-through; approval state; responsive,Web/tablet/mobile
20,Enterprise Integration Deployment Testing Governance Production Readiness,P20-UI-033,Cutover Command Center,API Governance,Role-based; tenant/environment/version visible; readiness and risk status; evidence drill-through; approval state; responsive,Web/tablet/mobile
20,Enterprise Integration Deployment Testing Governance Production Readiness,P20-UI-034,Production Readiness Review,Event & Messaging Platform,Role-based; tenant/environment/version visible; readiness and risk status; evidence drill-through; approval state; responsive,Web/tablet/mobile
20,Enterprise Integration Deployment Testing Governance Production Readiness,P20-UI-035,Go-Live Decision Board,Data Integration & Synchronization,Role-based; tenant/environment/version visible; readiness and risk status; evidence drill-through; approval state; responsive,Web/tablet/mobile
20,Enterprise Integration Deployment Testing Governance Production Readiness,P20-UI-036,Incident Command Center,Identity & Access Integration,Role-based; tenant/environment/version visible; readiness and risk status; evidence drill-through; approval state; responsive,Web/tablet/mobile
20,Enterprise Integration Deployment Testing Governance Production Readiness,P20-UI-037,Problem/RCA Center,External Connectors,Role-based; tenant/environment/version visible; readiness and risk status; evidence drill-through; approval state; responsive,Web/tablet/mobile
20,Enterprise Integration Deployment Testing Governance Production Readiness,P20-UI-038,Service Management Center,Environment Strategy,Role-based; tenant/environment/version visible; readiness and risk status; evidence drill-through; approval state; responsive,Web/tablet/mobile
20,Enterprise Integration Deployment Testing Governance Production Readiness,P20-UI-039,Knowledge/Runbook Center,Configuration Management,Role-based; tenant/environment/version visible; readiness and risk status; evidence drill-through; approval state; responsive,Web/tablet/mobile
20,Enterprise Integration Deployment Testing Governance Production Readiness,P20-UI-040,Tenant Provisioning,CI/CD & Release Engineering,Role-based; tenant/environment/version visible; readiness and risk status; evidence drill-through; approval state; responsive,Web/tablet/mobile
20,Enterprise Integration Deployment Testing Governance Production Readiness,P20-UI-041,Plan & Entitlement Manager,Infrastructure as Code,Role-based; tenant/environment/version visible; readiness and risk status; evidence drill-through; approval state; responsive,Web/tablet/mobile
20,Enterprise Integration Deployment Testing Governance Production Readiness,P20-UI-042,White-Label Configuration,Container & Runtime Platform,Role-based; tenant/environment/version visible; readiness and risk status; evidence drill-through; approval state; responsive,Web/tablet/mobile
20,Enterprise Integration Deployment Testing Governance Production Readiness,P20-UI-043,Compliance/Audit Center,Database & Storage Readiness,Role-based; tenant/environment/version visible; readiness and risk status; evidence drill-through; approval state; responsive,Web/tablet/mobile
20,Enterprise Integration Deployment Testing Governance Production Readiness,P20-UI-044,Access Review Center,Security Engineering,Role-based; tenant/environment/version visible; readiness and risk status; evidence drill-through; approval state; responsive,Web/tablet/mobile
20,Enterprise Integration Deployment Testing Governance Production Readiness,P20-UI-045,AI Production Governance,Privacy & Data Protection,Role-based; tenant/environment/version visible; readiness and risk status; evidence drill-through; approval state; responsive,Web/tablet/mobile
20,Enterprise Integration Deployment Testing Governance Production Readiness,P20-UI-046,AI Evaluation Center,Observability,Role-based; tenant/environment/version visible; readiness and risk status; evidence drill-through; approval state; responsive,Web/tablet/mobile
20,Enterprise Integration Deployment Testing Governance Production Readiness,P20-UI-047,Hypercare Command Center,Reliability Engineering,Role-based; tenant/environment/version visible; readiness and risk status; evidence drill-through; approval state; responsive,Web/tablet/mobile
20,Enterprise Integration Deployment Testing Governance Production Readiness,P20-UI-048,Stabilization Dashboard,Performance & Scalability,Role-based; tenant/environment/version visible; readiness and risk status; evidence drill-through; approval state; responsive,Web/tablet/mobile
20,Enterprise Integration Deployment Testing Governance Production Readiness,P20-UI-049,Platform Digital Twin,Disaster Recovery & Business Continuity,Role-based; tenant/environment/version visible; readiness and risk status; evidence drill-through; approval state; responsive,Web/tablet/mobile
20,Enterprise Integration Deployment Testing Governance Production Readiness,P20-UI-050,Platform Administration,Testing Governance,Role-based; tenant/environment/version visible; readiness and risk status; evidence drill-through; approval state; responsive,Web/tablet/mobile
