phase,phase_title,engine_id,name,type,purpose,governance
02,Core Platform,ENG-P02-001,Authorization Decision Engine,,,
02,Core Platform,ENG-P02-002,Configuration Resolution Engine,,,
02,Core Platform,ENG-P02-003,Workflow Orchestration Engine,,,
02,Core Platform,ENG-P02-004,Rules Evaluation Engine,,,
02,Core Platform,ENG-P02-005,Job Dispatch Engine,,,
02,Core Platform,ENG-P02-006,Search Indexing Engine,,,
02,Core Platform,ENG-P02-007,Notification Routing Engine,,,
02,Core Platform,ENG-P02-008,Synchronization Engine,,,
02,Core Platform,ENG-P02-009,Unit Conversion Engine,,,
02,Core Platform,ENG-P02-010,Currency Conversion Engine,,,
02,Core Platform,ENG-P02-011,AI Policy Engine,,,
02,Core Platform,ENG-P02-012,AI Cost Metering Engine,,,
03,Enterprise Data Model,ENG-P03-001,Identifier Engine,,,
03,Enterprise Data Model,ENG-P03-002,Reference Resolution Engine,,,
03,Enterprise Data Model,ENG-P03-003,Master Data Matching Engine,,,
03,Enterprise Data Model,ENG-P03-004,Effective Dating Engine,,,
03,Enterprise Data Model,ENG-P03-005,Data Quality Engine,,,
03,Enterprise Data Model,ENG-P03-006,Lineage Engine,,,
03,Enterprise Data Model,ENG-P03-007,Schema Compatibility Engine,,,
03,Enterprise Data Model,ENG-P03-008,Retention Resolution Engine,,,
03,Enterprise Data Model,ENG-P03-009,Unit and Currency Context Engine,,,
03,Enterprise Data Model,ENG-P03-010,AI Writeback Guard Engine,,,
04,Master Library Registry,ENG-001,Library Registry Engine,,"Registers library definitions, ownership and lifecycle.",
04,Master Library Registry,ENG-002,Inheritance and Override Engine,,"Resolves global, reseller, tenant and project precedence.",
04,Master Library Registry,ENG-003,Version and Effective-Date Engine,,Selects valid immutable versions by context date.,
04,Master Library Registry,ENG-004,Validation Engine,,"Executes schema, business and relationship validations.",
04,Master Library Registry,ENG-005,Duplicate Detection Engine,,"Uses code, name, attributes and semantic similarity.",
04,Master Library Registry,ENG-006,Relationship Graph Engine,,Maintains typed dependencies and impact analysis.,
04,Master Library Registry,ENG-007,Approval and Publication Engine,,"Controls review, approval, publish and rollback.",
04,Master Library Registry,ENG-008,Search and Indexing Engine,,"Provides faceted, full-text and semantic retrieval.",
04,Master Library Registry,ENG-009,Import and Mapping Engine,,"Stages, maps and validates CSV/Excel/API imports.",
04,Master Library Registry,ENG-010,White Label Resolution Engine,,"Applies brand-specific visibility, terminology and templates.",
04,Master Library Registry,ENG-011,Confidence and Provenance Engine,,Scores reliability and enforces source evidence.,
04,Master Library Registry,ENG-012,Audit Integrity Engine,,Creates tamper-evident hashes and event history.,
05,Estimating Cost Intelligence,GES-P05-ENG-001,Quantity Engine,,Converts measured geometry and formulas into normalized quantities.,
05,Estimating Cost Intelligence,GES-P05-ENG-002,Takeoff Intelligence Engine,,Reads and compares plans/specifications with human review.,
05,Estimating Cost Intelligence,GES-P05-ENG-003,Production Engine,,"Calculates duration and hours using rates, crews and conditions.",
05,Estimating Cost Intelligence,GES-P05-ENG-004,Crew Balancer,,Identifies bottlenecks and recommends balanced resource mixes.,
05,Estimating Cost Intelligence,GES-P05-ENG-005,Labor Cost Engine,,Builds fully burdened labor cost.,
05,Estimating Cost Intelligence,GES-P05-ENG-006,Equipment Cost Engine,,Builds ownership/rental and operating costs.,
05,Estimating Cost Intelligence,GES-P05-ENG-007,Material Cost Engine,,Selects and normalizes material pricing.,
05,Estimating Cost Intelligence,GES-P05-ENG-008,Haul & Disposal Engine,,"Calculates truck cycles, counts, haul cost and disposal.",
05,Estimating Cost Intelligence,GES-P05-ENG-009,Markup & Margin Engine,,"Applies overhead, contingency, tax, bonds, profit and margin rules.",
05,Estimating Cost Intelligence,GES-P05-ENG-010,Regional Pricing Engine,,Applies location and market factors.,
05,Estimating Cost Intelligence,GES-P05-ENG-011,Risk & Confidence Engine,,Scores uncertainty and confidence.,
05,Estimating Cost Intelligence,GES-P05-ENG-012,Scenario Engine,,Maintains isolated alternatives and comparisons.,
05,Estimating Cost Intelligence,GES-P05-ENG-013,Simulation Engine,,Runs probabilistic cost and duration simulations.,
05,Estimating Cost Intelligence,GES-P05-ENG-014,Explainability Engine,,Produces calculation lineage and plain-language explanations.,
05,Estimating Cost Intelligence,GES-P05-ENG-015,Calibration Engine,,Compares estimates with actuals and proposes governed updates.,
05,Estimating Cost Intelligence,GES-P05-ENG-016,Estimate Validation Engine,,"Runs completeness, consistency and policy checks.",
05,Estimating Cost Intelligence,GES-P05-ENG-017,Document Classification Engine,,"Classifies plans, specs, addenda, reports and quotes.",
05,Estimating Cost Intelligence,GES-P05-ENG-018,White-Label Configuration Engine,,Resolves inherited brand and tenant configuration.,
05,Estimating Cost Intelligence,GES-P05-ENG-019,Offline Sync Engine,,Synchronizes field records with conflict handling.,
05,Estimating Cost Intelligence,GES-P05-ENG-020,Export Composition Engine,,"Builds proposals, review books and machine-readable exports.",
07,Enterprise Project Management,P07-ENG-001,Project Lifecycle Engine,,"Controls project states, gates, required artifacts, waivers, and transitions.",
07,Enterprise Project Management,P07-ENG-002,Command Center Aggregation Engine,,"Assembles role-specific project health, alerts, approvals, KPIs, and actions.",
07,Enterprise Project Management,P07-ENG-003,CPM Scheduling Engine,,"Calculates early/late dates, float, critical path, calendars, constraints, and baselines.",
07,Enterprise Project Management,P07-ENG-004,Look-Ahead and Constraint Engine,,Builds rolling plans and tracks constraint readiness.,
07,Enterprise Project Management,P07-ENG-005,Resource Leveling Engine,,Detects conflicts and recommends labor/equipment/crew allocation options.,
07,Enterprise Project Management,P07-ENG-006,Field Capture and Posting Engine,,"Validates and posts daily labor, equipment, production, weather, and delivery data.",
07,Enterprise Project Management,P07-ENG-007,Document Control Engine,,"Manages numbering, revisions, transmittals, review cycles, acknowledgements, and supersession.",
07,Enterprise Project Management,P07-ENG-008,RFI and Submittal Engine,,"Controls registers, due dates, workflows, impacts, and response cycles.",
07,Enterprise Project Management,P07-ENG-009,Change Intelligence Engine,,"Links scope changes to estimate, budget, schedule, contract, and forecast impacts.",
07,Enterprise Project Management,P07-ENG-010,Project Cost Control Engine,,"Maintains budget, commitments, actuals, forecast, variance, and cost-to-complete.",
07,Enterprise Project Management,P07-ENG-011,Billing and Retainage Engine,,"Calculates progress billing, stored material, retainage, and payment status.",
07,Enterprise Project Management,P07-ENG-012,Procurement and Lead-Time Engine,,"Tracks buyout, procurement status, lead times, required-on-site dates, and delivery risk.",
07,Enterprise Project Management,P07-ENG-013,Quality Control Engine,,"Executes inspection plans, checklists, deficiencies, corrective actions, and punch lists.",
07,Enterprise Project Management,P07-ENG-014,Safety Control Engine,,"Manages plans, JHAs, talks, observations, incidents, and corrective actions.",
07,Enterprise Project Management,P07-ENG-015,Digital Twin Synchronization Engine,,"Creates time-stamped, source-aware operational snapshots and freshness indicators.",
07,Enterprise Project Management,P07-ENG-016,Project Risk Scoring Engine,,"Scores cost, schedule, safety, quality, procurement, and documentation risk.",
07,Enterprise Project Management,P07-ENG-017,Forecast and Scenario Engine,,"Produces EAC, ETC, cash flow, completion, and recovery scenarios.",
07,Enterprise Project Management,P07-ENG-018,Mobile Offline Sync Engine,,"Scopes, encrypts, validates, reconciles, and audits offline data synchronization.",
07,Enterprise Project Management,P07-ENG-019,Notification and Escalation Engine,,"Applies subscriptions, severity, SLA, digest, escalation, and acknowledgement logic.",
07,Enterprise Project Management,P07-ENG-020,Project Audit and Reconciliation Engine,,Detects cross-module mismatches and maintains immutable transaction evidence.,
08,Enterprise CRM Sales Customer Experience,GES-P08-ENG-001,Lead Capture Engine,,,
08,Enterprise CRM Sales Customer Experience,GES-P08-ENG-002,Identity Resolution Engine,,,
08,Enterprise CRM Sales Customer Experience,GES-P08-ENG-003,Attribution Engine,,,
08,Enterprise CRM Sales Customer Experience,GES-P08-ENG-004,Lead Scoring Engine,,,
08,Enterprise CRM Sales Customer Experience,GES-P08-ENG-005,Assignment Engine,,,
08,Enterprise CRM Sales Customer Experience,GES-P08-ENG-006,Pipeline Engine,,,
08,Enterprise CRM Sales Customer Experience,GES-P08-ENG-007,Opportunity Valuation Engine,,,
08,Enterprise CRM Sales Customer Experience,GES-P08-ENG-008,Proposal Generation Engine,,,
08,Enterprise CRM Sales Customer Experience,GES-P08-ENG-009,Commercial Approval Engine,,,
08,Enterprise CRM Sales Customer Experience,GES-P08-ENG-010,E-Signature Orchestration Engine,,,
08,Enterprise CRM Sales Customer Experience,GES-P08-ENG-011,Marketing Automation Engine,,,
08,Enterprise CRM Sales Customer Experience,GES-P08-ENG-012,Communication Orchestration Engine,,,
08,Enterprise CRM Sales Customer Experience,GES-P08-ENG-013,Customer Intelligence Engine,,,
08,Enterprise CRM Sales Customer Experience,GES-P08-ENG-014,Next Best Action Engine,,,
08,Enterprise CRM Sales Customer Experience,GES-P08-ENG-015,Revenue Forecast Engine,,,
08,Enterprise CRM Sales Customer Experience,GES-P08-ENG-016,Customer Health Engine,,,
08,Enterprise CRM Sales Customer Experience,GES-P08-ENG-017,Reputation Engine,,,
08,Enterprise CRM Sales Customer Experience,GES-P08-ENG-018,Referral Engine,,,
08,Enterprise CRM Sales Customer Experience,GES-P08-ENG-019,Partner Channel Engine,,,
08,Enterprise CRM Sales Customer Experience,GES-P08-ENG-020,CRM Audit & Compliance Engine,,,
09,HR Workforce Talent Management,GES-P09-ENG-001,Workforce Demand Forecasting Engine,,Processes governed workforce inputs and produces explainable outputs for workforce demand forecasting engine.,
09,HR Workforce Talent Management,GES-P09-ENG-002,Capacity Planning Engine,,Processes governed workforce inputs and produces explainable outputs for capacity planning engine.,
09,HR Workforce Talent Management,GES-P09-ENG-003,Recruiting Match Engine,,Processes governed workforce inputs and produces explainable outputs for recruiting match engine.,
09,HR Workforce Talent Management,GES-P09-ENG-004,Candidate Scoring Engine,,Processes governed workforce inputs and produces explainable outputs for candidate scoring engine.,
09,HR Workforce Talent Management,GES-P09-ENG-005,Onboarding Orchestration Engine,,Processes governed workforce inputs and produces explainable outputs for onboarding orchestration engine.,
09,HR Workforce Talent Management,GES-P09-ENG-006,Worker Eligibility Engine,,Processes governed workforce inputs and produces explainable outputs for worker eligibility engine.,
09,HR Workforce Talent Management,GES-P09-ENG-007,Crew Optimization Engine,,Processes governed workforce inputs and produces explainable outputs for crew optimization engine.,
09,HR Workforce Talent Management,GES-P09-ENG-008,Workforce Scheduling Engine,,Processes governed workforce inputs and produces explainable outputs for workforce scheduling engine.,
09,HR Workforce Talent Management,GES-P09-ENG-009,Time and Attendance Rules Engine,,Processes governed workforce inputs and produces explainable outputs for time and attendance rules engine.,
09,HR Workforce Talent Management,GES-P09-ENG-010,Geofence Validation Engine,,Processes governed workforce inputs and produces explainable outputs for geofence validation engine.,
09,HR Workforce Talent Management,GES-P09-ENG-011,Labor Rate Resolution Engine,,Processes governed workforce inputs and produces explainable outputs for labor rate resolution engine.,
09,HR Workforce Talent Management,GES-P09-ENG-012,Union Agreement Engine,,Processes governed workforce inputs and produces explainable outputs for union agreement engine.,
09,HR Workforce Talent Management,GES-P09-ENG-013,Prevailing Wage Engine,,Processes governed workforce inputs and produces explainable outputs for prevailing wage engine.,
09,HR Workforce Talent Management,GES-P09-ENG-014,Certified Payroll Engine,,Processes governed workforce inputs and produces explainable outputs for certified payroll engine.,
09,HR Workforce Talent Management,GES-P09-ENG-015,Payroll Reconciliation Engine,,Processes governed workforce inputs and produces explainable outputs for payroll reconciliation engine.,
09,HR Workforce Talent Management,GES-P09-ENG-016,Credential Compliance Engine,,Processes governed workforce inputs and produces explainable outputs for credential compliance engine.,
09,HR Workforce Talent Management,GES-P09-ENG-017,Training Recommendation Engine,,Processes governed workforce inputs and produces explainable outputs for training recommendation engine.,
09,HR Workforce Talent Management,GES-P09-ENG-018,Fatigue Risk Engine,,Processes governed workforce inputs and produces explainable outputs for fatigue risk engine.,
09,HR Workforce Talent Management,GES-P09-ENG-019,Retention Risk Engine,,Processes governed workforce inputs and produces explainable outputs for retention risk engine.,
09,HR Workforce Talent Management,GES-P09-ENG-020,Performance Insight Engine,,Processes governed workforce inputs and produces explainable outputs for performance insight engine.,
09,HR Workforce Talent Management,GES-P09-ENG-021,Career Path Engine,,Processes governed workforce inputs and produces explainable outputs for career path engine.,
09,HR Workforce Talent Management,GES-P09-ENG-022,Succession Planning Engine,,Processes governed workforce inputs and produces explainable outputs for succession planning engine.,
09,HR Workforce Talent Management,GES-P09-ENG-023,Workforce Digital Twin Engine,,Processes governed workforce inputs and produces explainable outputs for workforce digital twin engine.,
09,HR Workforce Talent Management,GES-P09-ENG-024,Workforce Notification Engine,,Processes governed workforce inputs and produces explainable outputs for workforce notification engine.,
10,Enterprise Financial Management Accounting,ENG-P10-01,Financial Posting Engine,,Provides governed financial posting engine services.,
10,Enterprise Financial Management Accounting,ENG-P10-02,Chart of Accounts & Dimension Engine,,Provides governed chart of accounts & dimension engine services.,
10,Enterprise Financial Management Accounting,ENG-P10-03,Fiscal Period Control Engine,,Provides governed fiscal period control engine services.,
10,Enterprise Financial Management Accounting,ENG-P10-04,Journal & Allocation Engine,,Provides governed journal & allocation engine services.,
10,Enterprise Financial Management Accounting,ENG-P10-05,Intercompany Engine,,Provides governed intercompany engine services.,
10,Enterprise Financial Management Accounting,ENG-P10-06,Consolidation Engine,,Provides governed consolidation engine services.,
10,Enterprise Financial Management Accounting,ENG-P10-07,Accounts Payable Engine,,Provides governed accounts payable engine services.,
10,Enterprise Financial Management Accounting,ENG-P10-08,Invoice Matching Engine,,Provides governed invoice matching engine services.,
10,Enterprise Financial Management Accounting,ENG-P10-09,Payment Orchestration Engine,,Provides governed payment orchestration engine services.,
10,Enterprise Financial Management Accounting,ENG-P10-10,Accounts Receivable Engine,,Provides governed accounts receivable engine services.,
10,Enterprise Financial Management Accounting,ENG-P10-11,Construction Billing Engine,,Provides governed construction billing engine services.,
10,Enterprise Financial Management Accounting,ENG-P10-12,Cash Application Engine,,Provides governed cash application engine services.,
10,Enterprise Financial Management Accounting,ENG-P10-13,Job Cost Engine,,Provides governed job cost engine services.,
10,Enterprise Financial Management Accounting,ENG-P10-14,Commitment Control Engine,,Provides governed commitment control engine services.,
10,Enterprise Financial Management Accounting,ENG-P10-15,Forecast & EAC Engine,,Provides governed forecast & eac engine services.,
10,Enterprise Financial Management Accounting,ENG-P10-16,WIP & Revenue Recognition Engine,,Provides governed wip & revenue recognition engine services.,
10,Enterprise Financial Management Accounting,ENG-P10-17,Payroll Accounting Engine,,Provides governed payroll accounting engine services.,
10,Enterprise Financial Management Accounting,ENG-P10-18,Cash & Treasury Engine,,Provides governed cash & treasury engine services.,
10,Enterprise Financial Management Accounting,ENG-P10-19,Bank Reconciliation Engine,,Provides governed bank reconciliation engine services.,
10,Enterprise Financial Management Accounting,ENG-P10-20,Fixed Asset Engine,,Provides governed fixed asset engine services.,
10,Enterprise Financial Management Accounting,ENG-P10-21,Tax Determination Engine,,Provides governed tax determination engine services.,
10,Enterprise Financial Management Accounting,ENG-P10-22,Financial Digital Twin Engine,,Provides governed financial digital twin engine services.,
10,Enterprise Financial Management Accounting,ENG-P10-23,AI Coding & Anomaly Engine,,Provides governed ai coding & anomaly engine services.,
10,Enterprise Financial Management Accounting,ENG-P10-24,Financial Reporting & Narrative Engine,,Provides governed financial reporting & narrative engine services.,
10,Enterprise Financial Management Accounting,ENG-P10-25,Integration & Reconciliation Engine,,Provides governed integration & reconciliation engine services.,
11,Enterprise Procurement Supply Chain Inventory,P11-ENG-001,Procurement Planning Engine,Deterministic,"Processes governed Phase 11 inputs to produce explainable, auditable outputs for procurement planning engine.","Human approval required for commitments, awards, substitutions and financial-impacting actions"
11,Enterprise Procurement Supply Chain Inventory,P11-ENG-002,Demand Forecast Engine,AI-assisted,"Processes governed Phase 11 inputs to produce explainable, auditable outputs for demand forecast engine.","Human approval required for commitments, awards, substitutions and financial-impacting actions"
11,Enterprise Procurement Supply Chain Inventory,P11-ENG-003,Replenishment Engine,Deterministic,"Processes governed Phase 11 inputs to produce explainable, auditable outputs for replenishment engine.","Human approval required for commitments, awards, substitutions and financial-impacting actions"
11,Enterprise Procurement Supply Chain Inventory,P11-ENG-004,Strategic Sourcing Engine,Deterministic,"Processes governed Phase 11 inputs to produce explainable, auditable outputs for strategic sourcing engine.","Human approval required for commitments, awards, substitutions and financial-impacting actions"
11,Enterprise Procurement Supply Chain Inventory,P11-ENG-005,Bid Leveling Engine,Deterministic,"Processes governed Phase 11 inputs to produce explainable, auditable outputs for bid leveling engine.","Human approval required for commitments, awards, substitutions and financial-impacting actions"
11,Enterprise Procurement Supply Chain Inventory,P11-ENG-006,Supplier Risk Engine,Deterministic,"Processes governed Phase 11 inputs to produce explainable, auditable outputs for supplier risk engine.","Human approval required for commitments, awards, substitutions and financial-impacting actions"
11,Enterprise Procurement Supply Chain Inventory,P11-ENG-007,Supplier Performance Engine,Deterministic,"Processes governed Phase 11 inputs to produce explainable, auditable outputs for supplier performance engine.","Human approval required for commitments, awards, substitutions and financial-impacting actions"
11,Enterprise Procurement Supply Chain Inventory,P11-ENG-008,Supplier Compliance Engine,Deterministic,"Processes governed Phase 11 inputs to produce explainable, auditable outputs for supplier compliance engine.","Human approval required for commitments, awards, substitutions and financial-impacting actions"
11,Enterprise Procurement Supply Chain Inventory,P11-ENG-009,Approval Routing Engine,Deterministic,"Processes governed Phase 11 inputs to produce explainable, auditable outputs for approval routing engine.","Human approval required for commitments, awards, substitutions and financial-impacting actions"
11,Enterprise Procurement Supply Chain Inventory,P11-ENG-010,Budget and Commitment Engine,Deterministic,"Processes governed Phase 11 inputs to produce explainable, auditable outputs for budget and commitment engine.","Human approval required for commitments, awards, substitutions and financial-impacting actions"
11,Enterprise Procurement Supply Chain Inventory,P11-ENG-011,Purchase Order Engine,Deterministic,"Processes governed Phase 11 inputs to produce explainable, auditable outputs for purchase order engine.","Human approval required for commitments, awards, substitutions and financial-impacting actions"
11,Enterprise Procurement Supply Chain Inventory,P11-ENG-012,Subcontract Procurement Engine,Deterministic,"Processes governed Phase 11 inputs to produce explainable, auditable outputs for subcontract procurement engine.","Human approval required for commitments, awards, substitutions and financial-impacting actions"
11,Enterprise Procurement Supply Chain Inventory,P11-ENG-013,Item and Catalog Engine,Deterministic,"Processes governed Phase 11 inputs to produce explainable, auditable outputs for item and catalog engine.","Human approval required for commitments, awards, substitutions and financial-impacting actions"
11,Enterprise Procurement Supply Chain Inventory,P11-ENG-014,Inventory Availability Engine,Deterministic,"Processes governed Phase 11 inputs to produce explainable, auditable outputs for inventory availability engine.","Human approval required for commitments, awards, substitutions and financial-impacting actions"
11,Enterprise Procurement Supply Chain Inventory,P11-ENG-015,Inventory Valuation Interface,Deterministic,"Processes governed Phase 11 inputs to produce explainable, auditable outputs for inventory valuation interface.","Human approval required for commitments, awards, substitutions and financial-impacting actions"
11,Enterprise Procurement Supply Chain Inventory,P11-ENG-016,Warehouse Execution Engine,Deterministic,"Processes governed Phase 11 inputs to produce explainable, auditable outputs for warehouse execution engine.","Human approval required for commitments, awards, substitutions and financial-impacting actions"
11,Enterprise Procurement Supply Chain Inventory,P11-ENG-017,Receiving Match Engine,Deterministic,"Processes governed Phase 11 inputs to produce explainable, auditable outputs for receiving match engine.","Human approval required for commitments, awards, substitutions and financial-impacting actions"
11,Enterprise Procurement Supply Chain Inventory,P11-ENG-018,Logistics Scheduling Engine,Deterministic,"Processes governed Phase 11 inputs to produce explainable, auditable outputs for logistics scheduling engine.","Human approval required for commitments, awards, substitutions and financial-impacting actions"
11,Enterprise Procurement Supply Chain Inventory,P11-ENG-019,Route Optimization Engine,AI-assisted,"Processes governed Phase 11 inputs to produce explainable, auditable outputs for route optimization engine.","Human approval required for commitments, awards, substitutions and financial-impacting actions"
11,Enterprise Procurement Supply Chain Inventory,P11-ENG-020,Rental Optimization Engine,AI-assisted,"Processes governed Phase 11 inputs to produce explainable, auditable outputs for rental optimization engine.","Human approval required for commitments, awards, substitutions and financial-impacting actions"
11,Enterprise Procurement Supply Chain Inventory,P11-ENG-021,Price Intelligence Engine,AI-assisted,"Processes governed Phase 11 inputs to produce explainable, auditable outputs for price intelligence engine.","Human approval required for commitments, awards, substitutions and financial-impacting actions"
11,Enterprise Procurement Supply Chain Inventory,P11-ENG-022,Lead-Time Prediction Engine,AI-assisted,"Processes governed Phase 11 inputs to produce explainable, auditable outputs for lead-time prediction engine.","Human approval required for commitments, awards, substitutions and financial-impacting actions"
11,Enterprise Procurement Supply Chain Inventory,P11-ENG-023,Three-Way Match Engine,Deterministic,"Processes governed Phase 11 inputs to produce explainable, auditable outputs for three-way match engine.","Human approval required for commitments, awards, substitutions and financial-impacting actions"
11,Enterprise Procurement Supply Chain Inventory,P11-ENG-024,Procurement Anomaly Engine,AI-assisted,"Processes governed Phase 11 inputs to produce explainable, auditable outputs for procurement anomaly engine.","Human approval required for commitments, awards, substitutions and financial-impacting actions"
11,Enterprise Procurement Supply Chain Inventory,P11-ENG-025,Contract Compliance Engine,Deterministic,"Processes governed Phase 11 inputs to produce explainable, auditable outputs for contract compliance engine.","Human approval required for commitments, awards, substitutions and financial-impacting actions"
11,Enterprise Procurement Supply Chain Inventory,P11-ENG-026,Substitution Recommendation Engine,AI-assisted,"Processes governed Phase 11 inputs to produce explainable, auditable outputs for substitution recommendation engine.","Human approval required for commitments, awards, substitutions and financial-impacting actions"
11,Enterprise Procurement Supply Chain Inventory,P11-ENG-027,Supply Disruption Engine,Deterministic,"Processes governed Phase 11 inputs to produce explainable, auditable outputs for supply disruption engine.","Human approval required for commitments, awards, substitutions and financial-impacting actions"
11,Enterprise Procurement Supply Chain Inventory,P11-ENG-028,Supply Chain Digital Twin Engine,AI-assisted,"Processes governed Phase 11 inputs to produce explainable, auditable outputs for supply chain digital twin engine.","Human approval required for commitments, awards, substitutions and financial-impacting actions"
11,Enterprise Procurement Supply Chain Inventory,P11-ENG-029,Procurement Copilot Engine,AI-assisted,"Processes governed Phase 11 inputs to produce explainable, auditable outputs for procurement copilot engine.","Human approval required for commitments, awards, substitutions and financial-impacting actions"
11,Enterprise Procurement Supply Chain Inventory,P11-ENG-030,Executive Supply Chain Intelligence Engine,AI-assisted,"Processes governed Phase 11 inputs to produce explainable, auditable outputs for executive supply chain intelligence engine.","Human approval required for commitments, awards, substitutions and financial-impacting actions"
12,Enterprise Fleet Asset Maintenance Telematics,P12-ENG-01,Asset Registry Engine,,Deterministic and/or governed AI service for asset registry engine.,"Inputs, outputs, model/rule version, confidence, overrides, and audit evidence retained."
12,Enterprise Fleet Asset Maintenance Telematics,P12-ENG-02,Lifecycle State Engine,,Deterministic and/or governed AI service for lifecycle state engine.,"Inputs, outputs, model/rule version, confidence, overrides, and audit evidence retained."
12,Enterprise Fleet Asset Maintenance Telematics,P12-ENG-03,Maintenance Due Engine,,Deterministic and/or governed AI service for maintenance due engine.,"Inputs, outputs, model/rule version, confidence, overrides, and audit evidence retained."
12,Enterprise Fleet Asset Maintenance Telematics,P12-ENG-04,Work Order Orchestration Engine,,Deterministic and/or governed AI service for work order orchestration engine.,"Inputs, outputs, model/rule version, confidence, overrides, and audit evidence retained."
12,Enterprise Fleet Asset Maintenance Telematics,P12-ENG-05,Inspection Rules Engine,,Deterministic and/or governed AI service for inspection rules engine.,"Inputs, outputs, model/rule version, confidence, overrides, and audit evidence retained."
12,Enterprise Fleet Asset Maintenance Telematics,P12-ENG-06,Defect Severity Engine,,Deterministic and/or governed AI service for defect severity engine.,"Inputs, outputs, model/rule version, confidence, overrides, and audit evidence retained."
12,Enterprise Fleet Asset Maintenance Telematics,P12-ENG-07,Telematics Normalization Engine,,Deterministic and/or governed AI service for telematics normalization engine.,"Inputs, outputs, model/rule version, confidence, overrides, and audit evidence retained."
12,Enterprise Fleet Asset Maintenance Telematics,P12-ENG-08,Meter Integrity Engine,,Deterministic and/or governed AI service for meter integrity engine.,"Inputs, outputs, model/rule version, confidence, overrides, and audit evidence retained."
12,Enterprise Fleet Asset Maintenance Telematics,P12-ENG-09,Fuel Reconciliation Engine,,Deterministic and/or governed AI service for fuel reconciliation engine.,"Inputs, outputs, model/rule version, confidence, overrides, and audit evidence retained."
12,Enterprise Fleet Asset Maintenance Telematics,P12-ENG-10,Idle Analytics Engine,,Deterministic and/or governed AI service for idle analytics engine.,"Inputs, outputs, model/rule version, confidence, overrides, and audit evidence retained."
12,Enterprise Fleet Asset Maintenance Telematics,P12-ENG-11,Utilization Engine,,Deterministic and/or governed AI service for utilization engine.,"Inputs, outputs, model/rule version, confidence, overrides, and audit evidence retained."
12,Enterprise Fleet Asset Maintenance Telematics,P12-ENG-12,Availability Engine,,Deterministic and/or governed AI service for availability engine.,"Inputs, outputs, model/rule version, confidence, overrides, and audit evidence retained."
12,Enterprise Fleet Asset Maintenance Telematics,P12-ENG-13,Dispatch Optimization Engine,,Deterministic and/or governed AI service for dispatch optimization engine.,"Inputs, outputs, model/rule version, confidence, overrides, and audit evidence retained."
12,Enterprise Fleet Asset Maintenance Telematics,P12-ENG-14,Parts Demand Engine,,Deterministic and/or governed AI service for parts demand engine.,"Inputs, outputs, model/rule version, confidence, overrides, and audit evidence retained."
12,Enterprise Fleet Asset Maintenance Telematics,P12-ENG-15,Warranty Eligibility Engine,,Deterministic and/or governed AI service for warranty eligibility engine.,"Inputs, outputs, model/rule version, confidence, overrides, and audit evidence retained."
12,Enterprise Fleet Asset Maintenance Telematics,P12-ENG-16,Warranty Recovery Engine,,Deterministic and/or governed AI service for warranty recovery engine.,"Inputs, outputs, model/rule version, confidence, overrides, and audit evidence retained."
12,Enterprise Fleet Asset Maintenance Telematics,P12-ENG-17,Compliance Calendar Engine,,Deterministic and/or governed AI service for compliance calendar engine.,"Inputs, outputs, model/rule version, confidence, overrides, and audit evidence retained."
12,Enterprise Fleet Asset Maintenance Telematics,P12-ENG-18,Operator Authorization Engine,,Deterministic and/or governed AI service for operator authorization engine.,"Inputs, outputs, model/rule version, confidence, overrides, and audit evidence retained."
12,Enterprise Fleet Asset Maintenance Telematics,P12-ENG-19,Equipment Cost Engine,,Deterministic and/or governed AI service for equipment cost engine.,"Inputs, outputs, model/rule version, confidence, overrides, and audit evidence retained."
12,Enterprise Fleet Asset Maintenance Telematics,P12-ENG-20,Internal Rate Engine,,Deterministic and/or governed AI service for internal rate engine.,"Inputs, outputs, model/rule version, confidence, overrides, and audit evidence retained."
12,Enterprise Fleet Asset Maintenance Telematics,P12-ENG-21,Project Chargeback Engine,,Deterministic and/or governed AI service for project chargeback engine.,"Inputs, outputs, model/rule version, confidence, overrides, and audit evidence retained."
12,Enterprise Fleet Asset Maintenance Telematics,P12-ENG-22,Replacement Planning Engine,,Deterministic and/or governed AI service for replacement planning engine.,"Inputs, outputs, model/rule version, confidence, overrides, and audit evidence retained."
12,Enterprise Fleet Asset Maintenance Telematics,P12-ENG-23,Failure Prediction Engine,,Deterministic and/or governed AI service for failure prediction engine.,"Inputs, outputs, model/rule version, confidence, overrides, and audit evidence retained."
12,Enterprise Fleet Asset Maintenance Telematics,P12-ENG-24,Asset Health Score Engine,,Deterministic and/or governed AI service for asset health score engine.,"Inputs, outputs, model/rule version, confidence, overrides, and audit evidence retained."
12,Enterprise Fleet Asset Maintenance Telematics,P12-ENG-25,Tire Wear Engine,,Deterministic and/or governed AI service for tire wear engine.,"Inputs, outputs, model/rule version, confidence, overrides, and audit evidence retained."
12,Enterprise Fleet Asset Maintenance Telematics,P12-ENG-26,Undercarriage Wear Engine,,Deterministic and/or governed AI service for undercarriage wear engine.,"Inputs, outputs, model/rule version, confidence, overrides, and audit evidence retained."
12,Enterprise Fleet Asset Maintenance Telematics,P12-ENG-27,Rental Optimization Engine,,Deterministic and/or governed AI service for rental optimization engine.,"Inputs, outputs, model/rule version, confidence, overrides, and audit evidence retained."
12,Enterprise Fleet Asset Maintenance Telematics,P12-ENG-28,Geofence Event Engine,,Deterministic and/or governed AI service for geofence event engine.,"Inputs, outputs, model/rule version, confidence, overrides, and audit evidence retained."
12,Enterprise Fleet Asset Maintenance Telematics,P12-ENG-29,Alert Prioritization Engine,,Deterministic and/or governed AI service for alert prioritization engine.,"Inputs, outputs, model/rule version, confidence, overrides, and audit evidence retained."
12,Enterprise Fleet Asset Maintenance Telematics,P12-ENG-30,Mobile Sync Engine,,Deterministic and/or governed AI service for mobile sync engine.,"Inputs, outputs, model/rule version, confidence, overrides, and audit evidence retained."
12,Enterprise Fleet Asset Maintenance Telematics,P12-ENG-31,Fleet Digital Twin Engine,,Deterministic and/or governed AI service for fleet digital twin engine.,"Inputs, outputs, model/rule version, confidence, overrides, and audit evidence retained."
12,Enterprise Fleet Asset Maintenance Telematics,P12-ENG-32,Fleet AI Copilot,,Deterministic and/or governed AI service for fleet ai copilot.,"Inputs, outputs, model/rule version, confidence, overrides, and audit evidence retained."
13,Enterprise Business Intelligence Decision Intelligence,P13-ENG-001,Semantic Metrics Engine,Deterministic,"Provides semantic metrics engine with governed inputs, reproducible outputs, audit trail and human controls.",Human approval required for consequential recommendations
13,Enterprise Business Intelligence Decision Intelligence,P13-ENG-002,KPI Calculation Engine,Deterministic,"Provides kpi calculation engine with governed inputs, reproducible outputs, audit trail and human controls.",Human approval required for consequential recommendations
13,Enterprise Business Intelligence Decision Intelligence,P13-ENG-003,Scorecard Engine,Deterministic,"Provides scorecard engine with governed inputs, reproducible outputs, audit trail and human controls.",Human approval required for consequential recommendations
13,Enterprise Business Intelligence Decision Intelligence,P13-ENG-004,Data Ingestion Engine,Deterministic,"Provides data ingestion engine with governed inputs, reproducible outputs, audit trail and human controls.",Human approval required for consequential recommendations
13,Enterprise Business Intelligence Decision Intelligence,P13-ENG-005,Data Quality Engine,Deterministic,"Provides data quality engine with governed inputs, reproducible outputs, audit trail and human controls.",Human approval required for consequential recommendations
13,Enterprise Business Intelligence Decision Intelligence,P13-ENG-006,Lineage Engine,Deterministic,"Provides lineage engine with governed inputs, reproducible outputs, audit trail and human controls.",Human approval required for consequential recommendations
13,Enterprise Business Intelligence Decision Intelligence,P13-ENG-007,Freshness Monitor,Deterministic,"Provides freshness monitor with governed inputs, reproducible outputs, audit trail and human controls.",Human approval required for consequential recommendations
13,Enterprise Business Intelligence Decision Intelligence,P13-ENG-008,Entitlement Engine,Deterministic,"Provides entitlement engine with governed inputs, reproducible outputs, audit trail and human controls.",Human approval required for consequential recommendations
13,Enterprise Business Intelligence Decision Intelligence,P13-ENG-009,Dashboard Query Engine,Deterministic,"Provides dashboard query engine with governed inputs, reproducible outputs, audit trail and human controls.",Human approval required for consequential recommendations
13,Enterprise Business Intelligence Decision Intelligence,P13-ENG-010,Report Distribution Engine,Deterministic,"Provides report distribution engine with governed inputs, reproducible outputs, audit trail and human controls.",Human approval required for consequential recommendations
13,Enterprise Business Intelligence Decision Intelligence,P13-ENG-011,Alerting Engine,Deterministic,"Provides alerting engine with governed inputs, reproducible outputs, audit trail and human controls.",Human approval required for consequential recommendations
13,Enterprise Business Intelligence Decision Intelligence,P13-ENG-012,Anomaly Detection Engine,AI-assisted,"Provides anomaly detection engine with governed inputs, reproducible outputs, audit trail and human controls.",Human approval required for consequential recommendations
13,Enterprise Business Intelligence Decision Intelligence,P13-ENG-013,Forecasting Engine,AI-assisted,"Provides forecasting engine with governed inputs, reproducible outputs, audit trail and human controls.",Human approval required for consequential recommendations
13,Enterprise Business Intelligence Decision Intelligence,P13-ENG-014,Scenario Engine,AI-assisted,"Provides scenario engine with governed inputs, reproducible outputs, audit trail and human controls.",Human approval required for consequential recommendations
13,Enterprise Business Intelligence Decision Intelligence,P13-ENG-015,Sensitivity Engine,AI-assisted,"Provides sensitivity engine with governed inputs, reproducible outputs, audit trail and human controls.",Human approval required for consequential recommendations
13,Enterprise Business Intelligence Decision Intelligence,P13-ENG-016,Root Cause Assistant,AI-assisted,"Provides root cause assistant with governed inputs, reproducible outputs, audit trail and human controls.",Human approval required for consequential recommendations
13,Enterprise Business Intelligence Decision Intelligence,P13-ENG-017,Executive Narrative Engine,AI-assisted,"Provides executive narrative engine with governed inputs, reproducible outputs, audit trail and human controls.",Human approval required for consequential recommendations
13,Enterprise Business Intelligence Decision Intelligence,P13-ENG-018,Recommendation Engine,AI-assisted,"Provides recommendation engine with governed inputs, reproducible outputs, audit trail and human controls.",Human approval required for consequential recommendations
13,Enterprise Business Intelligence Decision Intelligence,P13-ENG-019,Confidence Engine,AI-assisted,"Provides confidence engine with governed inputs, reproducible outputs, audit trail and human controls.",Human approval required for consequential recommendations
13,Enterprise Business Intelligence Decision Intelligence,P13-ENG-020,Evidence Retrieval Engine,AI-assisted,"Provides evidence retrieval engine with governed inputs, reproducible outputs, audit trail and human controls.",Human approval required for consequential recommendations
13,Enterprise Business Intelligence Decision Intelligence,P13-ENG-021,Portfolio Health Engine,AI-assisted,"Provides portfolio health engine with governed inputs, reproducible outputs, audit trail and human controls.",Human approval required for consequential recommendations
13,Enterprise Business Intelligence Decision Intelligence,P13-ENG-022,Project Health Engine,AI-assisted,"Provides project health engine with governed inputs, reproducible outputs, audit trail and human controls.",Human approval required for consequential recommendations
13,Enterprise Business Intelligence Decision Intelligence,P13-ENG-023,Financial Intelligence Engine,AI-assisted,"Provides financial intelligence engine with governed inputs, reproducible outputs, audit trail and human controls.",Human approval required for consequential recommendations
13,Enterprise Business Intelligence Decision Intelligence,P13-ENG-024,Workforce Intelligence Engine,AI-assisted,"Provides workforce intelligence engine with governed inputs, reproducible outputs, audit trail and human controls.",Human approval required for consequential recommendations
13,Enterprise Business Intelligence Decision Intelligence,P13-ENG-025,Fleet Intelligence Engine,AI-assisted,"Provides fleet intelligence engine with governed inputs, reproducible outputs, audit trail and human controls.",Human approval required for consequential recommendations
13,Enterprise Business Intelligence Decision Intelligence,P13-ENG-026,Procurement Intelligence Engine,AI-assisted,"Provides procurement intelligence engine with governed inputs, reproducible outputs, audit trail and human controls.",Human approval required for consequential recommendations
13,Enterprise Business Intelligence Decision Intelligence,P13-ENG-027,CRM Intelligence Engine,AI-assisted,"Provides crm intelligence engine with governed inputs, reproducible outputs, audit trail and human controls.",Human approval required for consequential recommendations
13,Enterprise Business Intelligence Decision Intelligence,P13-ENG-028,Estimating Intelligence Engine,AI-assisted,"Provides estimating intelligence engine with governed inputs, reproducible outputs, audit trail and human controls.",Human approval required for consequential recommendations
13,Enterprise Business Intelligence Decision Intelligence,P13-ENG-029,Safety Intelligence Engine,AI-assisted,"Provides safety intelligence engine with governed inputs, reproducible outputs, audit trail and human controls.",Human approval required for consequential recommendations
13,Enterprise Business Intelligence Decision Intelligence,P13-ENG-030,Quality Intelligence Engine,AI-assisted,"Provides quality intelligence engine with governed inputs, reproducible outputs, audit trail and human controls.",Human approval required for consequential recommendations
13,Enterprise Business Intelligence Decision Intelligence,P13-ENG-031,Benchmarking Engine,AI-assisted,"Provides benchmarking engine with governed inputs, reproducible outputs, audit trail and human controls.",Human approval required for consequential recommendations
13,Enterprise Business Intelligence Decision Intelligence,P13-ENG-032,Forecast Accuracy Engine,AI-assisted,"Provides forecast accuracy engine with governed inputs, reproducible outputs, audit trail and human controls.",Human approval required for consequential recommendations
13,Enterprise Business Intelligence Decision Intelligence,P13-ENG-033,Adoption Analytics Engine,AI-assisted,"Provides adoption analytics engine with governed inputs, reproducible outputs, audit trail and human controls.",Human approval required for consequential recommendations
13,Enterprise Business Intelligence Decision Intelligence,P13-ENG-034,Decision Outcome Engine,AI-assisted,"Provides decision outcome engine with governed inputs, reproducible outputs, audit trail and human controls.",Human approval required for consequential recommendations
13,Enterprise Business Intelligence Decision Intelligence,P13-ENG-035,Enterprise Digital Twin Engine,AI-assisted,"Provides enterprise digital twin engine with governed inputs, reproducible outputs, audit trail and human controls.",Human approval required for consequential recommendations
14,Enterprise HSE Safety Environmental Quality Compliance,P14-ENG-001,Risk Scoring Engine,Deterministic,"Provides risk scoring engine with governed inputs, auditable outputs and explicit human authority.","AI cannot override stop-work, regulatory, competent-person, quality hold-point or safety-critical controls"
14,Enterprise HSE Safety Environmental Quality Compliance,P14-ENG-002,Hazard Control Engine,Deterministic,"Provides hazard control engine with governed inputs, auditable outputs and explicit human authority.","AI cannot override stop-work, regulatory, competent-person, quality hold-point or safety-critical controls"
14,Enterprise HSE Safety Environmental Quality Compliance,P14-ENG-003,JHA Completeness Engine,Deterministic,"Provides jha completeness engine with governed inputs, auditable outputs and explicit human authority.","AI cannot override stop-work, regulatory, competent-person, quality hold-point or safety-critical controls"
14,Enterprise HSE Safety Environmental Quality Compliance,P14-ENG-004,Pre-Task Plan Engine,Deterministic,"Provides pre-task plan engine with governed inputs, auditable outputs and explicit human authority.","AI cannot override stop-work, regulatory, competent-person, quality hold-point or safety-critical controls"
14,Enterprise HSE Safety Environmental Quality Compliance,P14-ENG-005,Permit Eligibility Engine,Deterministic,"Provides permit eligibility engine with governed inputs, auditable outputs and explicit human authority.","AI cannot override stop-work, regulatory, competent-person, quality hold-point or safety-critical controls"
14,Enterprise HSE Safety Environmental Quality Compliance,P14-ENG-006,Stop Work Control Engine,Deterministic,"Provides stop work control engine with governed inputs, auditable outputs and explicit human authority.","AI cannot override stop-work, regulatory, competent-person, quality hold-point or safety-critical controls"
14,Enterprise HSE Safety Environmental Quality Compliance,P14-ENG-007,Incident Classification Engine,Deterministic,"Provides incident classification engine with governed inputs, auditable outputs and explicit human authority.","AI cannot override stop-work, regulatory, competent-person, quality hold-point or safety-critical controls"
14,Enterprise HSE Safety Environmental Quality Compliance,P14-ENG-008,Recordability Decision Support,Deterministic,"Provides recordability decision support with governed inputs, auditable outputs and explicit human authority.","AI cannot override stop-work, regulatory, competent-person, quality hold-point or safety-critical controls"
14,Enterprise HSE Safety Environmental Quality Compliance,P14-ENG-009,Root Cause Assistant,Deterministic,"Provides root cause assistant with governed inputs, auditable outputs and explicit human authority.","AI cannot override stop-work, regulatory, competent-person, quality hold-point or safety-critical controls"
14,Enterprise HSE Safety Environmental Quality Compliance,P14-ENG-010,CAPA Engine,Deterministic,"Provides capa engine with governed inputs, auditable outputs and explicit human authority.","AI cannot override stop-work, regulatory, competent-person, quality hold-point or safety-critical controls"
14,Enterprise HSE Safety Environmental Quality Compliance,P14-ENG-011,Corrective Action Escalation Engine,Deterministic,"Provides corrective action escalation engine with governed inputs, auditable outputs and explicit human authority.","AI cannot override stop-work, regulatory, competent-person, quality hold-point or safety-critical controls"
14,Enterprise HSE Safety Environmental Quality Compliance,P14-ENG-012,Training Compliance Engine,Deterministic,"Provides training compliance engine with governed inputs, auditable outputs and explicit human authority.","AI cannot override stop-work, regulatory, competent-person, quality hold-point or safety-critical controls"
14,Enterprise HSE Safety Environmental Quality Compliance,P14-ENG-013,Certification Expiry Engine,Deterministic,"Provides certification expiry engine with governed inputs, auditable outputs and explicit human authority.","AI cannot override stop-work, regulatory, competent-person, quality hold-point or safety-critical controls"
14,Enterprise HSE Safety Environmental Quality Compliance,P14-ENG-014,Competency Verification Engine,Deterministic,"Provides competency verification engine with governed inputs, auditable outputs and explicit human authority.","AI cannot override stop-work, regulatory, competent-person, quality hold-point or safety-critical controls"
14,Enterprise HSE Safety Environmental Quality Compliance,P14-ENG-015,Inspection Scheduling Engine,Deterministic,"Provides inspection scheduling engine with governed inputs, auditable outputs and explicit human authority.","AI cannot override stop-work, regulatory, competent-person, quality hold-point or safety-critical controls"
14,Enterprise HSE Safety Environmental Quality Compliance,P14-ENG-016,Inspection Finding Engine,Deterministic,"Provides inspection finding engine with governed inputs, auditable outputs and explicit human authority.","AI cannot override stop-work, regulatory, competent-person, quality hold-point or safety-critical controls"
14,Enterprise HSE Safety Environmental Quality Compliance,P14-ENG-017,Environmental Compliance Engine,Deterministic,"Provides environmental compliance engine with governed inputs, auditable outputs and explicit human authority.","AI cannot override stop-work, regulatory, competent-person, quality hold-point or safety-critical controls"
14,Enterprise HSE Safety Environmental Quality Compliance,P14-ENG-018,SWPPP Compliance Engine,Deterministic,"Provides swppp compliance engine with governed inputs, auditable outputs and explicit human authority.","AI cannot override stop-work, regulatory, competent-person, quality hold-point or safety-critical controls"
14,Enterprise HSE Safety Environmental Quality Compliance,P14-ENG-019,Spill Response Engine,Deterministic,"Provides spill response engine with governed inputs, auditable outputs and explicit human authority.","AI cannot override stop-work, regulatory, competent-person, quality hold-point or safety-critical controls"
14,Enterprise HSE Safety Environmental Quality Compliance,P14-ENG-020,Waste Compliance Engine,Deterministic,"Provides waste compliance engine with governed inputs, auditable outputs and explicit human authority.","AI cannot override stop-work, regulatory, competent-person, quality hold-point or safety-critical controls"
14,Enterprise HSE Safety Environmental Quality Compliance,P14-ENG-021,Industrial Hygiene Engine,Deterministic,"Provides industrial hygiene engine with governed inputs, auditable outputs and explicit human authority.","AI cannot override stop-work, regulatory, competent-person, quality hold-point or safety-critical controls"
14,Enterprise HSE Safety Environmental Quality Compliance,P14-ENG-022,Quality ITP Engine,Deterministic,"Provides quality itp engine with governed inputs, auditable outputs and explicit human authority.","AI cannot override stop-work, regulatory, competent-person, quality hold-point or safety-critical controls"
14,Enterprise HSE Safety Environmental Quality Compliance,P14-ENG-023,NCR Engine,Deterministic,"Provides ncr engine with governed inputs, auditable outputs and explicit human authority.","AI cannot override stop-work, regulatory, competent-person, quality hold-point or safety-critical controls"
14,Enterprise HSE Safety Environmental Quality Compliance,P14-ENG-024,Hold Point Engine,Deterministic,"Provides hold point engine with governed inputs, auditable outputs and explicit human authority.","AI cannot override stop-work, regulatory, competent-person, quality hold-point or safety-critical controls"
14,Enterprise HSE Safety Environmental Quality Compliance,P14-ENG-025,Test Result Validation Engine,Deterministic,"Provides test result validation engine with governed inputs, auditable outputs and explicit human authority.","AI cannot override stop-work, regulatory, competent-person, quality hold-point or safety-critical controls"
14,Enterprise HSE Safety Environmental Quality Compliance,P14-ENG-026,Subcontractor HSEQ Risk Engine,Deterministic,"Provides subcontractor hseq risk engine with governed inputs, auditable outputs and explicit human authority.","AI cannot override stop-work, regulatory, competent-person, quality hold-point or safety-critical controls"
14,Enterprise HSE Safety Environmental Quality Compliance,P14-ENG-027,Fleet Safety Engine,Deterministic,"Provides fleet safety engine with governed inputs, auditable outputs and explicit human authority.","AI cannot override stop-work, regulatory, competent-person, quality hold-point or safety-critical controls"
14,Enterprise HSE Safety Environmental Quality Compliance,P14-ENG-028,Operator Authorization Engine,Deterministic,"Provides operator authorization engine with governed inputs, auditable outputs and explicit human authority.","AI cannot override stop-work, regulatory, competent-person, quality hold-point or safety-critical controls"
14,Enterprise HSE Safety Environmental Quality Compliance,P14-ENG-029,Traffic/Public Safety Engine,Deterministic,"Provides traffic/public safety engine with governed inputs, auditable outputs and explicit human authority.","AI cannot override stop-work, regulatory, competent-person, quality hold-point or safety-critical controls"
14,Enterprise HSE Safety Environmental Quality Compliance,P14-ENG-030,Regulatory Calendar Engine,Deterministic,"Provides regulatory calendar engine with governed inputs, auditable outputs and explicit human authority.","AI cannot override stop-work, regulatory, competent-person, quality hold-point or safety-critical controls"
14,Enterprise HSE Safety Environmental Quality Compliance,P14-ENG-031,Audit Assurance Engine,Deterministic,"Provides audit assurance engine with governed inputs, auditable outputs and explicit human authority.","AI cannot override stop-work, regulatory, competent-person, quality hold-point or safety-critical controls"
14,Enterprise HSE Safety Environmental Quality Compliance,P14-ENG-032,HSEQ KPI Engine,Deterministic,"Provides hseq kpi engine with governed inputs, auditable outputs and explicit human authority.","AI cannot override stop-work, regulatory, competent-person, quality hold-point or safety-critical controls"
14,Enterprise HSE Safety Environmental Quality Compliance,P14-ENG-033,Trend & Recurrence Engine,Deterministic,"Provides trend & recurrence engine with governed inputs, auditable outputs and explicit human authority.","AI cannot override stop-work, regulatory, competent-person, quality hold-point or safety-critical controls"
14,Enterprise HSE Safety Environmental Quality Compliance,P14-ENG-034,HSEQ Anomaly Detection Engine,AI-assisted,"Provides hseq anomaly detection engine with governed inputs, auditable outputs and explicit human authority.","AI cannot override stop-work, regulatory, competent-person, quality hold-point or safety-critical controls"
14,Enterprise HSE Safety Environmental Quality Compliance,P14-ENG-035,HSEQ Executive Narrative Engine,AI-assisted,"Provides hseq executive narrative engine with governed inputs, auditable outputs and explicit human authority.","AI cannot override stop-work, regulatory, competent-person, quality hold-point or safety-critical controls"
14,Enterprise HSE Safety Environmental Quality Compliance,P14-ENG-036,HSEQ Recommendation Engine,AI-assisted,"Provides hseq recommendation engine with governed inputs, auditable outputs and explicit human authority.","AI cannot override stop-work, regulatory, competent-person, quality hold-point or safety-critical controls"
14,Enterprise HSE Safety Environmental Quality Compliance,P14-ENG-037,Evidence Retrieval Engine,AI-assisted,"Provides evidence retrieval engine with governed inputs, auditable outputs and explicit human authority.","AI cannot override stop-work, regulatory, competent-person, quality hold-point or safety-critical controls"
14,Enterprise HSE Safety Environmental Quality Compliance,P14-ENG-038,HSEQ Confidence Engine,AI-assisted,"Provides hseq confidence engine with governed inputs, auditable outputs and explicit human authority.","AI cannot override stop-work, regulatory, competent-person, quality hold-point or safety-critical controls"
14,Enterprise HSE Safety Environmental Quality Compliance,P14-ENG-039,HSEQ Digital Twin Engine,AI-assisted,"Provides hseq digital twin engine with governed inputs, auditable outputs and explicit human authority.","AI cannot override stop-work, regulatory, competent-person, quality hold-point or safety-critical controls"
14,Enterprise HSE Safety Environmental Quality Compliance,P14-ENG-040,Emergency Readiness Engine,AI-assisted,"Provides emergency readiness engine with governed inputs, auditable outputs and explicit human authority.","AI cannot override stop-work, regulatory, competent-person, quality hold-point or safety-critical controls"
15,Enterprise Document Drawing Specification Information Management,P15-ENG-001,Document Numbering Engine,Deterministic,"Provides document numbering engine using governed information, permissions, revision lineage and audit evidence.","AI cannot silently publish authoritative revisions, approve contractual responses, or replace required human review"
15,Enterprise Document Drawing Specification Information Management,P15-ENG-002,Naming Convention Engine,Deterministic,"Provides naming convention engine using governed information, permissions, revision lineage and audit evidence.","AI cannot silently publish authoritative revisions, approve contractual responses, or replace required human review"
15,Enterprise Document Drawing Specification Information Management,P15-ENG-003,Revision Control Engine,Deterministic,"Provides revision control engine using governed information, permissions, revision lineage and audit evidence.","AI cannot silently publish authoritative revisions, approve contractual responses, or replace required human review"
15,Enterprise Document Drawing Specification Information Management,P15-ENG-004,Supersession Engine,Deterministic,"Provides supersession engine using governed information, permissions, revision lineage and audit evidence.","AI cannot silently publish authoritative revisions, approve contractual responses, or replace required human review"
15,Enterprise Document Drawing Specification Information Management,P15-ENG-005,File Integrity Engine,Deterministic,"Provides file integrity engine using governed information, permissions, revision lineage and audit evidence.","AI cannot silently publish authoritative revisions, approve contractual responses, or replace required human review"
15,Enterprise Document Drawing Specification Information Management,P15-ENG-006,Metadata Validation Engine,Deterministic,"Provides metadata validation engine using governed information, permissions, revision lineage and audit evidence.","AI cannot silently publish authoritative revisions, approve contractual responses, or replace required human review"
15,Enterprise Document Drawing Specification Information Management,P15-ENG-007,Document Classification Engine,Deterministic,"Provides document classification engine using governed information, permissions, revision lineage and audit evidence.","AI cannot silently publish authoritative revisions, approve contractual responses, or replace required human review"
15,Enterprise Document Drawing Specification Information Management,P15-ENG-008,OCR Engine,Deterministic,"Provides ocr engine using governed information, permissions, revision lineage and audit evidence.","AI cannot silently publish authoritative revisions, approve contractual responses, or replace required human review"
15,Enterprise Document Drawing Specification Information Management,P15-ENG-009,Search Index Engine,Deterministic,"Provides search index engine using governed information, permissions, revision lineage and audit evidence.","AI cannot silently publish authoritative revisions, approve contractual responses, or replace required human review"
15,Enterprise Document Drawing Specification Information Management,P15-ENG-010,Semantic Search Engine,Deterministic,"Provides semantic search engine using governed information, permissions, revision lineage and audit evidence.","AI cannot silently publish authoritative revisions, approve contractual responses, or replace required human review"
15,Enterprise Document Drawing Specification Information Management,P15-ENG-011,Permission Evaluation Engine,Deterministic,"Provides permission evaluation engine using governed information, permissions, revision lineage and audit evidence.","AI cannot silently publish authoritative revisions, approve contractual responses, or replace required human review"
15,Enterprise Document Drawing Specification Information Management,P15-ENG-012,Distribution Engine,Deterministic,"Provides distribution engine using governed information, permissions, revision lineage and audit evidence.","AI cannot silently publish authoritative revisions, approve contractual responses, or replace required human review"
15,Enterprise Document Drawing Specification Information Management,P15-ENG-013,Transmittal Engine,Deterministic,"Provides transmittal engine using governed information, permissions, revision lineage and audit evidence.","AI cannot silently publish authoritative revisions, approve contractual responses, or replace required human review"
15,Enterprise Document Drawing Specification Information Management,P15-ENG-014,Submittal Routing Engine,Deterministic,"Provides submittal routing engine using governed information, permissions, revision lineage and audit evidence.","AI cannot silently publish authoritative revisions, approve contractual responses, or replace required human review"
15,Enterprise Document Drawing Specification Information Management,P15-ENG-015,RFI Routing Engine,Deterministic,"Provides rfi routing engine using governed information, permissions, revision lineage and audit evidence.","AI cannot silently publish authoritative revisions, approve contractual responses, or replace required human review"
15,Enterprise Document Drawing Specification Information Management,P15-ENG-016,Review/Approval Engine,Deterministic,"Provides review/approval engine using governed information, permissions, revision lineage and audit evidence.","AI cannot silently publish authoritative revisions, approve contractual responses, or replace required human review"
15,Enterprise Document Drawing Specification Information Management,P15-ENG-017,Markup Coordination Engine,Deterministic,"Provides markup coordination engine using governed information, permissions, revision lineage and audit evidence.","AI cannot silently publish authoritative revisions, approve contractual responses, or replace required human review"
15,Enterprise Document Drawing Specification Information Management,P15-ENG-018,Drawing Compare Engine,Deterministic,"Provides drawing compare engine using governed information, permissions, revision lineage and audit evidence.","AI cannot silently publish authoritative revisions, approve contractual responses, or replace required human review"
15,Enterprise Document Drawing Specification Information Management,P15-ENG-019,Specification Compare Engine,Deterministic,"Provides specification compare engine using governed information, permissions, revision lineage and audit evidence.","AI cannot silently publish authoritative revisions, approve contractual responses, or replace required human review"
15,Enterprise Document Drawing Specification Information Management,P15-ENG-020,Cross-Reference Engine,Deterministic,"Provides cross-reference engine using governed information, permissions, revision lineage and audit evidence.","AI cannot silently publish authoritative revisions, approve contractual responses, or replace required human review"
15,Enterprise Document Drawing Specification Information Management,P15-ENG-021,Conflict Detection Engine,Deterministic,"Provides conflict detection engine using governed information, permissions, revision lineage and audit evidence.","AI cannot silently publish authoritative revisions, approve contractual responses, or replace required human review"
15,Enterprise Document Drawing Specification Information Management,P15-ENG-022,Requirement Extraction Engine,Deterministic,"Provides requirement extraction engine using governed information, permissions, revision lineage and audit evidence.","AI cannot silently publish authoritative revisions, approve contractual responses, or replace required human review"
15,Enterprise Document Drawing Specification Information Management,P15-ENG-023,Scope Extraction Engine,Deterministic,"Provides scope extraction engine using governed information, permissions, revision lineage and audit evidence.","AI cannot silently publish authoritative revisions, approve contractual responses, or replace required human review"
15,Enterprise Document Drawing Specification Information Management,P15-ENG-024,Table Extraction Engine,Deterministic,"Provides table extraction engine using governed information, permissions, revision lineage and audit evidence.","AI cannot silently publish authoritative revisions, approve contractual responses, or replace required human review"
15,Enterprise Document Drawing Specification Information Management,P15-ENG-025,Metadata Proposal Engine,Deterministic,"Provides metadata proposal engine using governed information, permissions, revision lineage and audit evidence.","AI cannot silently publish authoritative revisions, approve contractual responses, or replace required human review"
15,Enterprise Document Drawing Specification Information Management,P15-ENG-026,Current-Set Engine,Deterministic,"Provides current-set engine using governed information, permissions, revision lineage and audit evidence.","AI cannot silently publish authoritative revisions, approve contractual responses, or replace required human review"
15,Enterprise Document Drawing Specification Information Management,P15-ENG-027,Offline Sync Engine,Deterministic,"Provides offline sync engine using governed information, permissions, revision lineage and audit evidence.","AI cannot silently publish authoritative revisions, approve contractual responses, or replace required human review"
15,Enterprise Document Drawing Specification Information Management,P15-ENG-028,Retention Engine,Deterministic,"Provides retention engine using governed information, permissions, revision lineage and audit evidence.","AI cannot silently publish authoritative revisions, approve contractual responses, or replace required human review"
15,Enterprise Document Drawing Specification Information Management,P15-ENG-029,Legal Hold Engine,Deterministic,"Provides legal hold engine using governed information, permissions, revision lineage and audit evidence.","AI cannot silently publish authoritative revisions, approve contractual responses, or replace required human review"
15,Enterprise Document Drawing Specification Information Management,P15-ENG-030,Disposition Engine,Deterministic,"Provides disposition engine using governed information, permissions, revision lineage and audit evidence.","AI cannot silently publish authoritative revisions, approve contractual responses, or replace required human review"
15,Enterprise Document Drawing Specification Information Management,P15-ENG-031,External Sharing Engine,Deterministic,"Provides external sharing engine using governed information, permissions, revision lineage and audit evidence.","AI cannot silently publish authoritative revisions, approve contractual responses, or replace required human review"
15,Enterprise Document Drawing Specification Information Management,P15-ENG-032,Watermark/Controlled Copy Engine,Deterministic,"Provides watermark/controlled copy engine using governed information, permissions, revision lineage and audit evidence.","AI cannot silently publish authoritative revisions, approve contractual responses, or replace required human review"
15,Enterprise Document Drawing Specification Information Management,P15-ENG-033,BIM/CDE Reference Engine,Deterministic,"Provides bim/cde reference engine using governed information, permissions, revision lineage and audit evidence.","AI cannot silently publish authoritative revisions, approve contractual responses, or replace required human review"
15,Enterprise Document Drawing Specification Information Management,P15-ENG-034,Closeout Completeness Engine,Deterministic,"Provides closeout completeness engine using governed information, permissions, revision lineage and audit evidence.","AI cannot silently publish authoritative revisions, approve contractual responses, or replace required human review"
15,Enterprise Document Drawing Specification Information Management,P15-ENG-035,Turnover Engine,Deterministic,"Provides turnover engine using governed information, permissions, revision lineage and audit evidence.","AI cannot silently publish authoritative revisions, approve contractual responses, or replace required human review"
15,Enterprise Document Drawing Specification Information Management,P15-ENG-036,Revision Impact Engine,Deterministic,"Provides revision impact engine using governed information, permissions, revision lineage and audit evidence.","AI cannot silently publish authoritative revisions, approve contractual responses, or replace required human review"
15,Enterprise Document Drawing Specification Information Management,P15-ENG-037,Downstream Dependency Engine,Deterministic,"Provides downstream dependency engine using governed information, permissions, revision lineage and audit evidence.","AI cannot silently publish authoritative revisions, approve contractual responses, or replace required human review"
15,Enterprise Document Drawing Specification Information Management,P15-ENG-038,Document KPI Engine,Deterministic,"Provides document kpi engine using governed information, permissions, revision lineage and audit evidence.","AI cannot silently publish authoritative revisions, approve contractual responses, or replace required human review"
15,Enterprise Document Drawing Specification Information Management,P15-ENG-039,Document Alert Engine,Deterministic,"Provides document alert engine using governed information, permissions, revision lineage and audit evidence.","AI cannot silently publish authoritative revisions, approve contractual responses, or replace required human review"
15,Enterprise Document Drawing Specification Information Management,P15-ENG-040,Evidence Retrieval Engine,Deterministic,"Provides evidence retrieval engine using governed information, permissions, revision lineage and audit evidence.","AI cannot silently publish authoritative revisions, approve contractual responses, or replace required human review"
15,Enterprise Document Drawing Specification Information Management,P15-ENG-041,Plan/Spec AI Assistant,AI-assisted,"Provides plan/spec ai assistant using governed information, permissions, revision lineage and audit evidence.","AI cannot silently publish authoritative revisions, approve contractual responses, or replace required human review"
15,Enterprise Document Drawing Specification Information Management,P15-ENG-042,Document Summary Engine,AI-assisted,"Provides document summary engine using governed information, permissions, revision lineage and audit evidence.","AI cannot silently publish authoritative revisions, approve contractual responses, or replace required human review"
15,Enterprise Document Drawing Specification Information Management,P15-ENG-043,Document Question Answering Engine,AI-assisted,"Provides document question answering engine using governed information, permissions, revision lineage and audit evidence.","AI cannot silently publish authoritative revisions, approve contractual responses, or replace required human review"
15,Enterprise Document Drawing Specification Information Management,P15-ENG-044,AI Confidence Engine,AI-assisted,"Provides ai confidence engine using governed information, permissions, revision lineage and audit evidence.","AI cannot silently publish authoritative revisions, approve contractual responses, or replace required human review"
15,Enterprise Document Drawing Specification Information Management,P15-ENG-045,Document Digital Twin Engine,AI-assisted,"Provides document digital twin engine using governed information, permissions, revision lineage and audit evidence.","AI cannot silently publish authoritative revisions, approve contractual responses, or replace required human review"
16,GIS Survey Reality Capture Drone Operations,P16-ENG-001,Coordinate Transformation Engine,Deterministic,"Provides coordinate transformation engine using governed spatial inputs, reference systems, quality criteria and lineage.","AI cannot certify survey accuracy, approve regulated flight authority, or publish machine-control deliverables without required human approval"
16,GIS Survey Reality Capture Drone Operations,P16-ENG-002,Datum/Geoid Resolution Engine,Deterministic,"Provides datum/geoid resolution engine using governed spatial inputs, reference systems, quality criteria and lineage.","AI cannot certify survey accuracy, approve regulated flight authority, or publish machine-control deliverables without required human approval"
16,GIS Survey Reality Capture Drone Operations,P16-ENG-003,Geometry Validation Engine,Deterministic,"Provides geometry validation engine using governed spatial inputs, reference systems, quality criteria and lineage.","AI cannot certify survey accuracy, approve regulated flight authority, or publish machine-control deliverables without required human approval"
16,GIS Survey Reality Capture Drone Operations,P16-ENG-004,Topology Validation Engine,Deterministic,"Provides topology validation engine using governed spatial inputs, reference systems, quality criteria and lineage.","AI cannot certify survey accuracy, approve regulated flight authority, or publish machine-control deliverables without required human approval"
16,GIS Survey Reality Capture Drone Operations,P16-ENG-005,Spatial Index Engine,Deterministic,"Provides spatial index engine using governed spatial inputs, reference systems, quality criteria and lineage.","AI cannot certify survey accuracy, approve regulated flight authority, or publish machine-control deliverables without required human approval"
16,GIS Survey Reality Capture Drone Operations,P16-ENG-006,Survey Control Engine,Deterministic,"Provides survey control engine using governed spatial inputs, reference systems, quality criteria and lineage.","AI cannot certify survey accuracy, approve regulated flight authority, or publish machine-control deliverables without required human approval"
16,GIS Survey Reality Capture Drone Operations,P16-ENG-007,Network Adjustment Engine,Deterministic,"Provides network adjustment engine using governed spatial inputs, reference systems, quality criteria and lineage.","AI cannot certify survey accuracy, approve regulated flight authority, or publish machine-control deliverables without required human approval"
16,GIS Survey Reality Capture Drone Operations,P16-ENG-008,Closure Calculation Engine,Deterministic,"Provides closure calculation engine using governed spatial inputs, reference systems, quality criteria and lineage.","AI cannot certify survey accuracy, approve regulated flight authority, or publish machine-control deliverables without required human approval"
16,GIS Survey Reality Capture Drone Operations,P16-ENG-009,GNSS Quality Engine,Deterministic,"Provides gnss quality engine using governed spatial inputs, reference systems, quality criteria and lineage.","AI cannot certify survey accuracy, approve regulated flight authority, or publish machine-control deliverables without required human approval"
16,GIS Survey Reality Capture Drone Operations,P16-ENG-010,RTK/RTN Validation Engine,Deterministic,"Provides rtk/rtn validation engine using governed spatial inputs, reference systems, quality criteria and lineage.","AI cannot certify survey accuracy, approve regulated flight authority, or publish machine-control deliverables without required human approval"
16,GIS Survey Reality Capture Drone Operations,P16-ENG-011,Total Station Reduction Engine,Deterministic,"Provides total station reduction engine using governed spatial inputs, reference systems, quality criteria and lineage.","AI cannot certify survey accuracy, approve regulated flight authority, or publish machine-control deliverables without required human approval"
16,GIS Survey Reality Capture Drone Operations,P16-ENG-012,Level Closure Engine,Deterministic,"Provides level closure engine using governed spatial inputs, reference systems, quality criteria and lineage.","AI cannot certify survey accuracy, approve regulated flight authority, or publish machine-control deliverables without required human approval"
16,GIS Survey Reality Capture Drone Operations,P16-ENG-013,Stakeout Calculation Engine,Deterministic,"Provides stakeout calculation engine using governed spatial inputs, reference systems, quality criteria and lineage.","AI cannot certify survey accuracy, approve regulated flight authority, or publish machine-control deliverables without required human approval"
16,GIS Survey Reality Capture Drone Operations,P16-ENG-014,Station/Offset Engine,Deterministic,"Provides station/offset engine using governed spatial inputs, reference systems, quality criteria and lineage.","AI cannot certify survey accuracy, approve regulated flight authority, or publish machine-control deliverables without required human approval"
16,GIS Survey Reality Capture Drone Operations,P16-ENG-015,Feature Coding Engine,Deterministic,"Provides feature coding engine using governed spatial inputs, reference systems, quality criteria and lineage.","AI cannot certify survey accuracy, approve regulated flight authority, or publish machine-control deliverables without required human approval"
16,GIS Survey Reality Capture Drone Operations,P16-ENG-016,Photogrammetry Alignment Engine,Deterministic,"Provides photogrammetry alignment engine using governed spatial inputs, reference systems, quality criteria and lineage.","AI cannot certify survey accuracy, approve regulated flight authority, or publish machine-control deliverables without required human approval"
16,GIS Survey Reality Capture Drone Operations,P16-ENG-017,Ground Control Adjustment Engine,Deterministic,"Provides ground control adjustment engine using governed spatial inputs, reference systems, quality criteria and lineage.","AI cannot certify survey accuracy, approve regulated flight authority, or publish machine-control deliverables without required human approval"
16,GIS Survey Reality Capture Drone Operations,P16-ENG-018,Orthomosaic Engine,Deterministic,"Provides orthomosaic engine using governed spatial inputs, reference systems, quality criteria and lineage.","AI cannot certify survey accuracy, approve regulated flight authority, or publish machine-control deliverables without required human approval"
16,GIS Survey Reality Capture Drone Operations,P16-ENG-019,LiDAR Trajectory Engine,Deterministic,"Provides lidar trajectory engine using governed spatial inputs, reference systems, quality criteria and lineage.","AI cannot certify survey accuracy, approve regulated flight authority, or publish machine-control deliverables without required human approval"
16,GIS Survey Reality Capture Drone Operations,P16-ENG-020,Point Cloud Registration Engine,Deterministic,"Provides point cloud registration engine using governed spatial inputs, reference systems, quality criteria and lineage.","AI cannot certify survey accuracy, approve regulated flight authority, or publish machine-control deliverables without required human approval"
16,GIS Survey Reality Capture Drone Operations,P16-ENG-021,Point Classification Engine,Deterministic,"Provides point classification engine using governed spatial inputs, reference systems, quality criteria and lineage.","AI cannot certify survey accuracy, approve regulated flight authority, or publish machine-control deliverables without required human approval"
16,GIS Survey Reality Capture Drone Operations,P16-ENG-022,Surface/TIN Engine,Deterministic,"Provides surface/tin engine using governed spatial inputs, reference systems, quality criteria and lineage.","AI cannot certify survey accuracy, approve regulated flight authority, or publish machine-control deliverables without required human approval"
16,GIS Survey Reality Capture Drone Operations,P16-ENG-023,Contour Engine,Deterministic,"Provides contour engine using governed spatial inputs, reference systems, quality criteria and lineage.","AI cannot certify survey accuracy, approve regulated flight authority, or publish machine-control deliverables without required human approval"
16,GIS Survey Reality Capture Drone Operations,P16-ENG-024,Cross-Section Engine,Deterministic,"Provides cross-section engine using governed spatial inputs, reference systems, quality criteria and lineage.","AI cannot certify survey accuracy, approve regulated flight authority, or publish machine-control deliverables without required human approval"
16,GIS Survey Reality Capture Drone Operations,P16-ENG-025,Profile Engine,Deterministic,"Provides profile engine using governed spatial inputs, reference systems, quality criteria and lineage.","AI cannot certify survey accuracy, approve regulated flight authority, or publish machine-control deliverables without required human approval"
16,GIS Survey Reality Capture Drone Operations,P16-ENG-026,Cut/Fill Engine,Deterministic,"Provides cut/fill engine using governed spatial inputs, reference systems, quality criteria and lineage.","AI cannot certify survey accuracy, approve regulated flight authority, or publish machine-control deliverables without required human approval"
16,GIS Survey Reality Capture Drone Operations,P16-ENG-027,Stockpile Volume Engine,Deterministic,"Provides stockpile volume engine using governed spatial inputs, reference systems, quality criteria and lineage.","AI cannot certify survey accuracy, approve regulated flight authority, or publish machine-control deliverables without required human approval"
16,GIS Survey Reality Capture Drone Operations,P16-ENG-028,Swell/Shrink Conversion Engine,Deterministic,"Provides swell/shrink conversion engine using governed spatial inputs, reference systems, quality criteria and lineage.","AI cannot certify survey accuracy, approve regulated flight authority, or publish machine-control deliverables without required human approval"
16,GIS Survey Reality Capture Drone Operations,P16-ENG-029,Progress Comparison Engine,Deterministic,"Provides progress comparison engine using governed spatial inputs, reference systems, quality criteria and lineage.","AI cannot certify survey accuracy, approve regulated flight authority, or publish machine-control deliverables without required human approval"
16,GIS Survey Reality Capture Drone Operations,P16-ENG-030,Change Detection Engine,Deterministic,"Provides change detection engine using governed spatial inputs, reference systems, quality criteria and lineage.","AI cannot certify survey accuracy, approve regulated flight authority, or publish machine-control deliverables without required human approval"
16,GIS Survey Reality Capture Drone Operations,P16-ENG-031,Geofence Engine,Deterministic,"Provides geofence engine using governed spatial inputs, reference systems, quality criteria and lineage.","AI cannot certify survey accuracy, approve regulated flight authority, or publish machine-control deliverables without required human approval"
16,GIS Survey Reality Capture Drone Operations,P16-ENG-032,Route/Proximity Engine,Deterministic,"Provides route/proximity engine using governed spatial inputs, reference systems, quality criteria and lineage.","AI cannot certify survey accuracy, approve regulated flight authority, or publish machine-control deliverables without required human approval"
16,GIS Survey Reality Capture Drone Operations,P16-ENG-033,Spatial Join Engine,Deterministic,"Provides spatial join engine using governed spatial inputs, reference systems, quality criteria and lineage.","AI cannot certify survey accuracy, approve regulated flight authority, or publish machine-control deliverables without required human approval"
16,GIS Survey Reality Capture Drone Operations,P16-ENG-034,Field Offline Sync Engine,Deterministic,"Provides field offline sync engine using governed spatial inputs, reference systems, quality criteria and lineage.","AI cannot certify survey accuracy, approve regulated flight authority, or publish machine-control deliverables without required human approval"
16,GIS Survey Reality Capture Drone Operations,P16-ENG-035,Flight Planning Engine,Deterministic,"Provides flight planning engine using governed spatial inputs, reference systems, quality criteria and lineage.","AI cannot certify survey accuracy, approve regulated flight authority, or publish machine-control deliverables without required human approval"
16,GIS Survey Reality Capture Drone Operations,P16-ENG-036,Flight Compliance Engine,Deterministic,"Provides flight compliance engine using governed spatial inputs, reference systems, quality criteria and lineage.","AI cannot certify survey accuracy, approve regulated flight authority, or publish machine-control deliverables without required human approval"
16,GIS Survey Reality Capture Drone Operations,P16-ENG-037,Battery Readiness Engine,Deterministic,"Provides battery readiness engine using governed spatial inputs, reference systems, quality criteria and lineage.","AI cannot certify survey accuracy, approve regulated flight authority, or publish machine-control deliverables without required human approval"
16,GIS Survey Reality Capture Drone Operations,P16-ENG-038,Payload Readiness Engine,Deterministic,"Provides payload readiness engine using governed spatial inputs, reference systems, quality criteria and lineage.","AI cannot certify survey accuracy, approve regulated flight authority, or publish machine-control deliverables without required human approval"
16,GIS Survey Reality Capture Drone Operations,P16-ENG-039,Reality Capture QA Engine,Deterministic,"Provides reality capture qa engine using governed spatial inputs, reference systems, quality criteria and lineage.","AI cannot certify survey accuracy, approve regulated flight authority, or publish machine-control deliverables without required human approval"
16,GIS Survey Reality Capture Drone Operations,P16-ENG-040,RMSE/Accuracy Engine,Deterministic,"Provides rmse/accuracy engine using governed spatial inputs, reference systems, quality criteria and lineage.","AI cannot certify survey accuracy, approve regulated flight authority, or publish machine-control deliverables without required human approval"
16,GIS Survey Reality Capture Drone Operations,P16-ENG-041,Machine Control Handoff Validator,Deterministic,"Provides machine control handoff validator using governed spatial inputs, reference systems, quality criteria and lineage.","AI cannot certify survey accuracy, approve regulated flight authority, or publish machine-control deliverables without required human approval"
16,GIS Survey Reality Capture Drone Operations,P16-ENG-042,Survey Deliverable Engine,Deterministic,"Provides survey deliverable engine using governed spatial inputs, reference systems, quality criteria and lineage.","AI cannot certify survey accuracy, approve regulated flight authority, or publish machine-control deliverables without required human approval"
16,GIS Survey Reality Capture Drone Operations,P16-ENG-043,Spatial KPI Engine,Deterministic,"Provides spatial kpi engine using governed spatial inputs, reference systems, quality criteria and lineage.","AI cannot certify survey accuracy, approve regulated flight authority, or publish machine-control deliverables without required human approval"
16,GIS Survey Reality Capture Drone Operations,P16-ENG-044,Feature Recognition Engine,AI-assisted,"Provides feature recognition engine using governed spatial inputs, reference systems, quality criteria and lineage.","AI cannot certify survey accuracy, approve regulated flight authority, or publish machine-control deliverables without required human approval"
16,GIS Survey Reality Capture Drone Operations,P16-ENG-045,Terrain Anomaly Engine,AI-assisted,"Provides terrain anomaly engine using governed spatial inputs, reference systems, quality criteria and lineage.","AI cannot certify survey accuracy, approve regulated flight authority, or publish machine-control deliverables without required human approval"
16,GIS Survey Reality Capture Drone Operations,P16-ENG-046,AI Change Detection Engine,AI-assisted,"Provides ai change detection engine using governed spatial inputs, reference systems, quality criteria and lineage.","AI cannot certify survey accuracy, approve regulated flight authority, or publish machine-control deliverables without required human approval"
16,GIS Survey Reality Capture Drone Operations,P16-ENG-047,Evidence Retrieval Engine,AI-assisted,"Provides evidence retrieval engine using governed spatial inputs, reference systems, quality criteria and lineage.","AI cannot certify survey accuracy, approve regulated flight authority, or publish machine-control deliverables without required human approval"
16,GIS Survey Reality Capture Drone Operations,P16-ENG-048,AI Confidence Engine,AI-assisted,"Provides ai confidence engine using governed spatial inputs, reference systems, quality criteria and lineage.","AI cannot certify survey accuracy, approve regulated flight authority, or publish machine-control deliverables without required human approval"
16,GIS Survey Reality Capture Drone Operations,P16-ENG-049,Geospatial Digital Twin Engine,AI-assisted,"Provides geospatial digital twin engine using governed spatial inputs, reference systems, quality criteria and lineage.","AI cannot certify survey accuracy, approve regulated flight authority, or publish machine-control deliverables without required human approval"
17,Machine Control GPS Field Automation,P17-ENG-001,Phase 16 Handoff Validation Engine,Deterministic,"Provides phase 16 handoff validation engine using approved models/localization, machine/device context, telemetry, safety controls and lineage.","AI cannot autonomously enable automatic control, certify localization/model accuracy, override exclusion zones, or release safety-critical job files"
17,Machine Control GPS Field Automation,P17-ENG-002,Model Package Engine,Deterministic,"Provides model package engine using approved models/localization, machine/device context, telemetry, safety controls and lineage.","AI cannot autonomously enable automatic control, certify localization/model accuracy, override exclusion zones, or release safety-critical job files"
17,Machine Control GPS Field Automation,P17-ENG-003,Model Revision Engine,Deterministic,"Provides model revision engine using approved models/localization, machine/device context, telemetry, safety controls and lineage.","AI cannot autonomously enable automatic control, certify localization/model accuracy, override exclusion zones, or release safety-critical job files"
17,Machine Control GPS Field Automation,P17-ENG-004,Localization Validation Engine,Deterministic,"Provides localization validation engine using approved models/localization, machine/device context, telemetry, safety controls and lineage.","AI cannot autonomously enable automatic control, certify localization/model accuracy, override exclusion zones, or release safety-critical job files"
17,Machine Control GPS Field Automation,P17-ENG-005,Localization Residual Engine,Deterministic,"Provides localization residual engine using approved models/localization, machine/device context, telemetry, safety controls and lineage.","AI cannot autonomously enable automatic control, certify localization/model accuracy, override exclusion zones, or release safety-critical job files"
17,Machine Control GPS Field Automation,P17-ENG-006,CRS/Datum Compatibility Engine,Deterministic,"Provides crs/datum compatibility engine using approved models/localization, machine/device context, telemetry, safety controls and lineage.","AI cannot autonomously enable automatic control, certify localization/model accuracy, override exclusion zones, or release safety-critical job files"
17,Machine Control GPS Field Automation,P17-ENG-007,Device Compatibility Engine,Deterministic,"Provides device compatibility engine using approved models/localization, machine/device context, telemetry, safety controls and lineage.","AI cannot autonomously enable automatic control, certify localization/model accuracy, override exclusion zones, or release safety-critical job files"
17,Machine Control GPS Field Automation,P17-ENG-008,Attachment Compatibility Engine,Deterministic,"Provides attachment compatibility engine using approved models/localization, machine/device context, telemetry, safety controls and lineage.","AI cannot autonomously enable automatic control, certify localization/model accuracy, override exclusion zones, or release safety-critical job files"
17,Machine Control GPS Field Automation,P17-ENG-009,Firmware Compatibility Engine,Deterministic,"Provides firmware compatibility engine using approved models/localization, machine/device context, telemetry, safety controls and lineage.","AI cannot autonomously enable automatic control, certify localization/model accuracy, override exclusion zones, or release safety-critical job files"
17,Machine Control GPS Field Automation,P17-ENG-010,Job File Conversion Engine,Deterministic,"Provides job file conversion engine using approved models/localization, machine/device context, telemetry, safety controls and lineage.","AI cannot autonomously enable automatic control, certify localization/model accuracy, override exclusion zones, or release safety-critical job files"
17,Machine Control GPS Field Automation,P17-ENG-011,Job File Packaging Engine,Deterministic,"Provides job file packaging engine using approved models/localization, machine/device context, telemetry, safety controls and lineage.","AI cannot autonomously enable automatic control, certify localization/model accuracy, override exclusion zones, or release safety-critical job files"
17,Machine Control GPS Field Automation,P17-ENG-012,Checksum/Integrity Engine,Deterministic,"Provides checksum/integrity engine using approved models/localization, machine/device context, telemetry, safety controls and lineage.","AI cannot autonomously enable automatic control, certify localization/model accuracy, override exclusion zones, or release safety-critical job files"
17,Machine Control GPS Field Automation,P17-ENG-013,Machine Assignment Engine,Deterministic,"Provides machine assignment engine using approved models/localization, machine/device context, telemetry, safety controls and lineage.","AI cannot autonomously enable automatic control, certify localization/model accuracy, override exclusion zones, or release safety-critical job files"
17,Machine Control GPS Field Automation,P17-ENG-014,Operator Authorization Engine,Deterministic,"Provides operator authorization engine using approved models/localization, machine/device context, telemetry, safety controls and lineage.","AI cannot autonomously enable automatic control, certify localization/model accuracy, override exclusion zones, or release safety-critical job files"
17,Machine Control GPS Field Automation,P17-ENG-015,Position Quality Engine,Deterministic,"Provides position quality engine using approved models/localization, machine/device context, telemetry, safety controls and lineage.","AI cannot autonomously enable automatic control, certify localization/model accuracy, override exclusion zones, or release safety-critical job files"
17,Machine Control GPS Field Automation,P17-ENG-016,GNSS Health Engine,Deterministic,"Provides gnss health engine using approved models/localization, machine/device context, telemetry, safety controls and lineage.","AI cannot autonomously enable automatic control, certify localization/model accuracy, override exclusion zones, or release safety-critical job files"
17,Machine Control GPS Field Automation,P17-ENG-017,Correction Service Health Engine,Deterministic,"Provides correction service health engine using approved models/localization, machine/device context, telemetry, safety controls and lineage.","AI cannot autonomously enable automatic control, certify localization/model accuracy, override exclusion zones, or release safety-critical job files"
17,Machine Control GPS Field Automation,P17-ENG-018,2D Guidance Engine,Deterministic,"Provides 2d guidance engine using approved models/localization, machine/device context, telemetry, safety controls and lineage.","AI cannot autonomously enable automatic control, certify localization/model accuracy, override exclusion zones, or release safety-critical job files"
17,Machine Control GPS Field Automation,P17-ENG-019,3D Guidance Engine,Deterministic,"Provides 3d guidance engine using approved models/localization, machine/device context, telemetry, safety controls and lineage.","AI cannot autonomously enable automatic control, certify localization/model accuracy, override exclusion zones, or release safety-critical job files"
17,Machine Control GPS Field Automation,P17-ENG-020,Cut/Fill Engine,Deterministic,"Provides cut/fill engine using approved models/localization, machine/device context, telemetry, safety controls and lineage.","AI cannot autonomously enable automatic control, certify localization/model accuracy, override exclusion zones, or release safety-critical job files"
17,Machine Control GPS Field Automation,P17-ENG-021,Grade/Slope Engine,Deterministic,"Provides grade/slope engine using approved models/localization, machine/device context, telemetry, safety controls and lineage.","AI cannot autonomously enable automatic control, certify localization/model accuracy, override exclusion zones, or release safety-critical job files"
17,Machine Control GPS Field Automation,P17-ENG-022,Excavator Geometry Engine,Deterministic,"Provides excavator geometry engine using approved models/localization, machine/device context, telemetry, safety controls and lineage.","AI cannot autonomously enable automatic control, certify localization/model accuracy, override exclusion zones, or release safety-critical job files"
17,Machine Control GPS Field Automation,P17-ENG-023,Dozer Blade Engine,Deterministic,"Provides dozer blade engine using approved models/localization, machine/device context, telemetry, safety controls and lineage.","AI cannot autonomously enable automatic control, certify localization/model accuracy, override exclusion zones, or release safety-critical job files"
17,Machine Control GPS Field Automation,P17-ENG-024,Grader Cross-Slope Engine,Deterministic,"Provides grader cross-slope engine using approved models/localization, machine/device context, telemetry, safety controls and lineage.","AI cannot autonomously enable automatic control, certify localization/model accuracy, override exclusion zones, or release safety-critical job files"
17,Machine Control GPS Field Automation,P17-ENG-025,Compactor Coverage Engine,Deterministic,"Provides compactor coverage engine using approved models/localization, machine/device context, telemetry, safety controls and lineage.","AI cannot autonomously enable automatic control, certify localization/model accuracy, override exclusion zones, or release safety-critical job files"
17,Machine Control GPS Field Automation,P17-ENG-026,Compaction Pass Engine,Deterministic,"Provides compaction pass engine using approved models/localization, machine/device context, telemetry, safety controls and lineage.","AI cannot autonomously enable automatic control, certify localization/model accuracy, override exclusion zones, or release safety-critical job files"
17,Machine Control GPS Field Automation,P17-ENG-027,Paving Guidance Engine,Deterministic,"Provides paving guidance engine using approved models/localization, machine/device context, telemetry, safety controls and lineage.","AI cannot autonomously enable automatic control, certify localization/model accuracy, override exclusion zones, or release safety-critical job files"
17,Machine Control GPS Field Automation,P17-ENG-028,Milling Depth Engine,Deterministic,"Provides milling depth engine using approved models/localization, machine/device context, telemetry, safety controls and lineage.","AI cannot autonomously enable automatic control, certify localization/model accuracy, override exclusion zones, or release safety-critical job files"
17,Machine Control GPS Field Automation,P17-ENG-029,Trench/Invert Engine,Deterministic,"Provides trench/invert engine using approved models/localization, machine/device context, telemetry, safety controls and lineage.","AI cannot autonomously enable automatic control, certify localization/model accuracy, override exclusion zones, or release safety-critical job files"
17,Machine Control GPS Field Automation,P17-ENG-030,Station/Offset Engine,Deterministic,"Provides station/offset engine using approved models/localization, machine/device context, telemetry, safety controls and lineage.","AI cannot autonomously enable automatic control, certify localization/model accuracy, override exclusion zones, or release safety-critical job files"
17,Machine Control GPS Field Automation,P17-ENG-031,Geofence Engine,Deterministic,"Provides geofence engine using approved models/localization, machine/device context, telemetry, safety controls and lineage.","AI cannot autonomously enable automatic control, certify localization/model accuracy, override exclusion zones, or release safety-critical job files"
17,Machine Control GPS Field Automation,P17-ENG-032,No-Go Zone Engine,Deterministic,"Provides no-go zone engine using approved models/localization, machine/device context, telemetry, safety controls and lineage.","AI cannot autonomously enable automatic control, certify localization/model accuracy, override exclusion zones, or release safety-critical job files"
17,Machine Control GPS Field Automation,P17-ENG-033,Safety Alert Engine,Deterministic,"Provides safety alert engine using approved models/localization, machine/device context, telemetry, safety controls and lineage.","AI cannot autonomously enable automatic control, certify localization/model accuracy, override exclusion zones, or release safety-critical job files"
17,Machine Control GPS Field Automation,P17-ENG-034,Tolerance Engine,Deterministic,"Provides tolerance engine using approved models/localization, machine/device context, telemetry, safety controls and lineage.","AI cannot autonomously enable automatic control, certify localization/model accuracy, override exclusion zones, or release safety-critical job files"
17,Machine Control GPS Field Automation,P17-ENG-035,Conformance Engine,Deterministic,"Provides conformance engine using approved models/localization, machine/device context, telemetry, safety controls and lineage.","AI cannot autonomously enable automatic control, certify localization/model accuracy, override exclusion zones, or release safety-critical job files"
17,Machine Control GPS Field Automation,P17-ENG-036,As-Built Engine,Deterministic,"Provides as-built engine using approved models/localization, machine/device context, telemetry, safety controls and lineage.","AI cannot autonomously enable automatic control, certify localization/model accuracy, override exclusion zones, or release safety-critical job files"
17,Machine Control GPS Field Automation,P17-ENG-037,Production Capture Engine,Deterministic,"Provides production capture engine using approved models/localization, machine/device context, telemetry, safety controls and lineage.","AI cannot autonomously enable automatic control, certify localization/model accuracy, override exclusion zones, or release safety-critical job files"
17,Machine Control GPS Field Automation,P17-ENG-038,Material Movement Engine,Deterministic,"Provides material movement engine using approved models/localization, machine/device context, telemetry, safety controls and lineage.","AI cannot autonomously enable automatic control, certify localization/model accuracy, override exclusion zones, or release safety-critical job files"
17,Machine Control GPS Field Automation,P17-ENG-039,Sync Engine,Deterministic,"Provides sync engine using approved models/localization, machine/device context, telemetry, safety controls and lineage.","AI cannot autonomously enable automatic control, certify localization/model accuracy, override exclusion zones, or release safety-critical job files"
17,Machine Control GPS Field Automation,P17-ENG-040,Offline Conflict Engine,Deterministic,"Provides offline conflict engine using approved models/localization, machine/device context, telemetry, safety controls and lineage.","AI cannot autonomously enable automatic control, certify localization/model accuracy, override exclusion zones, or release safety-critical job files"
17,Machine Control GPS Field Automation,P17-ENG-041,Transfer Verification Engine,Deterministic,"Provides transfer verification engine using approved models/localization, machine/device context, telemetry, safety controls and lineage.","AI cannot autonomously enable automatic control, certify localization/model accuracy, override exclusion zones, or release safety-critical job files"
17,Machine Control GPS Field Automation,P17-ENG-042,Design Change Impact Engine,Deterministic,"Provides design change impact engine using approved models/localization, machine/device context, telemetry, safety controls and lineage.","AI cannot autonomously enable automatic control, certify localization/model accuracy, override exclusion zones, or release safety-critical job files"
17,Machine Control GPS Field Automation,P17-ENG-043,Withdrawal/Reissue Engine,Deterministic,"Provides withdrawal/reissue engine using approved models/localization, machine/device context, telemetry, safety controls and lineage.","AI cannot autonomously enable automatic control, certify localization/model accuracy, override exclusion zones, or release safety-critical job files"
17,Machine Control GPS Field Automation,P17-ENG-044,Telemetry Correlation Engine,Deterministic,"Provides telemetry correlation engine using approved models/localization, machine/device context, telemetry, safety controls and lineage.","AI cannot autonomously enable automatic control, certify localization/model accuracy, override exclusion zones, or release safety-critical job files"
17,Machine Control GPS Field Automation,P17-ENG-045,Remote Diagnostics Engine,Deterministic,"Provides remote diagnostics engine using approved models/localization, machine/device context, telemetry, safety controls and lineage.","AI cannot autonomously enable automatic control, certify localization/model accuracy, override exclusion zones, or release safety-critical job files"
17,Machine Control GPS Field Automation,P17-ENG-046,Device Health Engine,Deterministic,"Provides device health engine using approved models/localization, machine/device context, telemetry, safety controls and lineage.","AI cannot autonomously enable automatic control, certify localization/model accuracy, override exclusion zones, or release safety-critical job files"
17,Machine Control GPS Field Automation,P17-ENG-047,Field Automation Rules Engine,Deterministic,"Provides field automation rules engine using approved models/localization, machine/device context, telemetry, safety controls and lineage.","AI cannot autonomously enable automatic control, certify localization/model accuracy, override exclusion zones, or release safety-critical job files"
17,Machine Control GPS Field Automation,P17-ENG-048,Task Sequencing Engine,Deterministic,"Provides task sequencing engine using approved models/localization, machine/device context, telemetry, safety controls and lineage.","AI cannot autonomously enable automatic control, certify localization/model accuracy, override exclusion zones, or release safety-critical job files"
17,Machine Control GPS Field Automation,P17-ENG-049,Model QA Engine,AI-assisted,"Provides model qa engine using approved models/localization, machine/device context, telemetry, safety controls and lineage.","AI cannot autonomously enable automatic control, certify localization/model accuracy, override exclusion zones, or release safety-critical job files"
17,Machine Control GPS Field Automation,P17-ENG-050,Anomaly Detection Engine,AI-assisted,"Provides anomaly detection engine using approved models/localization, machine/device context, telemetry, safety controls and lineage.","AI cannot autonomously enable automatic control, certify localization/model accuracy, override exclusion zones, or release safety-critical job files"
17,Machine Control GPS Field Automation,P17-ENG-051,Optimization Recommendation Engine,AI-assisted,"Provides optimization recommendation engine using approved models/localization, machine/device context, telemetry, safety controls and lineage.","AI cannot autonomously enable automatic control, certify localization/model accuracy, override exclusion zones, or release safety-critical job files"
17,Machine Control GPS Field Automation,P17-ENG-052,Evidence Retrieval Engine,AI-assisted,"Provides evidence retrieval engine using approved models/localization, machine/device context, telemetry, safety controls and lineage.","AI cannot autonomously enable automatic control, certify localization/model accuracy, override exclusion zones, or release safety-critical job files"
17,Machine Control GPS Field Automation,P17-ENG-053,AI Confidence Engine,AI-assisted,"Provides ai confidence engine using approved models/localization, machine/device context, telemetry, safety controls and lineage.","AI cannot autonomously enable automatic control, certify localization/model accuracy, override exclusion zones, or release safety-critical job files"
17,Machine Control GPS Field Automation,P17-ENG-054,Machine Control KPI Engine,AI-assisted,"Provides machine control kpi engine using approved models/localization, machine/device context, telemetry, safety controls and lineage.","AI cannot autonomously enable automatic control, certify localization/model accuracy, override exclusion zones, or release safety-critical job files"
17,Machine Control GPS Field Automation,P17-ENG-055,Machine Control Digital Twin Engine,AI-assisted,"Provides machine control digital twin engine using approved models/localization, machine/device context, telemetry, safety controls and lineage.","AI cannot autonomously enable automatic control, certify localization/model accuracy, override exclusion zones, or release safety-critical job files"
18,Enterprise Scheduling Resource Planning,P18-ENG-001,CPM Calculation Engine,Deterministic,"Provides cpm calculation engine using governed schedule logic, calendars, resource data, progress and cross-phase evidence.","AI may recommend but cannot silently alter approved baselines, contractual milestones or committed resource plans"
18,Enterprise Scheduling Resource Planning,P18-ENG-002,Forward Pass Engine,Deterministic,"Provides forward pass engine using governed schedule logic, calendars, resource data, progress and cross-phase evidence.","AI may recommend but cannot silently alter approved baselines, contractual milestones or committed resource plans"
18,Enterprise Scheduling Resource Planning,P18-ENG-003,Backward Pass Engine,Deterministic,"Provides backward pass engine using governed schedule logic, calendars, resource data, progress and cross-phase evidence.","AI may recommend but cannot silently alter approved baselines, contractual milestones or committed resource plans"
18,Enterprise Scheduling Resource Planning,P18-ENG-004,Float Calculation Engine,Deterministic,"Provides float calculation engine using governed schedule logic, calendars, resource data, progress and cross-phase evidence.","AI may recommend but cannot silently alter approved baselines, contractual milestones or committed resource plans"
18,Enterprise Scheduling Resource Planning,P18-ENG-005,Critical Path Engine,Deterministic,"Provides critical path engine using governed schedule logic, calendars, resource data, progress and cross-phase evidence.","AI may recommend but cannot silently alter approved baselines, contractual milestones or committed resource plans"
18,Enterprise Scheduling Resource Planning,P18-ENG-006,Longest Path Engine,Deterministic,"Provides longest path engine using governed schedule logic, calendars, resource data, progress and cross-phase evidence.","AI may recommend but cannot silently alter approved baselines, contractual milestones or committed resource plans"
18,Enterprise Scheduling Resource Planning,P18-ENG-007,Relationship Validation Engine,Deterministic,"Provides relationship validation engine using governed schedule logic, calendars, resource data, progress and cross-phase evidence.","AI may recommend but cannot silently alter approved baselines, contractual milestones or committed resource plans"
18,Enterprise Scheduling Resource Planning,P18-ENG-008,Constraint Validation Engine,Deterministic,"Provides constraint validation engine using governed schedule logic, calendars, resource data, progress and cross-phase evidence.","AI may recommend but cannot silently alter approved baselines, contractual milestones or committed resource plans"
18,Enterprise Scheduling Resource Planning,P18-ENG-009,Calendar Engine,Deterministic,"Provides calendar engine using governed schedule logic, calendars, resource data, progress and cross-phase evidence.","AI may recommend but cannot silently alter approved baselines, contractual milestones or committed resource plans"
18,Enterprise Scheduling Resource Planning,P18-ENG-010,Shift Calendar Engine,Deterministic,"Provides shift calendar engine using governed schedule logic, calendars, resource data, progress and cross-phase evidence.","AI may recommend but cannot silently alter approved baselines, contractual milestones or committed resource plans"
18,Enterprise Scheduling Resource Planning,P18-ENG-011,Baseline Comparison Engine,Deterministic,"Provides baseline comparison engine using governed schedule logic, calendars, resource data, progress and cross-phase evidence.","AI may recommend but cannot silently alter approved baselines, contractual milestones or committed resource plans"
18,Enterprise Scheduling Resource Planning,P18-ENG-012,Schedule Update Engine,Deterministic,"Provides schedule update engine using governed schedule logic, calendars, resource data, progress and cross-phase evidence.","AI may recommend but cannot silently alter approved baselines, contractual milestones or committed resource plans"
18,Enterprise Scheduling Resource Planning,P18-ENG-013,Progress Measurement Engine,Deterministic,"Provides progress measurement engine using governed schedule logic, calendars, resource data, progress and cross-phase evidence.","AI may recommend but cannot silently alter approved baselines, contractual milestones or committed resource plans"
18,Enterprise Scheduling Resource Planning,P18-ENG-014,Quantity Progress Engine,Deterministic,"Provides quantity progress engine using governed schedule logic, calendars, resource data, progress and cross-phase evidence.","AI may recommend but cannot silently alter approved baselines, contractual milestones or committed resource plans"
18,Enterprise Scheduling Resource Planning,P18-ENG-015,Production Progress Engine,Deterministic,"Provides production progress engine using governed schedule logic, calendars, resource data, progress and cross-phase evidence.","AI may recommend but cannot silently alter approved baselines, contractual milestones or committed resource plans"
18,Enterprise Scheduling Resource Planning,P18-ENG-016,Earned Value Engine,Deterministic,"Provides earned value engine using governed schedule logic, calendars, resource data, progress and cross-phase evidence.","AI may recommend but cannot silently alter approved baselines, contractual milestones or committed resource plans"
18,Enterprise Scheduling Resource Planning,P18-ENG-017,Crew Demand Engine,Deterministic,"Provides crew demand engine using governed schedule logic, calendars, resource data, progress and cross-phase evidence.","AI may recommend but cannot silently alter approved baselines, contractual milestones or committed resource plans"
18,Enterprise Scheduling Resource Planning,P18-ENG-018,Equipment Demand Engine,Deterministic,"Provides equipment demand engine using governed schedule logic, calendars, resource data, progress and cross-phase evidence.","AI may recommend but cannot silently alter approved baselines, contractual milestones or committed resource plans"
18,Enterprise Scheduling Resource Planning,P18-ENG-019,Truck Demand Engine,Deterministic,"Provides truck demand engine using governed schedule logic, calendars, resource data, progress and cross-phase evidence.","AI may recommend but cannot silently alter approved baselines, contractual milestones or committed resource plans"
18,Enterprise Scheduling Resource Planning,P18-ENG-020,Material Need-Date Engine,Deterministic,"Provides material need-date engine using governed schedule logic, calendars, resource data, progress and cross-phase evidence.","AI may recommend but cannot silently alter approved baselines, contractual milestones or committed resource plans"
18,Enterprise Scheduling Resource Planning,P18-ENG-021,Subcontractor Demand Engine,Deterministic,"Provides subcontractor demand engine using governed schedule logic, calendars, resource data, progress and cross-phase evidence.","AI may recommend but cannot silently alter approved baselines, contractual milestones or committed resource plans"
18,Enterprise Scheduling Resource Planning,P18-ENG-022,Resource Loading Engine,Deterministic,"Provides resource loading engine using governed schedule logic, calendars, resource data, progress and cross-phase evidence.","AI may recommend but cannot silently alter approved baselines, contractual milestones or committed resource plans"
18,Enterprise Scheduling Resource Planning,P18-ENG-023,Resource Histogram Engine,Deterministic,"Provides resource histogram engine using governed schedule logic, calendars, resource data, progress and cross-phase evidence.","AI may recommend but cannot silently alter approved baselines, contractual milestones or committed resource plans"
18,Enterprise Scheduling Resource Planning,P18-ENG-024,Resource Leveling Engine,Deterministic,"Provides resource leveling engine using governed schedule logic, calendars, resource data, progress and cross-phase evidence.","AI may recommend but cannot silently alter approved baselines, contractual milestones or committed resource plans"
18,Enterprise Scheduling Resource Planning,P18-ENG-025,Resource Smoothing Engine,Deterministic,"Provides resource smoothing engine using governed schedule logic, calendars, resource data, progress and cross-phase evidence.","AI may recommend but cannot silently alter approved baselines, contractual milestones or committed resource plans"
18,Enterprise Scheduling Resource Planning,P18-ENG-026,Capacity Gap Engine,Deterministic,"Provides capacity gap engine using governed schedule logic, calendars, resource data, progress and cross-phase evidence.","AI may recommend but cannot silently alter approved baselines, contractual milestones or committed resource plans"
18,Enterprise Scheduling Resource Planning,P18-ENG-027,Look-Ahead Engine,Deterministic,"Provides look-ahead engine using governed schedule logic, calendars, resource data, progress and cross-phase evidence.","AI may recommend but cannot silently alter approved baselines, contractual milestones or committed resource plans"
18,Enterprise Scheduling Resource Planning,P18-ENG-028,Weekly Work Plan Engine,Deterministic,"Provides weekly work plan engine using governed schedule logic, calendars, resource data, progress and cross-phase evidence.","AI may recommend but cannot silently alter approved baselines, contractual milestones or committed resource plans"
18,Enterprise Scheduling Resource Planning,P18-ENG-029,PPC Engine,Deterministic,"Provides ppc engine using governed schedule logic, calendars, resource data, progress and cross-phase evidence.","AI may recommend but cannot silently alter approved baselines, contractual milestones or committed resource plans"
18,Enterprise Scheduling Resource Planning,P18-ENG-030,Constraint Readiness Engine,Deterministic,"Provides constraint readiness engine using governed schedule logic, calendars, resource data, progress and cross-phase evidence.","AI may recommend but cannot silently alter approved baselines, contractual milestones or committed resource plans"
18,Enterprise Scheduling Resource Planning,P18-ENG-031,Pull Planning Engine,Deterministic,"Provides pull planning engine using governed schedule logic, calendars, resource data, progress and cross-phase evidence.","AI may recommend but cannot silently alter approved baselines, contractual milestones or committed resource plans"
18,Enterprise Scheduling Resource Planning,P18-ENG-032,Weather Impact Engine,Deterministic,"Provides weather impact engine using governed schedule logic, calendars, resource data, progress and cross-phase evidence.","AI may recommend but cannot silently alter approved baselines, contractual milestones or committed resource plans"
18,Enterprise Scheduling Resource Planning,P18-ENG-033,Forecast Completion Engine,Deterministic,"Provides forecast completion engine using governed schedule logic, calendars, resource data, progress and cross-phase evidence.","AI may recommend but cannot silently alter approved baselines, contractual milestones or committed resource plans"
18,Enterprise Scheduling Resource Planning,P18-ENG-034,Milestone Forecast Engine,Deterministic,"Provides milestone forecast engine using governed schedule logic, calendars, resource data, progress and cross-phase evidence.","AI may recommend but cannot silently alter approved baselines, contractual milestones or committed resource plans"
18,Enterprise Scheduling Resource Planning,P18-ENG-035,Scenario Engine,Deterministic,"Provides scenario engine using governed schedule logic, calendars, resource data, progress and cross-phase evidence.","AI may recommend but cannot silently alter approved baselines, contractual milestones or committed resource plans"
18,Enterprise Scheduling Resource Planning,P18-ENG-036,What-If Engine,Deterministic,"Provides what-if engine using governed schedule logic, calendars, resource data, progress and cross-phase evidence.","AI may recommend but cannot silently alter approved baselines, contractual milestones or committed resource plans"
18,Enterprise Scheduling Resource Planning,P18-ENG-037,Schedule Risk Engine,Deterministic,"Provides schedule risk engine using governed schedule logic, calendars, resource data, progress and cross-phase evidence.","AI may recommend but cannot silently alter approved baselines, contractual milestones or committed resource plans"
18,Enterprise Scheduling Resource Planning,P18-ENG-038,Confidence Date Engine,Deterministic,"Provides confidence date engine using governed schedule logic, calendars, resource data, progress and cross-phase evidence.","AI may recommend but cannot silently alter approved baselines, contractual milestones or committed resource plans"
18,Enterprise Scheduling Resource Planning,P18-ENG-039,Sensitivity Engine,Deterministic,"Provides sensitivity engine using governed schedule logic, calendars, resource data, progress and cross-phase evidence.","AI may recommend but cannot silently alter approved baselines, contractual milestones or committed resource plans"
18,Enterprise Scheduling Resource Planning,P18-ENG-040,Recovery Planning Engine,Deterministic,"Provides recovery planning engine using governed schedule logic, calendars, resource data, progress and cross-phase evidence.","AI may recommend but cannot silently alter approved baselines, contractual milestones or committed resource plans"
18,Enterprise Scheduling Resource Planning,P18-ENG-041,Acceleration Engine,Deterministic,"Provides acceleration engine using governed schedule logic, calendars, resource data, progress and cross-phase evidence.","AI may recommend but cannot silently alter approved baselines, contractual milestones or committed resource plans"
18,Enterprise Scheduling Resource Planning,P18-ENG-042,Crash Analysis Engine,Deterministic,"Provides crash analysis engine using governed schedule logic, calendars, resource data, progress and cross-phase evidence.","AI may recommend but cannot silently alter approved baselines, contractual milestones or committed resource plans"
18,Enterprise Scheduling Resource Planning,P18-ENG-043,Fast-Track Analysis Engine,Deterministic,"Provides fast-track analysis engine using governed schedule logic, calendars, resource data, progress and cross-phase evidence.","AI may recommend but cannot silently alter approved baselines, contractual milestones or committed resource plans"
18,Enterprise Scheduling Resource Planning,P18-ENG-044,Delay Impact Engine,Deterministic,"Provides delay impact engine using governed schedule logic, calendars, resource data, progress and cross-phase evidence.","AI may recommend but cannot silently alter approved baselines, contractual milestones or committed resource plans"
18,Enterprise Scheduling Resource Planning,P18-ENG-045,Fragnet Engine,Deterministic,"Provides fragnet engine using governed schedule logic, calendars, resource data, progress and cross-phase evidence.","AI may recommend but cannot silently alter approved baselines, contractual milestones or committed resource plans"
18,Enterprise Scheduling Resource Planning,P18-ENG-046,Time Impact Analysis Engine,Deterministic,"Provides time impact analysis engine using governed schedule logic, calendars, resource data, progress and cross-phase evidence.","AI may recommend but cannot silently alter approved baselines, contractual milestones or committed resource plans"
18,Enterprise Scheduling Resource Planning,P18-ENG-047,Portfolio Capacity Engine,Deterministic,"Provides portfolio capacity engine using governed schedule logic, calendars, resource data, progress and cross-phase evidence.","AI may recommend but cannot silently alter approved baselines, contractual milestones or committed resource plans"
18,Enterprise Scheduling Resource Planning,P18-ENG-048,Backlog Demand Engine,Deterministic,"Provides backlog demand engine using governed schedule logic, calendars, resource data, progress and cross-phase evidence.","AI may recommend but cannot silently alter approved baselines, contractual milestones or committed resource plans"
18,Enterprise Scheduling Resource Planning,P18-ENG-049,Cash Flow Curve Engine,Deterministic,"Provides cash flow curve engine using governed schedule logic, calendars, resource data, progress and cross-phase evidence.","AI may recommend but cannot silently alter approved baselines, contractual milestones or committed resource plans"
18,Enterprise Scheduling Resource Planning,P18-ENG-050,Schedule-Cost Integration Engine,Deterministic,"Provides schedule-cost integration engine using governed schedule logic, calendars, resource data, progress and cross-phase evidence.","AI may recommend but cannot silently alter approved baselines, contractual milestones or committed resource plans"
18,Enterprise Scheduling Resource Planning,P18-ENG-051,Schedule Quality Engine,Deterministic,"Provides schedule quality engine using governed schedule logic, calendars, resource data, progress and cross-phase evidence.","AI may recommend but cannot silently alter approved baselines, contractual milestones or committed resource plans"
18,Enterprise Scheduling Resource Planning,P18-ENG-052,Schedule Alert Engine,Deterministic,"Provides schedule alert engine using governed schedule logic, calendars, resource data, progress and cross-phase evidence.","AI may recommend but cannot silently alter approved baselines, contractual milestones or committed resource plans"
18,Enterprise Scheduling Resource Planning,P18-ENG-053,Schedule KPI Engine,Deterministic,"Provides schedule kpi engine using governed schedule logic, calendars, resource data, progress and cross-phase evidence.","AI may recommend but cannot silently alter approved baselines, contractual milestones or committed resource plans"
18,Enterprise Scheduling Resource Planning,P18-ENG-054,Delay Prediction Engine,AI-assisted,"Provides delay prediction engine using governed schedule logic, calendars, resource data, progress and cross-phase evidence.","AI may recommend but cannot silently alter approved baselines, contractual milestones or committed resource plans"
18,Enterprise Scheduling Resource Planning,P18-ENG-055,AI Constraint Detection Engine,AI-assisted,"Provides ai constraint detection engine using governed schedule logic, calendars, resource data, progress and cross-phase evidence.","AI may recommend but cannot silently alter approved baselines, contractual milestones or committed resource plans"
18,Enterprise Scheduling Resource Planning,P18-ENG-056,AI Recovery Recommendation Engine,AI-assisted,"Provides ai recovery recommendation engine using governed schedule logic, calendars, resource data, progress and cross-phase evidence.","AI may recommend but cannot silently alter approved baselines, contractual milestones or committed resource plans"
18,Enterprise Scheduling Resource Planning,P18-ENG-057,Evidence Retrieval Engine,AI-assisted,"Provides evidence retrieval engine using governed schedule logic, calendars, resource data, progress and cross-phase evidence.","AI may recommend but cannot silently alter approved baselines, contractual milestones or committed resource plans"
18,Enterprise Scheduling Resource Planning,P18-ENG-058,AI Confidence Engine,AI-assisted,"Provides ai confidence engine using governed schedule logic, calendars, resource data, progress and cross-phase evidence.","AI may recommend but cannot silently alter approved baselines, contractual milestones or committed resource plans"
18,Enterprise Scheduling Resource Planning,P18-ENG-059,Scheduling Digital Twin Engine,AI-assisted,"Provides scheduling digital twin engine using governed schedule logic, calendars, resource data, progress and cross-phase evidence.","AI may recommend but cannot silently alter approved baselines, contractual milestones or committed resource plans"
19,Contract Change Order Claims Commercial Management,P19-ENG-001,Contract Version Engine,Deterministic,"Provides contract version engine using governed contract, cost, schedule, document and approval evidence.","AI cannot make legal conclusions, waive rights, send binding notices, approve commercial commitments, or settle claims without authorized human action"
19,Contract Change Order Claims Commercial Management,P19-ENG-002,Clause Registry Engine,Deterministic,"Provides clause registry engine using governed contract, cost, schedule, document and approval evidence.","AI cannot make legal conclusions, waive rights, send binding notices, approve commercial commitments, or settle claims without authorized human action"
19,Contract Change Order Claims Commercial Management,P19-ENG-003,Obligation Engine,Deterministic,"Provides obligation engine using governed contract, cost, schedule, document and approval evidence.","AI cannot make legal conclusions, waive rights, send binding notices, approve commercial commitments, or settle claims without authorized human action"
19,Contract Change Order Claims Commercial Management,P19-ENG-004,Deadline/Notice Engine,Deterministic,"Provides deadline/notice engine using governed contract, cost, schedule, document and approval evidence.","AI cannot make legal conclusions, waive rights, send binding notices, approve commercial commitments, or settle claims without authorized human action"
19,Contract Change Order Claims Commercial Management,P19-ENG-005,Notice Escalation Engine,Deterministic,"Provides notice escalation engine using governed contract, cost, schedule, document and approval evidence.","AI cannot make legal conclusions, waive rights, send binding notices, approve commercial commitments, or settle claims without authorized human action"
19,Contract Change Order Claims Commercial Management,P19-ENG-006,Contract Authority Engine,Deterministic,"Provides contract authority engine using governed contract, cost, schedule, document and approval evidence.","AI cannot make legal conclusions, waive rights, send binding notices, approve commercial commitments, or settle claims without authorized human action"
19,Contract Change Order Claims Commercial Management,P19-ENG-007,Approval Matrix Engine,Deterministic,"Provides approval matrix engine using governed contract, cost, schedule, document and approval evidence.","AI cannot make legal conclusions, waive rights, send binding notices, approve commercial commitments, or settle claims without authorized human action"
19,Contract Change Order Claims Commercial Management,P19-ENG-008,Potential Change Engine,Deterministic,"Provides potential change engine using governed contract, cost, schedule, document and approval evidence.","AI cannot make legal conclusions, waive rights, send binding notices, approve commercial commitments, or settle claims without authorized human action"
19,Contract Change Order Claims Commercial Management,P19-ENG-009,Change Classification Engine,Deterministic,"Provides change classification engine using governed contract, cost, schedule, document and approval evidence.","AI cannot make legal conclusions, waive rights, send binding notices, approve commercial commitments, or settle claims without authorized human action"
19,Contract Change Order Claims Commercial Management,P19-ENG-010,Change Pricing Engine,Deterministic,"Provides change pricing engine using governed contract, cost, schedule, document and approval evidence.","AI cannot make legal conclusions, waive rights, send binding notices, approve commercial commitments, or settle claims without authorized human action"
19,Contract Change Order Claims Commercial Management,P19-ENG-011,Labor Pricing Engine,Deterministic,"Provides labor pricing engine using governed contract, cost, schedule, document and approval evidence.","AI cannot make legal conclusions, waive rights, send binding notices, approve commercial commitments, or settle claims without authorized human action"
19,Contract Change Order Claims Commercial Management,P19-ENG-012,Equipment Pricing Engine,Deterministic,"Provides equipment pricing engine using governed contract, cost, schedule, document and approval evidence.","AI cannot make legal conclusions, waive rights, send binding notices, approve commercial commitments, or settle claims without authorized human action"
19,Contract Change Order Claims Commercial Management,P19-ENG-013,Material Pricing Engine,Deterministic,"Provides material pricing engine using governed contract, cost, schedule, document and approval evidence.","AI cannot make legal conclusions, waive rights, send binding notices, approve commercial commitments, or settle claims without authorized human action"
19,Contract Change Order Claims Commercial Management,P19-ENG-014,Subcontract Pricing Engine,Deterministic,"Provides subcontract pricing engine using governed contract, cost, schedule, document and approval evidence.","AI cannot make legal conclusions, waive rights, send binding notices, approve commercial commitments, or settle claims without authorized human action"
19,Contract Change Order Claims Commercial Management,P19-ENG-015,Trucking Pricing Engine,Deterministic,"Provides trucking pricing engine using governed contract, cost, schedule, document and approval evidence.","AI cannot make legal conclusions, waive rights, send binding notices, approve commercial commitments, or settle claims without authorized human action"
19,Contract Change Order Claims Commercial Management,P19-ENG-016,Burden/Markup Engine,Deterministic,"Provides burden/markup engine using governed contract, cost, schedule, document and approval evidence.","AI cannot make legal conclusions, waive rights, send binding notices, approve commercial commitments, or settle claims without authorized human action"
19,Contract Change Order Claims Commercial Management,P19-ENG-017,Tax/Bond Engine,Deterministic,"Provides tax/bond engine using governed contract, cost, schedule, document and approval evidence.","AI cannot make legal conclusions, waive rights, send binding notices, approve commercial commitments, or settle claims without authorized human action"
19,Contract Change Order Claims Commercial Management,P19-ENG-018,T&M Reconciliation Engine,Deterministic,"Provides t&m reconciliation engine using governed contract, cost, schedule, document and approval evidence.","AI cannot make legal conclusions, waive rights, send binding notices, approve commercial commitments, or settle claims without authorized human action"
19,Contract Change Order Claims Commercial Management,P19-ENG-019,Force Account Engine,Deterministic,"Provides force account engine using governed contract, cost, schedule, document and approval evidence.","AI cannot make legal conclusions, waive rights, send binding notices, approve commercial commitments, or settle claims without authorized human action"
19,Contract Change Order Claims Commercial Management,P19-ENG-020,NTE Control Engine,Deterministic,"Provides nte control engine using governed contract, cost, schedule, document and approval evidence.","AI cannot make legal conclusions, waive rights, send binding notices, approve commercial commitments, or settle claims without authorized human action"
19,Contract Change Order Claims Commercial Management,P19-ENG-021,Contract Value Engine,Deterministic,"Provides contract value engine using governed contract, cost, schedule, document and approval evidence.","AI cannot make legal conclusions, waive rights, send binding notices, approve commercial commitments, or settle claims without authorized human action"
19,Contract Change Order Claims Commercial Management,P19-ENG-022,Pending Change Forecast Engine,Deterministic,"Provides pending change forecast engine using governed contract, cost, schedule, document and approval evidence.","AI cannot make legal conclusions, waive rights, send binding notices, approve commercial commitments, or settle claims without authorized human action"
19,Contract Change Order Claims Commercial Management,P19-ENG-023,Commercial Exposure Engine,Deterministic,"Provides commercial exposure engine using governed contract, cost, schedule, document and approval evidence.","AI cannot make legal conclusions, waive rights, send binding notices, approve commercial commitments, or settle claims without authorized human action"
19,Contract Change Order Claims Commercial Management,P19-ENG-024,Claim Chronology Engine,Deterministic,"Provides claim chronology engine using governed contract, cost, schedule, document and approval evidence.","AI cannot make legal conclusions, waive rights, send binding notices, approve commercial commitments, or settle claims without authorized human action"
19,Contract Change Order Claims Commercial Management,P19-ENG-025,Claim Cost Engine,Deterministic,"Provides claim cost engine using governed contract, cost, schedule, document and approval evidence.","AI cannot make legal conclusions, waive rights, send binding notices, approve commercial commitments, or settle claims without authorized human action"
19,Contract Change Order Claims Commercial Management,P19-ENG-026,Claim Time Engine,Deterministic,"Provides claim time engine using governed contract, cost, schedule, document and approval evidence.","AI cannot make legal conclusions, waive rights, send binding notices, approve commercial commitments, or settle claims without authorized human action"
19,Contract Change Order Claims Commercial Management,P19-ENG-027,Delay Evidence Link Engine,Deterministic,"Provides delay evidence link engine using governed contract, cost, schedule, document and approval evidence.","AI cannot make legal conclusions, waive rights, send binding notices, approve commercial commitments, or settle claims without authorized human action"
19,Contract Change Order Claims Commercial Management,P19-ENG-028,Disruption Evidence Engine,Deterministic,"Provides disruption evidence engine using governed contract, cost, schedule, document and approval evidence.","AI cannot make legal conclusions, waive rights, send binding notices, approve commercial commitments, or settle claims without authorized human action"
19,Contract Change Order Claims Commercial Management,P19-ENG-029,Acceleration Cost Engine,Deterministic,"Provides acceleration cost engine using governed contract, cost, schedule, document and approval evidence.","AI cannot make legal conclusions, waive rights, send binding notices, approve commercial commitments, or settle claims without authorized human action"
19,Contract Change Order Claims Commercial Management,P19-ENG-030,Differing Site Condition Engine,Deterministic,"Provides differing site condition engine using governed contract, cost, schedule, document and approval evidence.","AI cannot make legal conclusions, waive rights, send binding notices, approve commercial commitments, or settle claims without authorized human action"
19,Contract Change Order Claims Commercial Management,P19-ENG-031,Scope Change Trace Engine,Deterministic,"Provides scope change trace engine using governed contract, cost, schedule, document and approval evidence.","AI cannot make legal conclusions, waive rights, send binding notices, approve commercial commitments, or settle claims without authorized human action"
19,Contract Change Order Claims Commercial Management,P19-ENG-032,Payment Application Engine,Deterministic,"Provides payment application engine using governed contract, cost, schedule, document and approval evidence.","AI cannot make legal conclusions, waive rights, send binding notices, approve commercial commitments, or settle claims without authorized human action"
19,Contract Change Order Claims Commercial Management,P19-ENG-033,Retainage Engine,Deterministic,"Provides retainage engine using governed contract, cost, schedule, document and approval evidence.","AI cannot make legal conclusions, waive rights, send binding notices, approve commercial commitments, or settle claims without authorized human action"
19,Contract Change Order Claims Commercial Management,P19-ENG-034,Backcharge Engine,Deterministic,"Provides backcharge engine using governed contract, cost, schedule, document and approval evidence.","AI cannot make legal conclusions, waive rights, send binding notices, approve commercial commitments, or settle claims without authorized human action"
19,Contract Change Order Claims Commercial Management,P19-ENG-035,Allowance Engine,Deterministic,"Provides allowance engine using governed contract, cost, schedule, document and approval evidence.","AI cannot make legal conclusions, waive rights, send binding notices, approve commercial commitments, or settle claims without authorized human action"
19,Contract Change Order Claims Commercial Management,P19-ENG-036,Contingency Engine,Deterministic,"Provides contingency engine using governed contract, cost, schedule, document and approval evidence.","AI cannot make legal conclusions, waive rights, send binding notices, approve commercial commitments, or settle claims without authorized human action"
19,Contract Change Order Claims Commercial Management,P19-ENG-037,Price Adjustment Engine,Deterministic,"Provides price adjustment engine using governed contract, cost, schedule, document and approval evidence.","AI cannot make legal conclusions, waive rights, send binding notices, approve commercial commitments, or settle claims without authorized human action"
19,Contract Change Order Claims Commercial Management,P19-ENG-038,Escalation Index Engine,Deterministic,"Provides escalation index engine using governed contract, cost, schedule, document and approval evidence.","AI cannot make legal conclusions, waive rights, send binding notices, approve commercial commitments, or settle claims without authorized human action"
19,Contract Change Order Claims Commercial Management,P19-ENG-039,Insurance/Bond Compliance Engine,Deterministic,"Provides insurance/bond compliance engine using governed contract, cost, schedule, document and approval evidence.","AI cannot make legal conclusions, waive rights, send binding notices, approve commercial commitments, or settle claims without authorized human action"
19,Contract Change Order Claims Commercial Management,P19-ENG-040,Lien/Waiver Engine,Deterministic,"Provides lien/waiver engine using governed contract, cost, schedule, document and approval evidence.","AI cannot make legal conclusions, waive rights, send binding notices, approve commercial commitments, or settle claims without authorized human action"
19,Contract Change Order Claims Commercial Management,P19-ENG-041,Commercial Forecast Engine,Deterministic,"Provides commercial forecast engine using governed contract, cost, schedule, document and approval evidence.","AI cannot make legal conclusions, waive rights, send binding notices, approve commercial commitments, or settle claims without authorized human action"
19,Contract Change Order Claims Commercial Management,P19-ENG-042,Margin-at-Completion Engine,Deterministic,"Provides margin-at-completion engine using governed contract, cost, schedule, document and approval evidence.","AI cannot make legal conclusions, waive rights, send binding notices, approve commercial commitments, or settle claims without authorized human action"
19,Contract Change Order Claims Commercial Management,P19-ENG-043,Settlement Authority Engine,Deterministic,"Provides settlement authority engine using governed contract, cost, schedule, document and approval evidence.","AI cannot make legal conclusions, waive rights, send binding notices, approve commercial commitments, or settle claims without authorized human action"
19,Contract Change Order Claims Commercial Management,P19-ENG-044,Commercial Closeout Engine,Deterministic,"Provides commercial closeout engine using governed contract, cost, schedule, document and approval evidence.","AI cannot make legal conclusions, waive rights, send binding notices, approve commercial commitments, or settle claims without authorized human action"
19,Contract Change Order Claims Commercial Management,P19-ENG-045,Commercial KPI Engine,Deterministic,"Provides commercial kpi engine using governed contract, cost, schedule, document and approval evidence.","AI cannot make legal conclusions, waive rights, send binding notices, approve commercial commitments, or settle claims without authorized human action"
19,Contract Change Order Claims Commercial Management,P19-ENG-046,Clause Extraction Engine,AI-assisted,"Provides clause extraction engine using governed contract, cost, schedule, document and approval evidence.","AI cannot make legal conclusions, waive rights, send binding notices, approve commercial commitments, or settle claims without authorized human action"
19,Contract Change Order Claims Commercial Management,P19-ENG-047,AI Notice Finding Engine,AI-assisted,"Provides ai notice finding engine using governed contract, cost, schedule, document and approval evidence.","AI cannot make legal conclusions, waive rights, send binding notices, approve commercial commitments, or settle claims without authorized human action"
19,Contract Change Order Claims Commercial Management,P19-ENG-048,AI Change Classification Engine,AI-assisted,"Provides ai change classification engine using governed contract, cost, schedule, document and approval evidence.","AI cannot make legal conclusions, waive rights, send binding notices, approve commercial commitments, or settle claims without authorized human action"
19,Contract Change Order Claims Commercial Management,P19-ENG-049,AI Backup Review Engine,AI-assisted,"Provides ai backup review engine using governed contract, cost, schedule, document and approval evidence.","AI cannot make legal conclusions, waive rights, send binding notices, approve commercial commitments, or settle claims without authorized human action"
19,Contract Change Order Claims Commercial Management,P19-ENG-050,AI Commercial Risk Engine,AI-assisted,"Provides ai commercial risk engine using governed contract, cost, schedule, document and approval evidence.","AI cannot make legal conclusions, waive rights, send binding notices, approve commercial commitments, or settle claims without authorized human action"
19,Contract Change Order Claims Commercial Management,P19-ENG-051,Evidence Retrieval Engine,AI-assisted,"Provides evidence retrieval engine using governed contract, cost, schedule, document and approval evidence.","AI cannot make legal conclusions, waive rights, send binding notices, approve commercial commitments, or settle claims without authorized human action"
19,Contract Change Order Claims Commercial Management,P19-ENG-052,AI Confidence Engine,AI-assisted,"Provides ai confidence engine using governed contract, cost, schedule, document and approval evidence.","AI cannot make legal conclusions, waive rights, send binding notices, approve commercial commitments, or settle claims without authorized human action"
19,Contract Change Order Claims Commercial Management,P19-ENG-053,Commercial Digital Twin Engine,AI-assisted,"Provides commercial digital twin engine using governed contract, cost, schedule, document and approval evidence.","AI cannot make legal conclusions, waive rights, send binding notices, approve commercial commitments, or settle claims without authorized human action"
20,Enterprise Integration Deployment Testing Governance Production Readiness,P20-ENG-001,Integration Contract Engine,Deterministic,"Provides integration contract engine using governed environment, integration, security, test, operational and release evidence.","AI cannot bypass security, testing, approval, tenant-isolation, rollback or production-readiness gates"
20,Enterprise Integration Deployment Testing Governance Production Readiness,P20-ENG-002,API Governance Engine,Deterministic,"Provides api governance engine using governed environment, integration, security, test, operational and release evidence.","AI cannot bypass security, testing, approval, tenant-isolation, rollback or production-readiness gates"
20,Enterprise Integration Deployment Testing Governance Production Readiness,P20-ENG-003,Schema Compatibility Engine,Deterministic,"Provides schema compatibility engine using governed environment, integration, security, test, operational and release evidence.","AI cannot bypass security, testing, approval, tenant-isolation, rollback or production-readiness gates"
20,Enterprise Integration Deployment Testing Governance Production Readiness,P20-ENG-004,Event Routing Engine,Deterministic,"Provides event routing engine using governed environment, integration, security, test, operational and release evidence.","AI cannot bypass security, testing, approval, tenant-isolation, rollback or production-readiness gates"
20,Enterprise Integration Deployment Testing Governance Production Readiness,P20-ENG-005,Message Idempotency Engine,Deterministic,"Provides message idempotency engine using governed environment, integration, security, test, operational and release evidence.","AI cannot bypass security, testing, approval, tenant-isolation, rollback or production-readiness gates"
20,Enterprise Integration Deployment Testing Governance Production Readiness,P20-ENG-006,Retry/Dead Letter Engine,Deterministic,"Provides retry/dead letter engine using governed environment, integration, security, test, operational and release evidence.","AI cannot bypass security, testing, approval, tenant-isolation, rollback or production-readiness gates"
20,Enterprise Integration Deployment Testing Governance Production Readiness,P20-ENG-007,Data Sync Engine,Deterministic,"Provides data sync engine using governed environment, integration, security, test, operational and release evidence.","AI cannot bypass security, testing, approval, tenant-isolation, rollback or production-readiness gates"
20,Enterprise Integration Deployment Testing Governance Production Readiness,P20-ENG-008,Reconciliation Engine,Deterministic,"Provides reconciliation engine using governed environment, integration, security, test, operational and release evidence.","AI cannot bypass security, testing, approval, tenant-isolation, rollback or production-readiness gates"
20,Enterprise Integration Deployment Testing Governance Production Readiness,P20-ENG-009,Conflict Resolution Engine,Deterministic,"Provides conflict resolution engine using governed environment, integration, security, test, operational and release evidence.","AI cannot bypass security, testing, approval, tenant-isolation, rollback or production-readiness gates"
20,Enterprise Integration Deployment Testing Governance Production Readiness,P20-ENG-010,Identity Federation Engine,Deterministic,"Provides identity federation engine using governed environment, integration, security, test, operational and release evidence.","AI cannot bypass security, testing, approval, tenant-isolation, rollback or production-readiness gates"
20,Enterprise Integration Deployment Testing Governance Production Readiness,P20-ENG-011,Authorization Policy Engine,Deterministic,"Provides authorization policy engine using governed environment, integration, security, test, operational and release evidence.","AI cannot bypass security, testing, approval, tenant-isolation, rollback or production-readiness gates"
20,Enterprise Integration Deployment Testing Governance Production Readiness,P20-ENG-012,Connector Health Engine,Deterministic,"Provides connector health engine using governed environment, integration, security, test, operational and release evidence.","AI cannot bypass security, testing, approval, tenant-isolation, rollback or production-readiness gates"
20,Enterprise Integration Deployment Testing Governance Production Readiness,P20-ENG-013,Environment Promotion Engine,Deterministic,"Provides environment promotion engine using governed environment, integration, security, test, operational and release evidence.","AI cannot bypass security, testing, approval, tenant-isolation, rollback or production-readiness gates"
20,Enterprise Integration Deployment Testing Governance Production Readiness,P20-ENG-014,Configuration Drift Engine,Deterministic,"Provides configuration drift engine using governed environment, integration, security, test, operational and release evidence.","AI cannot bypass security, testing, approval, tenant-isolation, rollback or production-readiness gates"
20,Enterprise Integration Deployment Testing Governance Production Readiness,P20-ENG-015,Feature Flag Engine,Deterministic,"Provides feature flag engine using governed environment, integration, security, test, operational and release evidence.","AI cannot bypass security, testing, approval, tenant-isolation, rollback or production-readiness gates"
20,Enterprise Integration Deployment Testing Governance Production Readiness,P20-ENG-016,Release Orchestration Engine,Deterministic,"Provides release orchestration engine using governed environment, integration, security, test, operational and release evidence.","AI cannot bypass security, testing, approval, tenant-isolation, rollback or production-readiness gates"
20,Enterprise Integration Deployment Testing Governance Production Readiness,P20-ENG-017,Artifact Integrity Engine,Deterministic,"Provides artifact integrity engine using governed environment, integration, security, test, operational and release evidence.","AI cannot bypass security, testing, approval, tenant-isolation, rollback or production-readiness gates"
20,Enterprise Integration Deployment Testing Governance Production Readiness,P20-ENG-018,Deployment Strategy Engine,Deterministic,"Provides deployment strategy engine using governed environment, integration, security, test, operational and release evidence.","AI cannot bypass security, testing, approval, tenant-isolation, rollback or production-readiness gates"
20,Enterprise Integration Deployment Testing Governance Production Readiness,P20-ENG-019,Rollback Engine,Deterministic,"Provides rollback engine using governed environment, integration, security, test, operational and release evidence.","AI cannot bypass security, testing, approval, tenant-isolation, rollback or production-readiness gates"
20,Enterprise Integration Deployment Testing Governance Production Readiness,P20-ENG-020,Infrastructure Policy Engine,Deterministic,"Provides infrastructure policy engine using governed environment, integration, security, test, operational and release evidence.","AI cannot bypass security, testing, approval, tenant-isolation, rollback or production-readiness gates"
20,Enterprise Integration Deployment Testing Governance Production Readiness,P20-ENG-021,Infrastructure Drift Engine,Deterministic,"Provides infrastructure drift engine using governed environment, integration, security, test, operational and release evidence.","AI cannot bypass security, testing, approval, tenant-isolation, rollback or production-readiness gates"
20,Enterprise Integration Deployment Testing Governance Production Readiness,P20-ENG-022,Schema Migration Engine,Deterministic,"Provides schema migration engine using governed environment, integration, security, test, operational and release evidence.","AI cannot bypass security, testing, approval, tenant-isolation, rollback or production-readiness gates"
20,Enterprise Integration Deployment Testing Governance Production Readiness,P20-ENG-023,Backup Verification Engine,Deterministic,"Provides backup verification engine using governed environment, integration, security, test, operational and release evidence.","AI cannot bypass security, testing, approval, tenant-isolation, rollback or production-readiness gates"
20,Enterprise Integration Deployment Testing Governance Production Readiness,P20-ENG-024,Restore Validation Engine,Deterministic,"Provides restore validation engine using governed environment, integration, security, test, operational and release evidence.","AI cannot bypass security, testing, approval, tenant-isolation, rollback or production-readiness gates"
20,Enterprise Integration Deployment Testing Governance Production Readiness,P20-ENG-025,Threat Model Engine,Deterministic,"Provides threat model engine using governed environment, integration, security, test, operational and release evidence.","AI cannot bypass security, testing, approval, tenant-isolation, rollback or production-readiness gates"
20,Enterprise Integration Deployment Testing Governance Production Readiness,P20-ENG-026,Vulnerability Gate Engine,Deterministic,"Provides vulnerability gate engine using governed environment, integration, security, test, operational and release evidence.","AI cannot bypass security, testing, approval, tenant-isolation, rollback or production-readiness gates"
20,Enterprise Integration Deployment Testing Governance Production Readiness,P20-ENG-027,Dependency Risk Engine,Deterministic,"Provides dependency risk engine using governed environment, integration, security, test, operational and release evidence.","AI cannot bypass security, testing, approval, tenant-isolation, rollback or production-readiness gates"
20,Enterprise Integration Deployment Testing Governance Production Readiness,P20-ENG-028,Privacy Control Engine,Deterministic,"Provides privacy control engine using governed environment, integration, security, test, operational and release evidence.","AI cannot bypass security, testing, approval, tenant-isolation, rollback or production-readiness gates"
20,Enterprise Integration Deployment Testing Governance Production Readiness,P20-ENG-029,Tenant Isolation Engine,Deterministic,"Provides tenant isolation engine using governed environment, integration, security, test, operational and release evidence.","AI cannot bypass security, testing, approval, tenant-isolation, rollback or production-readiness gates"
20,Enterprise Integration Deployment Testing Governance Production Readiness,P20-ENG-030,Observability Correlation Engine,Deterministic,"Provides observability correlation engine using governed environment, integration, security, test, operational and release evidence.","AI cannot bypass security, testing, approval, tenant-isolation, rollback or production-readiness gates"
20,Enterprise Integration Deployment Testing Governance Production Readiness,P20-ENG-031,Alert Routing Engine,Deterministic,"Provides alert routing engine using governed environment, integration, security, test, operational and release evidence.","AI cannot bypass security, testing, approval, tenant-isolation, rollback or production-readiness gates"
20,Enterprise Integration Deployment Testing Governance Production Readiness,P20-ENG-032,SLI/SLO Engine,Deterministic,"Provides sli/slo engine using governed environment, integration, security, test, operational and release evidence.","AI cannot bypass security, testing, approval, tenant-isolation, rollback or production-readiness gates"
20,Enterprise Integration Deployment Testing Governance Production Readiness,P20-ENG-033,Error Budget Engine,Deterministic,"Provides error budget engine using governed environment, integration, security, test, operational and release evidence.","AI cannot bypass security, testing, approval, tenant-isolation, rollback or production-readiness gates"
20,Enterprise Integration Deployment Testing Governance Production Readiness,P20-ENG-034,Reliability Risk Engine,Deterministic,"Provides reliability risk engine using governed environment, integration, security, test, operational and release evidence.","AI cannot bypass security, testing, approval, tenant-isolation, rollback or production-readiness gates"
20,Enterprise Integration Deployment Testing Governance Production Readiness,P20-ENG-035,Performance Test Engine,Deterministic,"Provides performance test engine using governed environment, integration, security, test, operational and release evidence.","AI cannot bypass security, testing, approval, tenant-isolation, rollback or production-readiness gates"
20,Enterprise Integration Deployment Testing Governance Production Readiness,P20-ENG-036,Capacity Forecast Engine,Deterministic,"Provides capacity forecast engine using governed environment, integration, security, test, operational and release evidence.","AI cannot bypass security, testing, approval, tenant-isolation, rollback or production-readiness gates"
20,Enterprise Integration Deployment Testing Governance Production Readiness,P20-ENG-037,Autoscaling Recommendation Engine,Deterministic,"Provides autoscaling recommendation engine using governed environment, integration, security, test, operational and release evidence.","AI cannot bypass security, testing, approval, tenant-isolation, rollback or production-readiness gates"
20,Enterprise Integration Deployment Testing Governance Production Readiness,P20-ENG-038,DR Readiness Engine,Deterministic,"Provides dr readiness engine using governed environment, integration, security, test, operational and release evidence.","AI cannot bypass security, testing, approval, tenant-isolation, rollback or production-readiness gates"
20,Enterprise Integration Deployment Testing Governance Production Readiness,P20-ENG-039,RTO/RPO Validation Engine,Deterministic,"Provides rto/rpo validation engine using governed environment, integration, security, test, operational and release evidence.","AI cannot bypass security, testing, approval, tenant-isolation, rollback or production-readiness gates"
20,Enterprise Integration Deployment Testing Governance Production Readiness,P20-ENG-040,Test Orchestration Engine,Deterministic,"Provides test orchestration engine using governed environment, integration, security, test, operational and release evidence.","AI cannot bypass security, testing, approval, tenant-isolation, rollback or production-readiness gates"
20,Enterprise Integration Deployment Testing Governance Production Readiness,P20-ENG-041,Test Coverage Engine,Deterministic,"Provides test coverage engine using governed environment, integration, security, test, operational and release evidence.","AI cannot bypass security, testing, approval, tenant-isolation, rollback or production-readiness gates"
20,Enterprise Integration Deployment Testing Governance Production Readiness,P20-ENG-042,Regression Selection Engine,Deterministic,"Provides regression selection engine using governed environment, integration, security, test, operational and release evidence.","AI cannot bypass security, testing, approval, tenant-isolation, rollback or production-readiness gates"
20,Enterprise Integration Deployment Testing Governance Production Readiness,P20-ENG-043,Flaky Test Detection Engine,Deterministic,"Provides flaky test detection engine using governed environment, integration, security, test, operational and release evidence.","AI cannot bypass security, testing, approval, tenant-isolation, rollback or production-readiness gates"
20,Enterprise Integration Deployment Testing Governance Production Readiness,P20-ENG-044,Defect Triage Engine,Deterministic,"Provides defect triage engine using governed environment, integration, security, test, operational and release evidence.","AI cannot bypass security, testing, approval, tenant-isolation, rollback or production-readiness gates"
20,Enterprise Integration Deployment Testing Governance Production Readiness,P20-ENG-045,Requirements Traceability Engine,Deterministic,"Provides requirements traceability engine using governed environment, integration, security, test, operational and release evidence.","AI cannot bypass security, testing, approval, tenant-isolation, rollback or production-readiness gates"
20,Enterprise Integration Deployment Testing Governance Production Readiness,P20-ENG-046,Migration Validation Engine,Deterministic,"Provides migration validation engine using governed environment, integration, security, test, operational and release evidence.","AI cannot bypass security, testing, approval, tenant-isolation, rollback or production-readiness gates"
20,Enterprise Integration Deployment Testing Governance Production Readiness,P20-ENG-047,Cutover Readiness Engine,Deterministic,"Provides cutover readiness engine using governed environment, integration, security, test, operational and release evidence.","AI cannot bypass security, testing, approval, tenant-isolation, rollback or production-readiness gates"
20,Enterprise Integration Deployment Testing Governance Production Readiness,P20-ENG-048,Production Readiness Engine,Deterministic,"Provides production readiness engine using governed environment, integration, security, test, operational and release evidence.","AI cannot bypass security, testing, approval, tenant-isolation, rollback or production-readiness gates"
20,Enterprise Integration Deployment Testing Governance Production Readiness,P20-ENG-049,Release Risk Engine,Deterministic,"Provides release risk engine using governed environment, integration, security, test, operational and release evidence.","AI cannot bypass security, testing, approval, tenant-isolation, rollback or production-readiness gates"
20,Enterprise Integration Deployment Testing Governance Production Readiness,P20-ENG-050,Incident Severity Engine,Deterministic,"Provides incident severity engine using governed environment, integration, security, test, operational and release evidence.","AI cannot bypass security, testing, approval, tenant-isolation, rollback or production-readiness gates"
20,Enterprise Integration Deployment Testing Governance Production Readiness,P20-ENG-051,Incident Correlation Engine,Deterministic,"Provides incident correlation engine using governed environment, integration, security, test, operational and release evidence.","AI cannot bypass security, testing, approval, tenant-isolation, rollback or production-readiness gates"
20,Enterprise Integration Deployment Testing Governance Production Readiness,P20-ENG-052,RCA Evidence Engine,Deterministic,"Provides rca evidence engine using governed environment, integration, security, test, operational and release evidence.","AI cannot bypass security, testing, approval, tenant-isolation, rollback or production-readiness gates"
20,Enterprise Integration Deployment Testing Governance Production Readiness,P20-ENG-053,Service Level Engine,Deterministic,"Provides service level engine using governed environment, integration, security, test, operational and release evidence.","AI cannot bypass security, testing, approval, tenant-isolation, rollback or production-readiness gates"
20,Enterprise Integration Deployment Testing Governance Production Readiness,P20-ENG-054,Tenant Provisioning Engine,Deterministic,"Provides tenant provisioning engine using governed environment, integration, security, test, operational and release evidence.","AI cannot bypass security, testing, approval, tenant-isolation, rollback or production-readiness gates"
20,Enterprise Integration Deployment Testing Governance Production Readiness,P20-ENG-055,Entitlement Engine,Deterministic,"Provides entitlement engine using governed environment, integration, security, test, operational and release evidence.","AI cannot bypass security, testing, approval, tenant-isolation, rollback or production-readiness gates"
20,Enterprise Integration Deployment Testing Governance Production Readiness,P20-ENG-056,White-Label Configuration Engine,Deterministic,"Provides white-label configuration engine using governed environment, integration, security, test, operational and release evidence.","AI cannot bypass security, testing, approval, tenant-isolation, rollback or production-readiness gates"
20,Enterprise Integration Deployment Testing Governance Production Readiness,P20-ENG-057,Compliance Evidence Engine,Deterministic,"Provides compliance evidence engine using governed environment, integration, security, test, operational and release evidence.","AI cannot bypass security, testing, approval, tenant-isolation, rollback or production-readiness gates"
20,Enterprise Integration Deployment Testing Governance Production Readiness,P20-ENG-058,Access Review Engine,Deterministic,"Provides access review engine using governed environment, integration, security, test, operational and release evidence.","AI cannot bypass security, testing, approval, tenant-isolation, rollback or production-readiness gates"
20,Enterprise Integration Deployment Testing Governance Production Readiness,P20-ENG-059,AI Evaluation Engine,AI-assisted,"Provides ai evaluation engine using governed environment, integration, security, test, operational and release evidence.","AI cannot bypass security, testing, approval, tenant-isolation, rollback or production-readiness gates"
20,Enterprise Integration Deployment Testing Governance Production Readiness,P20-ENG-060,AI Guardrail Engine,AI-assisted,"Provides ai guardrail engine using governed environment, integration, security, test, operational and release evidence.","AI cannot bypass security, testing, approval, tenant-isolation, rollback or production-readiness gates"
20,Enterprise Integration Deployment Testing Governance Production Readiness,P20-ENG-061,AI Production Monitor Engine,AI-assisted,"Provides ai production monitor engine using governed environment, integration, security, test, operational and release evidence.","AI cannot bypass security, testing, approval, tenant-isolation, rollback or production-readiness gates"
20,Enterprise Integration Deployment Testing Governance Production Readiness,P20-ENG-062,AI Rollback Engine,AI-assisted,"Provides ai rollback engine using governed environment, integration, security, test, operational and release evidence.","AI cannot bypass security, testing, approval, tenant-isolation, rollback or production-readiness gates"
20,Enterprise Integration Deployment Testing Governance Production Readiness,P20-ENG-063,Hypercare Health Engine,AI-assisted,"Provides hypercare health engine using governed environment, integration, security, test, operational and release evidence.","AI cannot bypass security, testing, approval, tenant-isolation, rollback or production-readiness gates"
20,Enterprise Integration Deployment Testing Governance Production Readiness,P20-ENG-064,Stabilization Engine,AI-assisted,"Provides stabilization engine using governed environment, integration, security, test, operational and release evidence.","AI cannot bypass security, testing, approval, tenant-isolation, rollback or production-readiness gates"
20,Enterprise Integration Deployment Testing Governance Production Readiness,P20-ENG-065,Platform Control Tower Engine,AI-assisted,"Provides platform control tower engine using governed environment, integration, security, test, operational and release evidence.","AI cannot bypass security, testing, approval, tenant-isolation, rollback or production-readiness gates"
20,Enterprise Integration Deployment Testing Governance Production Readiness,P20-ENG-066,Platform Digital Twin Engine,AI-assisted,"Provides platform digital twin engine using governed environment, integration, security, test, operational and release evidence.","AI cannot bypass security, testing, approval, tenant-isolation, rollback or production-readiness gates"
