requirement_id,domain,priority,requirement,acceptance_criteria,version
P15-REQ-001,Document Control,Must,"GrounUp shall provide governed document control capability 1 with tenant/project scope, permissions, revision lineage, metadata, audit evidence and downstream traceability.","Verify requirement 1 through authorized workflow, revision/version behavior, search/retrieval, audit history, linked-record integrity and mapped test evidence.",v1.0.0
P15-REQ-002,Drawing Management,Must,"GrounUp shall provide governed drawing management capability 2 with tenant/project scope, permissions, revision lineage, metadata, audit evidence and downstream traceability.","Verify requirement 2 through authorized workflow, revision/version behavior, search/retrieval, audit history, linked-record integrity and mapped test evidence.",v1.0.0
P15-REQ-003,Specification Management,Must,"GrounUp shall provide governed specification management capability 3 with tenant/project scope, permissions, revision lineage, metadata, audit evidence and downstream traceability.","Verify requirement 3 through authorized workflow, revision/version behavior, search/retrieval, audit history, linked-record integrity and mapped test evidence.",v1.0.0
P15-REQ-004,Submittals,Must,"GrounUp shall provide governed submittals capability 4 with tenant/project scope, permissions, revision lineage, metadata, audit evidence and downstream traceability.","Verify requirement 4 through authorized workflow, revision/version behavior, search/retrieval, audit history, linked-record integrity and mapped test evidence.",v1.0.0
P15-REQ-005,RFIs,Must,"GrounUp shall provide governed rfis capability 5 with tenant/project scope, permissions, revision lineage, metadata, audit evidence and downstream traceability.","Verify requirement 5 through authorized workflow, revision/version behavior, search/retrieval, audit history, linked-record integrity and mapped test evidence.",v1.0.0
P15-REQ-006,Transmittals & Distribution,Must,"GrounUp shall provide governed transmittals & distribution capability 6 with tenant/project scope, permissions, revision lineage, metadata, audit evidence and downstream traceability.","Verify requirement 6 through authorized workflow, revision/version behavior, search/retrieval, audit history, linked-record integrity and mapped test evidence.",v1.0.0
P15-REQ-007,Correspondence & Records,Must,"GrounUp shall provide governed correspondence & records capability 7 with tenant/project scope, permissions, revision lineage, metadata, audit evidence and downstream traceability.","Verify requirement 7 through authorized workflow, revision/version behavior, search/retrieval, audit history, linked-record integrity and mapped test evidence.",v1.0.0
P15-REQ-008,Version & Revision Control,Must,"GrounUp shall provide governed version & revision control capability 8 with tenant/project scope, permissions, revision lineage, metadata, audit evidence and downstream traceability.","Verify requirement 8 through authorized workflow, revision/version behavior, search/retrieval, audit history, linked-record integrity and mapped test evidence.",v1.0.0
P15-REQ-009,Markup & Review,Must,"GrounUp shall provide governed markup & review capability 9 with tenant/project scope, permissions, revision lineage, metadata, audit evidence and downstream traceability.","Verify requirement 9 through authorized workflow, revision/version behavior, search/retrieval, audit history, linked-record integrity and mapped test evidence.",v1.0.0
P15-REQ-010,OCR & Content Extraction,Must,"GrounUp shall provide governed ocr & content extraction capability 10 with tenant/project scope, permissions, revision lineage, metadata, audit evidence and downstream traceability.","Verify requirement 10 through authorized workflow, revision/version behavior, search/retrieval, audit history, linked-record integrity and mapped test evidence.",v1.0.0
P15-REQ-011,Plan & Spec Intelligence,Must,"GrounUp shall provide governed plan & spec intelligence capability 11 with tenant/project scope, permissions, revision lineage, metadata, audit evidence and downstream traceability.","Verify requirement 11 through authorized workflow, revision/version behavior, search/retrieval, audit history, linked-record integrity and mapped test evidence.",v1.0.0
P15-REQ-012,Document Search & Retrieval,Must,"GrounUp shall provide governed document search & retrieval capability 12 with tenant/project scope, permissions, revision lineage, metadata, audit evidence and downstream traceability.","Verify requirement 12 through authorized workflow, revision/version behavior, search/retrieval, audit history, linked-record integrity and mapped test evidence.",v1.0.0
P15-REQ-013,Records Retention & Legal Hold,Must,"GrounUp shall provide governed records retention & legal hold capability 13 with tenant/project scope, permissions, revision lineage, metadata, audit evidence and downstream traceability.","Verify requirement 13 through authorized workflow, revision/version behavior, search/retrieval, audit history, linked-record integrity and mapped test evidence.",v1.0.0
P15-REQ-014,External Collaboration,Must,"GrounUp shall provide governed external collaboration capability 14 with tenant/project scope, permissions, revision lineage, metadata, audit evidence and downstream traceability.","Verify requirement 14 through authorized workflow, revision/version behavior, search/retrieval, audit history, linked-record integrity and mapped test evidence.",v1.0.0
P15-REQ-015,Field Document Access,Must,"GrounUp shall provide governed field document access capability 15 with tenant/project scope, permissions, revision lineage, metadata, audit evidence and downstream traceability.","Verify requirement 15 through authorized workflow, revision/version behavior, search/retrieval, audit history, linked-record integrity and mapped test evidence.",v1.0.0
P15-REQ-016,BIM/CDE Coordination,Must,"GrounUp shall provide governed bim/cde coordination capability 16 with tenant/project scope, permissions, revision lineage, metadata, audit evidence and downstream traceability.","Verify requirement 16 through authorized workflow, revision/version behavior, search/retrieval, audit history, linked-record integrity and mapped test evidence.",v1.0.0
P15-REQ-017,Closeout & Turnover,Must,"GrounUp shall provide governed closeout & turnover capability 17 with tenant/project scope, permissions, revision lineage, metadata, audit evidence and downstream traceability.","Verify requirement 17 through authorized workflow, revision/version behavior, search/retrieval, audit history, linked-record integrity and mapped test evidence.",v1.0.0
P15-REQ-018,Document Intelligence Digital Twin,Must,"GrounUp shall provide governed document intelligence digital twin capability 18 with tenant/project scope, permissions, revision lineage, metadata, audit evidence and downstream traceability.","Verify requirement 18 through authorized workflow, revision/version behavior, search/retrieval, audit history, linked-record integrity and mapped test evidence.",v1.0.0
P15-REQ-019,Document Control,Must,"GrounUp shall provide governed document control capability 19 with tenant/project scope, permissions, revision lineage, metadata, audit evidence and downstream traceability.","Verify requirement 19 through authorized workflow, revision/version behavior, search/retrieval, audit history, linked-record integrity and mapped test evidence.",v1.0.0
P15-REQ-020,Drawing Management,Must,"GrounUp shall provide governed drawing management capability 20 with tenant/project scope, permissions, revision lineage, metadata, audit evidence and downstream traceability.","Verify requirement 20 through authorized workflow, revision/version behavior, search/retrieval, audit history, linked-record integrity and mapped test evidence.",v1.0.0
P15-REQ-021,Specification Management,Must,"GrounUp shall provide governed specification management capability 21 with tenant/project scope, permissions, revision lineage, metadata, audit evidence and downstream traceability.","Verify requirement 21 through authorized workflow, revision/version behavior, search/retrieval, audit history, linked-record integrity and mapped test evidence.",v1.0.0
P15-REQ-022,Submittals,Must,"GrounUp shall provide governed submittals capability 22 with tenant/project scope, permissions, revision lineage, metadata, audit evidence and downstream traceability.","Verify requirement 22 through authorized workflow, revision/version behavior, search/retrieval, audit history, linked-record integrity and mapped test evidence.",v1.0.0
P15-REQ-023,RFIs,Must,"GrounUp shall provide governed rfis capability 23 with tenant/project scope, permissions, revision lineage, metadata, audit evidence and downstream traceability.","Verify requirement 23 through authorized workflow, revision/version behavior, search/retrieval, audit history, linked-record integrity and mapped test evidence.",v1.0.0
P15-REQ-024,Transmittals & Distribution,Must,"GrounUp shall provide governed transmittals & distribution capability 24 with tenant/project scope, permissions, revision lineage, metadata, audit evidence and downstream traceability.","Verify requirement 24 through authorized workflow, revision/version behavior, search/retrieval, audit history, linked-record integrity and mapped test evidence.",v1.0.0
P15-REQ-025,Correspondence & Records,Must,"GrounUp shall provide governed correspondence & records capability 25 with tenant/project scope, permissions, revision lineage, metadata, audit evidence and downstream traceability.","Verify requirement 25 through authorized workflow, revision/version behavior, search/retrieval, audit history, linked-record integrity and mapped test evidence.",v1.0.0
P15-REQ-026,Version & Revision Control,Must,"GrounUp shall provide governed version & revision control capability 26 with tenant/project scope, permissions, revision lineage, metadata, audit evidence and downstream traceability.","Verify requirement 26 through authorized workflow, revision/version behavior, search/retrieval, audit history, linked-record integrity and mapped test evidence.",v1.0.0
P15-REQ-027,Markup & Review,Must,"GrounUp shall provide governed markup & review capability 27 with tenant/project scope, permissions, revision lineage, metadata, audit evidence and downstream traceability.","Verify requirement 27 through authorized workflow, revision/version behavior, search/retrieval, audit history, linked-record integrity and mapped test evidence.",v1.0.0
P15-REQ-028,OCR & Content Extraction,Must,"GrounUp shall provide governed ocr & content extraction capability 28 with tenant/project scope, permissions, revision lineage, metadata, audit evidence and downstream traceability.","Verify requirement 28 through authorized workflow, revision/version behavior, search/retrieval, audit history, linked-record integrity and mapped test evidence.",v1.0.0
P15-REQ-029,Plan & Spec Intelligence,Must,"GrounUp shall provide governed plan & spec intelligence capability 29 with tenant/project scope, permissions, revision lineage, metadata, audit evidence and downstream traceability.","Verify requirement 29 through authorized workflow, revision/version behavior, search/retrieval, audit history, linked-record integrity and mapped test evidence.",v1.0.0
P15-REQ-030,Document Search & Retrieval,Must,"GrounUp shall provide governed document search & retrieval capability 30 with tenant/project scope, permissions, revision lineage, metadata, audit evidence and downstream traceability.","Verify requirement 30 through authorized workflow, revision/version behavior, search/retrieval, audit history, linked-record integrity and mapped test evidence.",v1.0.0
P15-REQ-031,Records Retention & Legal Hold,Must,"GrounUp shall provide governed records retention & legal hold capability 31 with tenant/project scope, permissions, revision lineage, metadata, audit evidence and downstream traceability.","Verify requirement 31 through authorized workflow, revision/version behavior, search/retrieval, audit history, linked-record integrity and mapped test evidence.",v1.0.0
P15-REQ-032,External Collaboration,Must,"GrounUp shall provide governed external collaboration capability 32 with tenant/project scope, permissions, revision lineage, metadata, audit evidence and downstream traceability.","Verify requirement 32 through authorized workflow, revision/version behavior, search/retrieval, audit history, linked-record integrity and mapped test evidence.",v1.0.0
P15-REQ-033,Field Document Access,Must,"GrounUp shall provide governed field document access capability 33 with tenant/project scope, permissions, revision lineage, metadata, audit evidence and downstream traceability.","Verify requirement 33 through authorized workflow, revision/version behavior, search/retrieval, audit history, linked-record integrity and mapped test evidence.",v1.0.0
P15-REQ-034,BIM/CDE Coordination,Must,"GrounUp shall provide governed bim/cde coordination capability 34 with tenant/project scope, permissions, revision lineage, metadata, audit evidence and downstream traceability.","Verify requirement 34 through authorized workflow, revision/version behavior, search/retrieval, audit history, linked-record integrity and mapped test evidence.",v1.0.0
P15-REQ-035,Closeout & Turnover,Must,"GrounUp shall provide governed closeout & turnover capability 35 with tenant/project scope, permissions, revision lineage, metadata, audit evidence and downstream traceability.","Verify requirement 35 through authorized workflow, revision/version behavior, search/retrieval, audit history, linked-record integrity and mapped test evidence.",v1.0.0
P15-REQ-036,Document Intelligence Digital Twin,Must,"GrounUp shall provide governed document intelligence digital twin capability 36 with tenant/project scope, permissions, revision lineage, metadata, audit evidence and downstream traceability.","Verify requirement 36 through authorized workflow, revision/version behavior, search/retrieval, audit history, linked-record integrity and mapped test evidence.",v1.0.0
P15-REQ-037,Document Control,Must,"GrounUp shall provide governed document control capability 37 with tenant/project scope, permissions, revision lineage, metadata, audit evidence and downstream traceability.","Verify requirement 37 through authorized workflow, revision/version behavior, search/retrieval, audit history, linked-record integrity and mapped test evidence.",v1.0.0
P15-REQ-038,Drawing Management,Must,"GrounUp shall provide governed drawing management capability 38 with tenant/project scope, permissions, revision lineage, metadata, audit evidence and downstream traceability.","Verify requirement 38 through authorized workflow, revision/version behavior, search/retrieval, audit history, linked-record integrity and mapped test evidence.",v1.0.0
P15-REQ-039,Specification Management,Must,"GrounUp shall provide governed specification management capability 39 with tenant/project scope, permissions, revision lineage, metadata, audit evidence and downstream traceability.","Verify requirement 39 through authorized workflow, revision/version behavior, search/retrieval, audit history, linked-record integrity and mapped test evidence.",v1.0.0
P15-REQ-040,Submittals,Must,"GrounUp shall provide governed submittals capability 40 with tenant/project scope, permissions, revision lineage, metadata, audit evidence and downstream traceability.","Verify requirement 40 through authorized workflow, revision/version behavior, search/retrieval, audit history, linked-record integrity and mapped test evidence.",v1.0.0
P15-REQ-041,RFIs,Must,"GrounUp shall provide governed rfis capability 41 with tenant/project scope, permissions, revision lineage, metadata, audit evidence and downstream traceability.","Verify requirement 41 through authorized workflow, revision/version behavior, search/retrieval, audit history, linked-record integrity and mapped test evidence.",v1.0.0
P15-REQ-042,Transmittals & Distribution,Must,"GrounUp shall provide governed transmittals & distribution capability 42 with tenant/project scope, permissions, revision lineage, metadata, audit evidence and downstream traceability.","Verify requirement 42 through authorized workflow, revision/version behavior, search/retrieval, audit history, linked-record integrity and mapped test evidence.",v1.0.0
P15-REQ-043,Correspondence & Records,Must,"GrounUp shall provide governed correspondence & records capability 43 with tenant/project scope, permissions, revision lineage, metadata, audit evidence and downstream traceability.","Verify requirement 43 through authorized workflow, revision/version behavior, search/retrieval, audit history, linked-record integrity and mapped test evidence.",v1.0.0
P15-REQ-044,Version & Revision Control,Must,"GrounUp shall provide governed version & revision control capability 44 with tenant/project scope, permissions, revision lineage, metadata, audit evidence and downstream traceability.","Verify requirement 44 through authorized workflow, revision/version behavior, search/retrieval, audit history, linked-record integrity and mapped test evidence.",v1.0.0
P15-REQ-045,Markup & Review,Must,"GrounUp shall provide governed markup & review capability 45 with tenant/project scope, permissions, revision lineage, metadata, audit evidence and downstream traceability.","Verify requirement 45 through authorized workflow, revision/version behavior, search/retrieval, audit history, linked-record integrity and mapped test evidence.",v1.0.0
P15-REQ-046,OCR & Content Extraction,Must,"GrounUp shall provide governed ocr & content extraction capability 46 with tenant/project scope, permissions, revision lineage, metadata, audit evidence and downstream traceability.","Verify requirement 46 through authorized workflow, revision/version behavior, search/retrieval, audit history, linked-record integrity and mapped test evidence.",v1.0.0
P15-REQ-047,Plan & Spec Intelligence,Must,"GrounUp shall provide governed plan & spec intelligence capability 47 with tenant/project scope, permissions, revision lineage, metadata, audit evidence and downstream traceability.","Verify requirement 47 through authorized workflow, revision/version behavior, search/retrieval, audit history, linked-record integrity and mapped test evidence.",v1.0.0
P15-REQ-048,Document Search & Retrieval,Must,"GrounUp shall provide governed document search & retrieval capability 48 with tenant/project scope, permissions, revision lineage, metadata, audit evidence and downstream traceability.","Verify requirement 48 through authorized workflow, revision/version behavior, search/retrieval, audit history, linked-record integrity and mapped test evidence.",v1.0.0
P15-REQ-049,Records Retention & Legal Hold,Must,"GrounUp shall provide governed records retention & legal hold capability 49 with tenant/project scope, permissions, revision lineage, metadata, audit evidence and downstream traceability.","Verify requirement 49 through authorized workflow, revision/version behavior, search/retrieval, audit history, linked-record integrity and mapped test evidence.",v1.0.0
P15-REQ-050,External Collaboration,Must,"GrounUp shall provide governed external collaboration capability 50 with tenant/project scope, permissions, revision lineage, metadata, audit evidence and downstream traceability.","Verify requirement 50 through authorized workflow, revision/version behavior, search/retrieval, audit history, linked-record integrity and mapped test evidence.",v1.0.0
P15-REQ-051,Field Document Access,Must,"GrounUp shall provide governed field document access capability 51 with tenant/project scope, permissions, revision lineage, metadata, audit evidence and downstream traceability.","Verify requirement 51 through authorized workflow, revision/version behavior, search/retrieval, audit history, linked-record integrity and mapped test evidence.",v1.0.0
P15-REQ-052,BIM/CDE Coordination,Must,"GrounUp shall provide governed bim/cde coordination capability 52 with tenant/project scope, permissions, revision lineage, metadata, audit evidence and downstream traceability.","Verify requirement 52 through authorized workflow, revision/version behavior, search/retrieval, audit history, linked-record integrity and mapped test evidence.",v1.0.0
P15-REQ-053,Closeout & Turnover,Must,"GrounUp shall provide governed closeout & turnover capability 53 with tenant/project scope, permissions, revision lineage, metadata, audit evidence and downstream traceability.","Verify requirement 53 through authorized workflow, revision/version behavior, search/retrieval, audit history, linked-record integrity and mapped test evidence.",v1.0.0
P15-REQ-054,Document Intelligence Digital Twin,Must,"GrounUp shall provide governed document intelligence digital twin capability 54 with tenant/project scope, permissions, revision lineage, metadata, audit evidence and downstream traceability.","Verify requirement 54 through authorized workflow, revision/version behavior, search/retrieval, audit history, linked-record integrity and mapped test evidence.",v1.0.0
P15-REQ-055,Document Control,Must,"GrounUp shall provide governed document control capability 55 with tenant/project scope, permissions, revision lineage, metadata, audit evidence and downstream traceability.","Verify requirement 55 through authorized workflow, revision/version behavior, search/retrieval, audit history, linked-record integrity and mapped test evidence.",v1.0.0
P15-REQ-056,Drawing Management,Must,"GrounUp shall provide governed drawing management capability 56 with tenant/project scope, permissions, revision lineage, metadata, audit evidence and downstream traceability.","Verify requirement 56 through authorized workflow, revision/version behavior, search/retrieval, audit history, linked-record integrity and mapped test evidence.",v1.0.0
P15-REQ-057,Specification Management,Must,"GrounUp shall provide governed specification management capability 57 with tenant/project scope, permissions, revision lineage, metadata, audit evidence and downstream traceability.","Verify requirement 57 through authorized workflow, revision/version behavior, search/retrieval, audit history, linked-record integrity and mapped test evidence.",v1.0.0
P15-REQ-058,Submittals,Must,"GrounUp shall provide governed submittals capability 58 with tenant/project scope, permissions, revision lineage, metadata, audit evidence and downstream traceability.","Verify requirement 58 through authorized workflow, revision/version behavior, search/retrieval, audit history, linked-record integrity and mapped test evidence.",v1.0.0
P15-REQ-059,RFIs,Must,"GrounUp shall provide governed rfis capability 59 with tenant/project scope, permissions, revision lineage, metadata, audit evidence and downstream traceability.","Verify requirement 59 through authorized workflow, revision/version behavior, search/retrieval, audit history, linked-record integrity and mapped test evidence.",v1.0.0
P15-REQ-060,Transmittals & Distribution,Must,"GrounUp shall provide governed transmittals & distribution capability 60 with tenant/project scope, permissions, revision lineage, metadata, audit evidence and downstream traceability.","Verify requirement 60 through authorized workflow, revision/version behavior, search/retrieval, audit history, linked-record integrity and mapped test evidence.",v1.0.0
P15-REQ-061,Correspondence & Records,Must,"GrounUp shall provide governed correspondence & records capability 61 with tenant/project scope, permissions, revision lineage, metadata, audit evidence and downstream traceability.","Verify requirement 61 through authorized workflow, revision/version behavior, search/retrieval, audit history, linked-record integrity and mapped test evidence.",v1.0.0
P15-REQ-062,Version & Revision Control,Must,"GrounUp shall provide governed version & revision control capability 62 with tenant/project scope, permissions, revision lineage, metadata, audit evidence and downstream traceability.","Verify requirement 62 through authorized workflow, revision/version behavior, search/retrieval, audit history, linked-record integrity and mapped test evidence.",v1.0.0
P15-REQ-063,Markup & Review,Must,"GrounUp shall provide governed markup & review capability 63 with tenant/project scope, permissions, revision lineage, metadata, audit evidence and downstream traceability.","Verify requirement 63 through authorized workflow, revision/version behavior, search/retrieval, audit history, linked-record integrity and mapped test evidence.",v1.0.0
P15-REQ-064,OCR & Content Extraction,Must,"GrounUp shall provide governed ocr & content extraction capability 64 with tenant/project scope, permissions, revision lineage, metadata, audit evidence and downstream traceability.","Verify requirement 64 through authorized workflow, revision/version behavior, search/retrieval, audit history, linked-record integrity and mapped test evidence.",v1.0.0
P15-REQ-065,Plan & Spec Intelligence,Must,"GrounUp shall provide governed plan & spec intelligence capability 65 with tenant/project scope, permissions, revision lineage, metadata, audit evidence and downstream traceability.","Verify requirement 65 through authorized workflow, revision/version behavior, search/retrieval, audit history, linked-record integrity and mapped test evidence.",v1.0.0
P15-REQ-066,Document Search & Retrieval,Must,"GrounUp shall provide governed document search & retrieval capability 66 with tenant/project scope, permissions, revision lineage, metadata, audit evidence and downstream traceability.","Verify requirement 66 through authorized workflow, revision/version behavior, search/retrieval, audit history, linked-record integrity and mapped test evidence.",v1.0.0
P15-REQ-067,Records Retention & Legal Hold,Must,"GrounUp shall provide governed records retention & legal hold capability 67 with tenant/project scope, permissions, revision lineage, metadata, audit evidence and downstream traceability.","Verify requirement 67 through authorized workflow, revision/version behavior, search/retrieval, audit history, linked-record integrity and mapped test evidence.",v1.0.0
P15-REQ-068,External Collaboration,Must,"GrounUp shall provide governed external collaboration capability 68 with tenant/project scope, permissions, revision lineage, metadata, audit evidence and downstream traceability.","Verify requirement 68 through authorized workflow, revision/version behavior, search/retrieval, audit history, linked-record integrity and mapped test evidence.",v1.0.0
P15-REQ-069,Field Document Access,Must,"GrounUp shall provide governed field document access capability 69 with tenant/project scope, permissions, revision lineage, metadata, audit evidence and downstream traceability.","Verify requirement 69 through authorized workflow, revision/version behavior, search/retrieval, audit history, linked-record integrity and mapped test evidence.",v1.0.0
P15-REQ-070,BIM/CDE Coordination,Must,"GrounUp shall provide governed bim/cde coordination capability 70 with tenant/project scope, permissions, revision lineage, metadata, audit evidence and downstream traceability.","Verify requirement 70 through authorized workflow, revision/version behavior, search/retrieval, audit history, linked-record integrity and mapped test evidence.",v1.0.0
P15-REQ-071,Closeout & Turnover,Must,"GrounUp shall provide governed closeout & turnover capability 71 with tenant/project scope, permissions, revision lineage, metadata, audit evidence and downstream traceability.","Verify requirement 71 through authorized workflow, revision/version behavior, search/retrieval, audit history, linked-record integrity and mapped test evidence.",v1.0.0
P15-REQ-072,Document Intelligence Digital Twin,Must,"GrounUp shall provide governed document intelligence digital twin capability 72 with tenant/project scope, permissions, revision lineage, metadata, audit evidence and downstream traceability.","Verify requirement 72 through authorized workflow, revision/version behavior, search/retrieval, audit history, linked-record integrity and mapped test evidence.",v1.0.0
P15-REQ-073,Document Control,Must,"GrounUp shall provide governed document control capability 73 with tenant/project scope, permissions, revision lineage, metadata, audit evidence and downstream traceability.","Verify requirement 73 through authorized workflow, revision/version behavior, search/retrieval, audit history, linked-record integrity and mapped test evidence.",v1.0.0
P15-REQ-074,Drawing Management,Must,"GrounUp shall provide governed drawing management capability 74 with tenant/project scope, permissions, revision lineage, metadata, audit evidence and downstream traceability.","Verify requirement 74 through authorized workflow, revision/version behavior, search/retrieval, audit history, linked-record integrity and mapped test evidence.",v1.0.0
P15-REQ-075,Specification Management,Must,"GrounUp shall provide governed specification management capability 75 with tenant/project scope, permissions, revision lineage, metadata, audit evidence and downstream traceability.","Verify requirement 75 through authorized workflow, revision/version behavior, search/retrieval, audit history, linked-record integrity and mapped test evidence.",v1.0.0
P15-REQ-076,Submittals,Must,"GrounUp shall provide governed submittals capability 76 with tenant/project scope, permissions, revision lineage, metadata, audit evidence and downstream traceability.","Verify requirement 76 through authorized workflow, revision/version behavior, search/retrieval, audit history, linked-record integrity and mapped test evidence.",v1.0.0
P15-REQ-077,RFIs,Must,"GrounUp shall provide governed rfis capability 77 with tenant/project scope, permissions, revision lineage, metadata, audit evidence and downstream traceability.","Verify requirement 77 through authorized workflow, revision/version behavior, search/retrieval, audit history, linked-record integrity and mapped test evidence.",v1.0.0
P15-REQ-078,Transmittals & Distribution,Must,"GrounUp shall provide governed transmittals & distribution capability 78 with tenant/project scope, permissions, revision lineage, metadata, audit evidence and downstream traceability.","Verify requirement 78 through authorized workflow, revision/version behavior, search/retrieval, audit history, linked-record integrity and mapped test evidence.",v1.0.0
P15-REQ-079,Correspondence & Records,Must,"GrounUp shall provide governed correspondence & records capability 79 with tenant/project scope, permissions, revision lineage, metadata, audit evidence and downstream traceability.","Verify requirement 79 through authorized workflow, revision/version behavior, search/retrieval, audit history, linked-record integrity and mapped test evidence.",v1.0.0
P15-REQ-080,Version & Revision Control,Must,"GrounUp shall provide governed version & revision control capability 80 with tenant/project scope, permissions, revision lineage, metadata, audit evidence and downstream traceability.","Verify requirement 80 through authorized workflow, revision/version behavior, search/retrieval, audit history, linked-record integrity and mapped test evidence.",v1.0.0
P15-REQ-081,Markup & Review,Must,"GrounUp shall provide governed markup & review capability 81 with tenant/project scope, permissions, revision lineage, metadata, audit evidence and downstream traceability.","Verify requirement 81 through authorized workflow, revision/version behavior, search/retrieval, audit history, linked-record integrity and mapped test evidence.",v1.0.0
P15-REQ-082,OCR & Content Extraction,Must,"GrounUp shall provide governed ocr & content extraction capability 82 with tenant/project scope, permissions, revision lineage, metadata, audit evidence and downstream traceability.","Verify requirement 82 through authorized workflow, revision/version behavior, search/retrieval, audit history, linked-record integrity and mapped test evidence.",v1.0.0
P15-REQ-083,Plan & Spec Intelligence,Must,"GrounUp shall provide governed plan & spec intelligence capability 83 with tenant/project scope, permissions, revision lineage, metadata, audit evidence and downstream traceability.","Verify requirement 83 through authorized workflow, revision/version behavior, search/retrieval, audit history, linked-record integrity and mapped test evidence.",v1.0.0
P15-REQ-084,Document Search & Retrieval,Must,"GrounUp shall provide governed document search & retrieval capability 84 with tenant/project scope, permissions, revision lineage, metadata, audit evidence and downstream traceability.","Verify requirement 84 through authorized workflow, revision/version behavior, search/retrieval, audit history, linked-record integrity and mapped test evidence.",v1.0.0
P15-REQ-085,Records Retention & Legal Hold,Must,"GrounUp shall provide governed records retention & legal hold capability 85 with tenant/project scope, permissions, revision lineage, metadata, audit evidence and downstream traceability.","Verify requirement 85 through authorized workflow, revision/version behavior, search/retrieval, audit history, linked-record integrity and mapped test evidence.",v1.0.0
P15-REQ-086,External Collaboration,Must,"GrounUp shall provide governed external collaboration capability 86 with tenant/project scope, permissions, revision lineage, metadata, audit evidence and downstream traceability.","Verify requirement 86 through authorized workflow, revision/version behavior, search/retrieval, audit history, linked-record integrity and mapped test evidence.",v1.0.0
P15-REQ-087,Field Document Access,Must,"GrounUp shall provide governed field document access capability 87 with tenant/project scope, permissions, revision lineage, metadata, audit evidence and downstream traceability.","Verify requirement 87 through authorized workflow, revision/version behavior, search/retrieval, audit history, linked-record integrity and mapped test evidence.",v1.0.0
P15-REQ-088,BIM/CDE Coordination,Must,"GrounUp shall provide governed bim/cde coordination capability 88 with tenant/project scope, permissions, revision lineage, metadata, audit evidence and downstream traceability.","Verify requirement 88 through authorized workflow, revision/version behavior, search/retrieval, audit history, linked-record integrity and mapped test evidence.",v1.0.0
P15-REQ-089,Closeout & Turnover,Must,"GrounUp shall provide governed closeout & turnover capability 89 with tenant/project scope, permissions, revision lineage, metadata, audit evidence and downstream traceability.","Verify requirement 89 through authorized workflow, revision/version behavior, search/retrieval, audit history, linked-record integrity and mapped test evidence.",v1.0.0
P15-REQ-090,Document Intelligence Digital Twin,Must,"GrounUp shall provide governed document intelligence digital twin capability 90 with tenant/project scope, permissions, revision lineage, metadata, audit evidence and downstream traceability.","Verify requirement 90 through authorized workflow, revision/version behavior, search/retrieval, audit history, linked-record integrity and mapped test evidence.",v1.0.0
P15-REQ-091,Document Control,Must,"GrounUp shall provide governed document control capability 91 with tenant/project scope, permissions, revision lineage, metadata, audit evidence and downstream traceability.","Verify requirement 91 through authorized workflow, revision/version behavior, search/retrieval, audit history, linked-record integrity and mapped test evidence.",v1.0.0
P15-REQ-092,Drawing Management,Must,"GrounUp shall provide governed drawing management capability 92 with tenant/project scope, permissions, revision lineage, metadata, audit evidence and downstream traceability.","Verify requirement 92 through authorized workflow, revision/version behavior, search/retrieval, audit history, linked-record integrity and mapped test evidence.",v1.0.0
P15-REQ-093,Specification Management,Must,"GrounUp shall provide governed specification management capability 93 with tenant/project scope, permissions, revision lineage, metadata, audit evidence and downstream traceability.","Verify requirement 93 through authorized workflow, revision/version behavior, search/retrieval, audit history, linked-record integrity and mapped test evidence.",v1.0.0
P15-REQ-094,Submittals,Must,"GrounUp shall provide governed submittals capability 94 with tenant/project scope, permissions, revision lineage, metadata, audit evidence and downstream traceability.","Verify requirement 94 through authorized workflow, revision/version behavior, search/retrieval, audit history, linked-record integrity and mapped test evidence.",v1.0.0
P15-REQ-095,RFIs,Must,"GrounUp shall provide governed rfis capability 95 with tenant/project scope, permissions, revision lineage, metadata, audit evidence and downstream traceability.","Verify requirement 95 through authorized workflow, revision/version behavior, search/retrieval, audit history, linked-record integrity and mapped test evidence.",v1.0.0
P15-REQ-096,Transmittals & Distribution,Must,"GrounUp shall provide governed transmittals & distribution capability 96 with tenant/project scope, permissions, revision lineage, metadata, audit evidence and downstream traceability.","Verify requirement 96 through authorized workflow, revision/version behavior, search/retrieval, audit history, linked-record integrity and mapped test evidence.",v1.0.0
P15-REQ-097,Correspondence & Records,Must,"GrounUp shall provide governed correspondence & records capability 97 with tenant/project scope, permissions, revision lineage, metadata, audit evidence and downstream traceability.","Verify requirement 97 through authorized workflow, revision/version behavior, search/retrieval, audit history, linked-record integrity and mapped test evidence.",v1.0.0
P15-REQ-098,Version & Revision Control,Must,"GrounUp shall provide governed version & revision control capability 98 with tenant/project scope, permissions, revision lineage, metadata, audit evidence and downstream traceability.","Verify requirement 98 through authorized workflow, revision/version behavior, search/retrieval, audit history, linked-record integrity and mapped test evidence.",v1.0.0
P15-REQ-099,Markup & Review,Must,"GrounUp shall provide governed markup & review capability 99 with tenant/project scope, permissions, revision lineage, metadata, audit evidence and downstream traceability.","Verify requirement 99 through authorized workflow, revision/version behavior, search/retrieval, audit history, linked-record integrity and mapped test evidence.",v1.0.0
P15-REQ-100,OCR & Content Extraction,Must,"GrounUp shall provide governed ocr & content extraction capability 100 with tenant/project scope, permissions, revision lineage, metadata, audit evidence and downstream traceability.","Verify requirement 100 through authorized workflow, revision/version behavior, search/retrieval, audit history, linked-record integrity and mapped test evidence.",v1.0.0
P15-REQ-101,Plan & Spec Intelligence,Must,"GrounUp shall provide governed plan & spec intelligence capability 101 with tenant/project scope, permissions, revision lineage, metadata, audit evidence and downstream traceability.","Verify requirement 101 through authorized workflow, revision/version behavior, search/retrieval, audit history, linked-record integrity and mapped test evidence.",v1.0.0
P15-REQ-102,Document Search & Retrieval,Must,"GrounUp shall provide governed document search & retrieval capability 102 with tenant/project scope, permissions, revision lineage, metadata, audit evidence and downstream traceability.","Verify requirement 102 through authorized workflow, revision/version behavior, search/retrieval, audit history, linked-record integrity and mapped test evidence.",v1.0.0
P15-REQ-103,Records Retention & Legal Hold,Must,"GrounUp shall provide governed records retention & legal hold capability 103 with tenant/project scope, permissions, revision lineage, metadata, audit evidence and downstream traceability.","Verify requirement 103 through authorized workflow, revision/version behavior, search/retrieval, audit history, linked-record integrity and mapped test evidence.",v1.0.0
P15-REQ-104,External Collaboration,Must,"GrounUp shall provide governed external collaboration capability 104 with tenant/project scope, permissions, revision lineage, metadata, audit evidence and downstream traceability.","Verify requirement 104 through authorized workflow, revision/version behavior, search/retrieval, audit history, linked-record integrity and mapped test evidence.",v1.0.0
P15-REQ-105,Field Document Access,Must,"GrounUp shall provide governed field document access capability 105 with tenant/project scope, permissions, revision lineage, metadata, audit evidence and downstream traceability.","Verify requirement 105 through authorized workflow, revision/version behavior, search/retrieval, audit history, linked-record integrity and mapped test evidence.",v1.0.0
P15-REQ-106,BIM/CDE Coordination,Must,"GrounUp shall provide governed bim/cde coordination capability 106 with tenant/project scope, permissions, revision lineage, metadata, audit evidence and downstream traceability.","Verify requirement 106 through authorized workflow, revision/version behavior, search/retrieval, audit history, linked-record integrity and mapped test evidence.",v1.0.0
P15-REQ-107,Closeout & Turnover,Must,"GrounUp shall provide governed closeout & turnover capability 107 with tenant/project scope, permissions, revision lineage, metadata, audit evidence and downstream traceability.","Verify requirement 107 through authorized workflow, revision/version behavior, search/retrieval, audit history, linked-record integrity and mapped test evidence.",v1.0.0
P15-REQ-108,Document Intelligence Digital Twin,Must,"GrounUp shall provide governed document intelligence digital twin capability 108 with tenant/project scope, permissions, revision lineage, metadata, audit evidence and downstream traceability.","Verify requirement 108 through authorized workflow, revision/version behavior, search/retrieval, audit history, linked-record integrity and mapped test evidence.",v1.0.0
P15-REQ-109,Document Control,Must,"GrounUp shall provide governed document control capability 109 with tenant/project scope, permissions, revision lineage, metadata, audit evidence and downstream traceability.","Verify requirement 109 through authorized workflow, revision/version behavior, search/retrieval, audit history, linked-record integrity and mapped test evidence.",v1.0.0
P15-REQ-110,Drawing Management,Must,"GrounUp shall provide governed drawing management capability 110 with tenant/project scope, permissions, revision lineage, metadata, audit evidence and downstream traceability.","Verify requirement 110 through authorized workflow, revision/version behavior, search/retrieval, audit history, linked-record integrity and mapped test evidence.",v1.0.0
P15-REQ-111,Specification Management,Must,"GrounUp shall provide governed specification management capability 111 with tenant/project scope, permissions, revision lineage, metadata, audit evidence and downstream traceability.","Verify requirement 111 through authorized workflow, revision/version behavior, search/retrieval, audit history, linked-record integrity and mapped test evidence.",v1.0.0
P15-REQ-112,Submittals,Must,"GrounUp shall provide governed submittals capability 112 with tenant/project scope, permissions, revision lineage, metadata, audit evidence and downstream traceability.","Verify requirement 112 through authorized workflow, revision/version behavior, search/retrieval, audit history, linked-record integrity and mapped test evidence.",v1.0.0
P15-REQ-113,RFIs,Must,"GrounUp shall provide governed rfis capability 113 with tenant/project scope, permissions, revision lineage, metadata, audit evidence and downstream traceability.","Verify requirement 113 through authorized workflow, revision/version behavior, search/retrieval, audit history, linked-record integrity and mapped test evidence.",v1.0.0
P15-REQ-114,Transmittals & Distribution,Must,"GrounUp shall provide governed transmittals & distribution capability 114 with tenant/project scope, permissions, revision lineage, metadata, audit evidence and downstream traceability.","Verify requirement 114 through authorized workflow, revision/version behavior, search/retrieval, audit history, linked-record integrity and mapped test evidence.",v1.0.0
P15-REQ-115,Correspondence & Records,Must,"GrounUp shall provide governed correspondence & records capability 115 with tenant/project scope, permissions, revision lineage, metadata, audit evidence and downstream traceability.","Verify requirement 115 through authorized workflow, revision/version behavior, search/retrieval, audit history, linked-record integrity and mapped test evidence.",v1.0.0
P15-REQ-116,Version & Revision Control,Must,"GrounUp shall provide governed version & revision control capability 116 with tenant/project scope, permissions, revision lineage, metadata, audit evidence and downstream traceability.","Verify requirement 116 through authorized workflow, revision/version behavior, search/retrieval, audit history, linked-record integrity and mapped test evidence.",v1.0.0
P15-REQ-117,Markup & Review,Must,"GrounUp shall provide governed markup & review capability 117 with tenant/project scope, permissions, revision lineage, metadata, audit evidence and downstream traceability.","Verify requirement 117 through authorized workflow, revision/version behavior, search/retrieval, audit history, linked-record integrity and mapped test evidence.",v1.0.0
P15-REQ-118,OCR & Content Extraction,Must,"GrounUp shall provide governed ocr & content extraction capability 118 with tenant/project scope, permissions, revision lineage, metadata, audit evidence and downstream traceability.","Verify requirement 118 through authorized workflow, revision/version behavior, search/retrieval, audit history, linked-record integrity and mapped test evidence.",v1.0.0
P15-REQ-119,Plan & Spec Intelligence,Must,"GrounUp shall provide governed plan & spec intelligence capability 119 with tenant/project scope, permissions, revision lineage, metadata, audit evidence and downstream traceability.","Verify requirement 119 through authorized workflow, revision/version behavior, search/retrieval, audit history, linked-record integrity and mapped test evidence.",v1.0.0
P15-REQ-120,Document Search & Retrieval,Must,"GrounUp shall provide governed document search & retrieval capability 120 with tenant/project scope, permissions, revision lineage, metadata, audit evidence and downstream traceability.","Verify requirement 120 through authorized workflow, revision/version behavior, search/retrieval, audit history, linked-record integrity and mapped test evidence.",v1.0.0
P15-REQ-121,Records Retention & Legal Hold,Must,"GrounUp shall provide governed records retention & legal hold capability 121 with tenant/project scope, permissions, revision lineage, metadata, audit evidence and downstream traceability.","Verify requirement 121 through authorized workflow, revision/version behavior, search/retrieval, audit history, linked-record integrity and mapped test evidence.",v1.0.0
P15-REQ-122,External Collaboration,Must,"GrounUp shall provide governed external collaboration capability 122 with tenant/project scope, permissions, revision lineage, metadata, audit evidence and downstream traceability.","Verify requirement 122 through authorized workflow, revision/version behavior, search/retrieval, audit history, linked-record integrity and mapped test evidence.",v1.0.0
P15-REQ-123,Field Document Access,Must,"GrounUp shall provide governed field document access capability 123 with tenant/project scope, permissions, revision lineage, metadata, audit evidence and downstream traceability.","Verify requirement 123 through authorized workflow, revision/version behavior, search/retrieval, audit history, linked-record integrity and mapped test evidence.",v1.0.0
P15-REQ-124,BIM/CDE Coordination,Must,"GrounUp shall provide governed bim/cde coordination capability 124 with tenant/project scope, permissions, revision lineage, metadata, audit evidence and downstream traceability.","Verify requirement 124 through authorized workflow, revision/version behavior, search/retrieval, audit history, linked-record integrity and mapped test evidence.",v1.0.0
P15-REQ-125,Closeout & Turnover,Must,"GrounUp shall provide governed closeout & turnover capability 125 with tenant/project scope, permissions, revision lineage, metadata, audit evidence and downstream traceability.","Verify requirement 125 through authorized workflow, revision/version behavior, search/retrieval, audit history, linked-record integrity and mapped test evidence.",v1.0.0
P15-REQ-126,Document Intelligence Digital Twin,Must,"GrounUp shall provide governed document intelligence digital twin capability 126 with tenant/project scope, permissions, revision lineage, metadata, audit evidence and downstream traceability.","Verify requirement 126 through authorized workflow, revision/version behavior, search/retrieval, audit history, linked-record integrity and mapped test evidence.",v1.0.0
P15-REQ-127,Document Control,Must,"GrounUp shall provide governed document control capability 127 with tenant/project scope, permissions, revision lineage, metadata, audit evidence and downstream traceability.","Verify requirement 127 through authorized workflow, revision/version behavior, search/retrieval, audit history, linked-record integrity and mapped test evidence.",v1.0.0
P15-REQ-128,Drawing Management,Must,"GrounUp shall provide governed drawing management capability 128 with tenant/project scope, permissions, revision lineage, metadata, audit evidence and downstream traceability.","Verify requirement 128 through authorized workflow, revision/version behavior, search/retrieval, audit history, linked-record integrity and mapped test evidence.",v1.0.0
P15-REQ-129,Specification Management,Must,"GrounUp shall provide governed specification management capability 129 with tenant/project scope, permissions, revision lineage, metadata, audit evidence and downstream traceability.","Verify requirement 129 through authorized workflow, revision/version behavior, search/retrieval, audit history, linked-record integrity and mapped test evidence.",v1.0.0
P15-REQ-130,Submittals,Must,"GrounUp shall provide governed submittals capability 130 with tenant/project scope, permissions, revision lineage, metadata, audit evidence and downstream traceability.","Verify requirement 130 through authorized workflow, revision/version behavior, search/retrieval, audit history, linked-record integrity and mapped test evidence.",v1.0.0
P15-REQ-131,RFIs,Must,"GrounUp shall provide governed rfis capability 131 with tenant/project scope, permissions, revision lineage, metadata, audit evidence and downstream traceability.","Verify requirement 131 through authorized workflow, revision/version behavior, search/retrieval, audit history, linked-record integrity and mapped test evidence.",v1.0.0
P15-REQ-132,Transmittals & Distribution,Must,"GrounUp shall provide governed transmittals & distribution capability 132 with tenant/project scope, permissions, revision lineage, metadata, audit evidence and downstream traceability.","Verify requirement 132 through authorized workflow, revision/version behavior, search/retrieval, audit history, linked-record integrity and mapped test evidence.",v1.0.0
P15-REQ-133,Correspondence & Records,Must,"GrounUp shall provide governed correspondence & records capability 133 with tenant/project scope, permissions, revision lineage, metadata, audit evidence and downstream traceability.","Verify requirement 133 through authorized workflow, revision/version behavior, search/retrieval, audit history, linked-record integrity and mapped test evidence.",v1.0.0
P15-REQ-134,Version & Revision Control,Must,"GrounUp shall provide governed version & revision control capability 134 with tenant/project scope, permissions, revision lineage, metadata, audit evidence and downstream traceability.","Verify requirement 134 through authorized workflow, revision/version behavior, search/retrieval, audit history, linked-record integrity and mapped test evidence.",v1.0.0
P15-REQ-135,Markup & Review,Must,"GrounUp shall provide governed markup & review capability 135 with tenant/project scope, permissions, revision lineage, metadata, audit evidence and downstream traceability.","Verify requirement 135 through authorized workflow, revision/version behavior, search/retrieval, audit history, linked-record integrity and mapped test evidence.",v1.0.0
P15-REQ-136,OCR & Content Extraction,Must,"GrounUp shall provide governed ocr & content extraction capability 136 with tenant/project scope, permissions, revision lineage, metadata, audit evidence and downstream traceability.","Verify requirement 136 through authorized workflow, revision/version behavior, search/retrieval, audit history, linked-record integrity and mapped test evidence.",v1.0.0
P15-REQ-137,Plan & Spec Intelligence,Must,"GrounUp shall provide governed plan & spec intelligence capability 137 with tenant/project scope, permissions, revision lineage, metadata, audit evidence and downstream traceability.","Verify requirement 137 through authorized workflow, revision/version behavior, search/retrieval, audit history, linked-record integrity and mapped test evidence.",v1.0.0
P15-REQ-138,Document Search & Retrieval,Must,"GrounUp shall provide governed document search & retrieval capability 138 with tenant/project scope, permissions, revision lineage, metadata, audit evidence and downstream traceability.","Verify requirement 138 through authorized workflow, revision/version behavior, search/retrieval, audit history, linked-record integrity and mapped test evidence.",v1.0.0
P15-REQ-139,Records Retention & Legal Hold,Must,"GrounUp shall provide governed records retention & legal hold capability 139 with tenant/project scope, permissions, revision lineage, metadata, audit evidence and downstream traceability.","Verify requirement 139 through authorized workflow, revision/version behavior, search/retrieval, audit history, linked-record integrity and mapped test evidence.",v1.0.0
P15-REQ-140,External Collaboration,Must,"GrounUp shall provide governed external collaboration capability 140 with tenant/project scope, permissions, revision lineage, metadata, audit evidence and downstream traceability.","Verify requirement 140 through authorized workflow, revision/version behavior, search/retrieval, audit history, linked-record integrity and mapped test evidence.",v1.0.0
P15-REQ-141,Field Document Access,Must,"GrounUp shall provide governed field document access capability 141 with tenant/project scope, permissions, revision lineage, metadata, audit evidence and downstream traceability.","Verify requirement 141 through authorized workflow, revision/version behavior, search/retrieval, audit history, linked-record integrity and mapped test evidence.",v1.0.0
P15-REQ-142,BIM/CDE Coordination,Must,"GrounUp shall provide governed bim/cde coordination capability 142 with tenant/project scope, permissions, revision lineage, metadata, audit evidence and downstream traceability.","Verify requirement 142 through authorized workflow, revision/version behavior, search/retrieval, audit history, linked-record integrity and mapped test evidence.",v1.0.0
P15-REQ-143,Closeout & Turnover,Must,"GrounUp shall provide governed closeout & turnover capability 143 with tenant/project scope, permissions, revision lineage, metadata, audit evidence and downstream traceability.","Verify requirement 143 through authorized workflow, revision/version behavior, search/retrieval, audit history, linked-record integrity and mapped test evidence.",v1.0.0
P15-REQ-144,Document Intelligence Digital Twin,Must,"GrounUp shall provide governed document intelligence digital twin capability 144 with tenant/project scope, permissions, revision lineage, metadata, audit evidence and downstream traceability.","Verify requirement 144 through authorized workflow, revision/version behavior, search/retrieval, audit history, linked-record integrity and mapped test evidence.",v1.0.0
P15-REQ-145,Document Control,Must,"GrounUp shall provide governed document control capability 145 with tenant/project scope, permissions, revision lineage, metadata, audit evidence and downstream traceability.","Verify requirement 145 through authorized workflow, revision/version behavior, search/retrieval, audit history, linked-record integrity and mapped test evidence.",v1.0.0
P15-REQ-146,Drawing Management,Must,"GrounUp shall provide governed drawing management capability 146 with tenant/project scope, permissions, revision lineage, metadata, audit evidence and downstream traceability.","Verify requirement 146 through authorized workflow, revision/version behavior, search/retrieval, audit history, linked-record integrity and mapped test evidence.",v1.0.0
P15-REQ-147,Specification Management,Must,"GrounUp shall provide governed specification management capability 147 with tenant/project scope, permissions, revision lineage, metadata, audit evidence and downstream traceability.","Verify requirement 147 through authorized workflow, revision/version behavior, search/retrieval, audit history, linked-record integrity and mapped test evidence.",v1.0.0
P15-REQ-148,Submittals,Must,"GrounUp shall provide governed submittals capability 148 with tenant/project scope, permissions, revision lineage, metadata, audit evidence and downstream traceability.","Verify requirement 148 through authorized workflow, revision/version behavior, search/retrieval, audit history, linked-record integrity and mapped test evidence.",v1.0.0
P15-REQ-149,RFIs,Must,"GrounUp shall provide governed rfis capability 149 with tenant/project scope, permissions, revision lineage, metadata, audit evidence and downstream traceability.","Verify requirement 149 through authorized workflow, revision/version behavior, search/retrieval, audit history, linked-record integrity and mapped test evidence.",v1.0.0
P15-REQ-150,Transmittals & Distribution,Must,"GrounUp shall provide governed transmittals & distribution capability 150 with tenant/project scope, permissions, revision lineage, metadata, audit evidence and downstream traceability.","Verify requirement 150 through authorized workflow, revision/version behavior, search/retrieval, audit history, linked-record integrity and mapped test evidence.",v1.0.0
P15-REQ-151,Correspondence & Records,Must,"GrounUp shall provide governed correspondence & records capability 151 with tenant/project scope, permissions, revision lineage, metadata, audit evidence and downstream traceability.","Verify requirement 151 through authorized workflow, revision/version behavior, search/retrieval, audit history, linked-record integrity and mapped test evidence.",v1.0.0
P15-REQ-152,Version & Revision Control,Must,"GrounUp shall provide governed version & revision control capability 152 with tenant/project scope, permissions, revision lineage, metadata, audit evidence and downstream traceability.","Verify requirement 152 through authorized workflow, revision/version behavior, search/retrieval, audit history, linked-record integrity and mapped test evidence.",v1.0.0
P15-REQ-153,Markup & Review,Must,"GrounUp shall provide governed markup & review capability 153 with tenant/project scope, permissions, revision lineage, metadata, audit evidence and downstream traceability.","Verify requirement 153 through authorized workflow, revision/version behavior, search/retrieval, audit history, linked-record integrity and mapped test evidence.",v1.0.0
P15-REQ-154,OCR & Content Extraction,Must,"GrounUp shall provide governed ocr & content extraction capability 154 with tenant/project scope, permissions, revision lineage, metadata, audit evidence and downstream traceability.","Verify requirement 154 through authorized workflow, revision/version behavior, search/retrieval, audit history, linked-record integrity and mapped test evidence.",v1.0.0
P15-REQ-155,Plan & Spec Intelligence,Must,"GrounUp shall provide governed plan & spec intelligence capability 155 with tenant/project scope, permissions, revision lineage, metadata, audit evidence and downstream traceability.","Verify requirement 155 through authorized workflow, revision/version behavior, search/retrieval, audit history, linked-record integrity and mapped test evidence.",v1.0.0
P15-REQ-156,Document Search & Retrieval,Must,"GrounUp shall provide governed document search & retrieval capability 156 with tenant/project scope, permissions, revision lineage, metadata, audit evidence and downstream traceability.","Verify requirement 156 through authorized workflow, revision/version behavior, search/retrieval, audit history, linked-record integrity and mapped test evidence.",v1.0.0
P15-REQ-157,Records Retention & Legal Hold,Must,"GrounUp shall provide governed records retention & legal hold capability 157 with tenant/project scope, permissions, revision lineage, metadata, audit evidence and downstream traceability.","Verify requirement 157 through authorized workflow, revision/version behavior, search/retrieval, audit history, linked-record integrity and mapped test evidence.",v1.0.0
P15-REQ-158,External Collaboration,Must,"GrounUp shall provide governed external collaboration capability 158 with tenant/project scope, permissions, revision lineage, metadata, audit evidence and downstream traceability.","Verify requirement 158 through authorized workflow, revision/version behavior, search/retrieval, audit history, linked-record integrity and mapped test evidence.",v1.0.0
P15-REQ-159,Field Document Access,Must,"GrounUp shall provide governed field document access capability 159 with tenant/project scope, permissions, revision lineage, metadata, audit evidence and downstream traceability.","Verify requirement 159 through authorized workflow, revision/version behavior, search/retrieval, audit history, linked-record integrity and mapped test evidence.",v1.0.0
P15-REQ-160,BIM/CDE Coordination,Must,"GrounUp shall provide governed bim/cde coordination capability 160 with tenant/project scope, permissions, revision lineage, metadata, audit evidence and downstream traceability.","Verify requirement 160 through authorized workflow, revision/version behavior, search/retrieval, audit history, linked-record integrity and mapped test evidence.",v1.0.0
P15-REQ-161,Closeout & Turnover,Must,"GrounUp shall provide governed closeout & turnover capability 161 with tenant/project scope, permissions, revision lineage, metadata, audit evidence and downstream traceability.","Verify requirement 161 through authorized workflow, revision/version behavior, search/retrieval, audit history, linked-record integrity and mapped test evidence.",v1.0.0
P15-REQ-162,Document Intelligence Digital Twin,Must,"GrounUp shall provide governed document intelligence digital twin capability 162 with tenant/project scope, permissions, revision lineage, metadata, audit evidence and downstream traceability.","Verify requirement 162 through authorized workflow, revision/version behavior, search/retrieval, audit history, linked-record integrity and mapped test evidence.",v1.0.0
P15-REQ-163,Document Control,Must,"GrounUp shall provide governed document control capability 163 with tenant/project scope, permissions, revision lineage, metadata, audit evidence and downstream traceability.","Verify requirement 163 through authorized workflow, revision/version behavior, search/retrieval, audit history, linked-record integrity and mapped test evidence.",v1.0.0
P15-REQ-164,Drawing Management,Must,"GrounUp shall provide governed drawing management capability 164 with tenant/project scope, permissions, revision lineage, metadata, audit evidence and downstream traceability.","Verify requirement 164 through authorized workflow, revision/version behavior, search/retrieval, audit history, linked-record integrity and mapped test evidence.",v1.0.0
P15-REQ-165,Specification Management,Must,"GrounUp shall provide governed specification management capability 165 with tenant/project scope, permissions, revision lineage, metadata, audit evidence and downstream traceability.","Verify requirement 165 through authorized workflow, revision/version behavior, search/retrieval, audit history, linked-record integrity and mapped test evidence.",v1.0.0
P15-REQ-166,Submittals,Must,"GrounUp shall provide governed submittals capability 166 with tenant/project scope, permissions, revision lineage, metadata, audit evidence and downstream traceability.","Verify requirement 166 through authorized workflow, revision/version behavior, search/retrieval, audit history, linked-record integrity and mapped test evidence.",v1.0.0
P15-REQ-167,RFIs,Must,"GrounUp shall provide governed rfis capability 167 with tenant/project scope, permissions, revision lineage, metadata, audit evidence and downstream traceability.","Verify requirement 167 through authorized workflow, revision/version behavior, search/retrieval, audit history, linked-record integrity and mapped test evidence.",v1.0.0
P15-REQ-168,Transmittals & Distribution,Must,"GrounUp shall provide governed transmittals & distribution capability 168 with tenant/project scope, permissions, revision lineage, metadata, audit evidence and downstream traceability.","Verify requirement 168 through authorized workflow, revision/version behavior, search/retrieval, audit history, linked-record integrity and mapped test evidence.",v1.0.0
P15-REQ-169,Correspondence & Records,Must,"GrounUp shall provide governed correspondence & records capability 169 with tenant/project scope, permissions, revision lineage, metadata, audit evidence and downstream traceability.","Verify requirement 169 through authorized workflow, revision/version behavior, search/retrieval, audit history, linked-record integrity and mapped test evidence.",v1.0.0
P15-REQ-170,Version & Revision Control,Must,"GrounUp shall provide governed version & revision control capability 170 with tenant/project scope, permissions, revision lineage, metadata, audit evidence and downstream traceability.","Verify requirement 170 through authorized workflow, revision/version behavior, search/retrieval, audit history, linked-record integrity and mapped test evidence.",v1.0.0
P15-REQ-171,Markup & Review,Must,"GrounUp shall provide governed markup & review capability 171 with tenant/project scope, permissions, revision lineage, metadata, audit evidence and downstream traceability.","Verify requirement 171 through authorized workflow, revision/version behavior, search/retrieval, audit history, linked-record integrity and mapped test evidence.",v1.0.0
P15-REQ-172,OCR & Content Extraction,Must,"GrounUp shall provide governed ocr & content extraction capability 172 with tenant/project scope, permissions, revision lineage, metadata, audit evidence and downstream traceability.","Verify requirement 172 through authorized workflow, revision/version behavior, search/retrieval, audit history, linked-record integrity and mapped test evidence.",v1.0.0
P15-REQ-173,Plan & Spec Intelligence,Must,"GrounUp shall provide governed plan & spec intelligence capability 173 with tenant/project scope, permissions, revision lineage, metadata, audit evidence and downstream traceability.","Verify requirement 173 through authorized workflow, revision/version behavior, search/retrieval, audit history, linked-record integrity and mapped test evidence.",v1.0.0
P15-REQ-174,Document Search & Retrieval,Must,"GrounUp shall provide governed document search & retrieval capability 174 with tenant/project scope, permissions, revision lineage, metadata, audit evidence and downstream traceability.","Verify requirement 174 through authorized workflow, revision/version behavior, search/retrieval, audit history, linked-record integrity and mapped test evidence.",v1.0.0
P15-REQ-175,Records Retention & Legal Hold,Must,"GrounUp shall provide governed records retention & legal hold capability 175 with tenant/project scope, permissions, revision lineage, metadata, audit evidence and downstream traceability.","Verify requirement 175 through authorized workflow, revision/version behavior, search/retrieval, audit history, linked-record integrity and mapped test evidence.",v1.0.0
P15-REQ-176,External Collaboration,Must,"GrounUp shall provide governed external collaboration capability 176 with tenant/project scope, permissions, revision lineage, metadata, audit evidence and downstream traceability.","Verify requirement 176 through authorized workflow, revision/version behavior, search/retrieval, audit history, linked-record integrity and mapped test evidence.",v1.0.0
P15-REQ-177,Field Document Access,Must,"GrounUp shall provide governed field document access capability 177 with tenant/project scope, permissions, revision lineage, metadata, audit evidence and downstream traceability.","Verify requirement 177 through authorized workflow, revision/version behavior, search/retrieval, audit history, linked-record integrity and mapped test evidence.",v1.0.0
P15-REQ-178,BIM/CDE Coordination,Must,"GrounUp shall provide governed bim/cde coordination capability 178 with tenant/project scope, permissions, revision lineage, metadata, audit evidence and downstream traceability.","Verify requirement 178 through authorized workflow, revision/version behavior, search/retrieval, audit history, linked-record integrity and mapped test evidence.",v1.0.0
P15-REQ-179,Closeout & Turnover,Must,"GrounUp shall provide governed closeout & turnover capability 179 with tenant/project scope, permissions, revision lineage, metadata, audit evidence and downstream traceability.","Verify requirement 179 through authorized workflow, revision/version behavior, search/retrieval, audit history, linked-record integrity and mapped test evidence.",v1.0.0
P15-REQ-180,Document Intelligence Digital Twin,Must,"GrounUp shall provide governed document intelligence digital twin capability 180 with tenant/project scope, permissions, revision lineage, metadata, audit evidence and downstream traceability.","Verify requirement 180 through authorized workflow, revision/version behavior, search/retrieval, audit history, linked-record integrity and mapped test evidence.",v1.0.0
P15-REQ-181,Document Control,Must,"GrounUp shall provide governed document control capability 181 with tenant/project scope, permissions, revision lineage, metadata, audit evidence and downstream traceability.","Verify requirement 181 through authorized workflow, revision/version behavior, search/retrieval, audit history, linked-record integrity and mapped test evidence.",v1.0.0
P15-REQ-182,Drawing Management,Must,"GrounUp shall provide governed drawing management capability 182 with tenant/project scope, permissions, revision lineage, metadata, audit evidence and downstream traceability.","Verify requirement 182 through authorized workflow, revision/version behavior, search/retrieval, audit history, linked-record integrity and mapped test evidence.",v1.0.0
P15-REQ-183,Specification Management,Must,"GrounUp shall provide governed specification management capability 183 with tenant/project scope, permissions, revision lineage, metadata, audit evidence and downstream traceability.","Verify requirement 183 through authorized workflow, revision/version behavior, search/retrieval, audit history, linked-record integrity and mapped test evidence.",v1.0.0
P15-REQ-184,Submittals,Must,"GrounUp shall provide governed submittals capability 184 with tenant/project scope, permissions, revision lineage, metadata, audit evidence and downstream traceability.","Verify requirement 184 through authorized workflow, revision/version behavior, search/retrieval, audit history, linked-record integrity and mapped test evidence.",v1.0.0
P15-REQ-185,RFIs,Must,"GrounUp shall provide governed rfis capability 185 with tenant/project scope, permissions, revision lineage, metadata, audit evidence and downstream traceability.","Verify requirement 185 through authorized workflow, revision/version behavior, search/retrieval, audit history, linked-record integrity and mapped test evidence.",v1.0.0
P15-REQ-186,Transmittals & Distribution,Must,"GrounUp shall provide governed transmittals & distribution capability 186 with tenant/project scope, permissions, revision lineage, metadata, audit evidence and downstream traceability.","Verify requirement 186 through authorized workflow, revision/version behavior, search/retrieval, audit history, linked-record integrity and mapped test evidence.",v1.0.0
P15-REQ-187,Correspondence & Records,Must,"GrounUp shall provide governed correspondence & records capability 187 with tenant/project scope, permissions, revision lineage, metadata, audit evidence and downstream traceability.","Verify requirement 187 through authorized workflow, revision/version behavior, search/retrieval, audit history, linked-record integrity and mapped test evidence.",v1.0.0
P15-REQ-188,Version & Revision Control,Must,"GrounUp shall provide governed version & revision control capability 188 with tenant/project scope, permissions, revision lineage, metadata, audit evidence and downstream traceability.","Verify requirement 188 through authorized workflow, revision/version behavior, search/retrieval, audit history, linked-record integrity and mapped test evidence.",v1.0.0
P15-REQ-189,Markup & Review,Must,"GrounUp shall provide governed markup & review capability 189 with tenant/project scope, permissions, revision lineage, metadata, audit evidence and downstream traceability.","Verify requirement 189 through authorized workflow, revision/version behavior, search/retrieval, audit history, linked-record integrity and mapped test evidence.",v1.0.0
P15-REQ-190,OCR & Content Extraction,Must,"GrounUp shall provide governed ocr & content extraction capability 190 with tenant/project scope, permissions, revision lineage, metadata, audit evidence and downstream traceability.","Verify requirement 190 through authorized workflow, revision/version behavior, search/retrieval, audit history, linked-record integrity and mapped test evidence.",v1.0.0
P15-REQ-191,Plan & Spec Intelligence,Must,"GrounUp shall provide governed plan & spec intelligence capability 191 with tenant/project scope, permissions, revision lineage, metadata, audit evidence and downstream traceability.","Verify requirement 191 through authorized workflow, revision/version behavior, search/retrieval, audit history, linked-record integrity and mapped test evidence.",v1.0.0
P15-REQ-192,Document Search & Retrieval,Must,"GrounUp shall provide governed document search & retrieval capability 192 with tenant/project scope, permissions, revision lineage, metadata, audit evidence and downstream traceability.","Verify requirement 192 through authorized workflow, revision/version behavior, search/retrieval, audit history, linked-record integrity and mapped test evidence.",v1.0.0
P15-REQ-193,Records Retention & Legal Hold,Must,"GrounUp shall provide governed records retention & legal hold capability 193 with tenant/project scope, permissions, revision lineage, metadata, audit evidence and downstream traceability.","Verify requirement 193 through authorized workflow, revision/version behavior, search/retrieval, audit history, linked-record integrity and mapped test evidence.",v1.0.0
P15-REQ-194,External Collaboration,Must,"GrounUp shall provide governed external collaboration capability 194 with tenant/project scope, permissions, revision lineage, metadata, audit evidence and downstream traceability.","Verify requirement 194 through authorized workflow, revision/version behavior, search/retrieval, audit history, linked-record integrity and mapped test evidence.",v1.0.0
P15-REQ-195,Field Document Access,Must,"GrounUp shall provide governed field document access capability 195 with tenant/project scope, permissions, revision lineage, metadata, audit evidence and downstream traceability.","Verify requirement 195 through authorized workflow, revision/version behavior, search/retrieval, audit history, linked-record integrity and mapped test evidence.",v1.0.0
P15-REQ-196,BIM/CDE Coordination,Must,"GrounUp shall provide governed bim/cde coordination capability 196 with tenant/project scope, permissions, revision lineage, metadata, audit evidence and downstream traceability.","Verify requirement 196 through authorized workflow, revision/version behavior, search/retrieval, audit history, linked-record integrity and mapped test evidence.",v1.0.0
P15-REQ-197,Closeout & Turnover,Must,"GrounUp shall provide governed closeout & turnover capability 197 with tenant/project scope, permissions, revision lineage, metadata, audit evidence and downstream traceability.","Verify requirement 197 through authorized workflow, revision/version behavior, search/retrieval, audit history, linked-record integrity and mapped test evidence.",v1.0.0
P15-REQ-198,Document Intelligence Digital Twin,Must,"GrounUp shall provide governed document intelligence digital twin capability 198 with tenant/project scope, permissions, revision lineage, metadata, audit evidence and downstream traceability.","Verify requirement 198 through authorized workflow, revision/version behavior, search/retrieval, audit history, linked-record integrity and mapped test evidence.",v1.0.0
P15-REQ-199,Document Control,Must,"GrounUp shall provide governed document control capability 199 with tenant/project scope, permissions, revision lineage, metadata, audit evidence and downstream traceability.","Verify requirement 199 through authorized workflow, revision/version behavior, search/retrieval, audit history, linked-record integrity and mapped test evidence.",v1.0.0
P15-REQ-200,Drawing Management,Must,"GrounUp shall provide governed drawing management capability 200 with tenant/project scope, permissions, revision lineage, metadata, audit evidence and downstream traceability.","Verify requirement 200 through authorized workflow, revision/version behavior, search/retrieval, audit history, linked-record integrity and mapped test evidence.",v1.0.0
P15-REQ-201,Specification Management,Must,"GrounUp shall provide governed specification management capability 201 with tenant/project scope, permissions, revision lineage, metadata, audit evidence and downstream traceability.","Verify requirement 201 through authorized workflow, revision/version behavior, search/retrieval, audit history, linked-record integrity and mapped test evidence.",v1.0.0
P15-REQ-202,Submittals,Must,"GrounUp shall provide governed submittals capability 202 with tenant/project scope, permissions, revision lineage, metadata, audit evidence and downstream traceability.","Verify requirement 202 through authorized workflow, revision/version behavior, search/retrieval, audit history, linked-record integrity and mapped test evidence.",v1.0.0
P15-REQ-203,RFIs,Must,"GrounUp shall provide governed rfis capability 203 with tenant/project scope, permissions, revision lineage, metadata, audit evidence and downstream traceability.","Verify requirement 203 through authorized workflow, revision/version behavior, search/retrieval, audit history, linked-record integrity and mapped test evidence.",v1.0.0
P15-REQ-204,Transmittals & Distribution,Must,"GrounUp shall provide governed transmittals & distribution capability 204 with tenant/project scope, permissions, revision lineage, metadata, audit evidence and downstream traceability.","Verify requirement 204 through authorized workflow, revision/version behavior, search/retrieval, audit history, linked-record integrity and mapped test evidence.",v1.0.0
P15-REQ-205,Correspondence & Records,Must,"GrounUp shall provide governed correspondence & records capability 205 with tenant/project scope, permissions, revision lineage, metadata, audit evidence and downstream traceability.","Verify requirement 205 through authorized workflow, revision/version behavior, search/retrieval, audit history, linked-record integrity and mapped test evidence.",v1.0.0
P15-REQ-206,Version & Revision Control,Must,"GrounUp shall provide governed version & revision control capability 206 with tenant/project scope, permissions, revision lineage, metadata, audit evidence and downstream traceability.","Verify requirement 206 through authorized workflow, revision/version behavior, search/retrieval, audit history, linked-record integrity and mapped test evidence.",v1.0.0
P15-REQ-207,Markup & Review,Must,"GrounUp shall provide governed markup & review capability 207 with tenant/project scope, permissions, revision lineage, metadata, audit evidence and downstream traceability.","Verify requirement 207 through authorized workflow, revision/version behavior, search/retrieval, audit history, linked-record integrity and mapped test evidence.",v1.0.0
P15-REQ-208,OCR & Content Extraction,Must,"GrounUp shall provide governed ocr & content extraction capability 208 with tenant/project scope, permissions, revision lineage, metadata, audit evidence and downstream traceability.","Verify requirement 208 through authorized workflow, revision/version behavior, search/retrieval, audit history, linked-record integrity and mapped test evidence.",v1.0.0
P15-REQ-209,Plan & Spec Intelligence,Must,"GrounUp shall provide governed plan & spec intelligence capability 209 with tenant/project scope, permissions, revision lineage, metadata, audit evidence and downstream traceability.","Verify requirement 209 through authorized workflow, revision/version behavior, search/retrieval, audit history, linked-record integrity and mapped test evidence.",v1.0.0
P15-REQ-210,Document Search & Retrieval,Must,"GrounUp shall provide governed document search & retrieval capability 210 with tenant/project scope, permissions, revision lineage, metadata, audit evidence and downstream traceability.","Verify requirement 210 through authorized workflow, revision/version behavior, search/retrieval, audit history, linked-record integrity and mapped test evidence.",v1.0.0
P15-REQ-211,Records Retention & Legal Hold,Must,"GrounUp shall provide governed records retention & legal hold capability 211 with tenant/project scope, permissions, revision lineage, metadata, audit evidence and downstream traceability.","Verify requirement 211 through authorized workflow, revision/version behavior, search/retrieval, audit history, linked-record integrity and mapped test evidence.",v1.0.0
P15-REQ-212,External Collaboration,Must,"GrounUp shall provide governed external collaboration capability 212 with tenant/project scope, permissions, revision lineage, metadata, audit evidence and downstream traceability.","Verify requirement 212 through authorized workflow, revision/version behavior, search/retrieval, audit history, linked-record integrity and mapped test evidence.",v1.0.0
P15-REQ-213,Field Document Access,Must,"GrounUp shall provide governed field document access capability 213 with tenant/project scope, permissions, revision lineage, metadata, audit evidence and downstream traceability.","Verify requirement 213 through authorized workflow, revision/version behavior, search/retrieval, audit history, linked-record integrity and mapped test evidence.",v1.0.0
P15-REQ-214,BIM/CDE Coordination,Must,"GrounUp shall provide governed bim/cde coordination capability 214 with tenant/project scope, permissions, revision lineage, metadata, audit evidence and downstream traceability.","Verify requirement 214 through authorized workflow, revision/version behavior, search/retrieval, audit history, linked-record integrity and mapped test evidence.",v1.0.0
P15-REQ-215,Closeout & Turnover,Must,"GrounUp shall provide governed closeout & turnover capability 215 with tenant/project scope, permissions, revision lineage, metadata, audit evidence and downstream traceability.","Verify requirement 215 through authorized workflow, revision/version behavior, search/retrieval, audit history, linked-record integrity and mapped test evidence.",v1.0.0
P15-REQ-216,Document Intelligence Digital Twin,Must,"GrounUp shall provide governed document intelligence digital twin capability 216 with tenant/project scope, permissions, revision lineage, metadata, audit evidence and downstream traceability.","Verify requirement 216 through authorized workflow, revision/version behavior, search/retrieval, audit history, linked-record integrity and mapped test evidence.",v1.0.0
P15-REQ-217,Document Control,Must,"GrounUp shall provide governed document control capability 217 with tenant/project scope, permissions, revision lineage, metadata, audit evidence and downstream traceability.","Verify requirement 217 through authorized workflow, revision/version behavior, search/retrieval, audit history, linked-record integrity and mapped test evidence.",v1.0.0
P15-REQ-218,Drawing Management,Must,"GrounUp shall provide governed drawing management capability 218 with tenant/project scope, permissions, revision lineage, metadata, audit evidence and downstream traceability.","Verify requirement 218 through authorized workflow, revision/version behavior, search/retrieval, audit history, linked-record integrity and mapped test evidence.",v1.0.0
P15-REQ-219,Specification Management,Must,"GrounUp shall provide governed specification management capability 219 with tenant/project scope, permissions, revision lineage, metadata, audit evidence and downstream traceability.","Verify requirement 219 through authorized workflow, revision/version behavior, search/retrieval, audit history, linked-record integrity and mapped test evidence.",v1.0.0
P15-REQ-220,Submittals,Must,"GrounUp shall provide governed submittals capability 220 with tenant/project scope, permissions, revision lineage, metadata, audit evidence and downstream traceability.","Verify requirement 220 through authorized workflow, revision/version behavior, search/retrieval, audit history, linked-record integrity and mapped test evidence.",v1.0.0
P15-REQ-221,RFIs,Must,"GrounUp shall provide governed rfis capability 221 with tenant/project scope, permissions, revision lineage, metadata, audit evidence and downstream traceability.","Verify requirement 221 through authorized workflow, revision/version behavior, search/retrieval, audit history, linked-record integrity and mapped test evidence.",v1.0.0
P15-REQ-222,Transmittals & Distribution,Must,"GrounUp shall provide governed transmittals & distribution capability 222 with tenant/project scope, permissions, revision lineage, metadata, audit evidence and downstream traceability.","Verify requirement 222 through authorized workflow, revision/version behavior, search/retrieval, audit history, linked-record integrity and mapped test evidence.",v1.0.0
P15-REQ-223,Correspondence & Records,Must,"GrounUp shall provide governed correspondence & records capability 223 with tenant/project scope, permissions, revision lineage, metadata, audit evidence and downstream traceability.","Verify requirement 223 through authorized workflow, revision/version behavior, search/retrieval, audit history, linked-record integrity and mapped test evidence.",v1.0.0
P15-REQ-224,Version & Revision Control,Must,"GrounUp shall provide governed version & revision control capability 224 with tenant/project scope, permissions, revision lineage, metadata, audit evidence and downstream traceability.","Verify requirement 224 through authorized workflow, revision/version behavior, search/retrieval, audit history, linked-record integrity and mapped test evidence.",v1.0.0
P15-REQ-225,Markup & Review,Must,"GrounUp shall provide governed markup & review capability 225 with tenant/project scope, permissions, revision lineage, metadata, audit evidence and downstream traceability.","Verify requirement 225 through authorized workflow, revision/version behavior, search/retrieval, audit history, linked-record integrity and mapped test evidence.",v1.0.0
P15-REQ-226,OCR & Content Extraction,Must,"GrounUp shall provide governed ocr & content extraction capability 226 with tenant/project scope, permissions, revision lineage, metadata, audit evidence and downstream traceability.","Verify requirement 226 through authorized workflow, revision/version behavior, search/retrieval, audit history, linked-record integrity and mapped test evidence.",v1.0.0
P15-REQ-227,Plan & Spec Intelligence,Must,"GrounUp shall provide governed plan & spec intelligence capability 227 with tenant/project scope, permissions, revision lineage, metadata, audit evidence and downstream traceability.","Verify requirement 227 through authorized workflow, revision/version behavior, search/retrieval, audit history, linked-record integrity and mapped test evidence.",v1.0.0
P15-REQ-228,Document Search & Retrieval,Must,"GrounUp shall provide governed document search & retrieval capability 228 with tenant/project scope, permissions, revision lineage, metadata, audit evidence and downstream traceability.","Verify requirement 228 through authorized workflow, revision/version behavior, search/retrieval, audit history, linked-record integrity and mapped test evidence.",v1.0.0
P15-REQ-229,Records Retention & Legal Hold,Must,"GrounUp shall provide governed records retention & legal hold capability 229 with tenant/project scope, permissions, revision lineage, metadata, audit evidence and downstream traceability.","Verify requirement 229 through authorized workflow, revision/version behavior, search/retrieval, audit history, linked-record integrity and mapped test evidence.",v1.0.0
P15-REQ-230,External Collaboration,Must,"GrounUp shall provide governed external collaboration capability 230 with tenant/project scope, permissions, revision lineage, metadata, audit evidence and downstream traceability.","Verify requirement 230 through authorized workflow, revision/version behavior, search/retrieval, audit history, linked-record integrity and mapped test evidence.",v1.0.0
P15-REQ-231,Field Document Access,Must,"GrounUp shall provide governed field document access capability 231 with tenant/project scope, permissions, revision lineage, metadata, audit evidence and downstream traceability.","Verify requirement 231 through authorized workflow, revision/version behavior, search/retrieval, audit history, linked-record integrity and mapped test evidence.",v1.0.0
P15-REQ-232,BIM/CDE Coordination,Must,"GrounUp shall provide governed bim/cde coordination capability 232 with tenant/project scope, permissions, revision lineage, metadata, audit evidence and downstream traceability.","Verify requirement 232 through authorized workflow, revision/version behavior, search/retrieval, audit history, linked-record integrity and mapped test evidence.",v1.0.0
P15-REQ-233,Closeout & Turnover,Must,"GrounUp shall provide governed closeout & turnover capability 233 with tenant/project scope, permissions, revision lineage, metadata, audit evidence and downstream traceability.","Verify requirement 233 through authorized workflow, revision/version behavior, search/retrieval, audit history, linked-record integrity and mapped test evidence.",v1.0.0
P15-REQ-234,Document Intelligence Digital Twin,Must,"GrounUp shall provide governed document intelligence digital twin capability 234 with tenant/project scope, permissions, revision lineage, metadata, audit evidence and downstream traceability.","Verify requirement 234 through authorized workflow, revision/version behavior, search/retrieval, audit history, linked-record integrity and mapped test evidence.",v1.0.0
P15-REQ-235,Document Control,Must,"GrounUp shall provide governed document control capability 235 with tenant/project scope, permissions, revision lineage, metadata, audit evidence and downstream traceability.","Verify requirement 235 through authorized workflow, revision/version behavior, search/retrieval, audit history, linked-record integrity and mapped test evidence.",v1.0.0
P15-REQ-236,Drawing Management,Must,"GrounUp shall provide governed drawing management capability 236 with tenant/project scope, permissions, revision lineage, metadata, audit evidence and downstream traceability.","Verify requirement 236 through authorized workflow, revision/version behavior, search/retrieval, audit history, linked-record integrity and mapped test evidence.",v1.0.0
P15-REQ-237,Specification Management,Must,"GrounUp shall provide governed specification management capability 237 with tenant/project scope, permissions, revision lineage, metadata, audit evidence and downstream traceability.","Verify requirement 237 through authorized workflow, revision/version behavior, search/retrieval, audit history, linked-record integrity and mapped test evidence.",v1.0.0
P15-REQ-238,Submittals,Must,"GrounUp shall provide governed submittals capability 238 with tenant/project scope, permissions, revision lineage, metadata, audit evidence and downstream traceability.","Verify requirement 238 through authorized workflow, revision/version behavior, search/retrieval, audit history, linked-record integrity and mapped test evidence.",v1.0.0
P15-REQ-239,RFIs,Must,"GrounUp shall provide governed rfis capability 239 with tenant/project scope, permissions, revision lineage, metadata, audit evidence and downstream traceability.","Verify requirement 239 through authorized workflow, revision/version behavior, search/retrieval, audit history, linked-record integrity and mapped test evidence.",v1.0.0
P15-REQ-240,Transmittals & Distribution,Must,"GrounUp shall provide governed transmittals & distribution capability 240 with tenant/project scope, permissions, revision lineage, metadata, audit evidence and downstream traceability.","Verify requirement 240 through authorized workflow, revision/version behavior, search/retrieval, audit history, linked-record integrity and mapped test evidence.",v1.0.0
P15-REQ-241,Correspondence & Records,Must,"GrounUp shall provide governed correspondence & records capability 241 with tenant/project scope, permissions, revision lineage, metadata, audit evidence and downstream traceability.","Verify requirement 241 through authorized workflow, revision/version behavior, search/retrieval, audit history, linked-record integrity and mapped test evidence.",v1.0.0
P15-REQ-242,Version & Revision Control,Must,"GrounUp shall provide governed version & revision control capability 242 with tenant/project scope, permissions, revision lineage, metadata, audit evidence and downstream traceability.","Verify requirement 242 through authorized workflow, revision/version behavior, search/retrieval, audit history, linked-record integrity and mapped test evidence.",v1.0.0
P15-REQ-243,Markup & Review,Must,"GrounUp shall provide governed markup & review capability 243 with tenant/project scope, permissions, revision lineage, metadata, audit evidence and downstream traceability.","Verify requirement 243 through authorized workflow, revision/version behavior, search/retrieval, audit history, linked-record integrity and mapped test evidence.",v1.0.0
P15-REQ-244,OCR & Content Extraction,Must,"GrounUp shall provide governed ocr & content extraction capability 244 with tenant/project scope, permissions, revision lineage, metadata, audit evidence and downstream traceability.","Verify requirement 244 through authorized workflow, revision/version behavior, search/retrieval, audit history, linked-record integrity and mapped test evidence.",v1.0.0
P15-REQ-245,Plan & Spec Intelligence,Must,"GrounUp shall provide governed plan & spec intelligence capability 245 with tenant/project scope, permissions, revision lineage, metadata, audit evidence and downstream traceability.","Verify requirement 245 through authorized workflow, revision/version behavior, search/retrieval, audit history, linked-record integrity and mapped test evidence.",v1.0.0
P15-REQ-246,Document Search & Retrieval,Must,"GrounUp shall provide governed document search & retrieval capability 246 with tenant/project scope, permissions, revision lineage, metadata, audit evidence and downstream traceability.","Verify requirement 246 through authorized workflow, revision/version behavior, search/retrieval, audit history, linked-record integrity and mapped test evidence.",v1.0.0
P15-REQ-247,Records Retention & Legal Hold,Must,"GrounUp shall provide governed records retention & legal hold capability 247 with tenant/project scope, permissions, revision lineage, metadata, audit evidence and downstream traceability.","Verify requirement 247 through authorized workflow, revision/version behavior, search/retrieval, audit history, linked-record integrity and mapped test evidence.",v1.0.0
P15-REQ-248,External Collaboration,Must,"GrounUp shall provide governed external collaboration capability 248 with tenant/project scope, permissions, revision lineage, metadata, audit evidence and downstream traceability.","Verify requirement 248 through authorized workflow, revision/version behavior, search/retrieval, audit history, linked-record integrity and mapped test evidence.",v1.0.0
P15-REQ-249,Field Document Access,Must,"GrounUp shall provide governed field document access capability 249 with tenant/project scope, permissions, revision lineage, metadata, audit evidence and downstream traceability.","Verify requirement 249 through authorized workflow, revision/version behavior, search/retrieval, audit history, linked-record integrity and mapped test evidence.",v1.0.0
P15-REQ-250,BIM/CDE Coordination,Must,"GrounUp shall provide governed bim/cde coordination capability 250 with tenant/project scope, permissions, revision lineage, metadata, audit evidence and downstream traceability.","Verify requirement 250 through authorized workflow, revision/version behavior, search/retrieval, audit history, linked-record integrity and mapped test evidence.",v1.0.0
P15-REQ-251,Closeout & Turnover,Must,"GrounUp shall provide governed closeout & turnover capability 251 with tenant/project scope, permissions, revision lineage, metadata, audit evidence and downstream traceability.","Verify requirement 251 through authorized workflow, revision/version behavior, search/retrieval, audit history, linked-record integrity and mapped test evidence.",v1.0.0
P15-REQ-252,Document Intelligence Digital Twin,Must,"GrounUp shall provide governed document intelligence digital twin capability 252 with tenant/project scope, permissions, revision lineage, metadata, audit evidence and downstream traceability.","Verify requirement 252 through authorized workflow, revision/version behavior, search/retrieval, audit history, linked-record integrity and mapped test evidence.",v1.0.0
P15-REQ-253,Document Control,Must,"GrounUp shall provide governed document control capability 253 with tenant/project scope, permissions, revision lineage, metadata, audit evidence and downstream traceability.","Verify requirement 253 through authorized workflow, revision/version behavior, search/retrieval, audit history, linked-record integrity and mapped test evidence.",v1.0.0
P15-REQ-254,Drawing Management,Must,"GrounUp shall provide governed drawing management capability 254 with tenant/project scope, permissions, revision lineage, metadata, audit evidence and downstream traceability.","Verify requirement 254 through authorized workflow, revision/version behavior, search/retrieval, audit history, linked-record integrity and mapped test evidence.",v1.0.0
P15-REQ-255,Specification Management,Must,"GrounUp shall provide governed specification management capability 255 with tenant/project scope, permissions, revision lineage, metadata, audit evidence and downstream traceability.","Verify requirement 255 through authorized workflow, revision/version behavior, search/retrieval, audit history, linked-record integrity and mapped test evidence.",v1.0.0
P15-REQ-256,Submittals,Must,"GrounUp shall provide governed submittals capability 256 with tenant/project scope, permissions, revision lineage, metadata, audit evidence and downstream traceability.","Verify requirement 256 through authorized workflow, revision/version behavior, search/retrieval, audit history, linked-record integrity and mapped test evidence.",v1.0.0
P15-REQ-257,RFIs,Must,"GrounUp shall provide governed rfis capability 257 with tenant/project scope, permissions, revision lineage, metadata, audit evidence and downstream traceability.","Verify requirement 257 through authorized workflow, revision/version behavior, search/retrieval, audit history, linked-record integrity and mapped test evidence.",v1.0.0
P15-REQ-258,Transmittals & Distribution,Must,"GrounUp shall provide governed transmittals & distribution capability 258 with tenant/project scope, permissions, revision lineage, metadata, audit evidence and downstream traceability.","Verify requirement 258 through authorized workflow, revision/version behavior, search/retrieval, audit history, linked-record integrity and mapped test evidence.",v1.0.0
P15-REQ-259,Correspondence & Records,Must,"GrounUp shall provide governed correspondence & records capability 259 with tenant/project scope, permissions, revision lineage, metadata, audit evidence and downstream traceability.","Verify requirement 259 through authorized workflow, revision/version behavior, search/retrieval, audit history, linked-record integrity and mapped test evidence.",v1.0.0
P15-REQ-260,Version & Revision Control,Must,"GrounUp shall provide governed version & revision control capability 260 with tenant/project scope, permissions, revision lineage, metadata, audit evidence and downstream traceability.","Verify requirement 260 through authorized workflow, revision/version behavior, search/retrieval, audit history, linked-record integrity and mapped test evidence.",v1.0.0
P15-REQ-261,Markup & Review,Must,"GrounUp shall provide governed markup & review capability 261 with tenant/project scope, permissions, revision lineage, metadata, audit evidence and downstream traceability.","Verify requirement 261 through authorized workflow, revision/version behavior, search/retrieval, audit history, linked-record integrity and mapped test evidence.",v1.0.0
P15-REQ-262,OCR & Content Extraction,Must,"GrounUp shall provide governed ocr & content extraction capability 262 with tenant/project scope, permissions, revision lineage, metadata, audit evidence and downstream traceability.","Verify requirement 262 through authorized workflow, revision/version behavior, search/retrieval, audit history, linked-record integrity and mapped test evidence.",v1.0.0
P15-REQ-263,Plan & Spec Intelligence,Must,"GrounUp shall provide governed plan & spec intelligence capability 263 with tenant/project scope, permissions, revision lineage, metadata, audit evidence and downstream traceability.","Verify requirement 263 through authorized workflow, revision/version behavior, search/retrieval, audit history, linked-record integrity and mapped test evidence.",v1.0.0
P15-REQ-264,Document Search & Retrieval,Must,"GrounUp shall provide governed document search & retrieval capability 264 with tenant/project scope, permissions, revision lineage, metadata, audit evidence and downstream traceability.","Verify requirement 264 through authorized workflow, revision/version behavior, search/retrieval, audit history, linked-record integrity and mapped test evidence.",v1.0.0
P15-REQ-265,Records Retention & Legal Hold,Must,"GrounUp shall provide governed records retention & legal hold capability 265 with tenant/project scope, permissions, revision lineage, metadata, audit evidence and downstream traceability.","Verify requirement 265 through authorized workflow, revision/version behavior, search/retrieval, audit history, linked-record integrity and mapped test evidence.",v1.0.0
P15-REQ-266,External Collaboration,Must,"GrounUp shall provide governed external collaboration capability 266 with tenant/project scope, permissions, revision lineage, metadata, audit evidence and downstream traceability.","Verify requirement 266 through authorized workflow, revision/version behavior, search/retrieval, audit history, linked-record integrity and mapped test evidence.",v1.0.0
P15-REQ-267,Field Document Access,Must,"GrounUp shall provide governed field document access capability 267 with tenant/project scope, permissions, revision lineage, metadata, audit evidence and downstream traceability.","Verify requirement 267 through authorized workflow, revision/version behavior, search/retrieval, audit history, linked-record integrity and mapped test evidence.",v1.0.0
P15-REQ-268,BIM/CDE Coordination,Must,"GrounUp shall provide governed bim/cde coordination capability 268 with tenant/project scope, permissions, revision lineage, metadata, audit evidence and downstream traceability.","Verify requirement 268 through authorized workflow, revision/version behavior, search/retrieval, audit history, linked-record integrity and mapped test evidence.",v1.0.0
P15-REQ-269,Closeout & Turnover,Must,"GrounUp shall provide governed closeout & turnover capability 269 with tenant/project scope, permissions, revision lineage, metadata, audit evidence and downstream traceability.","Verify requirement 269 through authorized workflow, revision/version behavior, search/retrieval, audit history, linked-record integrity and mapped test evidence.",v1.0.0
P15-REQ-270,Document Intelligence Digital Twin,Must,"GrounUp shall provide governed document intelligence digital twin capability 270 with tenant/project scope, permissions, revision lineage, metadata, audit evidence and downstream traceability.","Verify requirement 270 through authorized workflow, revision/version behavior, search/retrieval, audit history, linked-record integrity and mapped test evidence.",v1.0.0
P15-REQ-271,Document Control,Should,"GrounUp shall provide governed document control capability 271 with tenant/project scope, permissions, revision lineage, metadata, audit evidence and downstream traceability.","Verify requirement 271 through authorized workflow, revision/version behavior, search/retrieval, audit history, linked-record integrity and mapped test evidence.",v1.0.0
P15-REQ-272,Drawing Management,Should,"GrounUp shall provide governed drawing management capability 272 with tenant/project scope, permissions, revision lineage, metadata, audit evidence and downstream traceability.","Verify requirement 272 through authorized workflow, revision/version behavior, search/retrieval, audit history, linked-record integrity and mapped test evidence.",v1.0.0
P15-REQ-273,Specification Management,Should,"GrounUp shall provide governed specification management capability 273 with tenant/project scope, permissions, revision lineage, metadata, audit evidence and downstream traceability.","Verify requirement 273 through authorized workflow, revision/version behavior, search/retrieval, audit history, linked-record integrity and mapped test evidence.",v1.0.0
P15-REQ-274,Submittals,Should,"GrounUp shall provide governed submittals capability 274 with tenant/project scope, permissions, revision lineage, metadata, audit evidence and downstream traceability.","Verify requirement 274 through authorized workflow, revision/version behavior, search/retrieval, audit history, linked-record integrity and mapped test evidence.",v1.0.0
P15-REQ-275,RFIs,Should,"GrounUp shall provide governed rfis capability 275 with tenant/project scope, permissions, revision lineage, metadata, audit evidence and downstream traceability.","Verify requirement 275 through authorized workflow, revision/version behavior, search/retrieval, audit history, linked-record integrity and mapped test evidence.",v1.0.0
P15-REQ-276,Transmittals & Distribution,Should,"GrounUp shall provide governed transmittals & distribution capability 276 with tenant/project scope, permissions, revision lineage, metadata, audit evidence and downstream traceability.","Verify requirement 276 through authorized workflow, revision/version behavior, search/retrieval, audit history, linked-record integrity and mapped test evidence.",v1.0.0
P15-REQ-277,Correspondence & Records,Should,"GrounUp shall provide governed correspondence & records capability 277 with tenant/project scope, permissions, revision lineage, metadata, audit evidence and downstream traceability.","Verify requirement 277 through authorized workflow, revision/version behavior, search/retrieval, audit history, linked-record integrity and mapped test evidence.",v1.0.0
P15-REQ-278,Version & Revision Control,Should,"GrounUp shall provide governed version & revision control capability 278 with tenant/project scope, permissions, revision lineage, metadata, audit evidence and downstream traceability.","Verify requirement 278 through authorized workflow, revision/version behavior, search/retrieval, audit history, linked-record integrity and mapped test evidence.",v1.0.0
P15-REQ-279,Markup & Review,Should,"GrounUp shall provide governed markup & review capability 279 with tenant/project scope, permissions, revision lineage, metadata, audit evidence and downstream traceability.","Verify requirement 279 through authorized workflow, revision/version behavior, search/retrieval, audit history, linked-record integrity and mapped test evidence.",v1.0.0
P15-REQ-280,OCR & Content Extraction,Should,"GrounUp shall provide governed ocr & content extraction capability 280 with tenant/project scope, permissions, revision lineage, metadata, audit evidence and downstream traceability.","Verify requirement 280 through authorized workflow, revision/version behavior, search/retrieval, audit history, linked-record integrity and mapped test evidence.",v1.0.0
P15-REQ-281,Plan & Spec Intelligence,Should,"GrounUp shall provide governed plan & spec intelligence capability 281 with tenant/project scope, permissions, revision lineage, metadata, audit evidence and downstream traceability.","Verify requirement 281 through authorized workflow, revision/version behavior, search/retrieval, audit history, linked-record integrity and mapped test evidence.",v1.0.0
P15-REQ-282,Document Search & Retrieval,Should,"GrounUp shall provide governed document search & retrieval capability 282 with tenant/project scope, permissions, revision lineage, metadata, audit evidence and downstream traceability.","Verify requirement 282 through authorized workflow, revision/version behavior, search/retrieval, audit history, linked-record integrity and mapped test evidence.",v1.0.0
P15-REQ-283,Records Retention & Legal Hold,Should,"GrounUp shall provide governed records retention & legal hold capability 283 with tenant/project scope, permissions, revision lineage, metadata, audit evidence and downstream traceability.","Verify requirement 283 through authorized workflow, revision/version behavior, search/retrieval, audit history, linked-record integrity and mapped test evidence.",v1.0.0
P15-REQ-284,External Collaboration,Should,"GrounUp shall provide governed external collaboration capability 284 with tenant/project scope, permissions, revision lineage, metadata, audit evidence and downstream traceability.","Verify requirement 284 through authorized workflow, revision/version behavior, search/retrieval, audit history, linked-record integrity and mapped test evidence.",v1.0.0
P15-REQ-285,Field Document Access,Should,"GrounUp shall provide governed field document access capability 285 with tenant/project scope, permissions, revision lineage, metadata, audit evidence and downstream traceability.","Verify requirement 285 through authorized workflow, revision/version behavior, search/retrieval, audit history, linked-record integrity and mapped test evidence.",v1.0.0
P15-REQ-286,BIM/CDE Coordination,Should,"GrounUp shall provide governed bim/cde coordination capability 286 with tenant/project scope, permissions, revision lineage, metadata, audit evidence and downstream traceability.","Verify requirement 286 through authorized workflow, revision/version behavior, search/retrieval, audit history, linked-record integrity and mapped test evidence.",v1.0.0
P15-REQ-287,Closeout & Turnover,Should,"GrounUp shall provide governed closeout & turnover capability 287 with tenant/project scope, permissions, revision lineage, metadata, audit evidence and downstream traceability.","Verify requirement 287 through authorized workflow, revision/version behavior, search/retrieval, audit history, linked-record integrity and mapped test evidence.",v1.0.0
P15-REQ-288,Document Intelligence Digital Twin,Should,"GrounUp shall provide governed document intelligence digital twin capability 288 with tenant/project scope, permissions, revision lineage, metadata, audit evidence and downstream traceability.","Verify requirement 288 through authorized workflow, revision/version behavior, search/retrieval, audit history, linked-record integrity and mapped test evidence.",v1.0.0
P15-REQ-289,Document Control,Should,"GrounUp shall provide governed document control capability 289 with tenant/project scope, permissions, revision lineage, metadata, audit evidence and downstream traceability.","Verify requirement 289 through authorized workflow, revision/version behavior, search/retrieval, audit history, linked-record integrity and mapped test evidence.",v1.0.0
P15-REQ-290,Drawing Management,Should,"GrounUp shall provide governed drawing management capability 290 with tenant/project scope, permissions, revision lineage, metadata, audit evidence and downstream traceability.","Verify requirement 290 through authorized workflow, revision/version behavior, search/retrieval, audit history, linked-record integrity and mapped test evidence.",v1.0.0
P15-REQ-291,Specification Management,Should,"GrounUp shall provide governed specification management capability 291 with tenant/project scope, permissions, revision lineage, metadata, audit evidence and downstream traceability.","Verify requirement 291 through authorized workflow, revision/version behavior, search/retrieval, audit history, linked-record integrity and mapped test evidence.",v1.0.0
P15-REQ-292,Submittals,Should,"GrounUp shall provide governed submittals capability 292 with tenant/project scope, permissions, revision lineage, metadata, audit evidence and downstream traceability.","Verify requirement 292 through authorized workflow, revision/version behavior, search/retrieval, audit history, linked-record integrity and mapped test evidence.",v1.0.0
P15-REQ-293,RFIs,Should,"GrounUp shall provide governed rfis capability 293 with tenant/project scope, permissions, revision lineage, metadata, audit evidence and downstream traceability.","Verify requirement 293 through authorized workflow, revision/version behavior, search/retrieval, audit history, linked-record integrity and mapped test evidence.",v1.0.0
P15-REQ-294,Transmittals & Distribution,Should,"GrounUp shall provide governed transmittals & distribution capability 294 with tenant/project scope, permissions, revision lineage, metadata, audit evidence and downstream traceability.","Verify requirement 294 through authorized workflow, revision/version behavior, search/retrieval, audit history, linked-record integrity and mapped test evidence.",v1.0.0
P15-REQ-295,Correspondence & Records,Should,"GrounUp shall provide governed correspondence & records capability 295 with tenant/project scope, permissions, revision lineage, metadata, audit evidence and downstream traceability.","Verify requirement 295 through authorized workflow, revision/version behavior, search/retrieval, audit history, linked-record integrity and mapped test evidence.",v1.0.0
P15-REQ-296,Version & Revision Control,Should,"GrounUp shall provide governed version & revision control capability 296 with tenant/project scope, permissions, revision lineage, metadata, audit evidence and downstream traceability.","Verify requirement 296 through authorized workflow, revision/version behavior, search/retrieval, audit history, linked-record integrity and mapped test evidence.",v1.0.0
P15-REQ-297,Markup & Review,Should,"GrounUp shall provide governed markup & review capability 297 with tenant/project scope, permissions, revision lineage, metadata, audit evidence and downstream traceability.","Verify requirement 297 through authorized workflow, revision/version behavior, search/retrieval, audit history, linked-record integrity and mapped test evidence.",v1.0.0
P15-REQ-298,OCR & Content Extraction,Should,"GrounUp shall provide governed ocr & content extraction capability 298 with tenant/project scope, permissions, revision lineage, metadata, audit evidence and downstream traceability.","Verify requirement 298 through authorized workflow, revision/version behavior, search/retrieval, audit history, linked-record integrity and mapped test evidence.",v1.0.0
P15-REQ-299,Plan & Spec Intelligence,Should,"GrounUp shall provide governed plan & spec intelligence capability 299 with tenant/project scope, permissions, revision lineage, metadata, audit evidence and downstream traceability.","Verify requirement 299 through authorized workflow, revision/version behavior, search/retrieval, audit history, linked-record integrity and mapped test evidence.",v1.0.0
P15-REQ-300,Document Search & Retrieval,Should,"GrounUp shall provide governed document search & retrieval capability 300 with tenant/project scope, permissions, revision lineage, metadata, audit evidence and downstream traceability.","Verify requirement 300 through authorized workflow, revision/version behavior, search/retrieval, audit history, linked-record integrity and mapped test evidence.",v1.0.0
P15-REQ-301,Records Retention & Legal Hold,Should,"GrounUp shall provide governed records retention & legal hold capability 301 with tenant/project scope, permissions, revision lineage, metadata, audit evidence and downstream traceability.","Verify requirement 301 through authorized workflow, revision/version behavior, search/retrieval, audit history, linked-record integrity and mapped test evidence.",v1.0.0
P15-REQ-302,External Collaboration,Should,"GrounUp shall provide governed external collaboration capability 302 with tenant/project scope, permissions, revision lineage, metadata, audit evidence and downstream traceability.","Verify requirement 302 through authorized workflow, revision/version behavior, search/retrieval, audit history, linked-record integrity and mapped test evidence.",v1.0.0
P15-REQ-303,Field Document Access,Should,"GrounUp shall provide governed field document access capability 303 with tenant/project scope, permissions, revision lineage, metadata, audit evidence and downstream traceability.","Verify requirement 303 through authorized workflow, revision/version behavior, search/retrieval, audit history, linked-record integrity and mapped test evidence.",v1.0.0
P15-REQ-304,BIM/CDE Coordination,Should,"GrounUp shall provide governed bim/cde coordination capability 304 with tenant/project scope, permissions, revision lineage, metadata, audit evidence and downstream traceability.","Verify requirement 304 through authorized workflow, revision/version behavior, search/retrieval, audit history, linked-record integrity and mapped test evidence.",v1.0.0
P15-REQ-305,Closeout & Turnover,Should,"GrounUp shall provide governed closeout & turnover capability 305 with tenant/project scope, permissions, revision lineage, metadata, audit evidence and downstream traceability.","Verify requirement 305 through authorized workflow, revision/version behavior, search/retrieval, audit history, linked-record integrity and mapped test evidence.",v1.0.0
P15-REQ-306,Document Intelligence Digital Twin,Should,"GrounUp shall provide governed document intelligence digital twin capability 306 with tenant/project scope, permissions, revision lineage, metadata, audit evidence and downstream traceability.","Verify requirement 306 through authorized workflow, revision/version behavior, search/retrieval, audit history, linked-record integrity and mapped test evidence.",v1.0.0
P15-REQ-307,Document Control,Should,"GrounUp shall provide governed document control capability 307 with tenant/project scope, permissions, revision lineage, metadata, audit evidence and downstream traceability.","Verify requirement 307 through authorized workflow, revision/version behavior, search/retrieval, audit history, linked-record integrity and mapped test evidence.",v1.0.0
P15-REQ-308,Drawing Management,Should,"GrounUp shall provide governed drawing management capability 308 with tenant/project scope, permissions, revision lineage, metadata, audit evidence and downstream traceability.","Verify requirement 308 through authorized workflow, revision/version behavior, search/retrieval, audit history, linked-record integrity and mapped test evidence.",v1.0.0
P15-REQ-309,Specification Management,Should,"GrounUp shall provide governed specification management capability 309 with tenant/project scope, permissions, revision lineage, metadata, audit evidence and downstream traceability.","Verify requirement 309 through authorized workflow, revision/version behavior, search/retrieval, audit history, linked-record integrity and mapped test evidence.",v1.0.0
P15-REQ-310,Submittals,Should,"GrounUp shall provide governed submittals capability 310 with tenant/project scope, permissions, revision lineage, metadata, audit evidence and downstream traceability.","Verify requirement 310 through authorized workflow, revision/version behavior, search/retrieval, audit history, linked-record integrity and mapped test evidence.",v1.0.0
P15-REQ-311,RFIs,Should,"GrounUp shall provide governed rfis capability 311 with tenant/project scope, permissions, revision lineage, metadata, audit evidence and downstream traceability.","Verify requirement 311 through authorized workflow, revision/version behavior, search/retrieval, audit history, linked-record integrity and mapped test evidence.",v1.0.0
P15-REQ-312,Transmittals & Distribution,Should,"GrounUp shall provide governed transmittals & distribution capability 312 with tenant/project scope, permissions, revision lineage, metadata, audit evidence and downstream traceability.","Verify requirement 312 through authorized workflow, revision/version behavior, search/retrieval, audit history, linked-record integrity and mapped test evidence.",v1.0.0
P15-REQ-313,Correspondence & Records,Should,"GrounUp shall provide governed correspondence & records capability 313 with tenant/project scope, permissions, revision lineage, metadata, audit evidence and downstream traceability.","Verify requirement 313 through authorized workflow, revision/version behavior, search/retrieval, audit history, linked-record integrity and mapped test evidence.",v1.0.0
P15-REQ-314,Version & Revision Control,Should,"GrounUp shall provide governed version & revision control capability 314 with tenant/project scope, permissions, revision lineage, metadata, audit evidence and downstream traceability.","Verify requirement 314 through authorized workflow, revision/version behavior, search/retrieval, audit history, linked-record integrity and mapped test evidence.",v1.0.0
P15-REQ-315,Markup & Review,Should,"GrounUp shall provide governed markup & review capability 315 with tenant/project scope, permissions, revision lineage, metadata, audit evidence and downstream traceability.","Verify requirement 315 through authorized workflow, revision/version behavior, search/retrieval, audit history, linked-record integrity and mapped test evidence.",v1.0.0
P15-REQ-316,OCR & Content Extraction,Should,"GrounUp shall provide governed ocr & content extraction capability 316 with tenant/project scope, permissions, revision lineage, metadata, audit evidence and downstream traceability.","Verify requirement 316 through authorized workflow, revision/version behavior, search/retrieval, audit history, linked-record integrity and mapped test evidence.",v1.0.0
P15-REQ-317,Plan & Spec Intelligence,Should,"GrounUp shall provide governed plan & spec intelligence capability 317 with tenant/project scope, permissions, revision lineage, metadata, audit evidence and downstream traceability.","Verify requirement 317 through authorized workflow, revision/version behavior, search/retrieval, audit history, linked-record integrity and mapped test evidence.",v1.0.0
P15-REQ-318,Document Search & Retrieval,Should,"GrounUp shall provide governed document search & retrieval capability 318 with tenant/project scope, permissions, revision lineage, metadata, audit evidence and downstream traceability.","Verify requirement 318 through authorized workflow, revision/version behavior, search/retrieval, audit history, linked-record integrity and mapped test evidence.",v1.0.0
P15-REQ-319,Records Retention & Legal Hold,Should,"GrounUp shall provide governed records retention & legal hold capability 319 with tenant/project scope, permissions, revision lineage, metadata, audit evidence and downstream traceability.","Verify requirement 319 through authorized workflow, revision/version behavior, search/retrieval, audit history, linked-record integrity and mapped test evidence.",v1.0.0
P15-REQ-320,External Collaboration,Should,"GrounUp shall provide governed external collaboration capability 320 with tenant/project scope, permissions, revision lineage, metadata, audit evidence and downstream traceability.","Verify requirement 320 through authorized workflow, revision/version behavior, search/retrieval, audit history, linked-record integrity and mapped test evidence.",v1.0.0
P15-REQ-321,Field Document Access,Should,"GrounUp shall provide governed field document access capability 321 with tenant/project scope, permissions, revision lineage, metadata, audit evidence and downstream traceability.","Verify requirement 321 through authorized workflow, revision/version behavior, search/retrieval, audit history, linked-record integrity and mapped test evidence.",v1.0.0
P15-REQ-322,BIM/CDE Coordination,Should,"GrounUp shall provide governed bim/cde coordination capability 322 with tenant/project scope, permissions, revision lineage, metadata, audit evidence and downstream traceability.","Verify requirement 322 through authorized workflow, revision/version behavior, search/retrieval, audit history, linked-record integrity and mapped test evidence.",v1.0.0
P15-REQ-323,Closeout & Turnover,Should,"GrounUp shall provide governed closeout & turnover capability 323 with tenant/project scope, permissions, revision lineage, metadata, audit evidence and downstream traceability.","Verify requirement 323 through authorized workflow, revision/version behavior, search/retrieval, audit history, linked-record integrity and mapped test evidence.",v1.0.0
P15-REQ-324,Document Intelligence Digital Twin,Should,"GrounUp shall provide governed document intelligence digital twin capability 324 with tenant/project scope, permissions, revision lineage, metadata, audit evidence and downstream traceability.","Verify requirement 324 through authorized workflow, revision/version behavior, search/retrieval, audit history, linked-record integrity and mapped test evidence.",v1.0.0
P15-REQ-325,Document Control,Should,"GrounUp shall provide governed document control capability 325 with tenant/project scope, permissions, revision lineage, metadata, audit evidence and downstream traceability.","Verify requirement 325 through authorized workflow, revision/version behavior, search/retrieval, audit history, linked-record integrity and mapped test evidence.",v1.0.0
P15-REQ-326,Drawing Management,Could,"GrounUp shall provide governed drawing management capability 326 with tenant/project scope, permissions, revision lineage, metadata, audit evidence and downstream traceability.","Verify requirement 326 through authorized workflow, revision/version behavior, search/retrieval, audit history, linked-record integrity and mapped test evidence.",v1.0.0
P15-REQ-327,Specification Management,Could,"GrounUp shall provide governed specification management capability 327 with tenant/project scope, permissions, revision lineage, metadata, audit evidence and downstream traceability.","Verify requirement 327 through authorized workflow, revision/version behavior, search/retrieval, audit history, linked-record integrity and mapped test evidence.",v1.0.0
P15-REQ-328,Submittals,Could,"GrounUp shall provide governed submittals capability 328 with tenant/project scope, permissions, revision lineage, metadata, audit evidence and downstream traceability.","Verify requirement 328 through authorized workflow, revision/version behavior, search/retrieval, audit history, linked-record integrity and mapped test evidence.",v1.0.0
P15-REQ-329,RFIs,Could,"GrounUp shall provide governed rfis capability 329 with tenant/project scope, permissions, revision lineage, metadata, audit evidence and downstream traceability.","Verify requirement 329 through authorized workflow, revision/version behavior, search/retrieval, audit history, linked-record integrity and mapped test evidence.",v1.0.0
P15-REQ-330,Transmittals & Distribution,Could,"GrounUp shall provide governed transmittals & distribution capability 330 with tenant/project scope, permissions, revision lineage, metadata, audit evidence and downstream traceability.","Verify requirement 330 through authorized workflow, revision/version behavior, search/retrieval, audit history, linked-record integrity and mapped test evidence.",v1.0.0
P15-REQ-331,Correspondence & Records,Could,"GrounUp shall provide governed correspondence & records capability 331 with tenant/project scope, permissions, revision lineage, metadata, audit evidence and downstream traceability.","Verify requirement 331 through authorized workflow, revision/version behavior, search/retrieval, audit history, linked-record integrity and mapped test evidence.",v1.0.0
P15-REQ-332,Version & Revision Control,Could,"GrounUp shall provide governed version & revision control capability 332 with tenant/project scope, permissions, revision lineage, metadata, audit evidence and downstream traceability.","Verify requirement 332 through authorized workflow, revision/version behavior, search/retrieval, audit history, linked-record integrity and mapped test evidence.",v1.0.0
P15-REQ-333,Markup & Review,Could,"GrounUp shall provide governed markup & review capability 333 with tenant/project scope, permissions, revision lineage, metadata, audit evidence and downstream traceability.","Verify requirement 333 through authorized workflow, revision/version behavior, search/retrieval, audit history, linked-record integrity and mapped test evidence.",v1.0.0
P15-REQ-334,OCR & Content Extraction,Could,"GrounUp shall provide governed ocr & content extraction capability 334 with tenant/project scope, permissions, revision lineage, metadata, audit evidence and downstream traceability.","Verify requirement 334 through authorized workflow, revision/version behavior, search/retrieval, audit history, linked-record integrity and mapped test evidence.",v1.0.0
P15-REQ-335,Plan & Spec Intelligence,Could,"GrounUp shall provide governed plan & spec intelligence capability 335 with tenant/project scope, permissions, revision lineage, metadata, audit evidence and downstream traceability.","Verify requirement 335 through authorized workflow, revision/version behavior, search/retrieval, audit history, linked-record integrity and mapped test evidence.",v1.0.0
P15-REQ-336,Document Search & Retrieval,Could,"GrounUp shall provide governed document search & retrieval capability 336 with tenant/project scope, permissions, revision lineage, metadata, audit evidence and downstream traceability.","Verify requirement 336 through authorized workflow, revision/version behavior, search/retrieval, audit history, linked-record integrity and mapped test evidence.",v1.0.0
P15-REQ-337,Records Retention & Legal Hold,Could,"GrounUp shall provide governed records retention & legal hold capability 337 with tenant/project scope, permissions, revision lineage, metadata, audit evidence and downstream traceability.","Verify requirement 337 through authorized workflow, revision/version behavior, search/retrieval, audit history, linked-record integrity and mapped test evidence.",v1.0.0
P15-REQ-338,External Collaboration,Could,"GrounUp shall provide governed external collaboration capability 338 with tenant/project scope, permissions, revision lineage, metadata, audit evidence and downstream traceability.","Verify requirement 338 through authorized workflow, revision/version behavior, search/retrieval, audit history, linked-record integrity and mapped test evidence.",v1.0.0
P15-REQ-339,Field Document Access,Could,"GrounUp shall provide governed field document access capability 339 with tenant/project scope, permissions, revision lineage, metadata, audit evidence and downstream traceability.","Verify requirement 339 through authorized workflow, revision/version behavior, search/retrieval, audit history, linked-record integrity and mapped test evidence.",v1.0.0
P15-REQ-340,BIM/CDE Coordination,Could,"GrounUp shall provide governed bim/cde coordination capability 340 with tenant/project scope, permissions, revision lineage, metadata, audit evidence and downstream traceability.","Verify requirement 340 through authorized workflow, revision/version behavior, search/retrieval, audit history, linked-record integrity and mapped test evidence.",v1.0.0
