Requirement ID,Domain,Priority,Requirement,Acceptance Criteria,Entity,Workflow,Engine,API,Test Case,Status
P12-REQ-001,Fleet Registry,Must,"The platform shall create governed fleet registry records and decisions for fleet and equipment master records, ownership, classification, specifications, and lifecycle status, with tenant isolation, role-based access, effective dating, audit history, configurable approvals, and API availability.","Given an authorized user or integration, when the fleet registry transaction is submitted, then required fields and policies are validated, the state transition is recorded, financial and project links are preserved, exceptions are surfaced, and an immutable audit event is created.",P12-ENT-001,P12-WF-01,P12-ENG-01,P12-API-01,P12-TC-001,Review Ready
P12-REQ-002,Asset Lifecycle,Must,"The platform shall create governed asset lifecycle records and decisions for acquisition, commissioning, transfer, capitalization, utilization, retirement, disposal, and replacement, with tenant isolation, role-based access, effective dating, audit history, configurable approvals, and API availability.","Given an authorized user or integration, when the asset lifecycle transaction is submitted, then required fields and policies are validated, the state transition is recorded, financial and project links are preserved, exceptions are surfaced, and an immutable audit event is created.",P12-ENT-002,P12-WF-02,P12-ENG-02,P12-API-02,P12-TC-002,Review Ready
P12-REQ-003,Preventive Maintenance,Must,"The platform shall create governed preventive maintenance records and decisions for meter-, calendar-, condition-, and risk-based preventive maintenance programs, with tenant isolation, role-based access, effective dating, audit history, configurable approvals, and API availability.","Given an authorized user or integration, when the preventive maintenance transaction is submitted, then required fields and policies are validated, the state transition is recorded, financial and project links are preserved, exceptions are surfaced, and an immutable audit event is created.",P12-ENT-003,P12-WF-03,P12-ENG-03,P12-API-03,P12-TC-003,Review Ready
P12-REQ-004,Corrective Maintenance,Must,"The platform shall create governed corrective maintenance records and decisions for defect intake, diagnostics, work orders, labor, parts, repair execution, testing, and return to service, with tenant isolation, role-based access, effective dating, audit history, configurable approvals, and API availability.","Given an authorized user or integration, when the corrective maintenance transaction is submitted, then required fields and policies are validated, the state transition is recorded, financial and project links are preserved, exceptions are surfaced, and an immutable audit event is created.",P12-ENT-004,P12-WF-04,P12-ENG-04,P12-API-04,P12-TC-004,Review Ready
P12-REQ-005,Inspections,Must,"The platform shall create governed inspections records and decisions for pre-use, post-use, annual, regulatory, safety, and quality inspections with mobile evidence, with tenant isolation, role-based access, effective dating, audit history, configurable approvals, and API availability.","Given an authorized user or integration, when the inspections transaction is submitted, then required fields and policies are validated, the state transition is recorded, financial and project links are preserved, exceptions are surfaced, and an immutable audit event is created.",P12-ENT-005,P12-WF-05,P12-ENG-05,P12-API-05,P12-TC-005,Review Ready
P12-REQ-006,Telematics & IoT,Must,"The platform shall create governed telematics & iot records and decisions for OEM and third-party telematics ingestion, normalization, health events, location, meter, and utilization data, with tenant isolation, role-based access, effective dating, audit history, configurable approvals, and API availability.","Given an authorized user or integration, when the telematics & iot transaction is submitted, then required fields and policies are validated, the state transition is recorded, financial and project links are preserved, exceptions are surfaced, and an immutable audit event is created.",P12-ENT-006,P12-WF-06,P12-ENG-06,P12-API-06,P12-TC-006,Review Ready
P12-REQ-007,Fuel & Energy,Must,"The platform shall create governed fuel & energy records and decisions for fuel cards, bulk tanks, mobile fueling, electric charging, idle control, consumption, and reconciliation, with tenant isolation, role-based access, effective dating, audit history, configurable approvals, and API availability.","Given an authorized user or integration, when the fuel & energy transaction is submitted, then required fields and policies are validated, the state transition is recorded, financial and project links are preserved, exceptions are surfaced, and an immutable audit event is created.",P12-ENT-007,P12-WF-07,P12-ENG-07,P12-API-07,P12-TC-007,Review Ready
P12-REQ-008,Parts & Components,Must,"The platform shall create governed parts & components records and decisions for parts catalogs, serialized components, warranties, cores, inventory integration, and component history, with tenant isolation, role-based access, effective dating, audit history, configurable approvals, and API availability.","Given an authorized user or integration, when the parts & components transaction is submitted, then required fields and policies are validated, the state transition is recorded, financial and project links are preserved, exceptions are surfaced, and an immutable audit event is created.",P12-ENT-008,P12-WF-08,P12-ENG-08,P12-API-08,P12-TC-008,Review Ready
P12-REQ-009,Work Orders,Must,"The platform shall create governed work orders records and decisions for planning, approval, scheduling, assignment, execution, cost capture, closeout, and audit, with tenant isolation, role-based access, effective dating, audit history, configurable approvals, and API availability.","Given an authorized user or integration, when the work orders transaction is submitted, then required fields and policies are validated, the state transition is recorded, financial and project links are preserved, exceptions are surfaced, and an immutable audit event is created.",P12-ENT-009,P12-WF-09,P12-ENG-09,P12-API-09,P12-TC-009,Review Ready
P12-REQ-010,Shop Operations,Must,"The platform shall create governed shop operations records and decisions for shop bays, technician capacity, backlog, dispatch, tooling, calibration, and productivity, with tenant isolation, role-based access, effective dating, audit history, configurable approvals, and API availability.","Given an authorized user or integration, when the shop operations transaction is submitted, then required fields and policies are validated, the state transition is recorded, financial and project links are preserved, exceptions are surfaced, and an immutable audit event is created.",P12-ENT-010,P12-WF-10,P12-ENG-10,P12-API-10,P12-TC-010,Review Ready
P12-REQ-011,Field Service,Must,"The platform shall create governed field service records and decisions for service trucks, mobile technicians, emergency response, remote diagnostics, and site repair, with tenant isolation, role-based access, effective dating, audit history, configurable approvals, and API availability.","Given an authorized user or integration, when the field service transaction is submitted, then required fields and policies are validated, the state transition is recorded, financial and project links are preserved, exceptions are surfaced, and an immutable audit event is created.",P12-ENT-011,P12-WF-11,P12-ENG-11,P12-API-11,P12-TC-011,Review Ready
P12-REQ-012,Rental & Leased Assets,Must,"The platform shall create governed rental & leased assets records and decisions for rental intake, rate terms, utilization, off-rent, damage, extensions, and invoice validation, with tenant isolation, role-based access, effective dating, audit history, configurable approvals, and API availability.","Given an authorized user or integration, when the rental & leased assets transaction is submitted, then required fields and policies are validated, the state transition is recorded, financial and project links are preserved, exceptions are surfaced, and an immutable audit event is created.",P12-ENT-012,P12-WF-12,P12-ENG-12,P12-API-12,P12-TC-012,Review Ready
P12-REQ-013,Compliance,Must,"The platform shall create governed compliance records and decisions for registrations, permits, DOT records, emissions, inspections, certifications, and out-of-service controls, with tenant isolation, role-based access, effective dating, audit history, configurable approvals, and API availability.","Given an authorized user or integration, when the compliance transaction is submitted, then required fields and policies are validated, the state transition is recorded, financial and project links are preserved, exceptions are surfaced, and an immutable audit event is created.",P12-ENT-013,P12-WF-13,P12-ENG-13,P12-API-13,P12-TC-013,Review Ready
P12-REQ-014,Safety & Risk,Must,"The platform shall create governed safety & risk records and decisions for operator authorization, defect severity, lockout/tagout, incident linkage, and critical control verification, with tenant isolation, role-based access, effective dating, audit history, configurable approvals, and API availability.","Given an authorized user or integration, when the safety & risk transaction is submitted, then required fields and policies are validated, the state transition is recorded, financial and project links are preserved, exceptions are surfaced, and an immutable audit event is created.",P12-ENT-014,P12-WF-14,P12-ENG-14,P12-API-14,P12-TC-014,Review Ready
P12-REQ-015,Utilization & Dispatch,Must,"The platform shall create governed utilization & dispatch records and decisions for availability, reservation, assignment, dispatch, location, shift use, and underutilization detection, with tenant isolation, role-based access, effective dating, audit history, configurable approvals, and API availability.","Given an authorized user or integration, when the utilization & dispatch transaction is submitted, then required fields and policies are validated, the state transition is recorded, financial and project links are preserved, exceptions are surfaced, and an immutable audit event is created.",P12-ENT-015,P12-WF-15,P12-ENG-15,P12-API-15,P12-TC-015,Review Ready
P12-REQ-016,Equipment Costing,Must,"The platform shall create governed equipment costing records and decisions for ownership cost, operating cost, internal rates, fuel, maintenance, depreciation, and project chargeback, with tenant isolation, role-based access, effective dating, audit history, configurable approvals, and API availability.","Given an authorized user or integration, when the equipment costing transaction is submitted, then required fields and policies are validated, the state transition is recorded, financial and project links are preserved, exceptions are surfaced, and an immutable audit event is created.",P12-ENT-016,P12-WF-16,P12-ENG-16,P12-API-16,P12-TC-016,Review Ready
P12-REQ-017,Warranty & Claims,Must,"The platform shall create governed warranty & claims records and decisions for coverage rules, claim preparation, evidence, recovery, denial tracking, and supplier reimbursement, with tenant isolation, role-based access, effective dating, audit history, configurable approvals, and API availability.","Given an authorized user or integration, when the warranty & claims transaction is submitted, then required fields and policies are validated, the state transition is recorded, financial and project links are preserved, exceptions are surfaced, and an immutable audit event is created.",P12-ENT-017,P12-WF-17,P12-ENG-17,P12-API-17,P12-TC-017,Review Ready
P12-REQ-018,Tires & Undercarriage,Must,"The platform shall create governed tires & undercarriage records and decisions for position tracking, measurements, rotations, replacements, wear forecasts, and cost-per-hour analysis, with tenant isolation, role-based access, effective dating, audit history, configurable approvals, and API availability.","Given an authorized user or integration, when the tires & undercarriage transaction is submitted, then required fields and policies are validated, the state transition is recorded, financial and project links are preserved, exceptions are surfaced, and an immutable audit event is created.",P12-ENT-018,P12-WF-18,P12-ENG-18,P12-API-18,P12-TC-018,Review Ready
P12-REQ-019,Attachments & Tools,Must,"The platform shall create governed attachments & tools records and decisions for attachment compatibility, custody, inspections, calibration, utilization, and loss prevention, with tenant isolation, role-based access, effective dating, audit history, configurable approvals, and API availability.","Given an authorized user or integration, when the attachments & tools transaction is submitted, then required fields and policies are validated, the state transition is recorded, financial and project links are preserved, exceptions are surfaced, and an immutable audit event is created.",P12-ENT-019,P12-WF-19,P12-ENG-19,P12-API-19,P12-TC-019,Review Ready
P12-REQ-020,Documents & Media,Must,"The platform shall create governed documents & media records and decisions for manuals, photos, invoices, inspection forms, service records, and immutable evidence, with tenant isolation, role-based access, effective dating, audit history, configurable approvals, and API availability.","Given an authorized user or integration, when the documents & media transaction is submitted, then required fields and policies are validated, the state transition is recorded, financial and project links are preserved, exceptions are surfaced, and an immutable audit event is created.",P12-ENT-020,P12-WF-20,P12-ENG-20,P12-API-20,P12-TC-020,Review Ready
P12-REQ-021,Mobile & Offline,Must,"The platform shall create governed mobile & offline records and decisions for offline inspections, work orders, parts usage, signatures, photos, sync, and conflict resolution, with tenant isolation, role-based access, effective dating, audit history, configurable approvals, and API availability.","Given an authorized user or integration, when the mobile & offline transaction is submitted, then required fields and policies are validated, the state transition is recorded, financial and project links are preserved, exceptions are surfaced, and an immutable audit event is created.",P12-ENT-021,P12-WF-21,P12-ENG-21,P12-API-21,P12-TC-021,Review Ready
P12-REQ-022,Fleet Intelligence,Must,"The platform shall create governed fleet intelligence records and decisions for health scoring, failure prediction, replacement planning, cost anomaly detection, and recommendations, with tenant isolation, role-based access, effective dating, audit history, configurable approvals, and API availability.","Given an authorized user or integration, when the fleet intelligence transaction is submitted, then required fields and policies are validated, the state transition is recorded, financial and project links are preserved, exceptions are surfaced, and an immutable audit event is created.",P12-ENT-022,P12-WF-22,P12-ENG-22,P12-API-22,P12-TC-022,Review Ready
P12-REQ-023,Fleet Digital Twin,Must,"The platform shall create governed fleet digital twin records and decisions for live asset state combining physical, operational, maintenance, financial, location, and risk data, with tenant isolation, role-based access, effective dating, audit history, configurable approvals, and API availability.","Given an authorized user or integration, when the fleet digital twin transaction is submitted, then required fields and policies are validated, the state transition is recorded, financial and project links are preserved, exceptions are surfaced, and an immutable audit event is created.",P12-ENT-023,P12-WF-23,P12-ENG-23,P12-API-23,P12-TC-023,Review Ready
P12-REQ-024,Administration & Integration,Must,"The platform shall create governed administration & integration records and decisions for tenant configuration, white-label settings, RBAC, APIs, events, data migration, and audit, with tenant isolation, role-based access, effective dating, audit history, configurable approvals, and API availability.","Given an authorized user or integration, when the administration & integration transaction is submitted, then required fields and policies are validated, the state transition is recorded, financial and project links are preserved, exceptions are surfaced, and an immutable audit event is created.",P12-ENT-024,P12-WF-24,P12-ENG-24,P12-API-24,P12-TC-024,Review Ready
P12-REQ-025,Fleet Registry,Must,"The platform shall update governed fleet registry records and decisions for fleet and equipment master records, ownership, classification, specifications, and lifecycle status, with tenant isolation, role-based access, effective dating, audit history, configurable approvals, and API availability.","Given an authorized user or integration, when the fleet registry transaction is submitted, then required fields and policies are validated, the state transition is recorded, financial and project links are preserved, exceptions are surfaced, and an immutable audit event is created.",P12-ENT-025,P12-WF-25,P12-ENG-25,P12-API-25,P12-TC-025,Review Ready
P12-REQ-026,Asset Lifecycle,Must,"The platform shall update governed asset lifecycle records and decisions for acquisition, commissioning, transfer, capitalization, utilization, retirement, disposal, and replacement, with tenant isolation, role-based access, effective dating, audit history, configurable approvals, and API availability.","Given an authorized user or integration, when the asset lifecycle transaction is submitted, then required fields and policies are validated, the state transition is recorded, financial and project links are preserved, exceptions are surfaced, and an immutable audit event is created.",P12-ENT-026,P12-WF-26,P12-ENG-26,P12-API-26,P12-TC-026,Review Ready
P12-REQ-027,Preventive Maintenance,Must,"The platform shall update governed preventive maintenance records and decisions for meter-, calendar-, condition-, and risk-based preventive maintenance programs, with tenant isolation, role-based access, effective dating, audit history, configurable approvals, and API availability.","Given an authorized user or integration, when the preventive maintenance transaction is submitted, then required fields and policies are validated, the state transition is recorded, financial and project links are preserved, exceptions are surfaced, and an immutable audit event is created.",P12-ENT-027,P12-WF-01,P12-ENG-27,P12-API-27,P12-TC-027,Review Ready
P12-REQ-028,Corrective Maintenance,Must,"The platform shall update governed corrective maintenance records and decisions for defect intake, diagnostics, work orders, labor, parts, repair execution, testing, and return to service, with tenant isolation, role-based access, effective dating, audit history, configurable approvals, and API availability.","Given an authorized user or integration, when the corrective maintenance transaction is submitted, then required fields and policies are validated, the state transition is recorded, financial and project links are preserved, exceptions are surfaced, and an immutable audit event is created.",P12-ENT-028,P12-WF-02,P12-ENG-28,P12-API-28,P12-TC-028,Review Ready
P12-REQ-029,Inspections,Must,"The platform shall update governed inspections records and decisions for pre-use, post-use, annual, regulatory, safety, and quality inspections with mobile evidence, with tenant isolation, role-based access, effective dating, audit history, configurable approvals, and API availability.","Given an authorized user or integration, when the inspections transaction is submitted, then required fields and policies are validated, the state transition is recorded, financial and project links are preserved, exceptions are surfaced, and an immutable audit event is created.",P12-ENT-029,P12-WF-03,P12-ENG-29,P12-API-29,P12-TC-029,Review Ready
P12-REQ-030,Telematics & IoT,Must,"The platform shall update governed telematics & iot records and decisions for OEM and third-party telematics ingestion, normalization, health events, location, meter, and utilization data, with tenant isolation, role-based access, effective dating, audit history, configurable approvals, and API availability.","Given an authorized user or integration, when the telematics & iot transaction is submitted, then required fields and policies are validated, the state transition is recorded, financial and project links are preserved, exceptions are surfaced, and an immutable audit event is created.",P12-ENT-030,P12-WF-04,P12-ENG-30,P12-API-30,P12-TC-030,Review Ready
P12-REQ-031,Fuel & Energy,Must,"The platform shall update governed fuel & energy records and decisions for fuel cards, bulk tanks, mobile fueling, electric charging, idle control, consumption, and reconciliation, with tenant isolation, role-based access, effective dating, audit history, configurable approvals, and API availability.","Given an authorized user or integration, when the fuel & energy transaction is submitted, then required fields and policies are validated, the state transition is recorded, financial and project links are preserved, exceptions are surfaced, and an immutable audit event is created.",P12-ENT-031,P12-WF-05,P12-ENG-31,P12-API-31,P12-TC-031,Review Ready
P12-REQ-032,Parts & Components,Must,"The platform shall update governed parts & components records and decisions for parts catalogs, serialized components, warranties, cores, inventory integration, and component history, with tenant isolation, role-based access, effective dating, audit history, configurable approvals, and API availability.","Given an authorized user or integration, when the parts & components transaction is submitted, then required fields and policies are validated, the state transition is recorded, financial and project links are preserved, exceptions are surfaced, and an immutable audit event is created.",P12-ENT-032,P12-WF-06,P12-ENG-32,P12-API-32,P12-TC-032,Review Ready
P12-REQ-033,Work Orders,Must,"The platform shall update governed work orders records and decisions for planning, approval, scheduling, assignment, execution, cost capture, closeout, and audit, with tenant isolation, role-based access, effective dating, audit history, configurable approvals, and API availability.","Given an authorized user or integration, when the work orders transaction is submitted, then required fields and policies are validated, the state transition is recorded, financial and project links are preserved, exceptions are surfaced, and an immutable audit event is created.",P12-ENT-033,P12-WF-07,P12-ENG-01,P12-API-33,P12-TC-033,Review Ready
P12-REQ-034,Shop Operations,Must,"The platform shall update governed shop operations records and decisions for shop bays, technician capacity, backlog, dispatch, tooling, calibration, and productivity, with tenant isolation, role-based access, effective dating, audit history, configurable approvals, and API availability.","Given an authorized user or integration, when the shop operations transaction is submitted, then required fields and policies are validated, the state transition is recorded, financial and project links are preserved, exceptions are surfaced, and an immutable audit event is created.",P12-ENT-034,P12-WF-08,P12-ENG-02,P12-API-34,P12-TC-034,Review Ready
P12-REQ-035,Field Service,Must,"The platform shall update governed field service records and decisions for service trucks, mobile technicians, emergency response, remote diagnostics, and site repair, with tenant isolation, role-based access, effective dating, audit history, configurable approvals, and API availability.","Given an authorized user or integration, when the field service transaction is submitted, then required fields and policies are validated, the state transition is recorded, financial and project links are preserved, exceptions are surfaced, and an immutable audit event is created.",P12-ENT-035,P12-WF-09,P12-ENG-03,P12-API-35,P12-TC-035,Review Ready
P12-REQ-036,Rental & Leased Assets,Must,"The platform shall update governed rental & leased assets records and decisions for rental intake, rate terms, utilization, off-rent, damage, extensions, and invoice validation, with tenant isolation, role-based access, effective dating, audit history, configurable approvals, and API availability.","Given an authorized user or integration, when the rental & leased assets transaction is submitted, then required fields and policies are validated, the state transition is recorded, financial and project links are preserved, exceptions are surfaced, and an immutable audit event is created.",P12-ENT-036,P12-WF-10,P12-ENG-04,P12-API-36,P12-TC-036,Review Ready
P12-REQ-037,Compliance,Must,"The platform shall update governed compliance records and decisions for registrations, permits, DOT records, emissions, inspections, certifications, and out-of-service controls, with tenant isolation, role-based access, effective dating, audit history, configurable approvals, and API availability.","Given an authorized user or integration, when the compliance transaction is submitted, then required fields and policies are validated, the state transition is recorded, financial and project links are preserved, exceptions are surfaced, and an immutable audit event is created.",P12-ENT-037,P12-WF-11,P12-ENG-05,P12-API-37,P12-TC-037,Review Ready
P12-REQ-038,Safety & Risk,Must,"The platform shall update governed safety & risk records and decisions for operator authorization, defect severity, lockout/tagout, incident linkage, and critical control verification, with tenant isolation, role-based access, effective dating, audit history, configurable approvals, and API availability.","Given an authorized user or integration, when the safety & risk transaction is submitted, then required fields and policies are validated, the state transition is recorded, financial and project links are preserved, exceptions are surfaced, and an immutable audit event is created.",P12-ENT-038,P12-WF-12,P12-ENG-06,P12-API-38,P12-TC-038,Review Ready
P12-REQ-039,Utilization & Dispatch,Must,"The platform shall update governed utilization & dispatch records and decisions for availability, reservation, assignment, dispatch, location, shift use, and underutilization detection, with tenant isolation, role-based access, effective dating, audit history, configurable approvals, and API availability.","Given an authorized user or integration, when the utilization & dispatch transaction is submitted, then required fields and policies are validated, the state transition is recorded, financial and project links are preserved, exceptions are surfaced, and an immutable audit event is created.",P12-ENT-039,P12-WF-13,P12-ENG-07,P12-API-39,P12-TC-039,Review Ready
P12-REQ-040,Equipment Costing,Must,"The platform shall update governed equipment costing records and decisions for ownership cost, operating cost, internal rates, fuel, maintenance, depreciation, and project chargeback, with tenant isolation, role-based access, effective dating, audit history, configurable approvals, and API availability.","Given an authorized user or integration, when the equipment costing transaction is submitted, then required fields and policies are validated, the state transition is recorded, financial and project links are preserved, exceptions are surfaced, and an immutable audit event is created.",P12-ENT-040,P12-WF-14,P12-ENG-08,P12-API-40,P12-TC-040,Review Ready
P12-REQ-041,Warranty & Claims,Must,"The platform shall update governed warranty & claims records and decisions for coverage rules, claim preparation, evidence, recovery, denial tracking, and supplier reimbursement, with tenant isolation, role-based access, effective dating, audit history, configurable approvals, and API availability.","Given an authorized user or integration, when the warranty & claims transaction is submitted, then required fields and policies are validated, the state transition is recorded, financial and project links are preserved, exceptions are surfaced, and an immutable audit event is created.",P12-ENT-041,P12-WF-15,P12-ENG-09,P12-API-01,P12-TC-041,Review Ready
P12-REQ-042,Tires & Undercarriage,Must,"The platform shall update governed tires & undercarriage records and decisions for position tracking, measurements, rotations, replacements, wear forecasts, and cost-per-hour analysis, with tenant isolation, role-based access, effective dating, audit history, configurable approvals, and API availability.","Given an authorized user or integration, when the tires & undercarriage transaction is submitted, then required fields and policies are validated, the state transition is recorded, financial and project links are preserved, exceptions are surfaced, and an immutable audit event is created.",P12-ENT-042,P12-WF-16,P12-ENG-10,P12-API-02,P12-TC-042,Review Ready
P12-REQ-043,Attachments & Tools,Must,"The platform shall update governed attachments & tools records and decisions for attachment compatibility, custody, inspections, calibration, utilization, and loss prevention, with tenant isolation, role-based access, effective dating, audit history, configurable approvals, and API availability.","Given an authorized user or integration, when the attachments & tools transaction is submitted, then required fields and policies are validated, the state transition is recorded, financial and project links are preserved, exceptions are surfaced, and an immutable audit event is created.",P12-ENT-043,P12-WF-17,P12-ENG-11,P12-API-03,P12-TC-043,Review Ready
P12-REQ-044,Documents & Media,Must,"The platform shall update governed documents & media records and decisions for manuals, photos, invoices, inspection forms, service records, and immutable evidence, with tenant isolation, role-based access, effective dating, audit history, configurable approvals, and API availability.","Given an authorized user or integration, when the documents & media transaction is submitted, then required fields and policies are validated, the state transition is recorded, financial and project links are preserved, exceptions are surfaced, and an immutable audit event is created.",P12-ENT-044,P12-WF-18,P12-ENG-12,P12-API-04,P12-TC-044,Review Ready
P12-REQ-045,Mobile & Offline,Must,"The platform shall update governed mobile & offline records and decisions for offline inspections, work orders, parts usage, signatures, photos, sync, and conflict resolution, with tenant isolation, role-based access, effective dating, audit history, configurable approvals, and API availability.","Given an authorized user or integration, when the mobile & offline transaction is submitted, then required fields and policies are validated, the state transition is recorded, financial and project links are preserved, exceptions are surfaced, and an immutable audit event is created.",P12-ENT-045,P12-WF-19,P12-ENG-13,P12-API-05,P12-TC-045,Review Ready
P12-REQ-046,Fleet Intelligence,Must,"The platform shall update governed fleet intelligence records and decisions for health scoring, failure prediction, replacement planning, cost anomaly detection, and recommendations, with tenant isolation, role-based access, effective dating, audit history, configurable approvals, and API availability.","Given an authorized user or integration, when the fleet intelligence transaction is submitted, then required fields and policies are validated, the state transition is recorded, financial and project links are preserved, exceptions are surfaced, and an immutable audit event is created.",P12-ENT-046,P12-WF-20,P12-ENG-14,P12-API-06,P12-TC-046,Review Ready
P12-REQ-047,Fleet Digital Twin,Must,"The platform shall update governed fleet digital twin records and decisions for live asset state combining physical, operational, maintenance, financial, location, and risk data, with tenant isolation, role-based access, effective dating, audit history, configurable approvals, and API availability.","Given an authorized user or integration, when the fleet digital twin transaction is submitted, then required fields and policies are validated, the state transition is recorded, financial and project links are preserved, exceptions are surfaced, and an immutable audit event is created.",P12-ENT-047,P12-WF-21,P12-ENG-15,P12-API-07,P12-TC-047,Review Ready
P12-REQ-048,Administration & Integration,Must,"The platform shall update governed administration & integration records and decisions for tenant configuration, white-label settings, RBAC, APIs, events, data migration, and audit, with tenant isolation, role-based access, effective dating, audit history, configurable approvals, and API availability.","Given an authorized user or integration, when the administration & integration transaction is submitted, then required fields and policies are validated, the state transition is recorded, financial and project links are preserved, exceptions are surfaced, and an immutable audit event is created.",P12-ENT-048,P12-WF-22,P12-ENG-16,P12-API-08,P12-TC-048,Review Ready
P12-REQ-049,Fleet Registry,Must,"The platform shall approve governed fleet registry records and decisions for fleet and equipment master records, ownership, classification, specifications, and lifecycle status, with tenant isolation, role-based access, effective dating, audit history, configurable approvals, and API availability.","Given an authorized user or integration, when the fleet registry transaction is submitted, then required fields and policies are validated, the state transition is recorded, financial and project links are preserved, exceptions are surfaced, and an immutable audit event is created.",P12-ENT-049,P12-WF-23,P12-ENG-17,P12-API-09,P12-TC-049,Review Ready
P12-REQ-050,Asset Lifecycle,Must,"The platform shall approve governed asset lifecycle records and decisions for acquisition, commissioning, transfer, capitalization, utilization, retirement, disposal, and replacement, with tenant isolation, role-based access, effective dating, audit history, configurable approvals, and API availability.","Given an authorized user or integration, when the asset lifecycle transaction is submitted, then required fields and policies are validated, the state transition is recorded, financial and project links are preserved, exceptions are surfaced, and an immutable audit event is created.",P12-ENT-050,P12-WF-24,P12-ENG-18,P12-API-10,P12-TC-050,Review Ready
P12-REQ-051,Preventive Maintenance,Must,"The platform shall approve governed preventive maintenance records and decisions for meter-, calendar-, condition-, and risk-based preventive maintenance programs, with tenant isolation, role-based access, effective dating, audit history, configurable approvals, and API availability.","Given an authorized user or integration, when the preventive maintenance transaction is submitted, then required fields and policies are validated, the state transition is recorded, financial and project links are preserved, exceptions are surfaced, and an immutable audit event is created.",P12-ENT-051,P12-WF-25,P12-ENG-19,P12-API-11,P12-TC-051,Review Ready
P12-REQ-052,Corrective Maintenance,Must,"The platform shall approve governed corrective maintenance records and decisions for defect intake, diagnostics, work orders, labor, parts, repair execution, testing, and return to service, with tenant isolation, role-based access, effective dating, audit history, configurable approvals, and API availability.","Given an authorized user or integration, when the corrective maintenance transaction is submitted, then required fields and policies are validated, the state transition is recorded, financial and project links are preserved, exceptions are surfaced, and an immutable audit event is created.",P12-ENT-052,P12-WF-26,P12-ENG-20,P12-API-12,P12-TC-052,Review Ready
P12-REQ-053,Inspections,Must,"The platform shall approve governed inspections records and decisions for pre-use, post-use, annual, regulatory, safety, and quality inspections with mobile evidence, with tenant isolation, role-based access, effective dating, audit history, configurable approvals, and API availability.","Given an authorized user or integration, when the inspections transaction is submitted, then required fields and policies are validated, the state transition is recorded, financial and project links are preserved, exceptions are surfaced, and an immutable audit event is created.",P12-ENT-053,P12-WF-01,P12-ENG-21,P12-API-13,P12-TC-053,Review Ready
P12-REQ-054,Telematics & IoT,Must,"The platform shall approve governed telematics & iot records and decisions for OEM and third-party telematics ingestion, normalization, health events, location, meter, and utilization data, with tenant isolation, role-based access, effective dating, audit history, configurable approvals, and API availability.","Given an authorized user or integration, when the telematics & iot transaction is submitted, then required fields and policies are validated, the state transition is recorded, financial and project links are preserved, exceptions are surfaced, and an immutable audit event is created.",P12-ENT-054,P12-WF-02,P12-ENG-22,P12-API-14,P12-TC-054,Review Ready
P12-REQ-055,Fuel & Energy,Must,"The platform shall approve governed fuel & energy records and decisions for fuel cards, bulk tanks, mobile fueling, electric charging, idle control, consumption, and reconciliation, with tenant isolation, role-based access, effective dating, audit history, configurable approvals, and API availability.","Given an authorized user or integration, when the fuel & energy transaction is submitted, then required fields and policies are validated, the state transition is recorded, financial and project links are preserved, exceptions are surfaced, and an immutable audit event is created.",P12-ENT-055,P12-WF-03,P12-ENG-23,P12-API-15,P12-TC-055,Review Ready
P12-REQ-056,Parts & Components,Must,"The platform shall approve governed parts & components records and decisions for parts catalogs, serialized components, warranties, cores, inventory integration, and component history, with tenant isolation, role-based access, effective dating, audit history, configurable approvals, and API availability.","Given an authorized user or integration, when the parts & components transaction is submitted, then required fields and policies are validated, the state transition is recorded, financial and project links are preserved, exceptions are surfaced, and an immutable audit event is created.",P12-ENT-056,P12-WF-04,P12-ENG-24,P12-API-16,P12-TC-056,Review Ready
P12-REQ-057,Work Orders,Must,"The platform shall approve governed work orders records and decisions for planning, approval, scheduling, assignment, execution, cost capture, closeout, and audit, with tenant isolation, role-based access, effective dating, audit history, configurable approvals, and API availability.","Given an authorized user or integration, when the work orders transaction is submitted, then required fields and policies are validated, the state transition is recorded, financial and project links are preserved, exceptions are surfaced, and an immutable audit event is created.",P12-ENT-057,P12-WF-05,P12-ENG-25,P12-API-17,P12-TC-057,Review Ready
P12-REQ-058,Shop Operations,Must,"The platform shall approve governed shop operations records and decisions for shop bays, technician capacity, backlog, dispatch, tooling, calibration, and productivity, with tenant isolation, role-based access, effective dating, audit history, configurable approvals, and API availability.","Given an authorized user or integration, when the shop operations transaction is submitted, then required fields and policies are validated, the state transition is recorded, financial and project links are preserved, exceptions are surfaced, and an immutable audit event is created.",P12-ENT-058,P12-WF-06,P12-ENG-26,P12-API-18,P12-TC-058,Review Ready
P12-REQ-059,Field Service,Must,"The platform shall approve governed field service records and decisions for service trucks, mobile technicians, emergency response, remote diagnostics, and site repair, with tenant isolation, role-based access, effective dating, audit history, configurable approvals, and API availability.","Given an authorized user or integration, when the field service transaction is submitted, then required fields and policies are validated, the state transition is recorded, financial and project links are preserved, exceptions are surfaced, and an immutable audit event is created.",P12-ENT-059,P12-WF-07,P12-ENG-27,P12-API-19,P12-TC-059,Review Ready
P12-REQ-060,Rental & Leased Assets,Must,"The platform shall approve governed rental & leased assets records and decisions for rental intake, rate terms, utilization, off-rent, damage, extensions, and invoice validation, with tenant isolation, role-based access, effective dating, audit history, configurable approvals, and API availability.","Given an authorized user or integration, when the rental & leased assets transaction is submitted, then required fields and policies are validated, the state transition is recorded, financial and project links are preserved, exceptions are surfaced, and an immutable audit event is created.",P12-ENT-060,P12-WF-08,P12-ENG-28,P12-API-20,P12-TC-060,Review Ready
P12-REQ-061,Compliance,Must,"The platform shall approve governed compliance records and decisions for registrations, permits, DOT records, emissions, inspections, certifications, and out-of-service controls, with tenant isolation, role-based access, effective dating, audit history, configurable approvals, and API availability.","Given an authorized user or integration, when the compliance transaction is submitted, then required fields and policies are validated, the state transition is recorded, financial and project links are preserved, exceptions are surfaced, and an immutable audit event is created.",P12-ENT-061,P12-WF-09,P12-ENG-29,P12-API-21,P12-TC-061,Review Ready
P12-REQ-062,Safety & Risk,Must,"The platform shall approve governed safety & risk records and decisions for operator authorization, defect severity, lockout/tagout, incident linkage, and critical control verification, with tenant isolation, role-based access, effective dating, audit history, configurable approvals, and API availability.","Given an authorized user or integration, when the safety & risk transaction is submitted, then required fields and policies are validated, the state transition is recorded, financial and project links are preserved, exceptions are surfaced, and an immutable audit event is created.",P12-ENT-062,P12-WF-10,P12-ENG-30,P12-API-22,P12-TC-062,Review Ready
P12-REQ-063,Utilization & Dispatch,Must,"The platform shall approve governed utilization & dispatch records and decisions for availability, reservation, assignment, dispatch, location, shift use, and underutilization detection, with tenant isolation, role-based access, effective dating, audit history, configurable approvals, and API availability.","Given an authorized user or integration, when the utilization & dispatch transaction is submitted, then required fields and policies are validated, the state transition is recorded, financial and project links are preserved, exceptions are surfaced, and an immutable audit event is created.",P12-ENT-063,P12-WF-11,P12-ENG-31,P12-API-23,P12-TC-063,Review Ready
P12-REQ-064,Equipment Costing,Must,"The platform shall approve governed equipment costing records and decisions for ownership cost, operating cost, internal rates, fuel, maintenance, depreciation, and project chargeback, with tenant isolation, role-based access, effective dating, audit history, configurable approvals, and API availability.","Given an authorized user or integration, when the equipment costing transaction is submitted, then required fields and policies are validated, the state transition is recorded, financial and project links are preserved, exceptions are surfaced, and an immutable audit event is created.",P12-ENT-064,P12-WF-12,P12-ENG-32,P12-API-24,P12-TC-064,Review Ready
P12-REQ-065,Warranty & Claims,Must,"The platform shall approve governed warranty & claims records and decisions for coverage rules, claim preparation, evidence, recovery, denial tracking, and supplier reimbursement, with tenant isolation, role-based access, effective dating, audit history, configurable approvals, and API availability.","Given an authorized user or integration, when the warranty & claims transaction is submitted, then required fields and policies are validated, the state transition is recorded, financial and project links are preserved, exceptions are surfaced, and an immutable audit event is created.",P12-ENT-065,P12-WF-13,P12-ENG-01,P12-API-25,P12-TC-065,Review Ready
P12-REQ-066,Tires & Undercarriage,Must,"The platform shall approve governed tires & undercarriage records and decisions for position tracking, measurements, rotations, replacements, wear forecasts, and cost-per-hour analysis, with tenant isolation, role-based access, effective dating, audit history, configurable approvals, and API availability.","Given an authorized user or integration, when the tires & undercarriage transaction is submitted, then required fields and policies are validated, the state transition is recorded, financial and project links are preserved, exceptions are surfaced, and an immutable audit event is created.",P12-ENT-066,P12-WF-14,P12-ENG-02,P12-API-26,P12-TC-066,Review Ready
P12-REQ-067,Attachments & Tools,Must,"The platform shall approve governed attachments & tools records and decisions for attachment compatibility, custody, inspections, calibration, utilization, and loss prevention, with tenant isolation, role-based access, effective dating, audit history, configurable approvals, and API availability.","Given an authorized user or integration, when the attachments & tools transaction is submitted, then required fields and policies are validated, the state transition is recorded, financial and project links are preserved, exceptions are surfaced, and an immutable audit event is created.",P12-ENT-067,P12-WF-15,P12-ENG-03,P12-API-27,P12-TC-067,Review Ready
P12-REQ-068,Documents & Media,Must,"The platform shall approve governed documents & media records and decisions for manuals, photos, invoices, inspection forms, service records, and immutable evidence, with tenant isolation, role-based access, effective dating, audit history, configurable approvals, and API availability.","Given an authorized user or integration, when the documents & media transaction is submitted, then required fields and policies are validated, the state transition is recorded, financial and project links are preserved, exceptions are surfaced, and an immutable audit event is created.",P12-ENT-068,P12-WF-16,P12-ENG-04,P12-API-28,P12-TC-068,Review Ready
P12-REQ-069,Mobile & Offline,Must,"The platform shall approve governed mobile & offline records and decisions for offline inspections, work orders, parts usage, signatures, photos, sync, and conflict resolution, with tenant isolation, role-based access, effective dating, audit history, configurable approvals, and API availability.","Given an authorized user or integration, when the mobile & offline transaction is submitted, then required fields and policies are validated, the state transition is recorded, financial and project links are preserved, exceptions are surfaced, and an immutable audit event is created.",P12-ENT-069,P12-WF-17,P12-ENG-05,P12-API-29,P12-TC-069,Review Ready
P12-REQ-070,Fleet Intelligence,Must,"The platform shall approve governed fleet intelligence records and decisions for health scoring, failure prediction, replacement planning, cost anomaly detection, and recommendations, with tenant isolation, role-based access, effective dating, audit history, configurable approvals, and API availability.","Given an authorized user or integration, when the fleet intelligence transaction is submitted, then required fields and policies are validated, the state transition is recorded, financial and project links are preserved, exceptions are surfaced, and an immutable audit event is created.",P12-ENT-070,P12-WF-18,P12-ENG-06,P12-API-30,P12-TC-070,Review Ready
P12-REQ-071,Fleet Digital Twin,Must,"The platform shall approve governed fleet digital twin records and decisions for live asset state combining physical, operational, maintenance, financial, location, and risk data, with tenant isolation, role-based access, effective dating, audit history, configurable approvals, and API availability.","Given an authorized user or integration, when the fleet digital twin transaction is submitted, then required fields and policies are validated, the state transition is recorded, financial and project links are preserved, exceptions are surfaced, and an immutable audit event is created.",P12-ENT-071,P12-WF-19,P12-ENG-07,P12-API-31,P12-TC-071,Review Ready
P12-REQ-072,Administration & Integration,Must,"The platform shall approve governed administration & integration records and decisions for tenant configuration, white-label settings, RBAC, APIs, events, data migration, and audit, with tenant isolation, role-based access, effective dating, audit history, configurable approvals, and API availability.","Given an authorized user or integration, when the administration & integration transaction is submitted, then required fields and policies are validated, the state transition is recorded, financial and project links are preserved, exceptions are surfaced, and an immutable audit event is created.",P12-ENT-072,P12-WF-20,P12-ENG-08,P12-API-32,P12-TC-072,Review Ready
P12-REQ-073,Fleet Registry,Must,"The platform shall schedule governed fleet registry records and decisions for fleet and equipment master records, ownership, classification, specifications, and lifecycle status, with tenant isolation, role-based access, effective dating, audit history, configurable approvals, and API availability.","Given an authorized user or integration, when the fleet registry transaction is submitted, then required fields and policies are validated, the state transition is recorded, financial and project links are preserved, exceptions are surfaced, and an immutable audit event is created.",P12-ENT-073,P12-WF-21,P12-ENG-09,P12-API-33,P12-TC-073,Review Ready
P12-REQ-074,Asset Lifecycle,Must,"The platform shall schedule governed asset lifecycle records and decisions for acquisition, commissioning, transfer, capitalization, utilization, retirement, disposal, and replacement, with tenant isolation, role-based access, effective dating, audit history, configurable approvals, and API availability.","Given an authorized user or integration, when the asset lifecycle transaction is submitted, then required fields and policies are validated, the state transition is recorded, financial and project links are preserved, exceptions are surfaced, and an immutable audit event is created.",P12-ENT-074,P12-WF-22,P12-ENG-10,P12-API-34,P12-TC-074,Review Ready
P12-REQ-075,Preventive Maintenance,Must,"The platform shall schedule governed preventive maintenance records and decisions for meter-, calendar-, condition-, and risk-based preventive maintenance programs, with tenant isolation, role-based access, effective dating, audit history, configurable approvals, and API availability.","Given an authorized user or integration, when the preventive maintenance transaction is submitted, then required fields and policies are validated, the state transition is recorded, financial and project links are preserved, exceptions are surfaced, and an immutable audit event is created.",P12-ENT-075,P12-WF-23,P12-ENG-11,P12-API-35,P12-TC-075,Review Ready
P12-REQ-076,Corrective Maintenance,Must,"The platform shall schedule governed corrective maintenance records and decisions for defect intake, diagnostics, work orders, labor, parts, repair execution, testing, and return to service, with tenant isolation, role-based access, effective dating, audit history, configurable approvals, and API availability.","Given an authorized user or integration, when the corrective maintenance transaction is submitted, then required fields and policies are validated, the state transition is recorded, financial and project links are preserved, exceptions are surfaced, and an immutable audit event is created.",P12-ENT-076,P12-WF-24,P12-ENG-12,P12-API-36,P12-TC-076,Review Ready
P12-REQ-077,Inspections,Must,"The platform shall schedule governed inspections records and decisions for pre-use, post-use, annual, regulatory, safety, and quality inspections with mobile evidence, with tenant isolation, role-based access, effective dating, audit history, configurable approvals, and API availability.","Given an authorized user or integration, when the inspections transaction is submitted, then required fields and policies are validated, the state transition is recorded, financial and project links are preserved, exceptions are surfaced, and an immutable audit event is created.",P12-ENT-077,P12-WF-25,P12-ENG-13,P12-API-37,P12-TC-077,Review Ready
P12-REQ-078,Telematics & IoT,Must,"The platform shall schedule governed telematics & iot records and decisions for OEM and third-party telematics ingestion, normalization, health events, location, meter, and utilization data, with tenant isolation, role-based access, effective dating, audit history, configurable approvals, and API availability.","Given an authorized user or integration, when the telematics & iot transaction is submitted, then required fields and policies are validated, the state transition is recorded, financial and project links are preserved, exceptions are surfaced, and an immutable audit event is created.",P12-ENT-078,P12-WF-26,P12-ENG-14,P12-API-38,P12-TC-078,Review Ready
P12-REQ-079,Fuel & Energy,Must,"The platform shall schedule governed fuel & energy records and decisions for fuel cards, bulk tanks, mobile fueling, electric charging, idle control, consumption, and reconciliation, with tenant isolation, role-based access, effective dating, audit history, configurable approvals, and API availability.","Given an authorized user or integration, when the fuel & energy transaction is submitted, then required fields and policies are validated, the state transition is recorded, financial and project links are preserved, exceptions are surfaced, and an immutable audit event is created.",P12-ENT-079,P12-WF-01,P12-ENG-15,P12-API-39,P12-TC-079,Review Ready
P12-REQ-080,Parts & Components,Must,"The platform shall schedule governed parts & components records and decisions for parts catalogs, serialized components, warranties, cores, inventory integration, and component history, with tenant isolation, role-based access, effective dating, audit history, configurable approvals, and API availability.","Given an authorized user or integration, when the parts & components transaction is submitted, then required fields and policies are validated, the state transition is recorded, financial and project links are preserved, exceptions are surfaced, and an immutable audit event is created.",P12-ENT-080,P12-WF-02,P12-ENG-16,P12-API-40,P12-TC-080,Review Ready
P12-REQ-081,Work Orders,Must,"The platform shall schedule governed work orders records and decisions for planning, approval, scheduling, assignment, execution, cost capture, closeout, and audit, with tenant isolation, role-based access, effective dating, audit history, configurable approvals, and API availability.","Given an authorized user or integration, when the work orders transaction is submitted, then required fields and policies are validated, the state transition is recorded, financial and project links are preserved, exceptions are surfaced, and an immutable audit event is created.",P12-ENT-081,P12-WF-03,P12-ENG-17,P12-API-01,P12-TC-081,Review Ready
P12-REQ-082,Shop Operations,Must,"The platform shall schedule governed shop operations records and decisions for shop bays, technician capacity, backlog, dispatch, tooling, calibration, and productivity, with tenant isolation, role-based access, effective dating, audit history, configurable approvals, and API availability.","Given an authorized user or integration, when the shop operations transaction is submitted, then required fields and policies are validated, the state transition is recorded, financial and project links are preserved, exceptions are surfaced, and an immutable audit event is created.",P12-ENT-082,P12-WF-04,P12-ENG-18,P12-API-02,P12-TC-082,Review Ready
P12-REQ-083,Field Service,Must,"The platform shall schedule governed field service records and decisions for service trucks, mobile technicians, emergency response, remote diagnostics, and site repair, with tenant isolation, role-based access, effective dating, audit history, configurable approvals, and API availability.","Given an authorized user or integration, when the field service transaction is submitted, then required fields and policies are validated, the state transition is recorded, financial and project links are preserved, exceptions are surfaced, and an immutable audit event is created.",P12-ENT-083,P12-WF-05,P12-ENG-19,P12-API-03,P12-TC-083,Review Ready
P12-REQ-084,Rental & Leased Assets,Must,"The platform shall schedule governed rental & leased assets records and decisions for rental intake, rate terms, utilization, off-rent, damage, extensions, and invoice validation, with tenant isolation, role-based access, effective dating, audit history, configurable approvals, and API availability.","Given an authorized user or integration, when the rental & leased assets transaction is submitted, then required fields and policies are validated, the state transition is recorded, financial and project links are preserved, exceptions are surfaced, and an immutable audit event is created.",P12-ENT-084,P12-WF-06,P12-ENG-20,P12-API-04,P12-TC-084,Review Ready
P12-REQ-085,Compliance,Must,"The platform shall schedule governed compliance records and decisions for registrations, permits, DOT records, emissions, inspections, certifications, and out-of-service controls, with tenant isolation, role-based access, effective dating, audit history, configurable approvals, and API availability.","Given an authorized user or integration, when the compliance transaction is submitted, then required fields and policies are validated, the state transition is recorded, financial and project links are preserved, exceptions are surfaced, and an immutable audit event is created.",P12-ENT-085,P12-WF-07,P12-ENG-21,P12-API-05,P12-TC-085,Review Ready
P12-REQ-086,Safety & Risk,Must,"The platform shall schedule governed safety & risk records and decisions for operator authorization, defect severity, lockout/tagout, incident linkage, and critical control verification, with tenant isolation, role-based access, effective dating, audit history, configurable approvals, and API availability.","Given an authorized user or integration, when the safety & risk transaction is submitted, then required fields and policies are validated, the state transition is recorded, financial and project links are preserved, exceptions are surfaced, and an immutable audit event is created.",P12-ENT-086,P12-WF-08,P12-ENG-22,P12-API-06,P12-TC-086,Review Ready
P12-REQ-087,Utilization & Dispatch,Must,"The platform shall schedule governed utilization & dispatch records and decisions for availability, reservation, assignment, dispatch, location, shift use, and underutilization detection, with tenant isolation, role-based access, effective dating, audit history, configurable approvals, and API availability.","Given an authorized user or integration, when the utilization & dispatch transaction is submitted, then required fields and policies are validated, the state transition is recorded, financial and project links are preserved, exceptions are surfaced, and an immutable audit event is created.",P12-ENT-087,P12-WF-09,P12-ENG-23,P12-API-07,P12-TC-087,Review Ready
P12-REQ-088,Equipment Costing,Must,"The platform shall schedule governed equipment costing records and decisions for ownership cost, operating cost, internal rates, fuel, maintenance, depreciation, and project chargeback, with tenant isolation, role-based access, effective dating, audit history, configurable approvals, and API availability.","Given an authorized user or integration, when the equipment costing transaction is submitted, then required fields and policies are validated, the state transition is recorded, financial and project links are preserved, exceptions are surfaced, and an immutable audit event is created.",P12-ENT-088,P12-WF-10,P12-ENG-24,P12-API-08,P12-TC-088,Review Ready
P12-REQ-089,Warranty & Claims,Must,"The platform shall schedule governed warranty & claims records and decisions for coverage rules, claim preparation, evidence, recovery, denial tracking, and supplier reimbursement, with tenant isolation, role-based access, effective dating, audit history, configurable approvals, and API availability.","Given an authorized user or integration, when the warranty & claims transaction is submitted, then required fields and policies are validated, the state transition is recorded, financial and project links are preserved, exceptions are surfaced, and an immutable audit event is created.",P12-ENT-089,P12-WF-11,P12-ENG-25,P12-API-09,P12-TC-089,Review Ready
P12-REQ-090,Tires & Undercarriage,Must,"The platform shall schedule governed tires & undercarriage records and decisions for position tracking, measurements, rotations, replacements, wear forecasts, and cost-per-hour analysis, with tenant isolation, role-based access, effective dating, audit history, configurable approvals, and API availability.","Given an authorized user or integration, when the tires & undercarriage transaction is submitted, then required fields and policies are validated, the state transition is recorded, financial and project links are preserved, exceptions are surfaced, and an immutable audit event is created.",P12-ENT-090,P12-WF-12,P12-ENG-26,P12-API-10,P12-TC-090,Review Ready
P12-REQ-091,Attachments & Tools,Must,"The platform shall schedule governed attachments & tools records and decisions for attachment compatibility, custody, inspections, calibration, utilization, and loss prevention, with tenant isolation, role-based access, effective dating, audit history, configurable approvals, and API availability.","Given an authorized user or integration, when the attachments & tools transaction is submitted, then required fields and policies are validated, the state transition is recorded, financial and project links are preserved, exceptions are surfaced, and an immutable audit event is created.",P12-ENT-091,P12-WF-13,P12-ENG-27,P12-API-11,P12-TC-091,Review Ready
P12-REQ-092,Documents & Media,Must,"The platform shall schedule governed documents & media records and decisions for manuals, photos, invoices, inspection forms, service records, and immutable evidence, with tenant isolation, role-based access, effective dating, audit history, configurable approvals, and API availability.","Given an authorized user or integration, when the documents & media transaction is submitted, then required fields and policies are validated, the state transition is recorded, financial and project links are preserved, exceptions are surfaced, and an immutable audit event is created.",P12-ENT-092,P12-WF-14,P12-ENG-28,P12-API-12,P12-TC-092,Review Ready
P12-REQ-093,Mobile & Offline,Must,"The platform shall schedule governed mobile & offline records and decisions for offline inspections, work orders, parts usage, signatures, photos, sync, and conflict resolution, with tenant isolation, role-based access, effective dating, audit history, configurable approvals, and API availability.","Given an authorized user or integration, when the mobile & offline transaction is submitted, then required fields and policies are validated, the state transition is recorded, financial and project links are preserved, exceptions are surfaced, and an immutable audit event is created.",P12-ENT-093,P12-WF-15,P12-ENG-29,P12-API-13,P12-TC-093,Review Ready
P12-REQ-094,Fleet Intelligence,Must,"The platform shall schedule governed fleet intelligence records and decisions for health scoring, failure prediction, replacement planning, cost anomaly detection, and recommendations, with tenant isolation, role-based access, effective dating, audit history, configurable approvals, and API availability.","Given an authorized user or integration, when the fleet intelligence transaction is submitted, then required fields and policies are validated, the state transition is recorded, financial and project links are preserved, exceptions are surfaced, and an immutable audit event is created.",P12-ENT-094,P12-WF-16,P12-ENG-30,P12-API-14,P12-TC-094,Review Ready
P12-REQ-095,Fleet Digital Twin,Must,"The platform shall schedule governed fleet digital twin records and decisions for live asset state combining physical, operational, maintenance, financial, location, and risk data, with tenant isolation, role-based access, effective dating, audit history, configurable approvals, and API availability.","Given an authorized user or integration, when the fleet digital twin transaction is submitted, then required fields and policies are validated, the state transition is recorded, financial and project links are preserved, exceptions are surfaced, and an immutable audit event is created.",P12-ENT-095,P12-WF-17,P12-ENG-31,P12-API-15,P12-TC-095,Review Ready
P12-REQ-096,Administration & Integration,Must,"The platform shall schedule governed administration & integration records and decisions for tenant configuration, white-label settings, RBAC, APIs, events, data migration, and audit, with tenant isolation, role-based access, effective dating, audit history, configurable approvals, and API availability.","Given an authorized user or integration, when the administration & integration transaction is submitted, then required fields and policies are validated, the state transition is recorded, financial and project links are preserved, exceptions are surfaced, and an immutable audit event is created.",P12-ENT-096,P12-WF-18,P12-ENG-32,P12-API-16,P12-TC-096,Review Ready
P12-REQ-097,Fleet Registry,Must,"The platform shall validate governed fleet registry records and decisions for fleet and equipment master records, ownership, classification, specifications, and lifecycle status, with tenant isolation, role-based access, effective dating, audit history, configurable approvals, and API availability.","Given an authorized user or integration, when the fleet registry transaction is submitted, then required fields and policies are validated, the state transition is recorded, financial and project links are preserved, exceptions are surfaced, and an immutable audit event is created.",P12-ENT-097,P12-WF-19,P12-ENG-01,P12-API-17,P12-TC-097,Review Ready
P12-REQ-098,Asset Lifecycle,Must,"The platform shall validate governed asset lifecycle records and decisions for acquisition, commissioning, transfer, capitalization, utilization, retirement, disposal, and replacement, with tenant isolation, role-based access, effective dating, audit history, configurable approvals, and API availability.","Given an authorized user or integration, when the asset lifecycle transaction is submitted, then required fields and policies are validated, the state transition is recorded, financial and project links are preserved, exceptions are surfaced, and an immutable audit event is created.",P12-ENT-098,P12-WF-20,P12-ENG-02,P12-API-18,P12-TC-098,Review Ready
P12-REQ-099,Preventive Maintenance,Must,"The platform shall validate governed preventive maintenance records and decisions for meter-, calendar-, condition-, and risk-based preventive maintenance programs, with tenant isolation, role-based access, effective dating, audit history, configurable approvals, and API availability.","Given an authorized user or integration, when the preventive maintenance transaction is submitted, then required fields and policies are validated, the state transition is recorded, financial and project links are preserved, exceptions are surfaced, and an immutable audit event is created.",P12-ENT-099,P12-WF-21,P12-ENG-03,P12-API-19,P12-TC-099,Review Ready
P12-REQ-100,Corrective Maintenance,Must,"The platform shall validate governed corrective maintenance records and decisions for defect intake, diagnostics, work orders, labor, parts, repair execution, testing, and return to service, with tenant isolation, role-based access, effective dating, audit history, configurable approvals, and API availability.","Given an authorized user or integration, when the corrective maintenance transaction is submitted, then required fields and policies are validated, the state transition is recorded, financial and project links are preserved, exceptions are surfaced, and an immutable audit event is created.",P12-ENT-100,P12-WF-22,P12-ENG-04,P12-API-20,P12-TC-100,Review Ready
P12-REQ-101,Inspections,Must,"The platform shall validate governed inspections records and decisions for pre-use, post-use, annual, regulatory, safety, and quality inspections with mobile evidence, with tenant isolation, role-based access, effective dating, audit history, configurable approvals, and API availability.","Given an authorized user or integration, when the inspections transaction is submitted, then required fields and policies are validated, the state transition is recorded, financial and project links are preserved, exceptions are surfaced, and an immutable audit event is created.",P12-ENT-101,P12-WF-23,P12-ENG-05,P12-API-21,P12-TC-101,Review Ready
P12-REQ-102,Telematics & IoT,Must,"The platform shall validate governed telematics & iot records and decisions for OEM and third-party telematics ingestion, normalization, health events, location, meter, and utilization data, with tenant isolation, role-based access, effective dating, audit history, configurable approvals, and API availability.","Given an authorized user or integration, when the telematics & iot transaction is submitted, then required fields and policies are validated, the state transition is recorded, financial and project links are preserved, exceptions are surfaced, and an immutable audit event is created.",P12-ENT-102,P12-WF-24,P12-ENG-06,P12-API-22,P12-TC-102,Review Ready
P12-REQ-103,Fuel & Energy,Must,"The platform shall validate governed fuel & energy records and decisions for fuel cards, bulk tanks, mobile fueling, electric charging, idle control, consumption, and reconciliation, with tenant isolation, role-based access, effective dating, audit history, configurable approvals, and API availability.","Given an authorized user or integration, when the fuel & energy transaction is submitted, then required fields and policies are validated, the state transition is recorded, financial and project links are preserved, exceptions are surfaced, and an immutable audit event is created.",P12-ENT-103,P12-WF-25,P12-ENG-07,P12-API-23,P12-TC-103,Review Ready
P12-REQ-104,Parts & Components,Must,"The platform shall validate governed parts & components records and decisions for parts catalogs, serialized components, warranties, cores, inventory integration, and component history, with tenant isolation, role-based access, effective dating, audit history, configurable approvals, and API availability.","Given an authorized user or integration, when the parts & components transaction is submitted, then required fields and policies are validated, the state transition is recorded, financial and project links are preserved, exceptions are surfaced, and an immutable audit event is created.",P12-ENT-104,P12-WF-26,P12-ENG-08,P12-API-24,P12-TC-104,Review Ready
P12-REQ-105,Work Orders,Must,"The platform shall validate governed work orders records and decisions for planning, approval, scheduling, assignment, execution, cost capture, closeout, and audit, with tenant isolation, role-based access, effective dating, audit history, configurable approvals, and API availability.","Given an authorized user or integration, when the work orders transaction is submitted, then required fields and policies are validated, the state transition is recorded, financial and project links are preserved, exceptions are surfaced, and an immutable audit event is created.",P12-ENT-105,P12-WF-01,P12-ENG-09,P12-API-25,P12-TC-105,Review Ready
P12-REQ-106,Shop Operations,Must,"The platform shall validate governed shop operations records and decisions for shop bays, technician capacity, backlog, dispatch, tooling, calibration, and productivity, with tenant isolation, role-based access, effective dating, audit history, configurable approvals, and API availability.","Given an authorized user or integration, when the shop operations transaction is submitted, then required fields and policies are validated, the state transition is recorded, financial and project links are preserved, exceptions are surfaced, and an immutable audit event is created.",P12-ENT-106,P12-WF-02,P12-ENG-10,P12-API-26,P12-TC-106,Review Ready
P12-REQ-107,Field Service,Must,"The platform shall validate governed field service records and decisions for service trucks, mobile technicians, emergency response, remote diagnostics, and site repair, with tenant isolation, role-based access, effective dating, audit history, configurable approvals, and API availability.","Given an authorized user or integration, when the field service transaction is submitted, then required fields and policies are validated, the state transition is recorded, financial and project links are preserved, exceptions are surfaced, and an immutable audit event is created.",P12-ENT-107,P12-WF-03,P12-ENG-11,P12-API-27,P12-TC-107,Review Ready
P12-REQ-108,Rental & Leased Assets,Must,"The platform shall validate governed rental & leased assets records and decisions for rental intake, rate terms, utilization, off-rent, damage, extensions, and invoice validation, with tenant isolation, role-based access, effective dating, audit history, configurable approvals, and API availability.","Given an authorized user or integration, when the rental & leased assets transaction is submitted, then required fields and policies are validated, the state transition is recorded, financial and project links are preserved, exceptions are surfaced, and an immutable audit event is created.",P12-ENT-108,P12-WF-04,P12-ENG-12,P12-API-28,P12-TC-108,Review Ready
P12-REQ-109,Compliance,Must,"The platform shall validate governed compliance records and decisions for registrations, permits, DOT records, emissions, inspections, certifications, and out-of-service controls, with tenant isolation, role-based access, effective dating, audit history, configurable approvals, and API availability.","Given an authorized user or integration, when the compliance transaction is submitted, then required fields and policies are validated, the state transition is recorded, financial and project links are preserved, exceptions are surfaced, and an immutable audit event is created.",P12-ENT-109,P12-WF-05,P12-ENG-13,P12-API-29,P12-TC-109,Review Ready
P12-REQ-110,Safety & Risk,Must,"The platform shall validate governed safety & risk records and decisions for operator authorization, defect severity, lockout/tagout, incident linkage, and critical control verification, with tenant isolation, role-based access, effective dating, audit history, configurable approvals, and API availability.","Given an authorized user or integration, when the safety & risk transaction is submitted, then required fields and policies are validated, the state transition is recorded, financial and project links are preserved, exceptions are surfaced, and an immutable audit event is created.",P12-ENT-110,P12-WF-06,P12-ENG-14,P12-API-30,P12-TC-110,Review Ready
P12-REQ-111,Utilization & Dispatch,Must,"The platform shall validate governed utilization & dispatch records and decisions for availability, reservation, assignment, dispatch, location, shift use, and underutilization detection, with tenant isolation, role-based access, effective dating, audit history, configurable approvals, and API availability.","Given an authorized user or integration, when the utilization & dispatch transaction is submitted, then required fields and policies are validated, the state transition is recorded, financial and project links are preserved, exceptions are surfaced, and an immutable audit event is created.",P12-ENT-111,P12-WF-07,P12-ENG-15,P12-API-31,P12-TC-111,Review Ready
P12-REQ-112,Equipment Costing,Must,"The platform shall validate governed equipment costing records and decisions for ownership cost, operating cost, internal rates, fuel, maintenance, depreciation, and project chargeback, with tenant isolation, role-based access, effective dating, audit history, configurable approvals, and API availability.","Given an authorized user or integration, when the equipment costing transaction is submitted, then required fields and policies are validated, the state transition is recorded, financial and project links are preserved, exceptions are surfaced, and an immutable audit event is created.",P12-ENT-112,P12-WF-08,P12-ENG-16,P12-API-32,P12-TC-112,Review Ready
P12-REQ-113,Warranty & Claims,Must,"The platform shall validate governed warranty & claims records and decisions for coverage rules, claim preparation, evidence, recovery, denial tracking, and supplier reimbursement, with tenant isolation, role-based access, effective dating, audit history, configurable approvals, and API availability.","Given an authorized user or integration, when the warranty & claims transaction is submitted, then required fields and policies are validated, the state transition is recorded, financial and project links are preserved, exceptions are surfaced, and an immutable audit event is created.",P12-ENT-113,P12-WF-09,P12-ENG-17,P12-API-33,P12-TC-113,Review Ready
P12-REQ-114,Tires & Undercarriage,Must,"The platform shall validate governed tires & undercarriage records and decisions for position tracking, measurements, rotations, replacements, wear forecasts, and cost-per-hour analysis, with tenant isolation, role-based access, effective dating, audit history, configurable approvals, and API availability.","Given an authorized user or integration, when the tires & undercarriage transaction is submitted, then required fields and policies are validated, the state transition is recorded, financial and project links are preserved, exceptions are surfaced, and an immutable audit event is created.",P12-ENT-114,P12-WF-10,P12-ENG-18,P12-API-34,P12-TC-114,Review Ready
P12-REQ-115,Attachments & Tools,Must,"The platform shall validate governed attachments & tools records and decisions for attachment compatibility, custody, inspections, calibration, utilization, and loss prevention, with tenant isolation, role-based access, effective dating, audit history, configurable approvals, and API availability.","Given an authorized user or integration, when the attachments & tools transaction is submitted, then required fields and policies are validated, the state transition is recorded, financial and project links are preserved, exceptions are surfaced, and an immutable audit event is created.",P12-ENT-115,P12-WF-11,P12-ENG-19,P12-API-35,P12-TC-115,Review Ready
P12-REQ-116,Documents & Media,Must,"The platform shall validate governed documents & media records and decisions for manuals, photos, invoices, inspection forms, service records, and immutable evidence, with tenant isolation, role-based access, effective dating, audit history, configurable approvals, and API availability.","Given an authorized user or integration, when the documents & media transaction is submitted, then required fields and policies are validated, the state transition is recorded, financial and project links are preserved, exceptions are surfaced, and an immutable audit event is created.",P12-ENT-116,P12-WF-12,P12-ENG-20,P12-API-36,P12-TC-116,Review Ready
P12-REQ-117,Mobile & Offline,Must,"The platform shall validate governed mobile & offline records and decisions for offline inspections, work orders, parts usage, signatures, photos, sync, and conflict resolution, with tenant isolation, role-based access, effective dating, audit history, configurable approvals, and API availability.","Given an authorized user or integration, when the mobile & offline transaction is submitted, then required fields and policies are validated, the state transition is recorded, financial and project links are preserved, exceptions are surfaced, and an immutable audit event is created.",P12-ENT-117,P12-WF-13,P12-ENG-21,P12-API-37,P12-TC-117,Review Ready
P12-REQ-118,Fleet Intelligence,Must,"The platform shall validate governed fleet intelligence records and decisions for health scoring, failure prediction, replacement planning, cost anomaly detection, and recommendations, with tenant isolation, role-based access, effective dating, audit history, configurable approvals, and API availability.","Given an authorized user or integration, when the fleet intelligence transaction is submitted, then required fields and policies are validated, the state transition is recorded, financial and project links are preserved, exceptions are surfaced, and an immutable audit event is created.",P12-ENT-118,P12-WF-14,P12-ENG-22,P12-API-38,P12-TC-118,Review Ready
P12-REQ-119,Fleet Digital Twin,Must,"The platform shall validate governed fleet digital twin records and decisions for live asset state combining physical, operational, maintenance, financial, location, and risk data, with tenant isolation, role-based access, effective dating, audit history, configurable approvals, and API availability.","Given an authorized user or integration, when the fleet digital twin transaction is submitted, then required fields and policies are validated, the state transition is recorded, financial and project links are preserved, exceptions are surfaced, and an immutable audit event is created.",P12-ENT-119,P12-WF-15,P12-ENG-23,P12-API-39,P12-TC-119,Review Ready
P12-REQ-120,Administration & Integration,Must,"The platform shall validate governed administration & integration records and decisions for tenant configuration, white-label settings, RBAC, APIs, events, data migration, and audit, with tenant isolation, role-based access, effective dating, audit history, configurable approvals, and API availability.","Given an authorized user or integration, when the administration & integration transaction is submitted, then required fields and policies are validated, the state transition is recorded, financial and project links are preserved, exceptions are surfaced, and an immutable audit event is created.",P12-ENT-120,P12-WF-16,P12-ENG-24,P12-API-40,P12-TC-120,Review Ready
P12-REQ-121,Fleet Registry,Must,"The platform shall calculate governed fleet registry records and decisions for fleet and equipment master records, ownership, classification, specifications, and lifecycle status, with tenant isolation, role-based access, effective dating, audit history, configurable approvals, and API availability.","Given an authorized user or integration, when the fleet registry transaction is submitted, then required fields and policies are validated, the state transition is recorded, financial and project links are preserved, exceptions are surfaced, and an immutable audit event is created.",P12-ENT-121,P12-WF-17,P12-ENG-25,P12-API-01,P12-TC-121,Review Ready
P12-REQ-122,Asset Lifecycle,Must,"The platform shall calculate governed asset lifecycle records and decisions for acquisition, commissioning, transfer, capitalization, utilization, retirement, disposal, and replacement, with tenant isolation, role-based access, effective dating, audit history, configurable approvals, and API availability.","Given an authorized user or integration, when the asset lifecycle transaction is submitted, then required fields and policies are validated, the state transition is recorded, financial and project links are preserved, exceptions are surfaced, and an immutable audit event is created.",P12-ENT-122,P12-WF-18,P12-ENG-26,P12-API-02,P12-TC-122,Review Ready
P12-REQ-123,Preventive Maintenance,Must,"The platform shall calculate governed preventive maintenance records and decisions for meter-, calendar-, condition-, and risk-based preventive maintenance programs, with tenant isolation, role-based access, effective dating, audit history, configurable approvals, and API availability.","Given an authorized user or integration, when the preventive maintenance transaction is submitted, then required fields and policies are validated, the state transition is recorded, financial and project links are preserved, exceptions are surfaced, and an immutable audit event is created.",P12-ENT-123,P12-WF-19,P12-ENG-27,P12-API-03,P12-TC-123,Review Ready
P12-REQ-124,Corrective Maintenance,Must,"The platform shall calculate governed corrective maintenance records and decisions for defect intake, diagnostics, work orders, labor, parts, repair execution, testing, and return to service, with tenant isolation, role-based access, effective dating, audit history, configurable approvals, and API availability.","Given an authorized user or integration, when the corrective maintenance transaction is submitted, then required fields and policies are validated, the state transition is recorded, financial and project links are preserved, exceptions are surfaced, and an immutable audit event is created.",P12-ENT-124,P12-WF-20,P12-ENG-28,P12-API-04,P12-TC-124,Review Ready
P12-REQ-125,Inspections,Must,"The platform shall calculate governed inspections records and decisions for pre-use, post-use, annual, regulatory, safety, and quality inspections with mobile evidence, with tenant isolation, role-based access, effective dating, audit history, configurable approvals, and API availability.","Given an authorized user or integration, when the inspections transaction is submitted, then required fields and policies are validated, the state transition is recorded, financial and project links are preserved, exceptions are surfaced, and an immutable audit event is created.",P12-ENT-125,P12-WF-21,P12-ENG-29,P12-API-05,P12-TC-125,Review Ready
P12-REQ-126,Telematics & IoT,Must,"The platform shall calculate governed telematics & iot records and decisions for OEM and third-party telematics ingestion, normalization, health events, location, meter, and utilization data, with tenant isolation, role-based access, effective dating, audit history, configurable approvals, and API availability.","Given an authorized user or integration, when the telematics & iot transaction is submitted, then required fields and policies are validated, the state transition is recorded, financial and project links are preserved, exceptions are surfaced, and an immutable audit event is created.",P12-ENT-001,P12-WF-22,P12-ENG-30,P12-API-06,P12-TC-126,Review Ready
P12-REQ-127,Fuel & Energy,Must,"The platform shall calculate governed fuel & energy records and decisions for fuel cards, bulk tanks, mobile fueling, electric charging, idle control, consumption, and reconciliation, with tenant isolation, role-based access, effective dating, audit history, configurable approvals, and API availability.","Given an authorized user or integration, when the fuel & energy transaction is submitted, then required fields and policies are validated, the state transition is recorded, financial and project links are preserved, exceptions are surfaced, and an immutable audit event is created.",P12-ENT-002,P12-WF-23,P12-ENG-31,P12-API-07,P12-TC-127,Review Ready
P12-REQ-128,Parts & Components,Must,"The platform shall calculate governed parts & components records and decisions for parts catalogs, serialized components, warranties, cores, inventory integration, and component history, with tenant isolation, role-based access, effective dating, audit history, configurable approvals, and API availability.","Given an authorized user or integration, when the parts & components transaction is submitted, then required fields and policies are validated, the state transition is recorded, financial and project links are preserved, exceptions are surfaced, and an immutable audit event is created.",P12-ENT-003,P12-WF-24,P12-ENG-32,P12-API-08,P12-TC-128,Review Ready
P12-REQ-129,Work Orders,Must,"The platform shall calculate governed work orders records and decisions for planning, approval, scheduling, assignment, execution, cost capture, closeout, and audit, with tenant isolation, role-based access, effective dating, audit history, configurable approvals, and API availability.","Given an authorized user or integration, when the work orders transaction is submitted, then required fields and policies are validated, the state transition is recorded, financial and project links are preserved, exceptions are surfaced, and an immutable audit event is created.",P12-ENT-004,P12-WF-25,P12-ENG-01,P12-API-09,P12-TC-129,Review Ready
P12-REQ-130,Shop Operations,Must,"The platform shall calculate governed shop operations records and decisions for shop bays, technician capacity, backlog, dispatch, tooling, calibration, and productivity, with tenant isolation, role-based access, effective dating, audit history, configurable approvals, and API availability.","Given an authorized user or integration, when the shop operations transaction is submitted, then required fields and policies are validated, the state transition is recorded, financial and project links are preserved, exceptions are surfaced, and an immutable audit event is created.",P12-ENT-005,P12-WF-26,P12-ENG-02,P12-API-10,P12-TC-130,Review Ready
P12-REQ-131,Field Service,Must,"The platform shall calculate governed field service records and decisions for service trucks, mobile technicians, emergency response, remote diagnostics, and site repair, with tenant isolation, role-based access, effective dating, audit history, configurable approvals, and API availability.","Given an authorized user or integration, when the field service transaction is submitted, then required fields and policies are validated, the state transition is recorded, financial and project links are preserved, exceptions are surfaced, and an immutable audit event is created.",P12-ENT-006,P12-WF-01,P12-ENG-03,P12-API-11,P12-TC-131,Review Ready
P12-REQ-132,Rental & Leased Assets,Must,"The platform shall calculate governed rental & leased assets records and decisions for rental intake, rate terms, utilization, off-rent, damage, extensions, and invoice validation, with tenant isolation, role-based access, effective dating, audit history, configurable approvals, and API availability.","Given an authorized user or integration, when the rental & leased assets transaction is submitted, then required fields and policies are validated, the state transition is recorded, financial and project links are preserved, exceptions are surfaced, and an immutable audit event is created.",P12-ENT-007,P12-WF-02,P12-ENG-04,P12-API-12,P12-TC-132,Review Ready
P12-REQ-133,Compliance,Must,"The platform shall calculate governed compliance records and decisions for registrations, permits, DOT records, emissions, inspections, certifications, and out-of-service controls, with tenant isolation, role-based access, effective dating, audit history, configurable approvals, and API availability.","Given an authorized user or integration, when the compliance transaction is submitted, then required fields and policies are validated, the state transition is recorded, financial and project links are preserved, exceptions are surfaced, and an immutable audit event is created.",P12-ENT-008,P12-WF-03,P12-ENG-05,P12-API-13,P12-TC-133,Review Ready
P12-REQ-134,Safety & Risk,Must,"The platform shall calculate governed safety & risk records and decisions for operator authorization, defect severity, lockout/tagout, incident linkage, and critical control verification, with tenant isolation, role-based access, effective dating, audit history, configurable approvals, and API availability.","Given an authorized user or integration, when the safety & risk transaction is submitted, then required fields and policies are validated, the state transition is recorded, financial and project links are preserved, exceptions are surfaced, and an immutable audit event is created.",P12-ENT-009,P12-WF-04,P12-ENG-06,P12-API-14,P12-TC-134,Review Ready
P12-REQ-135,Utilization & Dispatch,Must,"The platform shall calculate governed utilization & dispatch records and decisions for availability, reservation, assignment, dispatch, location, shift use, and underutilization detection, with tenant isolation, role-based access, effective dating, audit history, configurable approvals, and API availability.","Given an authorized user or integration, when the utilization & dispatch transaction is submitted, then required fields and policies are validated, the state transition is recorded, financial and project links are preserved, exceptions are surfaced, and an immutable audit event is created.",P12-ENT-010,P12-WF-05,P12-ENG-07,P12-API-15,P12-TC-135,Review Ready
P12-REQ-136,Equipment Costing,Must,"The platform shall calculate governed equipment costing records and decisions for ownership cost, operating cost, internal rates, fuel, maintenance, depreciation, and project chargeback, with tenant isolation, role-based access, effective dating, audit history, configurable approvals, and API availability.","Given an authorized user or integration, when the equipment costing transaction is submitted, then required fields and policies are validated, the state transition is recorded, financial and project links are preserved, exceptions are surfaced, and an immutable audit event is created.",P12-ENT-011,P12-WF-06,P12-ENG-08,P12-API-16,P12-TC-136,Review Ready
P12-REQ-137,Warranty & Claims,Must,"The platform shall calculate governed warranty & claims records and decisions for coverage rules, claim preparation, evidence, recovery, denial tracking, and supplier reimbursement, with tenant isolation, role-based access, effective dating, audit history, configurable approvals, and API availability.","Given an authorized user or integration, when the warranty & claims transaction is submitted, then required fields and policies are validated, the state transition is recorded, financial and project links are preserved, exceptions are surfaced, and an immutable audit event is created.",P12-ENT-012,P12-WF-07,P12-ENG-09,P12-API-17,P12-TC-137,Review Ready
P12-REQ-138,Tires & Undercarriage,Must,"The platform shall calculate governed tires & undercarriage records and decisions for position tracking, measurements, rotations, replacements, wear forecasts, and cost-per-hour analysis, with tenant isolation, role-based access, effective dating, audit history, configurable approvals, and API availability.","Given an authorized user or integration, when the tires & undercarriage transaction is submitted, then required fields and policies are validated, the state transition is recorded, financial and project links are preserved, exceptions are surfaced, and an immutable audit event is created.",P12-ENT-013,P12-WF-08,P12-ENG-10,P12-API-18,P12-TC-138,Review Ready
P12-REQ-139,Attachments & Tools,Must,"The platform shall calculate governed attachments & tools records and decisions for attachment compatibility, custody, inspections, calibration, utilization, and loss prevention, with tenant isolation, role-based access, effective dating, audit history, configurable approvals, and API availability.","Given an authorized user or integration, when the attachments & tools transaction is submitted, then required fields and policies are validated, the state transition is recorded, financial and project links are preserved, exceptions are surfaced, and an immutable audit event is created.",P12-ENT-014,P12-WF-09,P12-ENG-11,P12-API-19,P12-TC-139,Review Ready
P12-REQ-140,Documents & Media,Must,"The platform shall calculate governed documents & media records and decisions for manuals, photos, invoices, inspection forms, service records, and immutable evidence, with tenant isolation, role-based access, effective dating, audit history, configurable approvals, and API availability.","Given an authorized user or integration, when the documents & media transaction is submitted, then required fields and policies are validated, the state transition is recorded, financial and project links are preserved, exceptions are surfaced, and an immutable audit event is created.",P12-ENT-015,P12-WF-10,P12-ENG-12,P12-API-20,P12-TC-140,Review Ready
P12-REQ-141,Mobile & Offline,Must,"The platform shall calculate governed mobile & offline records and decisions for offline inspections, work orders, parts usage, signatures, photos, sync, and conflict resolution, with tenant isolation, role-based access, effective dating, audit history, configurable approvals, and API availability.","Given an authorized user or integration, when the mobile & offline transaction is submitted, then required fields and policies are validated, the state transition is recorded, financial and project links are preserved, exceptions are surfaced, and an immutable audit event is created.",P12-ENT-016,P12-WF-11,P12-ENG-13,P12-API-21,P12-TC-141,Review Ready
P12-REQ-142,Fleet Intelligence,Must,"The platform shall calculate governed fleet intelligence records and decisions for health scoring, failure prediction, replacement planning, cost anomaly detection, and recommendations, with tenant isolation, role-based access, effective dating, audit history, configurable approvals, and API availability.","Given an authorized user or integration, when the fleet intelligence transaction is submitted, then required fields and policies are validated, the state transition is recorded, financial and project links are preserved, exceptions are surfaced, and an immutable audit event is created.",P12-ENT-017,P12-WF-12,P12-ENG-14,P12-API-22,P12-TC-142,Review Ready
P12-REQ-143,Fleet Digital Twin,Must,"The platform shall calculate governed fleet digital twin records and decisions for live asset state combining physical, operational, maintenance, financial, location, and risk data, with tenant isolation, role-based access, effective dating, audit history, configurable approvals, and API availability.","Given an authorized user or integration, when the fleet digital twin transaction is submitted, then required fields and policies are validated, the state transition is recorded, financial and project links are preserved, exceptions are surfaced, and an immutable audit event is created.",P12-ENT-018,P12-WF-13,P12-ENG-15,P12-API-23,P12-TC-143,Review Ready
P12-REQ-144,Administration & Integration,Must,"The platform shall calculate governed administration & integration records and decisions for tenant configuration, white-label settings, RBAC, APIs, events, data migration, and audit, with tenant isolation, role-based access, effective dating, audit history, configurable approvals, and API availability.","Given an authorized user or integration, when the administration & integration transaction is submitted, then required fields and policies are validated, the state transition is recorded, financial and project links are preserved, exceptions are surfaced, and an immutable audit event is created.",P12-ENT-019,P12-WF-14,P12-ENG-16,P12-API-24,P12-TC-144,Review Ready
P12-REQ-145,Fleet Registry,Must,"The platform shall monitor governed fleet registry records and decisions for fleet and equipment master records, ownership, classification, specifications, and lifecycle status, with tenant isolation, role-based access, effective dating, audit history, configurable approvals, and API availability.","Given an authorized user or integration, when the fleet registry transaction is submitted, then required fields and policies are validated, the state transition is recorded, financial and project links are preserved, exceptions are surfaced, and an immutable audit event is created.",P12-ENT-020,P12-WF-15,P12-ENG-17,P12-API-25,P12-TC-145,Review Ready
P12-REQ-146,Asset Lifecycle,Must,"The platform shall monitor governed asset lifecycle records and decisions for acquisition, commissioning, transfer, capitalization, utilization, retirement, disposal, and replacement, with tenant isolation, role-based access, effective dating, audit history, configurable approvals, and API availability.","Given an authorized user or integration, when the asset lifecycle transaction is submitted, then required fields and policies are validated, the state transition is recorded, financial and project links are preserved, exceptions are surfaced, and an immutable audit event is created.",P12-ENT-021,P12-WF-16,P12-ENG-18,P12-API-26,P12-TC-146,Review Ready
P12-REQ-147,Preventive Maintenance,Must,"The platform shall monitor governed preventive maintenance records and decisions for meter-, calendar-, condition-, and risk-based preventive maintenance programs, with tenant isolation, role-based access, effective dating, audit history, configurable approvals, and API availability.","Given an authorized user or integration, when the preventive maintenance transaction is submitted, then required fields and policies are validated, the state transition is recorded, financial and project links are preserved, exceptions are surfaced, and an immutable audit event is created.",P12-ENT-022,P12-WF-17,P12-ENG-19,P12-API-27,P12-TC-147,Review Ready
P12-REQ-148,Corrective Maintenance,Must,"The platform shall monitor governed corrective maintenance records and decisions for defect intake, diagnostics, work orders, labor, parts, repair execution, testing, and return to service, with tenant isolation, role-based access, effective dating, audit history, configurable approvals, and API availability.","Given an authorized user or integration, when the corrective maintenance transaction is submitted, then required fields and policies are validated, the state transition is recorded, financial and project links are preserved, exceptions are surfaced, and an immutable audit event is created.",P12-ENT-023,P12-WF-18,P12-ENG-20,P12-API-28,P12-TC-148,Review Ready
P12-REQ-149,Inspections,Must,"The platform shall monitor governed inspections records and decisions for pre-use, post-use, annual, regulatory, safety, and quality inspections with mobile evidence, with tenant isolation, role-based access, effective dating, audit history, configurable approvals, and API availability.","Given an authorized user or integration, when the inspections transaction is submitted, then required fields and policies are validated, the state transition is recorded, financial and project links are preserved, exceptions are surfaced, and an immutable audit event is created.",P12-ENT-024,P12-WF-19,P12-ENG-21,P12-API-29,P12-TC-149,Review Ready
P12-REQ-150,Telematics & IoT,Must,"The platform shall monitor governed telematics & iot records and decisions for OEM and third-party telematics ingestion, normalization, health events, location, meter, and utilization data, with tenant isolation, role-based access, effective dating, audit history, configurable approvals, and API availability.","Given an authorized user or integration, when the telematics & iot transaction is submitted, then required fields and policies are validated, the state transition is recorded, financial and project links are preserved, exceptions are surfaced, and an immutable audit event is created.",P12-ENT-025,P12-WF-20,P12-ENG-22,P12-API-30,P12-TC-150,Review Ready
P12-REQ-151,Fuel & Energy,Must,"The platform shall monitor governed fuel & energy records and decisions for fuel cards, bulk tanks, mobile fueling, electric charging, idle control, consumption, and reconciliation, with tenant isolation, role-based access, effective dating, audit history, configurable approvals, and API availability.","Given an authorized user or integration, when the fuel & energy transaction is submitted, then required fields and policies are validated, the state transition is recorded, financial and project links are preserved, exceptions are surfaced, and an immutable audit event is created.",P12-ENT-026,P12-WF-21,P12-ENG-23,P12-API-31,P12-TC-151,Review Ready
P12-REQ-152,Parts & Components,Must,"The platform shall monitor governed parts & components records and decisions for parts catalogs, serialized components, warranties, cores, inventory integration, and component history, with tenant isolation, role-based access, effective dating, audit history, configurable approvals, and API availability.","Given an authorized user or integration, when the parts & components transaction is submitted, then required fields and policies are validated, the state transition is recorded, financial and project links are preserved, exceptions are surfaced, and an immutable audit event is created.",P12-ENT-027,P12-WF-22,P12-ENG-24,P12-API-32,P12-TC-152,Review Ready
P12-REQ-153,Work Orders,Must,"The platform shall monitor governed work orders records and decisions for planning, approval, scheduling, assignment, execution, cost capture, closeout, and audit, with tenant isolation, role-based access, effective dating, audit history, configurable approvals, and API availability.","Given an authorized user or integration, when the work orders transaction is submitted, then required fields and policies are validated, the state transition is recorded, financial and project links are preserved, exceptions are surfaced, and an immutable audit event is created.",P12-ENT-028,P12-WF-23,P12-ENG-25,P12-API-33,P12-TC-153,Review Ready
P12-REQ-154,Shop Operations,Must,"The platform shall monitor governed shop operations records and decisions for shop bays, technician capacity, backlog, dispatch, tooling, calibration, and productivity, with tenant isolation, role-based access, effective dating, audit history, configurable approvals, and API availability.","Given an authorized user or integration, when the shop operations transaction is submitted, then required fields and policies are validated, the state transition is recorded, financial and project links are preserved, exceptions are surfaced, and an immutable audit event is created.",P12-ENT-029,P12-WF-24,P12-ENG-26,P12-API-34,P12-TC-154,Review Ready
P12-REQ-155,Field Service,Must,"The platform shall monitor governed field service records and decisions for service trucks, mobile technicians, emergency response, remote diagnostics, and site repair, with tenant isolation, role-based access, effective dating, audit history, configurable approvals, and API availability.","Given an authorized user or integration, when the field service transaction is submitted, then required fields and policies are validated, the state transition is recorded, financial and project links are preserved, exceptions are surfaced, and an immutable audit event is created.",P12-ENT-030,P12-WF-25,P12-ENG-27,P12-API-35,P12-TC-155,Review Ready
P12-REQ-156,Rental & Leased Assets,Must,"The platform shall monitor governed rental & leased assets records and decisions for rental intake, rate terms, utilization, off-rent, damage, extensions, and invoice validation, with tenant isolation, role-based access, effective dating, audit history, configurable approvals, and API availability.","Given an authorized user or integration, when the rental & leased assets transaction is submitted, then required fields and policies are validated, the state transition is recorded, financial and project links are preserved, exceptions are surfaced, and an immutable audit event is created.",P12-ENT-031,P12-WF-26,P12-ENG-28,P12-API-36,P12-TC-156,Review Ready
P12-REQ-157,Compliance,Must,"The platform shall monitor governed compliance records and decisions for registrations, permits, DOT records, emissions, inspections, certifications, and out-of-service controls, with tenant isolation, role-based access, effective dating, audit history, configurable approvals, and API availability.","Given an authorized user or integration, when the compliance transaction is submitted, then required fields and policies are validated, the state transition is recorded, financial and project links are preserved, exceptions are surfaced, and an immutable audit event is created.",P12-ENT-032,P12-WF-01,P12-ENG-29,P12-API-37,P12-TC-157,Review Ready
P12-REQ-158,Safety & Risk,Must,"The platform shall monitor governed safety & risk records and decisions for operator authorization, defect severity, lockout/tagout, incident linkage, and critical control verification, with tenant isolation, role-based access, effective dating, audit history, configurable approvals, and API availability.","Given an authorized user or integration, when the safety & risk transaction is submitted, then required fields and policies are validated, the state transition is recorded, financial and project links are preserved, exceptions are surfaced, and an immutable audit event is created.",P12-ENT-033,P12-WF-02,P12-ENG-30,P12-API-38,P12-TC-158,Review Ready
P12-REQ-159,Utilization & Dispatch,Must,"The platform shall monitor governed utilization & dispatch records and decisions for availability, reservation, assignment, dispatch, location, shift use, and underutilization detection, with tenant isolation, role-based access, effective dating, audit history, configurable approvals, and API availability.","Given an authorized user or integration, when the utilization & dispatch transaction is submitted, then required fields and policies are validated, the state transition is recorded, financial and project links are preserved, exceptions are surfaced, and an immutable audit event is created.",P12-ENT-034,P12-WF-03,P12-ENG-31,P12-API-39,P12-TC-159,Review Ready
P12-REQ-160,Equipment Costing,Must,"The platform shall monitor governed equipment costing records and decisions for ownership cost, operating cost, internal rates, fuel, maintenance, depreciation, and project chargeback, with tenant isolation, role-based access, effective dating, audit history, configurable approvals, and API availability.","Given an authorized user or integration, when the equipment costing transaction is submitted, then required fields and policies are validated, the state transition is recorded, financial and project links are preserved, exceptions are surfaced, and an immutable audit event is created.",P12-ENT-035,P12-WF-04,P12-ENG-32,P12-API-40,P12-TC-160,Review Ready
P12-REQ-161,Warranty & Claims,Must,"The platform shall monitor governed warranty & claims records and decisions for coverage rules, claim preparation, evidence, recovery, denial tracking, and supplier reimbursement, with tenant isolation, role-based access, effective dating, audit history, configurable approvals, and API availability.","Given an authorized user or integration, when the warranty & claims transaction is submitted, then required fields and policies are validated, the state transition is recorded, financial and project links are preserved, exceptions are surfaced, and an immutable audit event is created.",P12-ENT-036,P12-WF-05,P12-ENG-01,P12-API-01,P12-TC-161,Review Ready
P12-REQ-162,Tires & Undercarriage,Must,"The platform shall monitor governed tires & undercarriage records and decisions for position tracking, measurements, rotations, replacements, wear forecasts, and cost-per-hour analysis, with tenant isolation, role-based access, effective dating, audit history, configurable approvals, and API availability.","Given an authorized user or integration, when the tires & undercarriage transaction is submitted, then required fields and policies are validated, the state transition is recorded, financial and project links are preserved, exceptions are surfaced, and an immutable audit event is created.",P12-ENT-037,P12-WF-06,P12-ENG-02,P12-API-02,P12-TC-162,Review Ready
P12-REQ-163,Attachments & Tools,Must,"The platform shall monitor governed attachments & tools records and decisions for attachment compatibility, custody, inspections, calibration, utilization, and loss prevention, with tenant isolation, role-based access, effective dating, audit history, configurable approvals, and API availability.","Given an authorized user or integration, when the attachments & tools transaction is submitted, then required fields and policies are validated, the state transition is recorded, financial and project links are preserved, exceptions are surfaced, and an immutable audit event is created.",P12-ENT-038,P12-WF-07,P12-ENG-03,P12-API-03,P12-TC-163,Review Ready
P12-REQ-164,Documents & Media,Must,"The platform shall monitor governed documents & media records and decisions for manuals, photos, invoices, inspection forms, service records, and immutable evidence, with tenant isolation, role-based access, effective dating, audit history, configurable approvals, and API availability.","Given an authorized user or integration, when the documents & media transaction is submitted, then required fields and policies are validated, the state transition is recorded, financial and project links are preserved, exceptions are surfaced, and an immutable audit event is created.",P12-ENT-039,P12-WF-08,P12-ENG-04,P12-API-04,P12-TC-164,Review Ready
P12-REQ-165,Mobile & Offline,Must,"The platform shall monitor governed mobile & offline records and decisions for offline inspections, work orders, parts usage, signatures, photos, sync, and conflict resolution, with tenant isolation, role-based access, effective dating, audit history, configurable approvals, and API availability.","Given an authorized user or integration, when the mobile & offline transaction is submitted, then required fields and policies are validated, the state transition is recorded, financial and project links are preserved, exceptions are surfaced, and an immutable audit event is created.",P12-ENT-040,P12-WF-09,P12-ENG-05,P12-API-05,P12-TC-165,Review Ready
P12-REQ-166,Fleet Intelligence,Must,"The platform shall monitor governed fleet intelligence records and decisions for health scoring, failure prediction, replacement planning, cost anomaly detection, and recommendations, with tenant isolation, role-based access, effective dating, audit history, configurable approvals, and API availability.","Given an authorized user or integration, when the fleet intelligence transaction is submitted, then required fields and policies are validated, the state transition is recorded, financial and project links are preserved, exceptions are surfaced, and an immutable audit event is created.",P12-ENT-041,P12-WF-10,P12-ENG-06,P12-API-06,P12-TC-166,Review Ready
P12-REQ-167,Fleet Digital Twin,Must,"The platform shall monitor governed fleet digital twin records and decisions for live asset state combining physical, operational, maintenance, financial, location, and risk data, with tenant isolation, role-based access, effective dating, audit history, configurable approvals, and API availability.","Given an authorized user or integration, when the fleet digital twin transaction is submitted, then required fields and policies are validated, the state transition is recorded, financial and project links are preserved, exceptions are surfaced, and an immutable audit event is created.",P12-ENT-042,P12-WF-11,P12-ENG-07,P12-API-07,P12-TC-167,Review Ready
P12-REQ-168,Administration & Integration,Must,"The platform shall monitor governed administration & integration records and decisions for tenant configuration, white-label settings, RBAC, APIs, events, data migration, and audit, with tenant isolation, role-based access, effective dating, audit history, configurable approvals, and API availability.","Given an authorized user or integration, when the administration & integration transaction is submitted, then required fields and policies are validated, the state transition is recorded, financial and project links are preserved, exceptions are surfaced, and an immutable audit event is created.",P12-ENT-043,P12-WF-12,P12-ENG-08,P12-API-08,P12-TC-168,Review Ready
P12-REQ-169,Fleet Registry,Must,"The platform shall reconcile governed fleet registry records and decisions for fleet and equipment master records, ownership, classification, specifications, and lifecycle status, with tenant isolation, role-based access, effective dating, audit history, configurable approvals, and API availability.","Given an authorized user or integration, when the fleet registry transaction is submitted, then required fields and policies are validated, the state transition is recorded, financial and project links are preserved, exceptions are surfaced, and an immutable audit event is created.",P12-ENT-044,P12-WF-13,P12-ENG-09,P12-API-09,P12-TC-169,Review Ready
P12-REQ-170,Asset Lifecycle,Must,"The platform shall reconcile governed asset lifecycle records and decisions for acquisition, commissioning, transfer, capitalization, utilization, retirement, disposal, and replacement, with tenant isolation, role-based access, effective dating, audit history, configurable approvals, and API availability.","Given an authorized user or integration, when the asset lifecycle transaction is submitted, then required fields and policies are validated, the state transition is recorded, financial and project links are preserved, exceptions are surfaced, and an immutable audit event is created.",P12-ENT-045,P12-WF-14,P12-ENG-10,P12-API-10,P12-TC-170,Review Ready
P12-REQ-171,Preventive Maintenance,Must,"The platform shall reconcile governed preventive maintenance records and decisions for meter-, calendar-, condition-, and risk-based preventive maintenance programs, with tenant isolation, role-based access, effective dating, audit history, configurable approvals, and API availability.","Given an authorized user or integration, when the preventive maintenance transaction is submitted, then required fields and policies are validated, the state transition is recorded, financial and project links are preserved, exceptions are surfaced, and an immutable audit event is created.",P12-ENT-046,P12-WF-15,P12-ENG-11,P12-API-11,P12-TC-171,Review Ready
P12-REQ-172,Corrective Maintenance,Must,"The platform shall reconcile governed corrective maintenance records and decisions for defect intake, diagnostics, work orders, labor, parts, repair execution, testing, and return to service, with tenant isolation, role-based access, effective dating, audit history, configurable approvals, and API availability.","Given an authorized user or integration, when the corrective maintenance transaction is submitted, then required fields and policies are validated, the state transition is recorded, financial and project links are preserved, exceptions are surfaced, and an immutable audit event is created.",P12-ENT-047,P12-WF-16,P12-ENG-12,P12-API-12,P12-TC-172,Review Ready
P12-REQ-173,Inspections,Must,"The platform shall reconcile governed inspections records and decisions for pre-use, post-use, annual, regulatory, safety, and quality inspections with mobile evidence, with tenant isolation, role-based access, effective dating, audit history, configurable approvals, and API availability.","Given an authorized user or integration, when the inspections transaction is submitted, then required fields and policies are validated, the state transition is recorded, financial and project links are preserved, exceptions are surfaced, and an immutable audit event is created.",P12-ENT-048,P12-WF-17,P12-ENG-13,P12-API-13,P12-TC-173,Review Ready
P12-REQ-174,Telematics & IoT,Must,"The platform shall reconcile governed telematics & iot records and decisions for OEM and third-party telematics ingestion, normalization, health events, location, meter, and utilization data, with tenant isolation, role-based access, effective dating, audit history, configurable approvals, and API availability.","Given an authorized user or integration, when the telematics & iot transaction is submitted, then required fields and policies are validated, the state transition is recorded, financial and project links are preserved, exceptions are surfaced, and an immutable audit event is created.",P12-ENT-049,P12-WF-18,P12-ENG-14,P12-API-14,P12-TC-174,Review Ready
P12-REQ-175,Fuel & Energy,Must,"The platform shall reconcile governed fuel & energy records and decisions for fuel cards, bulk tanks, mobile fueling, electric charging, idle control, consumption, and reconciliation, with tenant isolation, role-based access, effective dating, audit history, configurable approvals, and API availability.","Given an authorized user or integration, when the fuel & energy transaction is submitted, then required fields and policies are validated, the state transition is recorded, financial and project links are preserved, exceptions are surfaced, and an immutable audit event is created.",P12-ENT-050,P12-WF-19,P12-ENG-15,P12-API-15,P12-TC-175,Review Ready
P12-REQ-176,Parts & Components,Must,"The platform shall reconcile governed parts & components records and decisions for parts catalogs, serialized components, warranties, cores, inventory integration, and component history, with tenant isolation, role-based access, effective dating, audit history, configurable approvals, and API availability.","Given an authorized user or integration, when the parts & components transaction is submitted, then required fields and policies are validated, the state transition is recorded, financial and project links are preserved, exceptions are surfaced, and an immutable audit event is created.",P12-ENT-051,P12-WF-20,P12-ENG-16,P12-API-16,P12-TC-176,Review Ready
P12-REQ-177,Work Orders,Must,"The platform shall reconcile governed work orders records and decisions for planning, approval, scheduling, assignment, execution, cost capture, closeout, and audit, with tenant isolation, role-based access, effective dating, audit history, configurable approvals, and API availability.","Given an authorized user or integration, when the work orders transaction is submitted, then required fields and policies are validated, the state transition is recorded, financial and project links are preserved, exceptions are surfaced, and an immutable audit event is created.",P12-ENT-052,P12-WF-21,P12-ENG-17,P12-API-17,P12-TC-177,Review Ready
P12-REQ-178,Shop Operations,Must,"The platform shall reconcile governed shop operations records and decisions for shop bays, technician capacity, backlog, dispatch, tooling, calibration, and productivity, with tenant isolation, role-based access, effective dating, audit history, configurable approvals, and API availability.","Given an authorized user or integration, when the shop operations transaction is submitted, then required fields and policies are validated, the state transition is recorded, financial and project links are preserved, exceptions are surfaced, and an immutable audit event is created.",P12-ENT-053,P12-WF-22,P12-ENG-18,P12-API-18,P12-TC-178,Review Ready
P12-REQ-179,Field Service,Must,"The platform shall reconcile governed field service records and decisions for service trucks, mobile technicians, emergency response, remote diagnostics, and site repair, with tenant isolation, role-based access, effective dating, audit history, configurable approvals, and API availability.","Given an authorized user or integration, when the field service transaction is submitted, then required fields and policies are validated, the state transition is recorded, financial and project links are preserved, exceptions are surfaced, and an immutable audit event is created.",P12-ENT-054,P12-WF-23,P12-ENG-19,P12-API-19,P12-TC-179,Review Ready
P12-REQ-180,Rental & Leased Assets,Must,"The platform shall reconcile governed rental & leased assets records and decisions for rental intake, rate terms, utilization, off-rent, damage, extensions, and invoice validation, with tenant isolation, role-based access, effective dating, audit history, configurable approvals, and API availability.","Given an authorized user or integration, when the rental & leased assets transaction is submitted, then required fields and policies are validated, the state transition is recorded, financial and project links are preserved, exceptions are surfaced, and an immutable audit event is created.",P12-ENT-055,P12-WF-24,P12-ENG-20,P12-API-20,P12-TC-180,Review Ready
P12-REQ-181,Compliance,Must,"The platform shall reconcile governed compliance records and decisions for registrations, permits, DOT records, emissions, inspections, certifications, and out-of-service controls, with tenant isolation, role-based access, effective dating, audit history, configurable approvals, and API availability.","Given an authorized user or integration, when the compliance transaction is submitted, then required fields and policies are validated, the state transition is recorded, financial and project links are preserved, exceptions are surfaced, and an immutable audit event is created.",P12-ENT-056,P12-WF-25,P12-ENG-21,P12-API-21,P12-TC-181,Review Ready
P12-REQ-182,Safety & Risk,Must,"The platform shall reconcile governed safety & risk records and decisions for operator authorization, defect severity, lockout/tagout, incident linkage, and critical control verification, with tenant isolation, role-based access, effective dating, audit history, configurable approvals, and API availability.","Given an authorized user or integration, when the safety & risk transaction is submitted, then required fields and policies are validated, the state transition is recorded, financial and project links are preserved, exceptions are surfaced, and an immutable audit event is created.",P12-ENT-057,P12-WF-26,P12-ENG-22,P12-API-22,P12-TC-182,Review Ready
P12-REQ-183,Utilization & Dispatch,Must,"The platform shall reconcile governed utilization & dispatch records and decisions for availability, reservation, assignment, dispatch, location, shift use, and underutilization detection, with tenant isolation, role-based access, effective dating, audit history, configurable approvals, and API availability.","Given an authorized user or integration, when the utilization & dispatch transaction is submitted, then required fields and policies are validated, the state transition is recorded, financial and project links are preserved, exceptions are surfaced, and an immutable audit event is created.",P12-ENT-058,P12-WF-01,P12-ENG-23,P12-API-23,P12-TC-183,Review Ready
P12-REQ-184,Equipment Costing,Must,"The platform shall reconcile governed equipment costing records and decisions for ownership cost, operating cost, internal rates, fuel, maintenance, depreciation, and project chargeback, with tenant isolation, role-based access, effective dating, audit history, configurable approvals, and API availability.","Given an authorized user or integration, when the equipment costing transaction is submitted, then required fields and policies are validated, the state transition is recorded, financial and project links are preserved, exceptions are surfaced, and an immutable audit event is created.",P12-ENT-059,P12-WF-02,P12-ENG-24,P12-API-24,P12-TC-184,Review Ready
P12-REQ-185,Warranty & Claims,Must,"The platform shall reconcile governed warranty & claims records and decisions for coverage rules, claim preparation, evidence, recovery, denial tracking, and supplier reimbursement, with tenant isolation, role-based access, effective dating, audit history, configurable approvals, and API availability.","Given an authorized user or integration, when the warranty & claims transaction is submitted, then required fields and policies are validated, the state transition is recorded, financial and project links are preserved, exceptions are surfaced, and an immutable audit event is created.",P12-ENT-060,P12-WF-03,P12-ENG-25,P12-API-25,P12-TC-185,Review Ready
P12-REQ-186,Tires & Undercarriage,Must,"The platform shall reconcile governed tires & undercarriage records and decisions for position tracking, measurements, rotations, replacements, wear forecasts, and cost-per-hour analysis, with tenant isolation, role-based access, effective dating, audit history, configurable approvals, and API availability.","Given an authorized user or integration, when the tires & undercarriage transaction is submitted, then required fields and policies are validated, the state transition is recorded, financial and project links are preserved, exceptions are surfaced, and an immutable audit event is created.",P12-ENT-061,P12-WF-04,P12-ENG-26,P12-API-26,P12-TC-186,Review Ready
P12-REQ-187,Attachments & Tools,Must,"The platform shall reconcile governed attachments & tools records and decisions for attachment compatibility, custody, inspections, calibration, utilization, and loss prevention, with tenant isolation, role-based access, effective dating, audit history, configurable approvals, and API availability.","Given an authorized user or integration, when the attachments & tools transaction is submitted, then required fields and policies are validated, the state transition is recorded, financial and project links are preserved, exceptions are surfaced, and an immutable audit event is created.",P12-ENT-062,P12-WF-05,P12-ENG-27,P12-API-27,P12-TC-187,Review Ready
P12-REQ-188,Documents & Media,Must,"The platform shall reconcile governed documents & media records and decisions for manuals, photos, invoices, inspection forms, service records, and immutable evidence, with tenant isolation, role-based access, effective dating, audit history, configurable approvals, and API availability.","Given an authorized user or integration, when the documents & media transaction is submitted, then required fields and policies are validated, the state transition is recorded, financial and project links are preserved, exceptions are surfaced, and an immutable audit event is created.",P12-ENT-063,P12-WF-06,P12-ENG-28,P12-API-28,P12-TC-188,Review Ready
P12-REQ-189,Mobile & Offline,Must,"The platform shall reconcile governed mobile & offline records and decisions for offline inspections, work orders, parts usage, signatures, photos, sync, and conflict resolution, with tenant isolation, role-based access, effective dating, audit history, configurable approvals, and API availability.","Given an authorized user or integration, when the mobile & offline transaction is submitted, then required fields and policies are validated, the state transition is recorded, financial and project links are preserved, exceptions are surfaced, and an immutable audit event is created.",P12-ENT-064,P12-WF-07,P12-ENG-29,P12-API-29,P12-TC-189,Review Ready
P12-REQ-190,Fleet Intelligence,Must,"The platform shall reconcile governed fleet intelligence records and decisions for health scoring, failure prediction, replacement planning, cost anomaly detection, and recommendations, with tenant isolation, role-based access, effective dating, audit history, configurable approvals, and API availability.","Given an authorized user or integration, when the fleet intelligence transaction is submitted, then required fields and policies are validated, the state transition is recorded, financial and project links are preserved, exceptions are surfaced, and an immutable audit event is created.",P12-ENT-065,P12-WF-08,P12-ENG-30,P12-API-30,P12-TC-190,Review Ready
P12-REQ-191,Fleet Digital Twin,Must,"The platform shall reconcile governed fleet digital twin records and decisions for live asset state combining physical, operational, maintenance, financial, location, and risk data, with tenant isolation, role-based access, effective dating, audit history, configurable approvals, and API availability.","Given an authorized user or integration, when the fleet digital twin transaction is submitted, then required fields and policies are validated, the state transition is recorded, financial and project links are preserved, exceptions are surfaced, and an immutable audit event is created.",P12-ENT-066,P12-WF-09,P12-ENG-31,P12-API-31,P12-TC-191,Review Ready
P12-REQ-192,Administration & Integration,Must,"The platform shall reconcile governed administration & integration records and decisions for tenant configuration, white-label settings, RBAC, APIs, events, data migration, and audit, with tenant isolation, role-based access, effective dating, audit history, configurable approvals, and API availability.","Given an authorized user or integration, when the administration & integration transaction is submitted, then required fields and policies are validated, the state transition is recorded, financial and project links are preserved, exceptions are surfaced, and an immutable audit event is created.",P12-ENT-067,P12-WF-10,P12-ENG-32,P12-API-32,P12-TC-192,Review Ready
P12-REQ-193,Fleet Registry,Must,"The platform shall forecast governed fleet registry records and decisions for fleet and equipment master records, ownership, classification, specifications, and lifecycle status, with tenant isolation, role-based access, effective dating, audit history, configurable approvals, and API availability.","Given an authorized user or integration, when the fleet registry transaction is submitted, then required fields and policies are validated, the state transition is recorded, financial and project links are preserved, exceptions are surfaced, and an immutable audit event is created.",P12-ENT-068,P12-WF-11,P12-ENG-01,P12-API-33,P12-TC-193,Review Ready
P12-REQ-194,Asset Lifecycle,Must,"The platform shall forecast governed asset lifecycle records and decisions for acquisition, commissioning, transfer, capitalization, utilization, retirement, disposal, and replacement, with tenant isolation, role-based access, effective dating, audit history, configurable approvals, and API availability.","Given an authorized user or integration, when the asset lifecycle transaction is submitted, then required fields and policies are validated, the state transition is recorded, financial and project links are preserved, exceptions are surfaced, and an immutable audit event is created.",P12-ENT-069,P12-WF-12,P12-ENG-02,P12-API-34,P12-TC-194,Review Ready
P12-REQ-195,Preventive Maintenance,Must,"The platform shall forecast governed preventive maintenance records and decisions for meter-, calendar-, condition-, and risk-based preventive maintenance programs, with tenant isolation, role-based access, effective dating, audit history, configurable approvals, and API availability.","Given an authorized user or integration, when the preventive maintenance transaction is submitted, then required fields and policies are validated, the state transition is recorded, financial and project links are preserved, exceptions are surfaced, and an immutable audit event is created.",P12-ENT-070,P12-WF-13,P12-ENG-03,P12-API-35,P12-TC-195,Review Ready
P12-REQ-196,Corrective Maintenance,Must,"The platform shall forecast governed corrective maintenance records and decisions for defect intake, diagnostics, work orders, labor, parts, repair execution, testing, and return to service, with tenant isolation, role-based access, effective dating, audit history, configurable approvals, and API availability.","Given an authorized user or integration, when the corrective maintenance transaction is submitted, then required fields and policies are validated, the state transition is recorded, financial and project links are preserved, exceptions are surfaced, and an immutable audit event is created.",P12-ENT-071,P12-WF-14,P12-ENG-04,P12-API-36,P12-TC-196,Review Ready
P12-REQ-197,Inspections,Must,"The platform shall forecast governed inspections records and decisions for pre-use, post-use, annual, regulatory, safety, and quality inspections with mobile evidence, with tenant isolation, role-based access, effective dating, audit history, configurable approvals, and API availability.","Given an authorized user or integration, when the inspections transaction is submitted, then required fields and policies are validated, the state transition is recorded, financial and project links are preserved, exceptions are surfaced, and an immutable audit event is created.",P12-ENT-072,P12-WF-15,P12-ENG-05,P12-API-37,P12-TC-197,Review Ready
P12-REQ-198,Telematics & IoT,Must,"The platform shall forecast governed telematics & iot records and decisions for OEM and third-party telematics ingestion, normalization, health events, location, meter, and utilization data, with tenant isolation, role-based access, effective dating, audit history, configurable approvals, and API availability.","Given an authorized user or integration, when the telematics & iot transaction is submitted, then required fields and policies are validated, the state transition is recorded, financial and project links are preserved, exceptions are surfaced, and an immutable audit event is created.",P12-ENT-073,P12-WF-16,P12-ENG-06,P12-API-38,P12-TC-198,Review Ready
P12-REQ-199,Fuel & Energy,Must,"The platform shall forecast governed fuel & energy records and decisions for fuel cards, bulk tanks, mobile fueling, electric charging, idle control, consumption, and reconciliation, with tenant isolation, role-based access, effective dating, audit history, configurable approvals, and API availability.","Given an authorized user or integration, when the fuel & energy transaction is submitted, then required fields and policies are validated, the state transition is recorded, financial and project links are preserved, exceptions are surfaced, and an immutable audit event is created.",P12-ENT-074,P12-WF-17,P12-ENG-07,P12-API-39,P12-TC-199,Review Ready
P12-REQ-200,Parts & Components,Must,"The platform shall forecast governed parts & components records and decisions for parts catalogs, serialized components, warranties, cores, inventory integration, and component history, with tenant isolation, role-based access, effective dating, audit history, configurable approvals, and API availability.","Given an authorized user or integration, when the parts & components transaction is submitted, then required fields and policies are validated, the state transition is recorded, financial and project links are preserved, exceptions are surfaced, and an immutable audit event is created.",P12-ENT-075,P12-WF-18,P12-ENG-08,P12-API-40,P12-TC-200,Review Ready
P12-REQ-201,Work Orders,Must,"The platform shall forecast governed work orders records and decisions for planning, approval, scheduling, assignment, execution, cost capture, closeout, and audit, with tenant isolation, role-based access, effective dating, audit history, configurable approvals, and API availability.","Given an authorized user or integration, when the work orders transaction is submitted, then required fields and policies are validated, the state transition is recorded, financial and project links are preserved, exceptions are surfaced, and an immutable audit event is created.",P12-ENT-076,P12-WF-19,P12-ENG-09,P12-API-01,P12-TC-201,Review Ready
P12-REQ-202,Shop Operations,Must,"The platform shall forecast governed shop operations records and decisions for shop bays, technician capacity, backlog, dispatch, tooling, calibration, and productivity, with tenant isolation, role-based access, effective dating, audit history, configurable approvals, and API availability.","Given an authorized user or integration, when the shop operations transaction is submitted, then required fields and policies are validated, the state transition is recorded, financial and project links are preserved, exceptions are surfaced, and an immutable audit event is created.",P12-ENT-077,P12-WF-20,P12-ENG-10,P12-API-02,P12-TC-202,Review Ready
P12-REQ-203,Field Service,Must,"The platform shall forecast governed field service records and decisions for service trucks, mobile technicians, emergency response, remote diagnostics, and site repair, with tenant isolation, role-based access, effective dating, audit history, configurable approvals, and API availability.","Given an authorized user or integration, when the field service transaction is submitted, then required fields and policies are validated, the state transition is recorded, financial and project links are preserved, exceptions are surfaced, and an immutable audit event is created.",P12-ENT-078,P12-WF-21,P12-ENG-11,P12-API-03,P12-TC-203,Review Ready
P12-REQ-204,Rental & Leased Assets,Must,"The platform shall forecast governed rental & leased assets records and decisions for rental intake, rate terms, utilization, off-rent, damage, extensions, and invoice validation, with tenant isolation, role-based access, effective dating, audit history, configurable approvals, and API availability.","Given an authorized user or integration, when the rental & leased assets transaction is submitted, then required fields and policies are validated, the state transition is recorded, financial and project links are preserved, exceptions are surfaced, and an immutable audit event is created.",P12-ENT-079,P12-WF-22,P12-ENG-12,P12-API-04,P12-TC-204,Review Ready
P12-REQ-205,Compliance,Must,"The platform shall forecast governed compliance records and decisions for registrations, permits, DOT records, emissions, inspections, certifications, and out-of-service controls, with tenant isolation, role-based access, effective dating, audit history, configurable approvals, and API availability.","Given an authorized user or integration, when the compliance transaction is submitted, then required fields and policies are validated, the state transition is recorded, financial and project links are preserved, exceptions are surfaced, and an immutable audit event is created.",P12-ENT-080,P12-WF-23,P12-ENG-13,P12-API-05,P12-TC-205,Review Ready
P12-REQ-206,Safety & Risk,Must,"The platform shall forecast governed safety & risk records and decisions for operator authorization, defect severity, lockout/tagout, incident linkage, and critical control verification, with tenant isolation, role-based access, effective dating, audit history, configurable approvals, and API availability.","Given an authorized user or integration, when the safety & risk transaction is submitted, then required fields and policies are validated, the state transition is recorded, financial and project links are preserved, exceptions are surfaced, and an immutable audit event is created.",P12-ENT-081,P12-WF-24,P12-ENG-14,P12-API-06,P12-TC-206,Review Ready
P12-REQ-207,Utilization & Dispatch,Must,"The platform shall forecast governed utilization & dispatch records and decisions for availability, reservation, assignment, dispatch, location, shift use, and underutilization detection, with tenant isolation, role-based access, effective dating, audit history, configurable approvals, and API availability.","Given an authorized user or integration, when the utilization & dispatch transaction is submitted, then required fields and policies are validated, the state transition is recorded, financial and project links are preserved, exceptions are surfaced, and an immutable audit event is created.",P12-ENT-082,P12-WF-25,P12-ENG-15,P12-API-07,P12-TC-207,Review Ready
P12-REQ-208,Equipment Costing,Must,"The platform shall forecast governed equipment costing records and decisions for ownership cost, operating cost, internal rates, fuel, maintenance, depreciation, and project chargeback, with tenant isolation, role-based access, effective dating, audit history, configurable approvals, and API availability.","Given an authorized user or integration, when the equipment costing transaction is submitted, then required fields and policies are validated, the state transition is recorded, financial and project links are preserved, exceptions are surfaced, and an immutable audit event is created.",P12-ENT-083,P12-WF-26,P12-ENG-16,P12-API-08,P12-TC-208,Review Ready
P12-REQ-209,Warranty & Claims,Must,"The platform shall forecast governed warranty & claims records and decisions for coverage rules, claim preparation, evidence, recovery, denial tracking, and supplier reimbursement, with tenant isolation, role-based access, effective dating, audit history, configurable approvals, and API availability.","Given an authorized user or integration, when the warranty & claims transaction is submitted, then required fields and policies are validated, the state transition is recorded, financial and project links are preserved, exceptions are surfaced, and an immutable audit event is created.",P12-ENT-084,P12-WF-01,P12-ENG-17,P12-API-09,P12-TC-209,Review Ready
P12-REQ-210,Tires & Undercarriage,Must,"The platform shall forecast governed tires & undercarriage records and decisions for position tracking, measurements, rotations, replacements, wear forecasts, and cost-per-hour analysis, with tenant isolation, role-based access, effective dating, audit history, configurable approvals, and API availability.","Given an authorized user or integration, when the tires & undercarriage transaction is submitted, then required fields and policies are validated, the state transition is recorded, financial and project links are preserved, exceptions are surfaced, and an immutable audit event is created.",P12-ENT-085,P12-WF-02,P12-ENG-18,P12-API-10,P12-TC-210,Review Ready
P12-REQ-211,Attachments & Tools,Must,"The platform shall forecast governed attachments & tools records and decisions for attachment compatibility, custody, inspections, calibration, utilization, and loss prevention, with tenant isolation, role-based access, effective dating, audit history, configurable approvals, and API availability.","Given an authorized user or integration, when the attachments & tools transaction is submitted, then required fields and policies are validated, the state transition is recorded, financial and project links are preserved, exceptions are surfaced, and an immutable audit event is created.",P12-ENT-086,P12-WF-03,P12-ENG-19,P12-API-11,P12-TC-211,Review Ready
P12-REQ-212,Documents & Media,Must,"The platform shall forecast governed documents & media records and decisions for manuals, photos, invoices, inspection forms, service records, and immutable evidence, with tenant isolation, role-based access, effective dating, audit history, configurable approvals, and API availability.","Given an authorized user or integration, when the documents & media transaction is submitted, then required fields and policies are validated, the state transition is recorded, financial and project links are preserved, exceptions are surfaced, and an immutable audit event is created.",P12-ENT-087,P12-WF-04,P12-ENG-20,P12-API-12,P12-TC-212,Review Ready
P12-REQ-213,Mobile & Offline,Must,"The platform shall forecast governed mobile & offline records and decisions for offline inspections, work orders, parts usage, signatures, photos, sync, and conflict resolution, with tenant isolation, role-based access, effective dating, audit history, configurable approvals, and API availability.","Given an authorized user or integration, when the mobile & offline transaction is submitted, then required fields and policies are validated, the state transition is recorded, financial and project links are preserved, exceptions are surfaced, and an immutable audit event is created.",P12-ENT-088,P12-WF-05,P12-ENG-21,P12-API-13,P12-TC-213,Review Ready
P12-REQ-214,Fleet Intelligence,Must,"The platform shall forecast governed fleet intelligence records and decisions for health scoring, failure prediction, replacement planning, cost anomaly detection, and recommendations, with tenant isolation, role-based access, effective dating, audit history, configurable approvals, and API availability.","Given an authorized user or integration, when the fleet intelligence transaction is submitted, then required fields and policies are validated, the state transition is recorded, financial and project links are preserved, exceptions are surfaced, and an immutable audit event is created.",P12-ENT-089,P12-WF-06,P12-ENG-22,P12-API-14,P12-TC-214,Review Ready
P12-REQ-215,Fleet Digital Twin,Must,"The platform shall forecast governed fleet digital twin records and decisions for live asset state combining physical, operational, maintenance, financial, location, and risk data, with tenant isolation, role-based access, effective dating, audit history, configurable approvals, and API availability.","Given an authorized user or integration, when the fleet digital twin transaction is submitted, then required fields and policies are validated, the state transition is recorded, financial and project links are preserved, exceptions are surfaced, and an immutable audit event is created.",P12-ENT-090,P12-WF-07,P12-ENG-23,P12-API-15,P12-TC-215,Review Ready
P12-REQ-216,Administration & Integration,Must,"The platform shall forecast governed administration & integration records and decisions for tenant configuration, white-label settings, RBAC, APIs, events, data migration, and audit, with tenant isolation, role-based access, effective dating, audit history, configurable approvals, and API availability.","Given an authorized user or integration, when the administration & integration transaction is submitted, then required fields and policies are validated, the state transition is recorded, financial and project links are preserved, exceptions are surfaced, and an immutable audit event is created.",P12-ENT-091,P12-WF-08,P12-ENG-24,P12-API-16,P12-TC-216,Review Ready
P12-REQ-217,Fleet Registry,Must,"The platform shall audit governed fleet registry records and decisions for fleet and equipment master records, ownership, classification, specifications, and lifecycle status, with tenant isolation, role-based access, effective dating, audit history, configurable approvals, and API availability.","Given an authorized user or integration, when the fleet registry transaction is submitted, then required fields and policies are validated, the state transition is recorded, financial and project links are preserved, exceptions are surfaced, and an immutable audit event is created.",P12-ENT-092,P12-WF-09,P12-ENG-25,P12-API-17,P12-TC-217,Review Ready
P12-REQ-218,Asset Lifecycle,Must,"The platform shall audit governed asset lifecycle records and decisions for acquisition, commissioning, transfer, capitalization, utilization, retirement, disposal, and replacement, with tenant isolation, role-based access, effective dating, audit history, configurable approvals, and API availability.","Given an authorized user or integration, when the asset lifecycle transaction is submitted, then required fields and policies are validated, the state transition is recorded, financial and project links are preserved, exceptions are surfaced, and an immutable audit event is created.",P12-ENT-093,P12-WF-10,P12-ENG-26,P12-API-18,P12-TC-218,Review Ready
P12-REQ-219,Preventive Maintenance,Must,"The platform shall audit governed preventive maintenance records and decisions for meter-, calendar-, condition-, and risk-based preventive maintenance programs, with tenant isolation, role-based access, effective dating, audit history, configurable approvals, and API availability.","Given an authorized user or integration, when the preventive maintenance transaction is submitted, then required fields and policies are validated, the state transition is recorded, financial and project links are preserved, exceptions are surfaced, and an immutable audit event is created.",P12-ENT-094,P12-WF-11,P12-ENG-27,P12-API-19,P12-TC-219,Review Ready
P12-REQ-220,Corrective Maintenance,Must,"The platform shall audit governed corrective maintenance records and decisions for defect intake, diagnostics, work orders, labor, parts, repair execution, testing, and return to service, with tenant isolation, role-based access, effective dating, audit history, configurable approvals, and API availability.","Given an authorized user or integration, when the corrective maintenance transaction is submitted, then required fields and policies are validated, the state transition is recorded, financial and project links are preserved, exceptions are surfaced, and an immutable audit event is created.",P12-ENT-095,P12-WF-12,P12-ENG-28,P12-API-20,P12-TC-220,Review Ready
P12-REQ-221,Inspections,Must,"The platform shall audit governed inspections records and decisions for pre-use, post-use, annual, regulatory, safety, and quality inspections with mobile evidence, with tenant isolation, role-based access, effective dating, audit history, configurable approvals, and API availability.","Given an authorized user or integration, when the inspections transaction is submitted, then required fields and policies are validated, the state transition is recorded, financial and project links are preserved, exceptions are surfaced, and an immutable audit event is created.",P12-ENT-096,P12-WF-13,P12-ENG-29,P12-API-21,P12-TC-221,Review Ready
P12-REQ-222,Telematics & IoT,Must,"The platform shall audit governed telematics & iot records and decisions for OEM and third-party telematics ingestion, normalization, health events, location, meter, and utilization data, with tenant isolation, role-based access, effective dating, audit history, configurable approvals, and API availability.","Given an authorized user or integration, when the telematics & iot transaction is submitted, then required fields and policies are validated, the state transition is recorded, financial and project links are preserved, exceptions are surfaced, and an immutable audit event is created.",P12-ENT-097,P12-WF-14,P12-ENG-30,P12-API-22,P12-TC-222,Review Ready
P12-REQ-223,Fuel & Energy,Must,"The platform shall audit governed fuel & energy records and decisions for fuel cards, bulk tanks, mobile fueling, electric charging, idle control, consumption, and reconciliation, with tenant isolation, role-based access, effective dating, audit history, configurable approvals, and API availability.","Given an authorized user or integration, when the fuel & energy transaction is submitted, then required fields and policies are validated, the state transition is recorded, financial and project links are preserved, exceptions are surfaced, and an immutable audit event is created.",P12-ENT-098,P12-WF-15,P12-ENG-31,P12-API-23,P12-TC-223,Review Ready
P12-REQ-224,Parts & Components,Must,"The platform shall audit governed parts & components records and decisions for parts catalogs, serialized components, warranties, cores, inventory integration, and component history, with tenant isolation, role-based access, effective dating, audit history, configurable approvals, and API availability.","Given an authorized user or integration, when the parts & components transaction is submitted, then required fields and policies are validated, the state transition is recorded, financial and project links are preserved, exceptions are surfaced, and an immutable audit event is created.",P12-ENT-099,P12-WF-16,P12-ENG-32,P12-API-24,P12-TC-224,Review Ready
P12-REQ-225,Work Orders,Must,"The platform shall audit governed work orders records and decisions for planning, approval, scheduling, assignment, execution, cost capture, closeout, and audit, with tenant isolation, role-based access, effective dating, audit history, configurable approvals, and API availability.","Given an authorized user or integration, when the work orders transaction is submitted, then required fields and policies are validated, the state transition is recorded, financial and project links are preserved, exceptions are surfaced, and an immutable audit event is created.",P12-ENT-100,P12-WF-17,P12-ENG-01,P12-API-25,P12-TC-225,Review Ready
P12-REQ-226,Shop Operations,Must,"The platform shall audit governed shop operations records and decisions for shop bays, technician capacity, backlog, dispatch, tooling, calibration, and productivity, with tenant isolation, role-based access, effective dating, audit history, configurable approvals, and API availability.","Given an authorized user or integration, when the shop operations transaction is submitted, then required fields and policies are validated, the state transition is recorded, financial and project links are preserved, exceptions are surfaced, and an immutable audit event is created.",P12-ENT-101,P12-WF-18,P12-ENG-02,P12-API-26,P12-TC-226,Review Ready
P12-REQ-227,Field Service,Must,"The platform shall audit governed field service records and decisions for service trucks, mobile technicians, emergency response, remote diagnostics, and site repair, with tenant isolation, role-based access, effective dating, audit history, configurable approvals, and API availability.","Given an authorized user or integration, when the field service transaction is submitted, then required fields and policies are validated, the state transition is recorded, financial and project links are preserved, exceptions are surfaced, and an immutable audit event is created.",P12-ENT-102,P12-WF-19,P12-ENG-03,P12-API-27,P12-TC-227,Review Ready
P12-REQ-228,Rental & Leased Assets,Must,"The platform shall audit governed rental & leased assets records and decisions for rental intake, rate terms, utilization, off-rent, damage, extensions, and invoice validation, with tenant isolation, role-based access, effective dating, audit history, configurable approvals, and API availability.","Given an authorized user or integration, when the rental & leased assets transaction is submitted, then required fields and policies are validated, the state transition is recorded, financial and project links are preserved, exceptions are surfaced, and an immutable audit event is created.",P12-ENT-103,P12-WF-20,P12-ENG-04,P12-API-28,P12-TC-228,Review Ready
P12-REQ-229,Compliance,Must,"The platform shall audit governed compliance records and decisions for registrations, permits, DOT records, emissions, inspections, certifications, and out-of-service controls, with tenant isolation, role-based access, effective dating, audit history, configurable approvals, and API availability.","Given an authorized user or integration, when the compliance transaction is submitted, then required fields and policies are validated, the state transition is recorded, financial and project links are preserved, exceptions are surfaced, and an immutable audit event is created.",P12-ENT-104,P12-WF-21,P12-ENG-05,P12-API-29,P12-TC-229,Review Ready
P12-REQ-230,Safety & Risk,Must,"The platform shall audit governed safety & risk records and decisions for operator authorization, defect severity, lockout/tagout, incident linkage, and critical control verification, with tenant isolation, role-based access, effective dating, audit history, configurable approvals, and API availability.","Given an authorized user or integration, when the safety & risk transaction is submitted, then required fields and policies are validated, the state transition is recorded, financial and project links are preserved, exceptions are surfaced, and an immutable audit event is created.",P12-ENT-105,P12-WF-22,P12-ENG-06,P12-API-30,P12-TC-230,Review Ready
P12-REQ-231,Utilization & Dispatch,Must,"The platform shall audit governed utilization & dispatch records and decisions for availability, reservation, assignment, dispatch, location, shift use, and underutilization detection, with tenant isolation, role-based access, effective dating, audit history, configurable approvals, and API availability.","Given an authorized user or integration, when the utilization & dispatch transaction is submitted, then required fields and policies are validated, the state transition is recorded, financial and project links are preserved, exceptions are surfaced, and an immutable audit event is created.",P12-ENT-106,P12-WF-23,P12-ENG-07,P12-API-31,P12-TC-231,Review Ready
P12-REQ-232,Equipment Costing,Must,"The platform shall audit governed equipment costing records and decisions for ownership cost, operating cost, internal rates, fuel, maintenance, depreciation, and project chargeback, with tenant isolation, role-based access, effective dating, audit history, configurable approvals, and API availability.","Given an authorized user or integration, when the equipment costing transaction is submitted, then required fields and policies are validated, the state transition is recorded, financial and project links are preserved, exceptions are surfaced, and an immutable audit event is created.",P12-ENT-107,P12-WF-24,P12-ENG-08,P12-API-32,P12-TC-232,Review Ready
P12-REQ-233,Warranty & Claims,Must,"The platform shall audit governed warranty & claims records and decisions for coverage rules, claim preparation, evidence, recovery, denial tracking, and supplier reimbursement, with tenant isolation, role-based access, effective dating, audit history, configurable approvals, and API availability.","Given an authorized user or integration, when the warranty & claims transaction is submitted, then required fields and policies are validated, the state transition is recorded, financial and project links are preserved, exceptions are surfaced, and an immutable audit event is created.",P12-ENT-108,P12-WF-25,P12-ENG-09,P12-API-33,P12-TC-233,Review Ready
P12-REQ-234,Tires & Undercarriage,Must,"The platform shall audit governed tires & undercarriage records and decisions for position tracking, measurements, rotations, replacements, wear forecasts, and cost-per-hour analysis, with tenant isolation, role-based access, effective dating, audit history, configurable approvals, and API availability.","Given an authorized user or integration, when the tires & undercarriage transaction is submitted, then required fields and policies are validated, the state transition is recorded, financial and project links are preserved, exceptions are surfaced, and an immutable audit event is created.",P12-ENT-109,P12-WF-26,P12-ENG-10,P12-API-34,P12-TC-234,Review Ready
P12-REQ-235,Attachments & Tools,Must,"The platform shall audit governed attachments & tools records and decisions for attachment compatibility, custody, inspections, calibration, utilization, and loss prevention, with tenant isolation, role-based access, effective dating, audit history, configurable approvals, and API availability.","Given an authorized user or integration, when the attachments & tools transaction is submitted, then required fields and policies are validated, the state transition is recorded, financial and project links are preserved, exceptions are surfaced, and an immutable audit event is created.",P12-ENT-110,P12-WF-01,P12-ENG-11,P12-API-35,P12-TC-235,Review Ready
P12-REQ-236,Documents & Media,Must,"The platform shall audit governed documents & media records and decisions for manuals, photos, invoices, inspection forms, service records, and immutable evidence, with tenant isolation, role-based access, effective dating, audit history, configurable approvals, and API availability.","Given an authorized user or integration, when the documents & media transaction is submitted, then required fields and policies are validated, the state transition is recorded, financial and project links are preserved, exceptions are surfaced, and an immutable audit event is created.",P12-ENT-111,P12-WF-02,P12-ENG-12,P12-API-36,P12-TC-236,Review Ready
P12-REQ-237,Mobile & Offline,Must,"The platform shall audit governed mobile & offline records and decisions for offline inspections, work orders, parts usage, signatures, photos, sync, and conflict resolution, with tenant isolation, role-based access, effective dating, audit history, configurable approvals, and API availability.","Given an authorized user or integration, when the mobile & offline transaction is submitted, then required fields and policies are validated, the state transition is recorded, financial and project links are preserved, exceptions are surfaced, and an immutable audit event is created.",P12-ENT-112,P12-WF-03,P12-ENG-13,P12-API-37,P12-TC-237,Review Ready
P12-REQ-238,Fleet Intelligence,Must,"The platform shall audit governed fleet intelligence records and decisions for health scoring, failure prediction, replacement planning, cost anomaly detection, and recommendations, with tenant isolation, role-based access, effective dating, audit history, configurable approvals, and API availability.","Given an authorized user or integration, when the fleet intelligence transaction is submitted, then required fields and policies are validated, the state transition is recorded, financial and project links are preserved, exceptions are surfaced, and an immutable audit event is created.",P12-ENT-113,P12-WF-04,P12-ENG-14,P12-API-38,P12-TC-238,Review Ready
P12-REQ-239,Fleet Digital Twin,Must,"The platform shall audit governed fleet digital twin records and decisions for live asset state combining physical, operational, maintenance, financial, location, and risk data, with tenant isolation, role-based access, effective dating, audit history, configurable approvals, and API availability.","Given an authorized user or integration, when the fleet digital twin transaction is submitted, then required fields and policies are validated, the state transition is recorded, financial and project links are preserved, exceptions are surfaced, and an immutable audit event is created.",P12-ENT-114,P12-WF-05,P12-ENG-15,P12-API-39,P12-TC-239,Review Ready
P12-REQ-240,Administration & Integration,Must,"The platform shall audit governed administration & integration records and decisions for tenant configuration, white-label settings, RBAC, APIs, events, data migration, and audit, with tenant isolation, role-based access, effective dating, audit history, configurable approvals, and API availability.","Given an authorized user or integration, when the administration & integration transaction is submitted, then required fields and policies are validated, the state transition is recorded, financial and project links are preserved, exceptions are surfaced, and an immutable audit event is created.",P12-ENT-115,P12-WF-06,P12-ENG-16,P12-API-40,P12-TC-240,Review Ready
P12-REQ-241,Fleet Registry,Must,"The platform shall export governed fleet registry records and decisions for fleet and equipment master records, ownership, classification, specifications, and lifecycle status, with tenant isolation, role-based access, effective dating, audit history, configurable approvals, and API availability.","Given an authorized user or integration, when the fleet registry transaction is submitted, then required fields and policies are validated, the state transition is recorded, financial and project links are preserved, exceptions are surfaced, and an immutable audit event is created.",P12-ENT-116,P12-WF-07,P12-ENG-17,P12-API-01,P12-TC-241,Review Ready
P12-REQ-242,Asset Lifecycle,Must,"The platform shall export governed asset lifecycle records and decisions for acquisition, commissioning, transfer, capitalization, utilization, retirement, disposal, and replacement, with tenant isolation, role-based access, effective dating, audit history, configurable approvals, and API availability.","Given an authorized user or integration, when the asset lifecycle transaction is submitted, then required fields and policies are validated, the state transition is recorded, financial and project links are preserved, exceptions are surfaced, and an immutable audit event is created.",P12-ENT-117,P12-WF-08,P12-ENG-18,P12-API-02,P12-TC-242,Review Ready
P12-REQ-243,Preventive Maintenance,Must,"The platform shall export governed preventive maintenance records and decisions for meter-, calendar-, condition-, and risk-based preventive maintenance programs, with tenant isolation, role-based access, effective dating, audit history, configurable approvals, and API availability.","Given an authorized user or integration, when the preventive maintenance transaction is submitted, then required fields and policies are validated, the state transition is recorded, financial and project links are preserved, exceptions are surfaced, and an immutable audit event is created.",P12-ENT-118,P12-WF-09,P12-ENG-19,P12-API-03,P12-TC-243,Review Ready
P12-REQ-244,Corrective Maintenance,Must,"The platform shall export governed corrective maintenance records and decisions for defect intake, diagnostics, work orders, labor, parts, repair execution, testing, and return to service, with tenant isolation, role-based access, effective dating, audit history, configurable approvals, and API availability.","Given an authorized user or integration, when the corrective maintenance transaction is submitted, then required fields and policies are validated, the state transition is recorded, financial and project links are preserved, exceptions are surfaced, and an immutable audit event is created.",P12-ENT-119,P12-WF-10,P12-ENG-20,P12-API-04,P12-TC-244,Review Ready
P12-REQ-245,Inspections,Must,"The platform shall export governed inspections records and decisions for pre-use, post-use, annual, regulatory, safety, and quality inspections with mobile evidence, with tenant isolation, role-based access, effective dating, audit history, configurable approvals, and API availability.","Given an authorized user or integration, when the inspections transaction is submitted, then required fields and policies are validated, the state transition is recorded, financial and project links are preserved, exceptions are surfaced, and an immutable audit event is created.",P12-ENT-120,P12-WF-11,P12-ENG-21,P12-API-05,P12-TC-245,Review Ready
P12-REQ-246,Telematics & IoT,Must,"The platform shall export governed telematics & iot records and decisions for OEM and third-party telematics ingestion, normalization, health events, location, meter, and utilization data, with tenant isolation, role-based access, effective dating, audit history, configurable approvals, and API availability.","Given an authorized user or integration, when the telematics & iot transaction is submitted, then required fields and policies are validated, the state transition is recorded, financial and project links are preserved, exceptions are surfaced, and an immutable audit event is created.",P12-ENT-121,P12-WF-12,P12-ENG-22,P12-API-06,P12-TC-246,Review Ready
P12-REQ-247,Fuel & Energy,Must,"The platform shall export governed fuel & energy records and decisions for fuel cards, bulk tanks, mobile fueling, electric charging, idle control, consumption, and reconciliation, with tenant isolation, role-based access, effective dating, audit history, configurable approvals, and API availability.","Given an authorized user or integration, when the fuel & energy transaction is submitted, then required fields and policies are validated, the state transition is recorded, financial and project links are preserved, exceptions are surfaced, and an immutable audit event is created.",P12-ENT-122,P12-WF-13,P12-ENG-23,P12-API-07,P12-TC-247,Review Ready
P12-REQ-248,Parts & Components,Must,"The platform shall export governed parts & components records and decisions for parts catalogs, serialized components, warranties, cores, inventory integration, and component history, with tenant isolation, role-based access, effective dating, audit history, configurable approvals, and API availability.","Given an authorized user or integration, when the parts & components transaction is submitted, then required fields and policies are validated, the state transition is recorded, financial and project links are preserved, exceptions are surfaced, and an immutable audit event is created.",P12-ENT-123,P12-WF-14,P12-ENG-24,P12-API-08,P12-TC-248,Review Ready
P12-REQ-249,Work Orders,Must,"The platform shall export governed work orders records and decisions for planning, approval, scheduling, assignment, execution, cost capture, closeout, and audit, with tenant isolation, role-based access, effective dating, audit history, configurable approvals, and API availability.","Given an authorized user or integration, when the work orders transaction is submitted, then required fields and policies are validated, the state transition is recorded, financial and project links are preserved, exceptions are surfaced, and an immutable audit event is created.",P12-ENT-124,P12-WF-15,P12-ENG-25,P12-API-09,P12-TC-249,Review Ready
P12-REQ-250,Shop Operations,Must,"The platform shall export governed shop operations records and decisions for shop bays, technician capacity, backlog, dispatch, tooling, calibration, and productivity, with tenant isolation, role-based access, effective dating, audit history, configurable approvals, and API availability.","Given an authorized user or integration, when the shop operations transaction is submitted, then required fields and policies are validated, the state transition is recorded, financial and project links are preserved, exceptions are surfaced, and an immutable audit event is created.",P12-ENT-125,P12-WF-16,P12-ENG-26,P12-API-10,P12-TC-250,Review Ready
P12-REQ-251,Field Service,Must,"The platform shall export governed field service records and decisions for service trucks, mobile technicians, emergency response, remote diagnostics, and site repair, with tenant isolation, role-based access, effective dating, audit history, configurable approvals, and API availability.","Given an authorized user or integration, when the field service transaction is submitted, then required fields and policies are validated, the state transition is recorded, financial and project links are preserved, exceptions are surfaced, and an immutable audit event is created.",P12-ENT-001,P12-WF-17,P12-ENG-27,P12-API-11,P12-TC-251,Review Ready
P12-REQ-252,Rental & Leased Assets,Must,"The platform shall export governed rental & leased assets records and decisions for rental intake, rate terms, utilization, off-rent, damage, extensions, and invoice validation, with tenant isolation, role-based access, effective dating, audit history, configurable approvals, and API availability.","Given an authorized user or integration, when the rental & leased assets transaction is submitted, then required fields and policies are validated, the state transition is recorded, financial and project links are preserved, exceptions are surfaced, and an immutable audit event is created.",P12-ENT-002,P12-WF-18,P12-ENG-28,P12-API-12,P12-TC-252,Review Ready
P12-REQ-253,Compliance,Must,"The platform shall export governed compliance records and decisions for registrations, permits, DOT records, emissions, inspections, certifications, and out-of-service controls, with tenant isolation, role-based access, effective dating, audit history, configurable approvals, and API availability.","Given an authorized user or integration, when the compliance transaction is submitted, then required fields and policies are validated, the state transition is recorded, financial and project links are preserved, exceptions are surfaced, and an immutable audit event is created.",P12-ENT-003,P12-WF-19,P12-ENG-29,P12-API-13,P12-TC-253,Review Ready
P12-REQ-254,Safety & Risk,Must,"The platform shall export governed safety & risk records and decisions for operator authorization, defect severity, lockout/tagout, incident linkage, and critical control verification, with tenant isolation, role-based access, effective dating, audit history, configurable approvals, and API availability.","Given an authorized user or integration, when the safety & risk transaction is submitted, then required fields and policies are validated, the state transition is recorded, financial and project links are preserved, exceptions are surfaced, and an immutable audit event is created.",P12-ENT-004,P12-WF-20,P12-ENG-30,P12-API-14,P12-TC-254,Review Ready
P12-REQ-255,Utilization & Dispatch,Must,"The platform shall export governed utilization & dispatch records and decisions for availability, reservation, assignment, dispatch, location, shift use, and underutilization detection, with tenant isolation, role-based access, effective dating, audit history, configurable approvals, and API availability.","Given an authorized user or integration, when the utilization & dispatch transaction is submitted, then required fields and policies are validated, the state transition is recorded, financial and project links are preserved, exceptions are surfaced, and an immutable audit event is created.",P12-ENT-005,P12-WF-21,P12-ENG-31,P12-API-15,P12-TC-255,Review Ready
P12-REQ-256,Equipment Costing,Must,"The platform shall export governed equipment costing records and decisions for ownership cost, operating cost, internal rates, fuel, maintenance, depreciation, and project chargeback, with tenant isolation, role-based access, effective dating, audit history, configurable approvals, and API availability.","Given an authorized user or integration, when the equipment costing transaction is submitted, then required fields and policies are validated, the state transition is recorded, financial and project links are preserved, exceptions are surfaced, and an immutable audit event is created.",P12-ENT-006,P12-WF-22,P12-ENG-32,P12-API-16,P12-TC-256,Review Ready
P12-REQ-257,Warranty & Claims,Must,"The platform shall export governed warranty & claims records and decisions for coverage rules, claim preparation, evidence, recovery, denial tracking, and supplier reimbursement, with tenant isolation, role-based access, effective dating, audit history, configurable approvals, and API availability.","Given an authorized user or integration, when the warranty & claims transaction is submitted, then required fields and policies are validated, the state transition is recorded, financial and project links are preserved, exceptions are surfaced, and an immutable audit event is created.",P12-ENT-007,P12-WF-23,P12-ENG-01,P12-API-17,P12-TC-257,Review Ready
P12-REQ-258,Tires & Undercarriage,Must,"The platform shall export governed tires & undercarriage records and decisions for position tracking, measurements, rotations, replacements, wear forecasts, and cost-per-hour analysis, with tenant isolation, role-based access, effective dating, audit history, configurable approvals, and API availability.","Given an authorized user or integration, when the tires & undercarriage transaction is submitted, then required fields and policies are validated, the state transition is recorded, financial and project links are preserved, exceptions are surfaced, and an immutable audit event is created.",P12-ENT-008,P12-WF-24,P12-ENG-02,P12-API-18,P12-TC-258,Review Ready
P12-REQ-259,Attachments & Tools,Must,"The platform shall export governed attachments & tools records and decisions for attachment compatibility, custody, inspections, calibration, utilization, and loss prevention, with tenant isolation, role-based access, effective dating, audit history, configurable approvals, and API availability.","Given an authorized user or integration, when the attachments & tools transaction is submitted, then required fields and policies are validated, the state transition is recorded, financial and project links are preserved, exceptions are surfaced, and an immutable audit event is created.",P12-ENT-009,P12-WF-25,P12-ENG-03,P12-API-19,P12-TC-259,Review Ready
P12-REQ-260,Documents & Media,Must,"The platform shall export governed documents & media records and decisions for manuals, photos, invoices, inspection forms, service records, and immutable evidence, with tenant isolation, role-based access, effective dating, audit history, configurable approvals, and API availability.","Given an authorized user or integration, when the documents & media transaction is submitted, then required fields and policies are validated, the state transition is recorded, financial and project links are preserved, exceptions are surfaced, and an immutable audit event is created.",P12-ENT-010,P12-WF-26,P12-ENG-04,P12-API-20,P12-TC-260,Review Ready
P12-REQ-261,Mobile & Offline,Must,"The platform shall export governed mobile & offline records and decisions for offline inspections, work orders, parts usage, signatures, photos, sync, and conflict resolution, with tenant isolation, role-based access, effective dating, audit history, configurable approvals, and API availability.","Given an authorized user or integration, when the mobile & offline transaction is submitted, then required fields and policies are validated, the state transition is recorded, financial and project links are preserved, exceptions are surfaced, and an immutable audit event is created.",P12-ENT-011,P12-WF-01,P12-ENG-05,P12-API-21,P12-TC-261,Review Ready
P12-REQ-262,Fleet Intelligence,Must,"The platform shall export governed fleet intelligence records and decisions for health scoring, failure prediction, replacement planning, cost anomaly detection, and recommendations, with tenant isolation, role-based access, effective dating, audit history, configurable approvals, and API availability.","Given an authorized user or integration, when the fleet intelligence transaction is submitted, then required fields and policies are validated, the state transition is recorded, financial and project links are preserved, exceptions are surfaced, and an immutable audit event is created.",P12-ENT-012,P12-WF-02,P12-ENG-06,P12-API-22,P12-TC-262,Review Ready
P12-REQ-263,Fleet Digital Twin,Must,"The platform shall export governed fleet digital twin records and decisions for live asset state combining physical, operational, maintenance, financial, location, and risk data, with tenant isolation, role-based access, effective dating, audit history, configurable approvals, and API availability.","Given an authorized user or integration, when the fleet digital twin transaction is submitted, then required fields and policies are validated, the state transition is recorded, financial and project links are preserved, exceptions are surfaced, and an immutable audit event is created.",P12-ENT-013,P12-WF-03,P12-ENG-07,P12-API-23,P12-TC-263,Review Ready
P12-REQ-264,Administration & Integration,Must,"The platform shall export governed administration & integration records and decisions for tenant configuration, white-label settings, RBAC, APIs, events, data migration, and audit, with tenant isolation, role-based access, effective dating, audit history, configurable approvals, and API availability.","Given an authorized user or integration, when the administration & integration transaction is submitted, then required fields and policies are validated, the state transition is recorded, financial and project links are preserved, exceptions are surfaced, and an immutable audit event is created.",P12-ENT-014,P12-WF-04,P12-ENG-08,P12-API-24,P12-TC-264,Review Ready
P12-REQ-265,Fleet Registry,Must,"The platform shall notify governed fleet registry records and decisions for fleet and equipment master records, ownership, classification, specifications, and lifecycle status, with tenant isolation, role-based access, effective dating, audit history, configurable approvals, and API availability.","Given an authorized user or integration, when the fleet registry transaction is submitted, then required fields and policies are validated, the state transition is recorded, financial and project links are preserved, exceptions are surfaced, and an immutable audit event is created.",P12-ENT-015,P12-WF-05,P12-ENG-09,P12-API-25,P12-TC-265,Review Ready
P12-REQ-266,Asset Lifecycle,Must,"The platform shall notify governed asset lifecycle records and decisions for acquisition, commissioning, transfer, capitalization, utilization, retirement, disposal, and replacement, with tenant isolation, role-based access, effective dating, audit history, configurable approvals, and API availability.","Given an authorized user or integration, when the asset lifecycle transaction is submitted, then required fields and policies are validated, the state transition is recorded, financial and project links are preserved, exceptions are surfaced, and an immutable audit event is created.",P12-ENT-016,P12-WF-06,P12-ENG-10,P12-API-26,P12-TC-266,Review Ready
P12-REQ-267,Preventive Maintenance,Must,"The platform shall notify governed preventive maintenance records and decisions for meter-, calendar-, condition-, and risk-based preventive maintenance programs, with tenant isolation, role-based access, effective dating, audit history, configurable approvals, and API availability.","Given an authorized user or integration, when the preventive maintenance transaction is submitted, then required fields and policies are validated, the state transition is recorded, financial and project links are preserved, exceptions are surfaced, and an immutable audit event is created.",P12-ENT-017,P12-WF-07,P12-ENG-11,P12-API-27,P12-TC-267,Review Ready
P12-REQ-268,Corrective Maintenance,Must,"The platform shall notify governed corrective maintenance records and decisions for defect intake, diagnostics, work orders, labor, parts, repair execution, testing, and return to service, with tenant isolation, role-based access, effective dating, audit history, configurable approvals, and API availability.","Given an authorized user or integration, when the corrective maintenance transaction is submitted, then required fields and policies are validated, the state transition is recorded, financial and project links are preserved, exceptions are surfaced, and an immutable audit event is created.",P12-ENT-018,P12-WF-08,P12-ENG-12,P12-API-28,P12-TC-268,Review Ready
P12-REQ-269,Inspections,Must,"The platform shall notify governed inspections records and decisions for pre-use, post-use, annual, regulatory, safety, and quality inspections with mobile evidence, with tenant isolation, role-based access, effective dating, audit history, configurable approvals, and API availability.","Given an authorized user or integration, when the inspections transaction is submitted, then required fields and policies are validated, the state transition is recorded, financial and project links are preserved, exceptions are surfaced, and an immutable audit event is created.",P12-ENT-019,P12-WF-09,P12-ENG-13,P12-API-29,P12-TC-269,Review Ready
P12-REQ-270,Telematics & IoT,Must,"The platform shall notify governed telematics & iot records and decisions for OEM and third-party telematics ingestion, normalization, health events, location, meter, and utilization data, with tenant isolation, role-based access, effective dating, audit history, configurable approvals, and API availability.","Given an authorized user or integration, when the telematics & iot transaction is submitted, then required fields and policies are validated, the state transition is recorded, financial and project links are preserved, exceptions are surfaced, and an immutable audit event is created.",P12-ENT-020,P12-WF-10,P12-ENG-14,P12-API-30,P12-TC-270,Review Ready
P12-REQ-271,Fuel & Energy,Must,"The platform shall notify governed fuel & energy records and decisions for fuel cards, bulk tanks, mobile fueling, electric charging, idle control, consumption, and reconciliation, with tenant isolation, role-based access, effective dating, audit history, configurable approvals, and API availability.","Given an authorized user or integration, when the fuel & energy transaction is submitted, then required fields and policies are validated, the state transition is recorded, financial and project links are preserved, exceptions are surfaced, and an immutable audit event is created.",P12-ENT-021,P12-WF-11,P12-ENG-15,P12-API-31,P12-TC-271,Review Ready
P12-REQ-272,Parts & Components,Must,"The platform shall notify governed parts & components records and decisions for parts catalogs, serialized components, warranties, cores, inventory integration, and component history, with tenant isolation, role-based access, effective dating, audit history, configurable approvals, and API availability.","Given an authorized user or integration, when the parts & components transaction is submitted, then required fields and policies are validated, the state transition is recorded, financial and project links are preserved, exceptions are surfaced, and an immutable audit event is created.",P12-ENT-022,P12-WF-12,P12-ENG-16,P12-API-32,P12-TC-272,Review Ready
P12-REQ-273,Work Orders,Must,"The platform shall notify governed work orders records and decisions for planning, approval, scheduling, assignment, execution, cost capture, closeout, and audit, with tenant isolation, role-based access, effective dating, audit history, configurable approvals, and API availability.","Given an authorized user or integration, when the work orders transaction is submitted, then required fields and policies are validated, the state transition is recorded, financial and project links are preserved, exceptions are surfaced, and an immutable audit event is created.",P12-ENT-023,P12-WF-13,P12-ENG-17,P12-API-33,P12-TC-273,Review Ready
P12-REQ-274,Shop Operations,Must,"The platform shall notify governed shop operations records and decisions for shop bays, technician capacity, backlog, dispatch, tooling, calibration, and productivity, with tenant isolation, role-based access, effective dating, audit history, configurable approvals, and API availability.","Given an authorized user or integration, when the shop operations transaction is submitted, then required fields and policies are validated, the state transition is recorded, financial and project links are preserved, exceptions are surfaced, and an immutable audit event is created.",P12-ENT-024,P12-WF-14,P12-ENG-18,P12-API-34,P12-TC-274,Review Ready
P12-REQ-275,Field Service,Must,"The platform shall notify governed field service records and decisions for service trucks, mobile technicians, emergency response, remote diagnostics, and site repair, with tenant isolation, role-based access, effective dating, audit history, configurable approvals, and API availability.","Given an authorized user or integration, when the field service transaction is submitted, then required fields and policies are validated, the state transition is recorded, financial and project links are preserved, exceptions are surfaced, and an immutable audit event is created.",P12-ENT-025,P12-WF-15,P12-ENG-19,P12-API-35,P12-TC-275,Review Ready
P12-REQ-276,Rental & Leased Assets,Must,"The platform shall notify governed rental & leased assets records and decisions for rental intake, rate terms, utilization, off-rent, damage, extensions, and invoice validation, with tenant isolation, role-based access, effective dating, audit history, configurable approvals, and API availability.","Given an authorized user or integration, when the rental & leased assets transaction is submitted, then required fields and policies are validated, the state transition is recorded, financial and project links are preserved, exceptions are surfaced, and an immutable audit event is created.",P12-ENT-026,P12-WF-16,P12-ENG-20,P12-API-36,P12-TC-276,Review Ready
P12-REQ-277,Compliance,Must,"The platform shall notify governed compliance records and decisions for registrations, permits, DOT records, emissions, inspections, certifications, and out-of-service controls, with tenant isolation, role-based access, effective dating, audit history, configurable approvals, and API availability.","Given an authorized user or integration, when the compliance transaction is submitted, then required fields and policies are validated, the state transition is recorded, financial and project links are preserved, exceptions are surfaced, and an immutable audit event is created.",P12-ENT-027,P12-WF-17,P12-ENG-21,P12-API-37,P12-TC-277,Review Ready
P12-REQ-278,Safety & Risk,Must,"The platform shall notify governed safety & risk records and decisions for operator authorization, defect severity, lockout/tagout, incident linkage, and critical control verification, with tenant isolation, role-based access, effective dating, audit history, configurable approvals, and API availability.","Given an authorized user or integration, when the safety & risk transaction is submitted, then required fields and policies are validated, the state transition is recorded, financial and project links are preserved, exceptions are surfaced, and an immutable audit event is created.",P12-ENT-028,P12-WF-18,P12-ENG-22,P12-API-38,P12-TC-278,Review Ready
P12-REQ-279,Utilization & Dispatch,Must,"The platform shall notify governed utilization & dispatch records and decisions for availability, reservation, assignment, dispatch, location, shift use, and underutilization detection, with tenant isolation, role-based access, effective dating, audit history, configurable approvals, and API availability.","Given an authorized user or integration, when the utilization & dispatch transaction is submitted, then required fields and policies are validated, the state transition is recorded, financial and project links are preserved, exceptions are surfaced, and an immutable audit event is created.",P12-ENT-029,P12-WF-19,P12-ENG-23,P12-API-39,P12-TC-279,Review Ready
P12-REQ-280,Equipment Costing,Must,"The platform shall notify governed equipment costing records and decisions for ownership cost, operating cost, internal rates, fuel, maintenance, depreciation, and project chargeback, with tenant isolation, role-based access, effective dating, audit history, configurable approvals, and API availability.","Given an authorized user or integration, when the equipment costing transaction is submitted, then required fields and policies are validated, the state transition is recorded, financial and project links are preserved, exceptions are surfaced, and an immutable audit event is created.",P12-ENT-030,P12-WF-20,P12-ENG-24,P12-API-40,P12-TC-280,Review Ready
